Solar Flux predicition from Claire et al, 2012
Computed for 0.600000 Ga and 1.00000 AU
wavelength (nm)   flux (photons/cm^2/s/nm)
     0.500000       2701133.7
      1.50000       5401936.8
      2.50000   1.1313743e+08
      3.50000   1.0324431e+08
      4.50000   1.8353521e+08
      5.50000   3.8528831e+08
      6.50000   4.0471831e+08
      7.50000   4.8985037e+08
      8.50000   3.3806622e+08
      9.50000   4.2373031e+08
      10.5000   1.6254466e+08
      11.5000   1.2748966e+08
      12.5000       86761441.
      13.5000       90357471.
      14.5000   3.0811036e+08
      15.5000   3.9696794e+08
      16.5000   5.7422171e+08
      17.5000   2.6977297e+09
      18.5000   1.4227481e+09
      19.5000   1.5434445e+09
      20.5000   7.8607461e+08
      21.5000   6.3668059e+08
      22.5000   9.3503661e+08
      23.5000   4.8967833e+08
      24.5000   1.2819360e+09
      25.5000   2.2029708e+09
      26.5000   7.6346092e+08
      27.5000   1.3919823e+09
      28.5000   1.9522068e+09
      29.5000   5.2191122e+08
      30.5000   1.1901550e+10
      31.5000   2.2934423e+09
      32.5000   3.2838120e+09
      33.5000   3.3218071e+09
      34.5000   1.4616373e+09
      35.5000   1.2930230e+09
      36.5000   2.0240710e+09
      37.5000   3.0484327e+08
      38.5000   1.3410636e+08
      39.5000   1.3666522e+08
      40.5000   2.3484321e+08
      41.5000   4.7183343e+08
      42.5000   1.1943272e+08
      43.5000   2.8477059e+08
      44.5000   1.1422672e+08
      45.5000   1.3059491e+08
      46.5000   4.8214640e+08
      47.5000   1.9543823e+08
      48.5000   3.3207186e+08
      49.5000   1.2058095e+09
      50.5000   5.0086794e+08
      51.5000   1.7492192e+08
      52.5000   3.1397613e+08
      53.5000   2.3563902e+08
      54.5000   1.5461638e+08
      55.5000   7.0454389e+08
      56.5000   2.1852471e+08
      57.5000   2.2140945e+08
      58.5000   1.2750205e+09
      59.5000   2.7043606e+08
      60.5000   1.1302699e+09
      61.5000   3.4912396e+08
      62.5000   1.5396219e+09
      63.5000   3.9568743e+08
      64.5000       91638831.
      65.5000       73437659.
      66.5000       66046293.
      67.5000       68723498.
      68.5000   2.4041072e+08
      69.5000   1.8080275e+08
      70.5000   4.7883896e+08
      71.5000   2.1260761e+08
      72.5000   1.6263170e+08
      73.5000   2.1465685e+08
      74.5000   2.6792274e+08
      75.5000   4.1310964e+08
      76.5000   1.0542694e+09
      77.5000   9.8350685e+08
      78.5000   1.3871159e+09
      79.5000   6.5606078e+08
      80.5000   6.8748582e+08
      81.5000   7.9029428e+08
      82.5000   1.1814537e+09
      83.5000   2.0265280e+09
      84.5000   1.5005994e+09
      85.5000   1.6895578e+09
      86.5000   1.8107588e+09
      87.5000   2.1785719e+09
      88.5000   2.5165369e+09
      89.5000   3.0931916e+09
      90.5000   3.6808024e+09
      91.5000   2.8424582e+09
      92.5000   1.0251977e+09
      93.5000   9.0629924e+08
      94.5000   6.5268392e+08
      95.5000   3.7930260e+08
      96.5000   3.9825376e+08
      97.5000   7.3501987e+09
      98.5000   8.2669415e+08
      99.5000   1.2875066e+09
      100.500   5.2641373e+08
      101.500   6.1396520e+08
      102.500   6.1585243e+09
      103.500   6.2212846e+09
      104.500   8.7042570e+08
      105.500   7.4348523e+08
      106.500   7.1397679e+08
      107.500   7.6424976e+08
      108.500   1.2928978e+09
      109.500   8.7733787e+08
      110.500   9.4337805e+08
      111.500   8.6313991e+08
      112.500   9.6095496e+08
      113.500   7.4649058e+08
      114.500   5.0915976e+08
      115.500   8.4320673e+08
      116.500   9.6087294e+08
      117.500   4.4154536e+09
      118.500   1.0984699e+09
      119.500   3.7108575e+09
      119.750   3.5910037e+09
      119.800   3.7536014e+09
      119.850   3.9518712e+09
      119.900   4.1364614e+09
      119.950   4.2513565e+09
      120.000   4.2523190e+09
      120.050   4.1392181e+09
      120.100   3.9409445e+09
      120.150   3.7207448e+09
      120.200   3.5439411e+09
      120.250   3.5003875e+09
      120.300   3.9258092e+09
      120.350   5.4690134e+09
      120.400   8.6998032e+09
      120.450   1.3696151e+10
      120.500   2.0792242e+10
      120.550   2.6932237e+10
      120.600   3.0974856e+10
      120.650   3.1563859e+10
      120.700   2.8465774e+10
      120.750   2.1800691e+10
      120.800   1.6137305e+10
      120.850   1.1074975e+10
      120.900   7.7482723e+09
      120.950   6.3489244e+09
      121.000   6.4372626e+09
      121.050   7.4202925e+09
      121.100   9.3686953e+09
      121.150   1.4927177e+10
      121.200   3.7343482e+10
      121.250   1.1219840e+11
      121.300   2.8687003e+11
      121.350   5.8216655e+11
      121.400   9.7169315e+11
      121.450   1.3859950e+12
      121.500   1.7172812e+12
      121.550   1.8535829e+12
      121.600   1.7492161e+12
      121.650   1.4445958e+12
      121.700   1.0419755e+12
      121.750   6.4764837e+11
      121.800   3.4077156e+11
      121.850   1.5149355e+11
      121.900   6.1669374e+10
      121.950   2.8507424e+10
      122.000   1.6841997e+10
      122.050   1.1607019e+10
      122.100   8.5811352e+09
      122.150   6.7880047e+09
      122.200   5.6838642e+09
      122.250   4.9347593e+09
      122.300   4.3890050e+09
      122.350   3.9758775e+09
      122.400   3.6525296e+09
      122.450   3.3393367e+09
      122.500   3.1438004e+09
      122.550   3.0011943e+09
      122.600   2.9075448e+09
      122.650   2.8481152e+09
      122.700   2.8068008e+09
      122.750   2.7715104e+09
      122.800   2.7227310e+09
      122.850   2.6510200e+09
      122.900   2.5644357e+09
      122.950   2.4643088e+09
      123.000   2.3573658e+09
      123.050   2.2584350e+09
      123.100   2.1803431e+09
      123.150   2.1237882e+09
      123.200   2.0874440e+09
      123.250   2.0672809e+09
      123.300   2.0538585e+09
      123.350   2.0424529e+09
      123.400   2.0269817e+09
      123.450   2.0033820e+09
      123.500   1.9987096e+09
      123.550   2.0806712e+09
      123.600   2.3258765e+09
      123.650   2.7643101e+09
      123.700   3.3880541e+09
      123.750   4.0922448e+09
      123.800   4.6735379e+09
      123.850   4.9384634e+09
      123.900   4.8371333e+09
      123.950   4.4288822e+09
      124.000   3.8906193e+09
      124.050   3.4552221e+09
      124.100   3.2628034e+09
      124.150   3.2905169e+09
      124.200   3.4087039e+09
      124.250   3.4603018e+09
      124.300   3.3274918e+09
      124.350   2.9964537e+09
      124.400   2.5616440e+09
      124.450   2.1496805e+09
      124.500   1.8437450e+09
      124.550   1.6657738e+09
      124.600   1.5981728e+09
      124.650   1.5905693e+09
      124.700   1.5911509e+09
      124.750   1.5828554e+09
      124.800   1.5731871e+09
      124.850   1.5703448e+09
      124.900   1.5811720e+09
      124.950   1.6008967e+09
      125.000   1.6117421e+09
      125.050   1.6150671e+09
      125.100   1.6286628e+09
      125.150   1.6614439e+09
      125.200   1.7326138e+09
      125.250   1.8497535e+09
      125.300   1.9779474e+09
      125.350   2.0788000e+09
      125.400   2.1371876e+09
      125.450   2.1455135e+09
      125.500   2.1174557e+09
      125.550   2.0886900e+09
      125.600   2.0846380e+09
      125.650   2.1286965e+09
      125.700   2.2532343e+09
      125.750   2.4817256e+09
      125.800   2.8280449e+09
      125.850   3.2647866e+09
      125.900   3.7052863e+09
      125.950   4.0234908e+09
      126.000   4.1214174e+09
      126.050   3.9450585e+09
      126.100   3.5141148e+09
      126.150   2.9849028e+09
      126.200   2.6236875e+09
      126.250   2.6619117e+09
      126.300   3.1690658e+09
      126.350   4.0461774e+09
      126.400   5.0400210e+09
      126.450   5.7912322e+09
      126.500   5.9800420e+09
      126.550   5.5435781e+09
      126.600   4.6707923e+09
      126.650   3.6305291e+09
      126.700   2.6670844e+09
      126.750   1.9558255e+09
      126.800   1.5351431e+09
      126.850   1.3325524e+09
      126.900   1.2470285e+09
      126.950   1.2190292e+09
      127.000   1.2187720e+09
      127.050   1.2233745e+09
      127.100   1.2175615e+09
      127.150   1.2047960e+09
      127.200   1.2080071e+09
      127.250   1.2487669e+09
      127.300   1.3438085e+09
      127.350   1.4931902e+09
      127.400   1.6767846e+09
      127.450   1.8570282e+09
      127.500   2.0130208e+09
      127.550   2.1301038e+09
      127.600   2.1956883e+09
      127.650   2.2201787e+09
      127.700   2.2195744e+09
      127.750   2.1931509e+09
      127.800   2.1520494e+09
      127.850   2.1116160e+09
      127.900   2.0648667e+09
      127.950   1.9971200e+09
      128.000   1.8999653e+09
      128.050   1.7642807e+09
      128.100   1.5942225e+09
      128.150   1.4170451e+09
      128.200   1.2607424e+09
      128.250   1.1428435e+09
      128.300   1.0731966e+09
      128.350   1.0399399e+09
      128.400   1.0227826e+09
      128.450   1.0154308e+09
      128.500   1.0249097e+09
      128.550   1.0708866e+09
      128.600   1.1681423e+09
      128.650   1.3237537e+09
      128.700   1.5230300e+09
      128.750   1.7301770e+09
      128.800   1.8924778e+09
      128.850   1.9719091e+09
      128.900   1.9585343e+09
      128.950   1.8578854e+09
      129.000   1.7015496e+09
      129.050   1.5317226e+09
      129.100   1.3779789e+09
      129.150   1.2600679e+09
      129.200   1.1942426e+09
      129.250   1.1918415e+09
      129.300   1.2515206e+09
      129.350   1.3705224e+09
      129.400   1.5312597e+09
      129.450   1.6991719e+09
      129.500   1.8347039e+09
      129.550   1.9173265e+09
      129.600   1.9498120e+09
      129.650   1.9526166e+09
      129.700   1.9653272e+09
      129.750   2.0233395e+09
      129.800   2.1366126e+09
      129.850   2.3448638e+09
      129.900   2.8224713e+09
      129.950   3.8687890e+09
      130.000   5.6538504e+09
      130.050   7.9713439e+09
      130.100   1.0442984e+10
      130.150   1.2675049e+10
      130.200   1.4319424e+10
      130.250   1.5389691e+10
      130.300   1.6989966e+10
      130.350   1.8719597e+10
      130.400   2.1052037e+10
      130.450   2.3334894e+10
      130.500   2.4628484e+10
      130.550   2.3421011e+10
      130.600   2.1008637e+10
      130.650   1.7091913e+10
      130.700   1.2737898e+10
      130.750   9.0079924e+09
      130.800   6.4025991e+09
      130.850   4.9200368e+09
      130.900   4.2611342e+09
      130.950   3.9785795e+09
      131.000   3.7193862e+09
      131.050   3.3843136e+09
      131.100   3.0032874e+09
      131.150   2.6391473e+09
      131.200   2.3362351e+09
      131.250   2.1060558e+09
      131.300   1.9257932e+09
      131.350   1.7940680e+09
      131.400   1.7316905e+09
      131.450   1.7473265e+09
      131.500   1.8281621e+09
      131.550   1.9577824e+09
      131.600   2.0996782e+09
      131.650   2.2108355e+09
      131.700   2.2804626e+09
      131.750   2.3164100e+09
      131.800   2.3042856e+09
      131.850   2.2318327e+09
      131.900   2.1018618e+09
      131.950   1.9229375e+09
      132.000   1.7165739e+09
      132.050   1.5309216e+09
      132.100   1.4120387e+09
      132.150   1.3787030e+09
      132.200   1.4202055e+09
      132.250   1.5042201e+09
      132.300   1.5904529e+09
      132.350   1.6435985e+09
      132.400   1.6528106e+09
      132.450   1.6281393e+09
      132.500   1.5919099e+09
      132.550   1.5628708e+09
      132.600   1.5670138e+09
      132.650   1.6332546e+09
      132.700   1.7703245e+09
      132.750   1.9667353e+09
      132.800   2.1864086e+09
      132.850   2.3751412e+09
      132.900   2.4706992e+09
      132.950   2.4433239e+09
      133.000   2.3008507e+09
      133.050   2.1083229e+09
      133.100   2.1075920e+09
      133.150   2.9943779e+09
      133.200   5.6356648e+09
      133.250   1.0708212e+10
      133.300   1.8646017e+10
      133.350   2.8801959e+10
      133.400   4.0228722e+10
      133.450   4.7848161e+10
      133.500   5.0719736e+10
      133.550   4.7688699e+10
      133.600   3.9507457e+10
      133.650   2.7871935e+10
      133.700   1.7911274e+10
      133.750   1.0038946e+10
      133.800   4.9898807e+09
      133.850   2.5179866e+09
      133.900   1.6821379e+09
      133.950   1.5137074e+09
      134.000   1.4989163e+09
      134.050   1.5140011e+09
      134.100   1.5407627e+09
      134.150   1.5602476e+09
      134.200   1.5731783e+09
      134.250   1.5758984e+09
      134.300   1.5691278e+09
      134.350   1.5645435e+09
      134.400   1.5694540e+09
      134.450   1.5729059e+09
      134.500   1.5785531e+09
      134.550   1.5944433e+09
      134.600   1.6140019e+09
      134.650   1.6321094e+09
      134.700   1.6560859e+09
      134.750   1.6866695e+09
      134.800   1.7319256e+09
      134.850   1.8336428e+09
      134.900   2.0219354e+09
      134.950   2.3020241e+09
      135.000   2.6527264e+09
      135.050   2.9985262e+09
      135.100   3.2322394e+09
      135.150   3.2913340e+09
      135.200   3.1888577e+09
      135.250   3.0341387e+09
      135.300   2.9792866e+09
      135.350   3.1310242e+09
      135.400   3.5101539e+09
      135.450   4.0109465e+09
      135.500   4.4458266e+09
      135.550   4.6726201e+09
      135.600   4.6506081e+09
      135.650   4.4237497e+09
      135.700   4.1259828e+09
      135.750   3.8619318e+09
      135.800   3.6589198e+09
      135.850   3.5044651e+09
      135.900   3.3513826e+09
      135.950   3.1539016e+09
      136.000   2.9481644e+09
      136.050   2.7385962e+09
      136.100   2.5495804e+09
      136.150   2.4351028e+09
      136.200   2.3811879e+09
      136.250   2.3827173e+09
      136.300   2.3960870e+09
      136.350   2.4109456e+09
      136.400   2.3821248e+09
      136.450   2.3266184e+09
      136.500   2.2532913e+09
      136.550   2.1962220e+09
      136.600   2.1532021e+09
      136.650   2.1494635e+09
      136.700   2.1761421e+09
      136.750   2.2451429e+09
      136.800   2.3357195e+09
      136.850   2.4412091e+09
      136.900   2.5497394e+09
      136.950   2.6680021e+09
      137.000   2.7670132e+09
      137.050   2.8370859e+09
      137.100   2.8648010e+09
      137.150   2.8583025e+09
      137.200   2.8101126e+09
      137.250   2.7291261e+09
      137.300   2.6205247e+09
      137.350   2.5088708e+09
      137.400   2.4068324e+09
      137.450   2.3263497e+09
      137.500   2.2614770e+09
      137.550   2.2241674e+09
      137.600   2.2077308e+09
      137.650   2.2181604e+09
      137.700   2.2502551e+09
      137.750   2.3025419e+09
      137.800   2.3698090e+09
      137.850   2.4595474e+09
      137.900   2.5403693e+09
      137.950   2.6122673e+09
      138.000   2.6692454e+09
      138.050   2.7000602e+09
      138.100   2.6882128e+09
      138.150   2.6516379e+09
      138.200   2.5948079e+09
      138.250   2.5319439e+09
      138.300   2.4750364e+09
      138.350   2.4383422e+09
      138.400   2.4188792e+09
      138.450   2.4271727e+09
      138.500   2.4579936e+09
      138.550   2.5076092e+09
      138.600   2.5632666e+09
      138.650   2.6234682e+09
      138.700   2.6701772e+09
      138.750   2.7048844e+09
      138.800   2.7125335e+09
      138.850   2.7088994e+09
      138.900   2.6947242e+09
      138.950   2.6880693e+09
      139.000   2.8358162e+09
      139.050   3.4666190e+09
      139.100   4.8997597e+09
      139.150   7.2468462e+09
      139.200   1.0271953e+10
      139.250   1.3338247e+10
      139.300   1.5734867e+10
      139.350   1.6887426e+10
      139.400   1.6492652e+10
      139.450   1.4624585e+10
      139.500   1.1908984e+10
      139.550   9.0480062e+09
      139.600   6.5609770e+09
      139.650   4.7182874e+09
      139.700   3.6734008e+09
      139.750   3.3211289e+09
      139.800   3.3873108e+09
      139.850   3.6118217e+09
      139.900   4.2494391e+09
      139.950   4.9423350e+09
      140.000   6.0183427e+09
      140.050   7.4527869e+09
      140.100   9.1311022e+09
      140.150   1.0031564e+10
      140.200   1.1051929e+10
      140.250   1.1427538e+10
      140.300   1.1074218e+10
      140.350   1.0052053e+10
      140.400   8.6644108e+09
      140.450   7.2264591e+09
      140.500   5.9685880e+09
      140.550   5.0020443e+09
      140.600   4.3621140e+09
      140.650   4.0080045e+09
      140.700   3.8448035e+09
      140.750   3.7485307e+09
      140.800   3.6781026e+09
      140.850   3.6495517e+09
      140.900   3.6667293e+09
      140.950   3.7212906e+09
      141.000   3.8010635e+09
      141.050   3.8854658e+09
      141.100   3.9691575e+09
      141.150   4.0162445e+09
      141.200   4.0182886e+09
      141.250   3.9844171e+09
      141.300   3.9382922e+09
      141.350   3.8714910e+09
      141.400   3.8237687e+09
      141.450   3.7959097e+09
      141.500   3.7963516e+09
      141.550   3.8105743e+09
      141.600   3.8355275e+09
      141.650   3.8536000e+09
      141.700   3.8693847e+09
      141.750   3.8683130e+09
      141.800   3.8549701e+09
      141.850   3.8370156e+09
      141.900   3.8175133e+09
      141.950   3.7972308e+09
      142.000   3.7823095e+09
      142.050   3.7765944e+09
      142.100   3.7747167e+09
      142.150   3.8112641e+09
      142.200   3.9039565e+09
      142.250   4.0805322e+09
      142.300   4.3295313e+09
      142.350   4.6117767e+09
      142.400   4.8580196e+09
      142.450   5.0135555e+09
      142.500   5.0282319e+09
      142.550   4.9003745e+09
      142.600   4.6760919e+09
      142.650   4.4154305e+09
      142.700   4.1854531e+09
      142.750   4.0178194e+09
      142.800   3.9164461e+09
      142.850   3.8991518e+09
      142.900   3.9691035e+09
      142.950   4.0947149e+09
      143.000   4.2737193e+09
      143.050   4.5239448e+09
      143.100   4.7982947e+09
      143.150   5.0627609e+09
      143.200   5.2662743e+09
      143.250   5.3754979e+09
      143.300   5.3709907e+09
      143.350   5.2805227e+09
      143.400   5.1272512e+09
      143.450   4.9715588e+09
      143.500   4.8405716e+09
      143.550   4.7443921e+09
      143.600   4.6853798e+09
      143.650   4.6511561e+09
      143.700   4.6200147e+09
      143.750   4.5733263e+09
      143.800   4.5297139e+09
      143.850   4.4860736e+09
      143.900   4.4493976e+09
      143.950   4.4228033e+09
      144.000   4.4288482e+09
      144.050   4.4341176e+09
      144.100   4.4635084e+09
      144.150   4.4952508e+09
      144.200   4.5309050e+09
      144.250   4.5735889e+09
      144.300   4.6396684e+09
      144.350   4.6886446e+09
      144.400   4.7485627e+09
      144.450   4.8030594e+09
      144.500   4.8419897e+09
      144.550   4.8637787e+09
      144.600   4.8645083e+09
      144.650   4.8332285e+09
      144.700   4.7956814e+09
      144.750   4.7456113e+09
      144.800   4.6900392e+09
      144.850   4.6516280e+09
      144.900   4.6264838e+09
      144.950   4.6177484e+09
      145.000   4.6324780e+09
      145.050   4.6597378e+09
      145.100   4.6917107e+09
      145.150   4.7370146e+09
      145.200   4.7948794e+09
      145.250   4.8762868e+09
      145.300   4.9640145e+09
      145.350   5.0517946e+09
      145.400   5.1357063e+09
      145.450   5.2000549e+09
      145.500   5.2197085e+09
      145.550   5.2158220e+09
      145.600   5.1868027e+09
      145.650   5.1648339e+09
      145.700   5.1554228e+09
      145.750   5.1632976e+09
      145.800   5.1963359e+09
      145.850   5.2522016e+09
      145.900   5.2907917e+09
      145.950   5.3089440e+09
      146.000   5.3247444e+09
      146.050   5.3570902e+09
      146.100   5.4288398e+09
      146.150   5.5400284e+09
      146.200   5.6851774e+09
      146.250   5.8288370e+09
      146.300   5.9426139e+09
      146.350   5.9886132e+09
      146.400   5.9904463e+09
      146.450   5.9733340e+09
      146.500   6.0075370e+09
      146.550   6.1341748e+09
      146.600   6.3636039e+09
      146.650   6.6461254e+09
      146.700   6.9303998e+09
      146.750   7.1460435e+09
      146.800   7.2320798e+09
      146.850   7.1868070e+09
      146.900   7.0536409e+09
      146.950   6.9203923e+09
      147.000   6.8900279e+09
      147.050   7.0957458e+09
      147.100   7.5773881e+09
      147.150   8.3003240e+09
      147.200   9.1355141e+09
      147.250   9.8839529e+09
      147.300   1.0363057e+10
      147.350   1.0461455e+10
      147.400   1.0139102e+10
      147.450   9.5068061e+09
      147.500   8.6913982e+09
      147.550   7.8667522e+09
      147.600   7.1433562e+09
      147.650   6.6119537e+09
      147.700   6.2782889e+09
      147.750   6.0987801e+09
      147.800   6.0146699e+09
      147.850   6.0650566e+09
      147.900   6.2588214e+09
      147.950   6.5992835e+09
      148.000   7.0937458e+09
      148.050   7.6985075e+09
      148.100   8.2765234e+09
      148.150   8.7177003e+09
      148.200   8.9357488e+09
      148.250   8.8825812e+09
      148.300   8.6377840e+09
      148.350   8.2970105e+09
      148.400   7.9608217e+09
      148.450   7.7554716e+09
      148.500   7.6954649e+09
      148.550   7.7361599e+09
      148.600   7.7960725e+09
      148.650   7.8200187e+09
      148.700   7.7447484e+09
      148.750   7.5733728e+09
      148.800   7.3346322e+09
      148.850   7.0957467e+09
      148.900   6.8871607e+09
      148.950   6.7722180e+09
      149.000   6.7510025e+09
      149.050   6.8203905e+09
      149.100   6.9475745e+09
      149.150   7.0908816e+09
      149.200   7.2158125e+09
      149.250   7.3022779e+09
      149.300   7.3245439e+09
      149.350   7.3058494e+09
      149.400   7.2574082e+09
      149.450   7.1880368e+09
      149.500   7.1170146e+09
      149.550   7.0692740e+09
      149.600   7.0375951e+09
      149.650   7.0316488e+09
      149.700   7.0361637e+09
      149.750   7.0857770e+09
      149.800   7.1821393e+09
      149.850   7.3123999e+09
      149.900   7.4612743e+09
      149.950   7.6408745e+09
      150.000   7.8076763e+09
      150.050   7.9435498e+09
      150.100   8.0318401e+09
      150.150   8.0612478e+09
      150.200   8.0503179e+09
      150.250   8.0111459e+09
      150.300   7.9445335e+09
      150.350   7.8762942e+09
      150.400   7.8265964e+09
      150.450   7.7801152e+09
      150.500   7.7537934e+09
      150.550   7.7420199e+09
      150.600   7.7649415e+09
      150.650   7.8096501e+09
      150.700   7.8600114e+09
      150.750   7.9265154e+09
      150.800   8.0357979e+09
      150.850   8.1757572e+09
      150.900   8.3536605e+09
      150.950   8.5557924e+09
      151.000   8.7417961e+09
      151.050   8.8874530e+09
      151.100   8.9443230e+09
      151.150   8.9043217e+09
      151.200   8.7916592e+09
      151.250   8.6385115e+09
      151.300   8.4772720e+09
      151.350   8.3563837e+09
      151.400   8.2677748e+09
      151.450   8.2518220e+09
      151.500   8.2600816e+09
      151.550   8.2844819e+09
      151.600   8.3088735e+09
      151.650   8.3332562e+09
      151.700   8.3334070e+09
      151.750   8.3417954e+09
      151.800   8.3340347e+09
      151.850   8.3343507e+09
      151.900   8.3588939e+09
      151.950   8.3915186e+09
      152.000   8.4483766e+09
      152.050   8.5213941e+09
      152.100   8.6348062e+09
      152.150   8.7643820e+09
      152.200   8.9182052e+09
      152.250   9.0478061e+09
      152.300   9.2178109e+09
      152.350   9.5009373e+09
      152.400   1.0050704e+10
      152.450   1.0891386e+10
      152.500   1.1942214e+10
      152.550   1.3034751e+10
      152.600   1.3925579e+10
      152.650   1.4388291e+10
      152.700   1.4269112e+10
      152.750   1.3616298e+10
      152.800   1.2664122e+10
      152.850   1.1655085e+10
      152.900   1.0759023e+10
      152.950   1.0162072e+10
      153.000   9.9857587e+09
      153.050   1.0278850e+10
      153.100   1.1001120e+10
      153.150   1.2088027e+10
      153.200   1.3361638e+10
      153.250   1.4538578e+10
      153.300   1.5375781e+10
      153.350   1.5638080e+10
      153.400   1.5252207e+10
      153.450   1.4404198e+10
      153.500   1.3393748e+10
      153.550   1.2429641e+10
      153.600   1.1676242e+10
      153.650   1.1206569e+10
      153.700   1.0955793e+10
      153.750   1.0834740e+10
      153.800   1.0770440e+10
      153.850   1.0762905e+10
      153.900   1.0885145e+10
      153.950   1.1120951e+10
      154.000   1.1397336e+10
      154.050   1.1641298e+10
      154.100   1.1771700e+10
      154.150   1.1699279e+10
      154.200   1.1472686e+10
      154.250   1.1197381e+10
      154.300   1.0962619e+10
      154.350   1.0817089e+10
      154.400   1.0817615e+10
      154.450   1.1102183e+10
      154.500   1.2271422e+10
      154.550   1.5121352e+10
      154.600   1.9570853e+10
      154.650   2.5141354e+10
      154.700   3.1167403e+10
      154.750   3.6512423e+10
      154.800   4.0193737e+10
      154.850   4.1877984e+10
      154.900   4.6222974e+10
      154.950   4.3764602e+10
      155.000   4.0385942e+10
      155.050   3.6386369e+10
      155.100   3.2038341e+10
      155.150   2.4861446e+10
      155.200   2.1320892e+10
      155.250   1.7991027e+10
      155.300   1.5083189e+10
      155.350   1.2841313e+10
      155.400   1.1533788e+10
      155.450   1.1063310e+10
      155.500   1.1048007e+10
      155.550   1.1219081e+10
      155.600   1.1617806e+10
      155.650   1.2309234e+10
      155.700   1.3342175e+10
      155.750   1.4838625e+10
      155.800   1.6847402e+10
      155.850   1.9279106e+10
      155.900   2.1816648e+10
      155.950   2.4012774e+10
      156.000   2.5469007e+10
      156.050   2.5868132e+10
      156.100   2.5120607e+10
      156.150   2.3429658e+10
      156.200   2.1226264e+10
      156.250   1.8957690e+10
      156.300   1.6989921e+10
      156.350   1.5444986e+10
      156.400   1.4420503e+10
      156.450   1.3851456e+10
      156.500   1.3607724e+10
      156.550   1.3592805e+10
      156.600   1.3716190e+10
      156.650   1.3961652e+10
      156.700   1.4337366e+10
      156.750   1.4802684e+10
      156.800   1.5316936e+10
      156.850   1.5823166e+10
      156.900   1.6223684e+10
      156.950   1.6485902e+10
      157.000   1.6512061e+10
      157.050   1.6367242e+10
      157.100   1.6132817e+10
      157.150   1.5996090e+10
      157.200   1.6128150e+10
      157.250   1.6586104e+10
      157.300   1.7264148e+10
      157.350   1.7983096e+10
      157.400   1.8514782e+10
      157.450   1.8606502e+10
      157.500   1.8217347e+10
      157.550   1.7435369e+10
      157.600   1.6441394e+10
      157.650   1.5422903e+10
      157.700   1.4567385e+10
      157.750   1.3972681e+10
      157.800   1.3687729e+10
      157.850   1.3679942e+10
      157.900   1.3900421e+10
      157.950   1.4194286e+10
      158.000   1.4455552e+10
      158.050   1.4610821e+10
      158.100   1.4578570e+10
      158.150   1.4399537e+10
      158.200   1.4179724e+10
      158.250   1.4074050e+10
      158.300   1.4147767e+10
      158.350   1.4360105e+10
      158.400   1.4678460e+10
      158.450   1.4988661e+10
      158.500   1.5225485e+10
      158.550   1.5413304e+10
      158.600   1.5584817e+10
      158.650   1.5772631e+10
      158.700   1.6017541e+10
      158.750   1.6246138e+10
      158.800   1.6393178e+10
      158.850   1.6409716e+10
      158.900   1.6271281e+10
      158.950   1.5994188e+10
      159.000   1.5700766e+10
      159.050   1.5439961e+10
      159.100   1.5277014e+10
      159.150   1.5244563e+10
      159.200   1.5383391e+10
      159.250   1.5603795e+10
      159.300   1.5873128e+10
      159.350   1.6117992e+10
      159.400   1.6273122e+10
      159.450   1.6273277e+10
      159.500   1.6077647e+10
      159.550   1.5710846e+10
      159.600   1.5278767e+10
      159.650   1.4854827e+10
      159.700   1.4487974e+10
      159.750   1.4259784e+10
      159.800   1.4202904e+10
      159.850   1.4309171e+10
      159.900   1.4554135e+10
      159.950   1.5003052e+10
      160.000   1.5590680e+10
      160.050   1.6268047e+10
      160.100   1.6937286e+10
      160.150   1.7484155e+10
      160.200   1.7810744e+10
      160.250   1.7843612e+10
      160.300   1.7615389e+10
      160.350   1.7215814e+10
      160.400   1.6759116e+10
      160.450   1.6335031e+10
      160.500   1.6074118e+10
      160.550   1.6017006e+10
      160.600   1.6204679e+10
      160.650   1.6571848e+10
      160.700   1.7036914e+10
      160.750   1.7510143e+10
      160.800   1.7999680e+10
      160.850   1.8440257e+10
      160.900   1.8848190e+10
      160.950   1.9256104e+10
      161.000   1.9745611e+10
      161.050   2.0300380e+10
      161.100   2.0961214e+10
      161.150   2.1622026e+10
      161.200   2.2160447e+10
      161.250   2.2445913e+10
      161.300   2.2396850e+10
      161.350   2.1939810e+10
      161.400   2.1164589e+10
      161.450   2.0283295e+10
      161.500   1.9434633e+10
      161.550   1.8781750e+10
      161.600   1.8455242e+10
      161.650   1.8446923e+10
      161.700   1.8658878e+10
      161.750   1.8993202e+10
      161.800   1.9294868e+10
      161.850   1.9555739e+10
      161.900   1.9824762e+10
      161.950   2.0142724e+10
      162.000   2.0583023e+10
      162.050   2.1202803e+10
      162.100   2.1863338e+10
      162.150   2.2442297e+10
      162.200   2.2915158e+10
      162.250   2.3224850e+10
      162.300   2.3412166e+10
      162.350   2.3550533e+10
      162.400   2.3688886e+10
      162.450   2.3900632e+10
      162.500   2.4096066e+10
      162.550   2.4186704e+10
      162.600   2.4138669e+10
      162.650   2.3968265e+10
      162.700   2.3740742e+10
      162.750   2.3537694e+10
      162.800   2.3391742e+10
      162.850   2.3294730e+10
      162.900   2.3238509e+10
      162.950   2.3182293e+10
      163.000   2.3183209e+10
      163.050   2.3257553e+10
      163.100   2.3560433e+10
      163.150   2.4116313e+10
      163.200   2.4729388e+10
      163.250   2.5277214e+10
      163.300   2.5637382e+10
      163.350   2.5613926e+10
      163.400   2.5272110e+10
      163.450   2.4848659e+10
      163.500   2.4417010e+10
      163.550   2.4205542e+10
      163.600   2.4279817e+10
      163.650   2.4631668e+10
      163.700   2.5408104e+10
      163.750   2.6796981e+10
      163.800   2.8667673e+10
      163.850   3.0865120e+10
      163.900   4.0118000e+10
      163.950   4.2366844e+10
      164.000   4.3538007e+10
      164.050   4.3402746e+10
      164.100   4.2108443e+10
      164.150   3.2970279e+10
      164.200   3.1084765e+10
      164.250   2.9501324e+10
      164.300   2.8350671e+10
      164.350   2.7649198e+10
      164.400   2.7258062e+10
      164.450   2.6785238e+10
      164.500   2.6181673e+10
      164.550   2.5579032e+10
      164.600   2.5098843e+10
      164.650   2.4847378e+10
      164.700   2.4873730e+10
      164.750   2.5006323e+10
      164.800   2.5155290e+10
      164.850   2.5230742e+10
      164.900   2.5150908e+10
      164.950   2.4915751e+10
      165.000   2.4582467e+10
      165.050   2.4208274e+10
      165.100   2.3981219e+10
      165.150   2.4040316e+10
      165.200   2.4393823e+10
      165.250   2.5123602e+10
      165.300   2.6442407e+10
      165.350   2.8742962e+10
      165.400   3.2409982e+10
      165.450   3.7779236e+10
      165.500   4.4916595e+10
      165.550   5.3217786e+10
      165.600   6.9005143e+10
      165.650   7.6614879e+10
      165.700   8.0948265e+10
      165.750   8.1110590e+10
      165.800   7.7180836e+10
      165.850   6.2292814e+10
      165.900   5.4454809e+10
      165.950   4.6781305e+10
      166.000   4.0384295e+10
      166.050   3.5770405e+10
      166.100   3.2939388e+10
      166.150   3.1531178e+10
      166.200   3.0924249e+10
      166.250   3.0677015e+10
      166.300   3.0576929e+10
      166.350   3.0517690e+10
      166.400   3.0417610e+10
      166.450   3.0391070e+10
      166.500   3.0429886e+10
      166.550   3.0437355e+10
      166.600   3.0412174e+10
      166.650   3.0313437e+10
      166.700   3.0157542e+10
      166.750   3.0320231e+10
      166.800   3.1218252e+10
      166.850   3.2941400e+10
      166.900   3.5342571e+10
      166.950   3.8029512e+10
      167.000   4.0299708e+10
      167.050   4.1564997e+10
      167.100   4.1515004e+10
      167.150   4.0296841e+10
      167.200   3.8457885e+10
      167.250   3.6618105e+10
      167.300   3.5194464e+10
      167.350   3.4383323e+10
      167.400   3.4135949e+10
      167.450   3.4199216e+10
      167.500   3.4246164e+10
      167.550   3.4096900e+10
      167.600   3.3816742e+10
      167.650   3.3585589e+10
      167.700   3.3468981e+10
      167.750   3.3469610e+10
      167.800   3.3609350e+10
      167.850   3.3912759e+10
      167.900   3.4298046e+10
      167.950   3.4707906e+10
      168.000   3.5076871e+10
      168.050   3.5306678e+10
      168.100   3.5389208e+10
      168.150   3.5291698e+10
      168.200   3.5063243e+10
      168.250   3.4900238e+10
      168.300   3.5023676e+10
      168.350   3.5630079e+10
      168.400   3.6784960e+10
      168.450   3.8406438e+10
      168.500   4.0257157e+10
      168.550   4.2032542e+10
      168.600   4.3431314e+10
      168.650   4.4281656e+10
      168.700   4.4558915e+10
      168.750   4.4443354e+10
      168.800   4.4180440e+10
      168.850   4.4089417e+10
      168.900   4.4317560e+10
      168.950   4.4881253e+10
      169.000   4.5723167e+10
      169.050   4.6638669e+10
      169.100   4.7382287e+10
      169.150   4.7962154e+10
      169.200   4.8492975e+10
      169.250   4.8990959e+10
      169.300   4.9505360e+10
      169.350   5.0109664e+10
      169.400   5.0869415e+10
      169.450   5.1776429e+10
      169.500   5.2740585e+10
      169.550   5.3671753e+10
      169.600   5.4545581e+10
      169.650   5.5247498e+10
      169.700   5.5744895e+10
      169.750   5.5931346e+10
      169.800   5.5905103e+10
      169.850   5.5944315e+10
      169.900   5.6302468e+10
      169.950   5.7045071e+10
      170.000   5.8294781e+10
      170.050   5.9935881e+10
      170.100   6.1553163e+10
      170.150   6.2663688e+10
      170.200   6.3087053e+10
      170.250   6.2773623e+10
      170.300   6.1821200e+10
      170.350   6.0483379e+10
      170.400   5.9144895e+10
      170.450   5.8010716e+10
      170.500   5.7277718e+10
      170.550   5.7054354e+10
      170.600   5.7380329e+10
      170.650   5.8173764e+10
      170.700   5.9336496e+10
      170.750   6.0729100e+10
      170.800   6.2179486e+10
      170.850   6.3400438e+10
      170.900   6.4039090e+10
      170.950   6.4029660e+10
      171.000   6.3486785e+10
      171.050   6.2582697e+10
      171.100   6.1440288e+10
      171.150   6.0330546e+10
      171.200   5.9360110e+10
      171.250   5.8537285e+10
      171.300   5.7845670e+10
      171.350   5.7359224e+10
      171.400   5.7225834e+10
      171.450   5.7609993e+10
      171.500   5.8618656e+10
      171.550   6.0175317e+10
      171.600   6.2020849e+10
      171.650   6.3826410e+10
      171.700   6.5353549e+10
      171.750   6.6272692e+10
      171.800   6.6665640e+10
      171.850   6.6844739e+10
      171.900   6.6900333e+10
      171.950   6.6890063e+10
      172.000   6.6822069e+10
      172.050   6.6498426e+10
      172.100   6.5811542e+10
      172.150   6.4843694e+10
      172.200   6.3866841e+10
      172.250   6.3294042e+10
      172.300   6.3356857e+10
      172.350   6.4097315e+10
      172.400   6.5400267e+10
      172.450   6.6935741e+10
      172.500   6.8364638e+10
      172.550   6.9369513e+10
      172.600   6.9795464e+10
      172.650   6.9725111e+10
      172.700   6.9182817e+10
      172.750   6.8094029e+10
      172.800   6.6623862e+10
      172.850   6.4979249e+10
      172.900   6.3309267e+10
      172.950   6.1845815e+10
      173.000   6.0870724e+10
      173.050   6.0549967e+10
      173.100   6.0825985e+10
      173.150   6.1566399e+10
      173.200   6.2572385e+10
      173.250   6.3636705e+10
      173.300   6.4610296e+10
      173.350   6.5467997e+10
      173.400   6.6185005e+10
      173.450   6.6769385e+10
      173.500   6.7279346e+10
      173.550   6.7728986e+10
      173.600   6.8120765e+10
      173.650   6.8545885e+10
      173.700   6.9004577e+10
      173.750   6.9529931e+10
      173.800   7.0122139e+10
      173.850   7.0872633e+10
      173.900   7.1823151e+10
      173.950   7.2965583e+10
      174.000   7.4316744e+10
      174.050   7.5893344e+10
      174.100   7.7554102e+10
      174.150   7.9149094e+10
      174.200   8.0653274e+10
      174.250   8.1958266e+10
      174.300   8.2972117e+10
      174.350   8.3803004e+10
      174.400   8.4325853e+10
      174.450   8.4431855e+10
      174.500   8.4204061e+10
      174.550   8.3547091e+10
      174.600   8.2531160e+10
      174.650   8.1356411e+10
      174.700   8.0273145e+10
      174.750   7.9590349e+10
      174.800   7.9558837e+10
      174.850   8.0295928e+10
      174.900   8.1776627e+10
      174.950   8.3800741e+10
      175.000   8.6151253e+10
      175.050   8.8418831e+10
      175.100   9.0352732e+10
      175.150   9.1952672e+10
      175.200   9.3218612e+10
      175.250   9.4568534e+10
      175.300   9.5835224e+10
      175.350   9.7269461e+10
      175.400   9.8704030e+10
      175.450   1.0005531e+11
      175.500   1.0107239e+11
      175.550   1.0178832e+11
      175.600   1.0233746e+11
      175.650   1.0263564e+11
      175.700   1.0301789e+11
      175.750   1.0348444e+11
      175.800   1.0411920e+11
      175.850   1.0483835e+11
      175.900   1.0572609e+11
      175.950   1.0669870e+11
      176.000   1.0758812e+11
      176.050   1.0831011e+11
      176.100   1.0852804e+11
      176.150   1.0824110e+11
      176.200   1.0736434e+11
      176.250   1.0598136e+11
      176.300   1.0409135e+11
      176.350   1.0203102e+11
      176.400   1.0013737e+11
      176.450   9.9086061e+10
      176.500   9.9300330e+10
      176.550   1.0082874e+11
      176.600   1.0387760e+11
      176.650   1.0768704e+11
      176.700   1.1141264e+11
      176.750   1.1437865e+11
      176.800   1.1641593e+11
      176.850   1.1769306e+11
      176.900   1.1880129e+11
      176.950   1.2033241e+11
      177.000   1.2287778e+11
      177.050   1.2669141e+11
      177.100   1.3143549e+11
      177.150   1.3634938e+11
      177.200   1.4041875e+11
      177.250   1.4254407e+11
      177.300   1.4204884e+11
      177.350   1.3910112e+11
      177.400   1.3412326e+11
      177.450   1.2812989e+11
      177.500   1.2272744e+11
      177.550   1.1861456e+11
      177.600   1.1661514e+11
      177.650   1.1690001e+11
      177.700   1.1913257e+11
      177.750   1.2280622e+11
      177.800   1.2749831e+11
      177.850   1.3244716e+11
      177.900   1.3697476e+11
      177.950   1.4074169e+11
      178.000   1.4289936e+11
      178.050   1.4361604e+11
      178.100   1.4314518e+11
      178.150   1.4182528e+11
      178.200   1.4041978e+11
      178.250   1.3952311e+11
      178.300   1.3947537e+11
      178.350   1.4027721e+11
      178.400   1.4158929e+11
      178.450   1.4298728e+11
      178.500   1.4430083e+11
      178.550   1.4497026e+11
      178.600   1.4529954e+11
      178.650   1.4537354e+11
      178.700   1.4595770e+11
      178.750   1.4688185e+11
      178.800   1.4848561e+11
      178.850   1.5068419e+11
      178.900   1.5305219e+11
      178.950   1.5516496e+11
      179.000   1.5642779e+11
      179.050   1.5650104e+11
      179.100   1.5495966e+11
      179.150   1.5180482e+11
      179.200   1.4754612e+11
      179.250   1.4286340e+11
      179.300   1.3860577e+11
      179.350   1.3545288e+11
      179.400   1.3391414e+11
      179.450   1.3381890e+11
      179.500   1.3491226e+11
      179.550   1.3661153e+11
      179.600   1.3856804e+11
      179.650   1.4035691e+11
      179.700   1.4180746e+11
      179.750   1.4351501e+11
      179.800   1.4539527e+11
      179.850   1.4770422e+11
      179.900   1.5027214e+11
      179.950   1.5284296e+11
      180.000   1.5584425e+11
      180.050   1.5816533e+11
      180.100   1.5997596e+11
      180.150   1.6118956e+11
      180.200   1.6189063e+11
      180.250   1.6224958e+11
      180.300   1.6252330e+11
      180.350   1.6339800e+11
      180.400   1.6478875e+11
      180.450   1.6661086e+11
      180.500   1.6877910e+11
      180.550   1.7236771e+11
      180.600   1.7871207e+11
      180.650   1.8902085e+11
      180.700   2.0200639e+11
      180.750   2.1319253e+11
      180.800   2.1749310e+11
      180.850   2.1438332e+11
      180.900   2.0652890e+11
      180.950   1.9685679e+11
      181.000   1.8752290e+11
      181.050   1.7939022e+11
      181.100   1.7349736e+11
      181.150   1.7001917e+11
      181.200   1.6800738e+11
      181.250   1.6608045e+11
      181.300   1.6406567e+11
      181.350   1.6300118e+11
      181.400   1.6643670e+11
      181.450   1.7861890e+11
      181.500   2.0250341e+11
      181.550   2.3618039e+11
      181.600   2.7282414e+11
      181.650   3.0316146e+11
      181.700   3.2024878e+11
      181.750   3.1991079e+11
      181.800   3.0299969e+11
      181.850   2.7531587e+11
      181.900   2.4492374e+11
      181.950   2.1833478e+11
      182.000   1.9963539e+11
      182.050   1.9074455e+11
      182.100   1.9123626e+11
      182.150   1.9711892e+11
      182.200   2.0474499e+11
      182.250   2.1202754e+11
      182.300   2.1827005e+11
      182.350   2.2277504e+11
      182.400   2.2475733e+11
      182.450   2.2369212e+11
      182.500   2.1948929e+11
      182.550   2.1299074e+11
      182.600   2.0640300e+11
      182.650   2.0164340e+11
      182.700   1.9897501e+11
      182.750   1.9822426e+11
      182.800   1.9886879e+11
      182.850   2.0029855e+11
      182.900   2.0207801e+11
      182.950   2.0359603e+11
      183.000   2.0511455e+11
      183.050   2.0698289e+11
      183.100   2.0937580e+11
      183.150   2.1203113e+11
      183.200   2.1460029e+11
      183.250   2.1717028e+11
      183.300   2.1991598e+11
      183.350   2.2318665e+11
      183.400   2.2602152e+11
      183.450   2.2772080e+11
      183.500   2.2740986e+11
      183.550   2.2574678e+11
      183.600   2.2408229e+11
      183.650   2.2372926e+11
      183.700   2.2486453e+11
      183.750   2.2652634e+11
      183.800   2.2810182e+11
      183.850   2.2827573e+11
      183.900   2.2581867e+11
      183.950   2.2002596e+11
      184.000   2.1229836e+11
      184.050   2.0421353e+11
      184.100   1.9726422e+11
      184.150   1.9320911e+11
      184.200   1.9328206e+11
      184.250   1.9678421e+11
      184.300   2.0134442e+11
      184.350   2.0397222e+11
      184.400   2.0431297e+11
      184.450   2.0280502e+11
      184.500   2.0006231e+11
      184.550   1.9567258e+11
      184.600   1.8987255e+11
      184.650   1.8327811e+11
      184.700   1.7756425e+11
      184.750   1.7475767e+11
      184.800   1.7547604e+11
      184.850   1.7892687e+11
      184.900   1.8361207e+11
      184.950   1.8812174e+11
      185.000   1.9042817e+11
      185.050   1.8920806e+11
      185.100   1.8560709e+11
      185.150   1.8253459e+11
      185.200   1.8290107e+11
      185.250   1.8820637e+11
      185.300   1.9818715e+11
      185.350   2.1213851e+11
      185.400   2.2785627e+11
      185.450   2.4198827e+11
      185.500   2.5171124e+11
      185.550   2.5641002e+11
      185.600   2.5634421e+11
      185.650   2.5239579e+11
      185.700   2.4624002e+11
      185.750   2.3955357e+11
      185.800   2.3392481e+11
      185.850   2.2988446e+11
      185.900   2.2752101e+11
      185.950   2.2692276e+11
      186.000   2.2782538e+11
      186.050   2.3005303e+11
      186.100   2.3316451e+11
      186.150   2.3689464e+11
      186.200   2.4097862e+11
      186.250   2.4470949e+11
      186.300   2.4667452e+11
      186.350   2.4634245e+11
      186.400   2.4424319e+11
      186.450   2.4170101e+11
      186.500   2.3977749e+11
      186.550   2.4064027e+11
      186.600   2.4583661e+11
      186.650   2.5572377e+11
      186.700   2.6765150e+11
      186.750   2.7852393e+11
      186.800   2.8656913e+11
      186.850   2.9249361e+11
      186.900   2.9744684e+11
      186.950   3.0160576e+11
      187.000   3.0452574e+11
      187.050   3.0585193e+11
      187.100   3.0575943e+11
      187.150   3.0442541e+11
      187.200   3.0246947e+11
      187.250   3.0024614e+11
      187.300   2.9873106e+11
      187.350   2.9837021e+11
      187.400   2.9863103e+11
      187.450   2.9826950e+11
      187.500   2.9710821e+11
      187.550   2.9539916e+11
      187.600   2.9377843e+11
      187.650   2.9233509e+11
      187.700   2.9097963e+11
      187.750   2.8935663e+11
      187.800   2.8773285e+11
      187.850   2.8619705e+11
      187.900   2.8475010e+11
      187.950   2.8321270e+11
      188.000   2.8131870e+11
      188.050   2.7942352e+11
      188.100   2.7904279e+11
      188.150   2.8195950e+11
      188.200   2.8880136e+11
      188.250   2.9849997e+11
      188.300   3.0847044e+11
      188.350   3.1657208e+11
      188.400   3.2253529e+11
      188.450   3.2609090e+11
      188.500   3.2777321e+11
      188.550   3.2813571e+11
      188.600   3.2769408e+11
      188.650   3.2716262e+11
      188.700   3.2698851e+11
      188.750   3.2699313e+11
      188.800   3.2762400e+11
      188.850   3.2977593e+11
      188.900   3.3425538e+11
      188.950   3.4115482e+11
      189.000   3.4984909e+11
      189.050   3.5890627e+11
      189.100   3.6680387e+11
      189.150   3.7210673e+11
      189.200   3.7409583e+11
      189.250   3.7366471e+11
      189.300   3.7242617e+11
      189.350   3.7118688e+11
      189.400   3.6994641e+11
      189.450   3.6834621e+11
      189.500   3.6602690e+11
      189.550   3.6325967e+11
      189.600   3.6004151e+11
      189.650   3.5547313e+11
      189.700   3.4847455e+11
      189.750   3.3913368e+11
      189.800   3.3005733e+11
      189.850   3.2394492e+11
      189.900   3.2268929e+11
      189.950   3.2494428e+11
      190.000   3.2828152e+11
      190.050   3.3117010e+11
      190.100   3.3442047e+11
      190.150   3.3929524e+11
      190.200   3.4633733e+11
      190.250   3.5482630e+11
      190.300   3.6377109e+11
      190.350   3.7208913e+11
      190.400   3.7806497e+11
      190.450   3.8043243e+11
      190.500   3.7927790e+11
      190.550   3.7675619e+11
      190.600   3.7549874e+11
      190.650   3.7659012e+11
      190.700   3.8021411e+11
      190.750   3.8601033e+11
      190.800   3.9235248e+11
      190.850   3.9715958e+11
      190.900   3.9898139e+11
      190.950   3.9745497e+11
      191.000   3.9284850e+11
      191.050   3.8679001e+11
      191.100   3.8181569e+11
      191.150   3.8037295e+11
      191.200   3.8310025e+11
      191.250   3.8800439e+11
      191.300   3.9272986e+11
      191.350   3.9664077e+11
      191.400   4.0209648e+11
      191.450   4.1073217e+11
      191.500   4.2100599e+11
      191.550   4.2863770e+11
      191.600   4.3055084e+11
      191.650   4.2719238e+11
      191.700   4.2173922e+11
      191.750   4.1646327e+11
      191.800   4.1382242e+11
      191.850   4.1518572e+11
      191.900   4.2119712e+11
      191.950   4.3058565e+11
      192.000   4.4107667e+11
      192.050   4.5057300e+11
      192.100   4.5688274e+11
      192.150   4.5799409e+11
      192.200   4.5417286e+11
      192.250   4.4778966e+11
      192.300   4.4176594e+11
      192.350   4.3701769e+11
      192.400   4.3354651e+11
      192.450   4.3107868e+11
      192.500   4.2934086e+11
      192.550   4.2809406e+11
      192.600   4.2721282e+11
      192.650   4.2715617e+11
      192.700   4.2874918e+11
      192.750   4.3162729e+11
      192.800   4.3184672e+11
      192.850   4.2573368e+11
      192.900   4.1181391e+11
      192.950   3.9182466e+11
      193.000   3.6851752e+11
      193.050   3.4492051e+11
      193.100   3.2498593e+11
      193.150   3.1165897e+11
      193.200   3.0558902e+11
      193.250   3.0521879e+11
      193.300   3.0871272e+11
      193.350   3.1276113e+11
      193.400   3.1386505e+11
      193.450   3.0972059e+11
      193.500   3.0244133e+11
      193.550   2.9534646e+11
      193.600   2.9221269e+11
      193.650   2.9617296e+11
      193.700   3.1072686e+11
      193.750   3.3605861e+11
      193.800   3.6737746e+11
      193.850   3.9851211e+11
      193.900   4.2605388e+11
      193.950   4.4954179e+11
      194.000   4.7054163e+11
      194.050   4.8988238e+11
      194.100   5.0959247e+11
      194.150   5.3059122e+11
      194.200   5.5066873e+11
      194.250   5.6604670e+11
      194.300   5.7396369e+11
      194.350   5.7405085e+11
      194.400   5.6796671e+11
      194.450   5.5838167e+11
      194.500   5.4842811e+11
      194.550   5.4174136e+11
      194.600   5.4021146e+11
      194.650   5.4485689e+11
      194.700   5.5577375e+11
      194.750   5.7066083e+11
      194.800   5.8380263e+11
      194.850   5.8984586e+11
      194.900   5.8712473e+11
      194.950   5.7720159e+11
      195.000   5.6201144e+11
      195.050   5.4487483e+11
      195.100   5.2856068e+11
      195.150   5.1630376e+11
      195.200   5.1041882e+11
      195.250   5.1238744e+11
      195.300   5.2193890e+11
      195.350   5.3519385e+11
      195.400   5.4595661e+11
      195.450   5.5117380e+11
      195.500   5.5241332e+11
      195.550   5.5307077e+11
      195.600   5.5474618e+11
      195.650   5.5679250e+11
      195.700   5.5726545e+11
      195.750   5.5699671e+11
      195.800   5.5802533e+11
      195.850   5.6211185e+11
      195.900   5.6731197e+11
      195.950   5.6982500e+11
      196.000   5.6714757e+11
      196.050   5.6001737e+11
      196.100   5.5102927e+11
      196.150   5.4305796e+11
      196.200   5.3898128e+11
      196.250   5.4065645e+11
      196.300   5.4920026e+11
      196.350   5.6359566e+11
      196.400   5.8245259e+11
      196.450   6.0345199e+11
      196.500   6.2418083e+11
      196.550   6.4250124e+11
      196.600   6.5720408e+11
      196.650   6.6838056e+11
      196.700   6.7621438e+11
      196.750   6.8140718e+11
      196.800   6.8362726e+11
      196.850   6.8296398e+11
      196.900   6.7876162e+11
      196.950   6.7083119e+11
      197.000   6.5926061e+11
      197.050   6.4740039e+11
      197.100   6.3851528e+11
      197.150   6.3475220e+11
      197.200   6.3369257e+11
      197.250   6.3253900e+11
      197.300   6.2979603e+11
      197.350   6.2667708e+11
      197.400   6.2430247e+11
      197.450   6.2239420e+11
      197.500   6.2048390e+11
      197.550   6.1819810e+11
      197.600   6.1534766e+11
      197.650   6.1286535e+11
      197.700   6.1159870e+11
      197.750   6.1108066e+11
      197.800   6.1028083e+11
      197.850   6.0863769e+11
      197.900   6.0858626e+11
      197.950   6.1303565e+11
      198.000   6.2292492e+11
      198.050   6.3563232e+11
      198.100   6.4797011e+11
      198.150   6.5740365e+11
      198.200   6.6271247e+11
      198.250   6.6248417e+11
      198.300   6.5765472e+11
      198.350   6.5160137e+11
      198.400   6.4714318e+11
      198.450   6.4373761e+11
      198.500   6.3845188e+11
      198.550   6.2846588e+11
      198.600   6.1481195e+11
      198.650   6.0143823e+11
      198.700   5.9135104e+11
      198.750   5.8596152e+11
      198.800   5.8470663e+11
      198.850   5.8665015e+11
      198.900   5.9122635e+11
      198.950   5.9740241e+11
      199.000   6.0470701e+11
      199.050   6.1511844e+11
      199.100   6.2985890e+11
      199.150   6.4874293e+11
      199.200   6.6894682e+11
      199.250   6.8727307e+11
      199.300   7.0146256e+11
      199.350   7.1028882e+11
      199.400   7.1224356e+11
      199.450   7.0817457e+11
      199.500   7.0005547e+11
      199.550   6.9054739e+11
      199.600   6.8207262e+11
      199.650   6.7613828e+11
      199.700   6.7415901e+11
      199.750   6.7641916e+11
      199.800   6.8197770e+11
      199.850   6.8923421e+11
      199.900   6.9592649e+11
      199.950   6.9950970e+11
      200.000   6.9979296e+11
      200.050   7.0054854e+11
      200.100   7.0582956e+11
      200.150   7.1592408e+11
      200.225   7.2889969e+11
      200.275   7.3399844e+11
      200.325   7.3862710e+11
      200.375   7.4070732e+11
      200.425   7.3797481e+11
      200.475   7.3580713e+11
      200.525   7.4177662e+11
      200.575   7.5484912e+11
      200.625   7.6377127e+11
      200.675   7.6466536e+11
      200.725   7.5837710e+11
      200.775   7.5331606e+11
      200.825   7.5543685e+11
      200.875   7.6181181e+11
      200.925   7.6998602e+11
      200.975   7.7863563e+11
      201.025   7.8312524e+11
      201.075   7.7957594e+11
      201.125   7.7233361e+11
      201.175   7.7303918e+11
      201.225   7.8803773e+11
      201.275   8.0749014e+11
      201.325   8.1994339e+11
      201.375   8.2368716e+11
      201.425   8.1881133e+11
      201.475   8.1147119e+11
      201.525   8.0916374e+11
      201.575   8.0924088e+11
      201.625   8.1130828e+11
      201.675   8.2096173e+11
      201.725   8.3668807e+11
      201.775   8.4995641e+11
      201.825   8.5791490e+11
      201.875   8.5724173e+11
      201.925   8.4992177e+11
      201.975   8.4563708e+11
      202.025   8.4486532e+11
      202.075   8.4209736e+11
      202.125   8.3381731e+11
      202.175   8.2144827e+11
      202.225   8.1458585e+11
      202.275   8.2121932e+11
      202.325   8.3812354e+11
      202.375   8.5113426e+11
      202.425   8.5026352e+11
      202.475   8.3759559e+11
      202.525   8.1468123e+11
      202.575   7.8532549e+11
      202.625   7.6700680e+11
      202.675   7.7352362e+11
      202.725   8.0373937e+11
      202.775   8.4566416e+11
      202.825   8.7417358e+11
      202.875   8.8459984e+11
      202.925   8.8817253e+11
      202.975   8.9107970e+11
      203.025   9.0093617e+11
      203.075   9.1802902e+11
      203.125   9.3598133e+11
      203.175   9.4907878e+11
      203.225   9.5008238e+11
      203.275   9.3680234e+11
      203.325   9.1561543e+11
      203.375   8.9661556e+11
      203.425   8.8723335e+11
      203.475   8.9099591e+11
      203.525   9.0784219e+11
      203.575   9.3120286e+11
      203.625   9.5190081e+11
      203.675   9.6231046e+11
      203.725   9.6185874e+11
      203.775   9.5740301e+11
      203.825   9.4922791e+11
      203.875   9.4362268e+11
      203.925   9.3534704e+11
      203.975   9.3517561e+11
      204.025   9.4635520e+11
      204.075   9.7107931e+11
      204.125   9.9981879e+11
      204.175   1.0250332e+12
      204.225   1.0450060e+12
      204.275   1.0581105e+12
      204.325   1.0587138e+12
      204.375   1.0486264e+12
      204.425   1.0370089e+12
      204.475   1.0328349e+12
      204.525   1.0425017e+12
      204.575   1.0634437e+12
      204.625   1.0822946e+12
      204.675   1.0864353e+12
      204.725   1.0752802e+12
      204.775   1.0595267e+12
      204.825   1.0536180e+12
      204.875   1.0604324e+12
      204.925   1.0683999e+12
      204.975   1.0719663e+12
      205.025   1.0784078e+12
      205.075   1.0860026e+12
      205.125   1.0887132e+12
      205.175   1.0893162e+12
      205.225   1.0940421e+12
      205.275   1.1023190e+12
      205.325   1.1087784e+12
      205.375   1.1092899e+12
      205.425   1.1012562e+12
      205.475   1.0877451e+12
      205.525   1.0725255e+12
      205.575   1.0579094e+12
      205.625   1.0572187e+12
      205.675   1.0709433e+12
      205.725   1.0835177e+12
      205.775   1.0834067e+12
      205.825   1.0689696e+12
      205.875   1.0614503e+12
      205.925   1.0734533e+12
      205.975   1.0921932e+12
      206.025   1.1072816e+12
      206.075   1.1104429e+12
      206.125   1.0964756e+12
      206.175   1.0731648e+12
      206.225   1.0588960e+12
      206.275   1.0678273e+12
      206.325   1.0923610e+12
      206.375   1.1125694e+12
      206.425   1.1246916e+12
      206.475   1.1372015e+12
      206.525   1.1431812e+12
      206.575   1.1375172e+12
      206.625   1.1354179e+12
      206.675   1.1486490e+12
      206.725   1.1694058e+12
      206.775   1.1834164e+12
      206.825   1.1861459e+12
      206.875   1.1847272e+12
      206.925   1.1856236e+12
      206.975   1.1948201e+12
      207.025   1.2103926e+12
      207.075   1.2246174e+12
      207.125   1.2374951e+12
      207.175   1.2453554e+12
      207.225   1.2468401e+12
      207.275   1.2543158e+12
      207.325   1.2693315e+12
      207.375   1.2857075e+12
      207.425   1.3004051e+12
      207.475   1.3105067e+12
      207.525   1.3181762e+12
      207.575   1.3295916e+12
      207.625   1.3432037e+12
      207.675   1.3539991e+12
      207.725   1.3580421e+12
      207.775   1.3536173e+12
      207.825   1.3485593e+12
      207.875   1.3470899e+12
      207.925   1.3548481e+12
      207.975   1.3710632e+12
      208.025   1.3814213e+12
      208.075   1.3776481e+12
      208.125   1.3668522e+12
      208.175   1.3625926e+12
      208.225   1.3648706e+12
      208.275   1.3740762e+12
      208.325   1.3978090e+12
      208.375   1.4144274e+12
      208.425   1.4098779e+12
      208.475   1.4151447e+12
      208.525   1.4587459e+12
      208.575   1.5258335e+12
      208.625   1.5835555e+12
      208.675   1.6195185e+12
      208.725   1.6431572e+12
      208.775   1.6898529e+12
      208.825   1.7456473e+12
      208.875   1.7704831e+12
      208.925   1.7547760e+12
      208.975   1.7274560e+12
      209.025   1.7313492e+12
      209.075   1.7617235e+12
      209.125   1.8058981e+12
      209.175   1.8520666e+12
      209.225   1.9333069e+12
      209.275   2.0603320e+12
      209.325   2.1495294e+12
      209.375   2.1279047e+12
      209.425   2.0435384e+12
      209.475   2.0326758e+12
      209.525   2.1189606e+12
      209.575   2.2265894e+12
      209.625   2.2908587e+12
      209.675   2.3031157e+12
      209.725   2.3411636e+12
      209.775   2.4221962e+12
      209.825   2.4908889e+12
      209.875   2.4854509e+12
      209.925   2.4122580e+12
      209.975   2.3372054e+12
      210.025   2.3213561e+12
      210.075   2.4282294e+12
      210.125   2.6627112e+12
      210.175   2.8755016e+12
      210.225   2.9518282e+12
      210.275   2.8258464e+12
      210.325   2.5931687e+12
      210.375   2.5116533e+12
      210.425   2.6093163e+12
      210.475   2.8359567e+12
      210.525   3.1047873e+12
      210.575   3.2647952e+12
      210.625   3.2626384e+12
      210.675   3.1941147e+12
      210.725   3.1368262e+12
      210.775   3.0757464e+12
      210.825   2.9482261e+12
      210.875   2.7735924e+12
      210.925   2.6458335e+12
      210.975   2.6097400e+12
      211.025   2.6756137e+12
      211.075   2.8099432e+12
      211.125   3.0421286e+12
      211.175   3.3409509e+12
      211.225   3.5246031e+12
      211.275   3.5132040e+12
      211.325   3.3849729e+12
      211.375   3.2540714e+12
      211.425   3.1708587e+12
      211.475   3.1091711e+12
      211.525   3.1159368e+12
      211.575   3.2929488e+12
      211.625   3.5843111e+12
      211.675   3.8435012e+12
      211.725   3.9764726e+12
      211.775   3.9636651e+12
      211.825   3.8096929e+12
      211.875   3.6744724e+12
      211.925   3.7406964e+12
      211.975   3.9471407e+12
      212.025   4.1507095e+12
      212.075   4.1333456e+12
      212.125   3.8893050e+12
      212.175   3.6175487e+12
      212.225   3.3815726e+12
      212.275   3.1736397e+12
      212.325   2.9346083e+12
      212.375   2.6746405e+12
      212.425   2.4973932e+12
      212.475   2.4555931e+12
      212.525   2.5792562e+12
      212.575   2.8062729e+12
      212.625   3.0491360e+12
      212.675   3.2583720e+12
      212.725   3.3709100e+12
      212.775   3.4066162e+12
      212.825   3.4119342e+12
      212.875   3.3992643e+12
      212.925   3.3419209e+12
      212.975   3.1971966e+12
      213.025   3.0238855e+12
      213.075   2.9340066e+12
      213.125   2.9657106e+12
      213.175   3.0604588e+12
      213.225   3.1053337e+12
      213.275   3.1109022e+12
      213.325   3.1575060e+12
      213.375   3.2214561e+12
      213.425   3.2090949e+12
      213.475   3.1199156e+12
      213.525   3.0707198e+12
      213.575   3.1346029e+12
      213.625   3.3142488e+12
      213.675   3.5466593e+12
      213.725   3.7481142e+12
      213.775   3.7846594e+12
      213.825   3.5439849e+12
      213.875   3.2751761e+12
      213.925   3.2309588e+12
      213.975   3.3274372e+12
      214.025   3.5571480e+12
      214.075   3.9602966e+12
      214.125   4.3777430e+12
      214.175   4.5747422e+12
      214.225   4.5390826e+12
      214.275   4.4771926e+12
      214.325   4.4964899e+12
      214.375   4.5301355e+12
      214.425   4.5067155e+12
      214.475   4.3922931e+12
      214.525   4.2079219e+12
      214.575   4.0165169e+12
      214.625   3.8951690e+12
      214.675   3.8568647e+12
      214.725   3.8806816e+12
      214.775   3.9451989e+12
      214.825   4.0394141e+12
      214.875   4.1531061e+12
      214.925   4.2603219e+12
      214.975   4.2985229e+12
      215.025   4.1729034e+12
      215.075   3.9208042e+12
      215.125   3.7016215e+12
      215.175   3.6899343e+12
      215.225   3.8126985e+12
      215.275   3.9552469e+12
      215.325   4.1337161e+12
      215.375   4.2689211e+12
      215.425   4.2491939e+12
      215.475   4.1069748e+12
      215.525   3.9550638e+12
      215.575   3.8133845e+12
      215.625   3.6535059e+12
      215.675   3.4715722e+12
      215.725   3.2742630e+12
      215.775   3.1001938e+12
      215.825   2.9981791e+12
      215.875   2.9695629e+12
      215.925   3.0259480e+12
      215.975   3.2115080e+12
      216.025   3.5079998e+12
      216.075   3.7612274e+12
      216.125   3.8789276e+12
      216.175   3.8605875e+12
      216.225   3.7794986e+12
      216.275   3.7460961e+12
      216.325   3.7528104e+12
      216.375   3.7357950e+12
      216.425   3.6594212e+12
      216.475   3.5747909e+12
      216.525   3.4854157e+12
      216.575   3.3170921e+12
      216.625   3.0662873e+12
      216.675   2.8393913e+12
      216.725   2.7698597e+12
      216.775   2.8740717e+12
      216.825   3.0411785e+12
      216.875   3.1648435e+12
      216.925   3.1486949e+12
      216.975   3.0920340e+12
      217.025   3.1454096e+12
      217.075   3.2986491e+12
      217.125   3.4549874e+12
      217.175   3.5343694e+12
      217.225   3.6051447e+12
      217.275   3.6750404e+12
      217.325   3.6610056e+12
      217.375   3.5294169e+12
      217.425   3.3778790e+12
      217.475   3.2713206e+12
      217.525   3.2357647e+12
      217.575   3.3457582e+12
      217.625   3.5317889e+12
      217.675   3.6488802e+12
      217.725   3.6454687e+12
      217.775   3.5416571e+12
      217.825   3.5106405e+12
      217.875   3.7067437e+12
      217.925   4.0783317e+12
      217.975   4.4884190e+12
      218.025   4.7976644e+12
      218.075   4.9510938e+12
      218.125   5.0290696e+12
      218.175   5.1443378e+12
      218.225   5.2876673e+12
      218.275   5.3437381e+12
      218.325   5.2302850e+12
      218.375   4.9920523e+12
      218.425   4.7145802e+12
      218.475   4.6197707e+12
      218.525   4.7563268e+12
      218.575   4.8902329e+12
      218.625   4.8457381e+12
      218.675   4.5234919e+12
      218.725   4.1580553e+12
      218.775   4.0749316e+12
      218.825   4.2470134e+12
      218.875   4.4540356e+12
      218.925   4.5046473e+12
      218.975   4.4974240e+12
      219.025   4.5736321e+12
      219.075   4.6779503e+12
      219.125   4.6712545e+12
      219.175   4.6017462e+12
      219.225   4.6222295e+12
      219.275   4.8692543e+12
      219.325   5.3067017e+12
      219.375   5.5902811e+12
      219.425   5.5430656e+12
      219.475   5.2767710e+12
      219.525   4.9255526e+12
      219.575   4.6236550e+12
      219.625   4.5149892e+12
      219.675   4.6204307e+12
      219.725   4.8860502e+12
      219.775   5.2287817e+12
      219.825   5.5200807e+12
      219.875   5.6668915e+12
      219.925   5.6477449e+12
      219.975   5.4557525e+12
      220.025   5.1069894e+12
      220.075   4.7320287e+12
      220.125   4.5557433e+12
      220.175   4.6941573e+12
      220.225   5.0917599e+12
      220.275   5.5017929e+12
      220.325   5.7818719e+12
      220.375   5.9544998e+12
      220.425   5.9424412e+12
      220.475   5.7632148e+12
      220.525   5.6174378e+12
      220.575   5.5507164e+12
      220.625   5.3541585e+12
      220.675   5.0446412e+12
      220.725   4.7852176e+12
      220.775   4.5661151e+12
      220.825   4.3439535e+12
      220.875   4.1955643e+12
      220.925   4.1942226e+12
      220.975   4.1580358e+12
      221.025   3.9345916e+12
      221.075   3.6155519e+12
      221.125   3.3775327e+12
      221.175   3.3336688e+12
      221.225   3.4722575e+12
      221.275   3.7856416e+12
      221.325   4.1847596e+12
      221.375   4.4444119e+12
      221.425   4.4797903e+12
      221.475   4.4395129e+12
      221.525   4.4348127e+12
      221.575   4.3782040e+12
      221.625   4.1656581e+12
      221.675   3.8619974e+12
      221.725   3.6359523e+12
      221.775   3.5973648e+12
      221.825   3.7281236e+12
      221.875   4.0065209e+12
      221.925   4.4104073e+12
      221.975   4.7952345e+12
      222.025   5.0217367e+12
      222.075   5.1404466e+12
      222.125   5.2430155e+12
      222.175   5.3611880e+12
      222.225   5.3848425e+12
      222.275   5.2712465e+12
      222.325   5.1430411e+12
      222.375   5.1406531e+12
      222.425   5.2499029e+12
      222.475   5.2959727e+12
      222.525   5.3034402e+12
      222.575   5.3422314e+12
      222.625   5.3616800e+12
      222.675   5.3140988e+12
      222.725   5.2360274e+12
      222.775   5.2275540e+12
      222.825   5.3698181e+12
      222.875   5.6364893e+12
      222.925   5.8379300e+12
      222.975   5.8939507e+12
      223.025   5.8548557e+12
      223.075   5.7317528e+12
      223.125   5.6524716e+12
      223.175   5.7819440e+12
      223.225   6.1148275e+12
      223.275   6.6444324e+12
      223.325   7.2346319e+12
      223.375   7.5824570e+12
      223.425   7.6062618e+12
      223.475   7.5019630e+12
      223.525   7.4973144e+12
      223.575   7.5925050e+12
      223.625   7.5991339e+12
      223.675   7.4611167e+12
      223.725   7.2419195e+12
      223.775   6.9792643e+12
      223.825   6.7274302e+12
      223.875   6.5742045e+12
      223.925   6.6251201e+12
      223.975   6.8636856e+12
      224.025   7.0028425e+12
      224.075   6.8713448e+12
      224.125   6.6168527e+12
      224.175   6.3668947e+12
      224.225   6.2099144e+12
      224.275   6.1355273e+12
      224.325   6.0596568e+12
      224.375   5.9754690e+12
      224.425   5.8807838e+12
      224.475   5.8714919e+12
      224.525   6.0066386e+12
      224.575   6.2863178e+12
      224.625   6.5380335e+12
      224.675   6.6526223e+12
      224.725   6.7504652e+12
      224.775   6.8508374e+12
      224.825   6.9098694e+12
      224.875   6.6870643e+12
      224.925   6.3008425e+12
      224.975   6.0543552e+12
      225.025   5.9480044e+12
      225.075   5.9114842e+12
      225.125   5.8319538e+12
      225.175   5.8048441e+12
      225.225   5.9111246e+12
      225.275   6.0215018e+12
      225.325   5.9362078e+12
      225.375   5.6862008e+12
      225.425   5.5029486e+12
      225.475   5.5241974e+12
      225.525   5.6231009e+12
      225.575   5.5651929e+12
      225.625   5.3889988e+12
      225.675   5.2900854e+12
      225.725   5.3645941e+12
      225.775   5.4530499e+12
      225.825   5.4427733e+12
      225.875   5.4268761e+12
      225.925   5.4304359e+12
      225.975   5.2482491e+12
      226.025   4.9130719e+12
      226.075   4.6892191e+12
      226.125   4.6639185e+12
      226.175   4.8011839e+12
      226.225   4.9268030e+12
      226.275   4.9108754e+12
      226.325   4.7631679e+12
      226.375   4.5287377e+12
      226.425   4.3248921e+12
      226.475   4.1470547e+12
      226.525   3.9734461e+12
      226.575   3.8643502e+12
      226.625   3.8243787e+12
      226.675   3.8074137e+12
      226.725   3.7511948e+12
      226.775   3.6888292e+12
      226.825   3.6492628e+12
      226.875   3.6054248e+12
      226.925   3.5598140e+12
      226.975   3.5216975e+12
      227.025   3.5071136e+12
      227.075   3.5326224e+12
      227.125   3.5706290e+12
      227.175   3.6191566e+12
      227.225   3.6876832e+12
      227.275   3.7843333e+12
      227.325   3.8705736e+12
      227.375   3.9099481e+12
      227.425   3.9185964e+12
      227.475   3.9908889e+12
      227.525   4.1161678e+12
      227.575   4.1659323e+12
      227.625   4.1831023e+12
      227.675   4.3047639e+12
      227.725   4.5151177e+12
      227.775   4.6912258e+12
      227.825   4.8083570e+12
      227.875   4.9270830e+12
      227.925   5.0264722e+12
      227.975   5.0609380e+12
      228.025   5.1170248e+12
      228.075   5.2918556e+12
      228.125   5.6027296e+12
      228.175   5.9208794e+12
      228.225   6.1007575e+12
      228.275   6.1339340e+12
      228.325   5.9779997e+12
      228.375   5.7631862e+12
      228.425   5.7459066e+12
      228.475   5.9065902e+12
      228.525   6.0852404e+12
      228.575   6.1708018e+12
      228.625   6.0119281e+12
      228.675   5.6422864e+12
      228.725   5.2841832e+12
      228.775   5.1256328e+12
      228.825   5.2794507e+12
      228.875   5.5198254e+12
      228.925   5.5781908e+12
      228.975   5.4395389e+12
      229.025   5.2203221e+12
      229.075   5.1021844e+12
      229.125   5.1137199e+12
      229.175   5.1595268e+12
      229.225   5.2213692e+12
      229.275   5.2973513e+12
      229.325   5.3676490e+12
      229.375   5.4084224e+12
      229.425   5.4031046e+12
      229.475   5.4028488e+12
      229.525   5.5290290e+12
      229.575   5.7270805e+12
      229.625   5.7845190e+12
      229.675   5.4437789e+12
      229.725   4.9447253e+12
      229.775   4.6367367e+12
      229.825   4.4992598e+12
      229.875   4.4973383e+12
      229.925   4.6052840e+12
      229.975   4.7312705e+12
      230.025   4.8083393e+12
      230.075   4.8859795e+12
      230.125   5.0282386e+12
      230.175   5.2342161e+12
      230.225   5.4201829e+12
      230.275   5.4733897e+12
      230.325   5.3446591e+12
      230.375   5.2756450e+12
      230.425   5.4146399e+12
      230.475   5.6386711e+12
      230.525   6.0029391e+12
      230.575   6.5442205e+12
      230.625   6.9667379e+12
      230.675   7.0832375e+12
      230.725   6.9989092e+12
      230.775   6.7752996e+12
      230.825   6.5127356e+12
      230.875   6.3033823e+12
      230.925   6.0148449e+12
      230.975   5.6605594e+12
      231.025   5.4154714e+12
      231.075   5.2414621e+12
      231.125   5.0409169e+12
      231.175   4.8600579e+12
      231.225   4.7449541e+12
      231.275   4.7027093e+12
      231.325   4.7089697e+12
      231.375   4.7519396e+12
      231.425   4.9444790e+12
      231.475   5.3839020e+12
      231.525   5.8612100e+12
      231.575   6.1292632e+12
      231.625   6.1400289e+12
      231.675   5.9964696e+12
      231.725   5.9019134e+12
      231.775   5.9024754e+12
      231.825   5.9661365e+12
      231.875   6.0437316e+12
      231.925   5.9907200e+12
      231.975   5.7374536e+12
      232.025   5.4010094e+12
      232.075   5.1507109e+12
      232.125   5.1264730e+12
      232.175   5.2301170e+12
      232.225   5.4383725e+12
      232.275   5.8809722e+12
      232.325   6.5613950e+12
      232.375   7.1220464e+12
      232.425   7.2750355e+12
      232.475   7.0687854e+12
      232.525   6.5188452e+12
      232.575   5.8375434e+12
      232.625   5.3621958e+12
      232.675   5.1574766e+12
      232.725   5.1062507e+12
      232.775   5.1582385e+12
      232.825   5.3401914e+12
      232.875   5.6366518e+12
      232.925   5.8915587e+12
      232.975   5.9786301e+12
      233.025   5.8853786e+12
      233.075   5.6836749e+12
      233.125   5.4262242e+12
      233.175   5.1277475e+12
      233.225   4.8816300e+12
      233.275   4.7315078e+12
      233.325   4.6581573e+12
      233.375   4.6922920e+12
      233.425   4.9015883e+12
      233.475   5.1522295e+12
      233.525   5.3222245e+12
      233.575   5.4925172e+12
      233.625   5.6247931e+12
      233.675   5.5240487e+12
      233.725   5.1437628e+12
      233.775   4.7015255e+12
      233.825   4.3427823e+12
      233.875   4.1151346e+12
      233.925   4.0697557e+12
      233.975   4.1477315e+12
      234.025   4.3143268e+12
      234.075   4.5101452e+12
      234.125   4.6854341e+12
      234.175   4.8293336e+12
      234.225   4.8900107e+12
      234.275   4.7887146e+12
      234.325   4.4821884e+12
      234.375   4.1062462e+12
      234.425   3.8128148e+12
      234.475   3.6831814e+12
      234.525   3.7531549e+12
      234.575   3.8771585e+12
      234.625   3.9643724e+12
      234.675   4.0602210e+12
      234.725   4.1838884e+12
      234.775   4.2443631e+12
      234.825   4.1845650e+12
      234.875   4.1581047e+12
      234.925   4.3302138e+12
      234.975   4.7333316e+12
      235.025   5.1708186e+12
      235.075   5.4367489e+12
      235.125   5.5842109e+12
      235.175   5.7361105e+12
      235.225   5.9673238e+12
      235.275   6.2189238e+12
      235.325   6.3651628e+12
      235.375   6.3186724e+12
      235.425   6.1374208e+12
      235.475   5.9228701e+12
      235.525   5.7610534e+12
      235.575   5.7980643e+12
      235.625   6.0860608e+12
      235.675   6.4171490e+12
      235.725   6.5733878e+12
      235.775   6.5714660e+12
      235.825   6.4628113e+12
      235.875   6.1676838e+12
      235.925   5.7349937e+12
      235.975   5.3004539e+12
      236.025   4.9578399e+12
      236.075   4.8639340e+12
      236.125   5.0016687e+12
      236.175   5.1774997e+12
      236.225   5.3432803e+12
      236.275   5.6064147e+12
      236.325   5.9062106e+12
      236.375   6.0077301e+12
      236.425   5.8396051e+12
      236.475   5.5316038e+12
      236.525   5.2739533e+12
      236.575   5.1942440e+12
      236.625   5.2208141e+12
      236.675   5.2263491e+12
      236.725   5.1771902e+12
      236.775   5.1811729e+12
      236.825   5.2766113e+12
      236.875   5.3843434e+12
      236.925   5.5421273e+12
      236.975   5.7828522e+12
      237.025   5.9854949e+12
      237.075   6.1114089e+12
      237.125   6.2711010e+12
      237.175   6.4833992e+12
      237.225   6.5734499e+12
      237.275   6.4028191e+12
      237.325   5.9766967e+12
      237.375   5.4300661e+12
      237.425   5.1095597e+12
      237.475   5.1106574e+12
      237.525   5.2093909e+12
      237.575   5.3479686e+12
      237.625   5.6393571e+12
      237.675   6.0044848e+12
      237.725   6.2380132e+12
      237.775   6.2598910e+12
      237.825   6.0151072e+12
      237.875   5.6201091e+12
      237.925   5.2574528e+12
      237.975   4.9633017e+12
      238.025   4.7769234e+12
      238.075   4.6332572e+12
      238.125   4.4290093e+12
      238.175   4.1878574e+12
      238.225   3.9931201e+12
      238.275   3.8710591e+12
      238.325   3.8560620e+12
      238.375   3.9533729e+12
      238.425   4.1530080e+12
      238.475   4.4426035e+12
      238.525   4.7726548e+12
      238.575   5.0793256e+12
      238.625   5.3206381e+12
      238.675   5.4743593e+12
      238.725   5.4715666e+12
      238.775   5.2845021e+12
      238.825   4.9917945e+12
      238.875   4.7178938e+12
      238.925   4.6087326e+12
      238.975   4.7712258e+12
      239.025   5.1404363e+12
      239.075   5.5619193e+12
      239.125   5.8775833e+12
      239.175   5.9525307e+12
      239.225   5.8901365e+12
      239.275   5.8671548e+12
      239.325   5.8434953e+12
      239.375   5.7309731e+12
      239.425   5.4731681e+12
      239.475   5.0813921e+12
      239.525   4.6546903e+12
      239.575   4.3330748e+12
      239.625   4.2079289e+12
      239.675   4.2422053e+12
      239.725   4.4160263e+12
      239.775   4.6760584e+12
      239.825   4.8756809e+12
      239.875   4.8906101e+12
      239.925   4.7330663e+12
      239.975   4.5653928e+12
      240.025   4.6142808e+12
      240.075   4.8780182e+12
      240.125   5.1308653e+12
      240.175   5.2464353e+12
      240.225   5.2294529e+12
      240.275   5.1427951e+12
      240.325   5.0591317e+12
      240.375   4.9734952e+12
      240.425   4.7918563e+12
      240.475   4.4770455e+12
      240.525   4.1687595e+12
      240.575   4.0400638e+12
      240.625   4.0761854e+12
      240.675   4.1609870e+12
      240.725   4.2102829e+12
      240.775   4.2968267e+12
      240.825   4.5186051e+12
      240.875   4.8053157e+12
      240.925   5.0136893e+12
      240.975   5.0625259e+12
      241.025   4.9550842e+12
      241.075   4.7132321e+12
      241.125   4.4457670e+12
      241.175   4.3354731e+12
      241.225   4.4614993e+12
      241.275   4.7300412e+12
      241.325   4.9424677e+12
      241.375   5.0188285e+12
      241.425   5.1148667e+12
      241.475   5.3557915e+12
      241.525   5.7032200e+12
      241.575   6.0252774e+12
      241.625   6.2980296e+12
      241.675   6.5434302e+12
      241.725   6.7330999e+12
      241.775   6.8733410e+12
      241.825   7.0184312e+12
      241.875   7.2235516e+12
      241.925   7.4312712e+12
      241.975   7.5811121e+12
      242.025   7.7377159e+12
      242.075   7.9519914e+12
      242.125   8.1403713e+12
      242.175   8.2915898e+12
      242.225   8.4386475e+12
      242.275   8.5007829e+12
      242.325   8.3152274e+12
      242.375   8.0223165e+12
      242.425   7.8124111e+12
      242.475   7.7247156e+12
      242.525   7.7708597e+12
      242.575   7.9114624e+12
      242.625   8.1394658e+12
      242.675   8.4665331e+12
      242.725   8.7584402e+12
      242.775   8.8243559e+12
      242.825   8.6843363e+12
      242.875   8.3715388e+12
      242.925   8.0723813e+12
      242.975   8.0088713e+12
      243.025   8.1229014e+12
      243.075   8.2807851e+12
      243.125   8.3665681e+12
      243.175   8.2703083e+12
      243.225   8.0696205e+12
      243.275   7.8479475e+12
      243.325   7.6754624e+12
      243.375   7.6530261e+12
      243.425   7.7087091e+12
      243.475   7.6651224e+12
      243.525   7.4424118e+12
      243.575   7.2164890e+12
      243.625   7.1878172e+12
      243.675   7.2805896e+12
      243.725   7.4285456e+12
      243.775   7.6430514e+12
      243.825   7.8437281e+12
      243.875   7.8678594e+12
      243.925   7.6869798e+12
      243.975   7.4514847e+12
      244.025   7.2976264e+12
      244.075   7.3469354e+12
      244.125   7.5649604e+12
      244.175   7.8258718e+12
      244.225   8.0384439e+12
      244.275   8.1247633e+12
      244.325   8.0482841e+12
      244.375   7.8427357e+12
      244.425   7.5576720e+12
      244.475   7.3615602e+12
      244.525   7.2997941e+12
      244.575   7.2600299e+12
      244.625   7.1969375e+12
      244.675   7.0506781e+12
      244.725   6.8655662e+12
      244.775   6.6950546e+12
      244.825   6.5109300e+12
      244.875   6.3613334e+12
      244.925   6.3510300e+12
      244.975   6.3852467e+12
      245.025   6.3411144e+12
      245.075   6.2157367e+12
      245.125   6.0737846e+12
      245.175   5.9759940e+12
      245.225   5.8851158e+12
      245.275   5.8026376e+12
      245.325   5.7690477e+12
      245.375   5.7611076e+12
      245.425   5.7471175e+12
      245.475   5.7614206e+12
      245.525   5.8440036e+12
      245.575   5.9068881e+12
      245.625   5.8617933e+12
      245.675   5.7943075e+12
      245.725   5.7784176e+12
      245.775   5.8599413e+12
      245.825   5.9883172e+12
      245.875   6.0361906e+12
      245.925   5.9707376e+12
      245.975   5.8503037e+12
      246.025   5.7874350e+12
      246.075   5.7395233e+12
      246.125   5.6337548e+12
      246.175   5.5192684e+12
      246.225   5.4104681e+12
      246.275   5.3222231e+12
      246.325   5.2762729e+12
      246.375   5.3445869e+12
      246.425   5.5383091e+12
      246.475   5.7316246e+12
      246.525   5.8688205e+12
      246.575   5.9270984e+12
      246.625   5.9397195e+12
      246.675   5.9648225e+12
      246.725   6.0250836e+12
      246.775   6.1356344e+12
      246.825   6.2612206e+12
      246.875   6.3561416e+12
      246.925   6.3924313e+12
      246.975   6.4107412e+12
      247.025   6.4468180e+12
      247.075   6.4809570e+12
      247.125   6.5206065e+12
      247.175   6.5882406e+12
      247.225   6.6306675e+12
      247.275   6.5195525e+12
      247.325   6.2449669e+12
      247.375   6.1377806e+12
      247.425   6.3660224e+12
      247.475   6.7099876e+12
      247.525   6.9150223e+12
      247.575   6.9338895e+12
      247.625   6.8964272e+12
      247.675   6.8331692e+12
      247.725   6.7289885e+12
      247.775   6.6283893e+12
      247.825   6.5098200e+12
      247.875   6.3221621e+12
      247.925   6.0997157e+12
      247.975   5.8919993e+12
      248.025   5.8479592e+12
      248.075   5.9860840e+12
      248.125   6.1234807e+12
      248.175   6.1581050e+12
      248.225   6.0073217e+12
      248.275   5.6251850e+12
      248.325   5.1886650e+12
      248.375   4.8518530e+12
      248.425   4.7250320e+12
      248.475   4.8351165e+12
      248.525   5.0585346e+12
      248.575   5.3285143e+12
      248.625   5.5565371e+12
      248.675   5.6019933e+12
      248.725   5.4983852e+12
      248.775   5.3368111e+12
      248.825   5.1138857e+12
      248.875   4.8989506e+12
      248.925   4.8130840e+12
      248.975   4.8090078e+12
      249.025   4.7856354e+12
      249.075   4.7401896e+12
      249.125   4.7405630e+12
      249.175   4.8719872e+12
      249.225   5.1233275e+12
      249.275   5.5025305e+12
      249.325   5.9196250e+12
      249.375   6.2494027e+12
      249.425   6.5667408e+12
      249.475   6.9029574e+12
      249.525   7.2404513e+12
      249.575   7.4918903e+12
      249.625   7.5689026e+12
      249.675   7.4868555e+12
      249.725   7.4643902e+12
      249.775   7.5666870e+12
      249.825   7.6580593e+12
      249.875   7.6825560e+12
      249.925   7.7117908e+12
      249.975   7.8486895e+12
      250.025   7.9731647e+12
      250.075   7.9469386e+12
      250.125   7.6670817e+12
      250.175   7.1876245e+12
      250.225   6.8845804e+12
      250.275   6.9346228e+12
      250.325   7.1491702e+12
      250.375   7.3714088e+12
      250.425   7.5266983e+12
      250.475   7.6154700e+12
      250.525   7.5581814e+12
      250.575   7.2808802e+12
      250.625   6.8665312e+12
      250.675   6.4470436e+12
      250.725   6.1333815e+12
      250.775   6.0086373e+12
      250.825   6.1842531e+12
      250.875   6.5732660e+12
      250.925   6.8857386e+12
      250.975   7.0299017e+12
      251.025   7.0688612e+12
      251.075   6.9122834e+12
      251.125   6.5995130e+12
      251.175   6.3482603e+12
      251.225   6.2372821e+12
      251.275   6.1827157e+12
      251.325   6.0922824e+12
      251.375   5.9328643e+12
      251.425   5.6793392e+12
      251.475   5.3867572e+12
      251.525   5.1869702e+12
      251.575   5.0975374e+12
      251.625   5.0130807e+12
      251.675   4.8876388e+12
      251.725   4.8281480e+12
      251.775   4.8707024e+12
      251.825   4.9041354e+12
      251.875   4.9035419e+12
      251.925   4.8914415e+12
      251.975   4.9125704e+12
      252.025   5.0058215e+12
      252.075   5.1924937e+12
      252.125   5.3439802e+12
      252.175   5.3168995e+12
      252.225   5.1809769e+12
      252.275   5.0175016e+12
      252.325   4.8239917e+12
      252.375   4.6792169e+12
      252.425   4.6427113e+12
      252.475   4.6818272e+12
      252.525   4.7895629e+12
      252.575   4.9941211e+12
      252.625   5.1998700e+12
      252.675   5.2971658e+12
      252.725   5.2966250e+12
      252.775   5.1714029e+12
      252.825   4.9771383e+12
      252.875   4.8414729e+12
      252.925   4.8110567e+12
      252.975   4.9092363e+12
      253.025   5.1595061e+12
      253.075   5.5101779e+12
      253.125   5.8617824e+12
      253.175   6.1572550e+12
      253.225   6.3326027e+12
      253.275   6.3689128e+12
      253.325   6.3500178e+12
      253.375   6.3423478e+12
      253.425   6.3526592e+12
      253.475   6.3761161e+12
      253.525   6.3867835e+12
      253.575   6.3674820e+12
      253.625   6.3011632e+12
      253.675   6.2629004e+12
      253.725   6.3115667e+12
      253.775   6.4240883e+12
      253.825   6.5513191e+12
      253.875   6.6127015e+12
      253.925   6.5919838e+12
      253.975   6.6424789e+12
      254.025   6.8072244e+12
      254.075   6.9166516e+12
      254.125   6.8462879e+12
      254.175   6.7282583e+12
      254.225   6.7601744e+12
      254.275   6.8928741e+12
      254.325   7.0938961e+12
      254.375   7.3093036e+12
      254.425   7.4161168e+12
      254.475   7.4046983e+12
      254.525   7.3636320e+12
      254.575   7.3118767e+12
      254.625   7.2206900e+12
      254.675   7.1404970e+12
      254.725   7.1368547e+12
      254.775   7.2498486e+12
      254.825   7.3611182e+12
      254.875   7.3623990e+12
      254.925   7.3177970e+12
      254.975   7.2697227e+12
      255.025   7.3538723e+12
      255.075   7.6797900e+12
      255.125   8.1837630e+12
      255.175   8.7513106e+12
      255.225   9.3248605e+12
      255.275   9.6884034e+12
      255.325   9.7196922e+12
      255.375   9.6653340e+12
      255.425   9.8249795e+12
      255.475   1.0158977e+13
      255.525   1.0305384e+13
      255.575   1.0190812e+13
      255.625   1.0036781e+13
      255.675   1.0034352e+13
      255.725   1.0096517e+13
      255.775   1.0126234e+13
      255.825   1.0220495e+13
      255.875   1.0537510e+13
      255.925   1.0995248e+13
      255.975   1.1357013e+13
      256.025   1.1504601e+13
      256.075   1.1412414e+13
      256.125   1.1280163e+13
      256.175   1.1180636e+13
      256.225   1.0980146e+13
      256.275   1.0634469e+13
      256.325   1.0345146e+13
      256.375   1.0343986e+13
      256.425   1.0652172e+13
      256.475   1.1136910e+13
      256.525   1.1788712e+13
      256.575   1.2634099e+13
      256.625   1.3376536e+13
      256.675   1.3834976e+13
      256.725   1.4079091e+13
      256.775   1.4128001e+13
      256.825   1.4175022e+13
      256.875   1.4337661e+13
      256.925   1.4579674e+13
      256.975   1.4938509e+13
      257.025   1.5381869e+13
      257.075   1.5684239e+13
      257.125   1.5736883e+13
      257.175   1.5670940e+13
      257.225   1.5764662e+13
      257.275   1.5980185e+13
      257.325   1.6183063e+13
      257.375   1.6479878e+13
      257.425   1.6651534e+13
      257.475   1.6257623e+13
      257.525   1.5369986e+13
      257.575   1.4310962e+13
      257.625   1.3440713e+13
      257.675   1.3137798e+13
      257.725   1.3369228e+13
      257.775   1.3872411e+13
      257.825   1.4518868e+13
      257.875   1.5285456e+13
      257.925   1.6029014e+13
      257.975   1.6697339e+13
      258.025   1.7322766e+13
      258.075   1.7888494e+13
      258.125   1.8455567e+13
      258.175   1.8921543e+13
      258.225   1.8893560e+13
      258.275   1.7951474e+13
      258.325   1.6559289e+13
      258.375   1.5819002e+13
      258.425   1.5678804e+13
      258.475   1.5394462e+13
      258.525   1.4514566e+13
      258.575   1.3499102e+13
      258.625   1.2953260e+13
      258.675   1.2804265e+13
      258.725   1.3207744e+13
      258.775   1.4082886e+13
      258.825   1.4910408e+13
      258.875   1.5505418e+13
      258.925   1.6257062e+13
      258.975   1.7427430e+13
      259.025   1.8192016e+13
      259.075   1.8008606e+13
      259.125   1.7122645e+13
      259.175   1.5871239e+13
      259.225   1.4886640e+13
      259.275   1.4490826e+13
      259.325   1.4229331e+13
      259.375   1.3551818e+13
      259.425   1.2700596e+13
      259.475   1.2450323e+13
      259.525   1.2857160e+13
      259.575   1.3353736e+13
      259.625   1.3508129e+13
      259.675   1.3235775e+13
      259.725   1.2793181e+13
      259.775   1.2192708e+13
      259.825   1.1247863e+13
      259.875   1.0223519e+13
      259.925   9.4773422e+12
      259.975   9.0658847e+12
      260.025   9.0145791e+12
      260.075   9.4785420e+12
      260.125   1.0288222e+13
      260.175   1.1100181e+13
      260.225   1.1934084e+13
      260.275   1.2584316e+13
      260.325   1.2839144e+13
      260.375   1.2811505e+13
      260.425   1.2625781e+13
      260.475   1.2288860e+13
      260.525   1.1807560e+13
      260.575   1.1226151e+13
      260.625   1.0579012e+13
      260.675   9.9637591e+12
      260.725   9.5400393e+12
      260.775   9.4440916e+12
      260.825   9.6784506e+12
      260.875   1.0181812e+13
      260.925   1.0782381e+13
      260.975   1.1216497e+13
      261.025   1.1386027e+13
      261.075   1.1319309e+13
      261.125   1.0964389e+13
      261.175   1.0291612e+13
      261.225   9.6643563e+12
      261.275   9.3658061e+12
      261.325   9.4219585e+12
      261.375   9.6665648e+12
      261.425   9.8684096e+12
      261.475   1.0187440e+13
      261.525   1.0778424e+13
      261.575   1.1627101e+13
      261.625   1.2462030e+13
      261.675   1.2886210e+13
      261.725   1.2909618e+13
      261.775   1.2588227e+13
      261.825   1.2050745e+13
      261.875   1.1892270e+13
      261.925   1.2322828e+13
      261.975   1.3028838e+13
      262.025   1.3744676e+13
      262.075   1.4032238e+13
      262.125   1.3850647e+13
      262.175   1.3660595e+13
      262.225   1.3617907e+13
      262.275   1.3932086e+13
      262.325   1.4449385e+13
      262.375   1.4700353e+13
      262.425   1.4726252e+13
      262.475   1.4712279e+13
      262.525   1.4384718e+13
      262.575   1.3644040e+13
      262.625   1.2901690e+13
      262.675   1.2532104e+13
      262.725   1.2606296e+13
      262.775   1.2747269e+13
      262.825   1.2647339e+13
      262.875   1.2406585e+13
      262.925   1.2419358e+13
      262.975   1.2677432e+13
      263.025   1.2813777e+13
      263.075   1.2663010e+13
      263.125   1.2414571e+13
      263.175   1.2364812e+13
      263.225   1.2776843e+13
      263.275   1.3589725e+13
      263.325   1.4749921e+13
      263.375   1.6211794e+13
      263.425   1.7827669e+13
      263.475   1.9314313e+13
      263.525   2.0559301e+13
      263.575   2.1514465e+13
      263.625   2.2387226e+13
      263.675   2.3571045e+13
      263.725   2.5011263e+13
      263.775   2.6597630e+13
      263.825   2.8411544e+13
      263.875   3.0125785e+13
      263.925   3.1256690e+13
      263.975   3.1549089e+13
      264.025   3.1041631e+13
      264.075   3.0557937e+13
      264.125   3.0519164e+13
      264.175   3.0872397e+13
      264.225   3.1662309e+13
      264.275   3.3272012e+13
      264.325   3.5356056e+13
      264.375   3.6748245e+13
      264.425   3.6688633e+13
      264.475   3.5352590e+13
      264.525   3.3979922e+13
      264.575   3.3137583e+13
      264.625   3.2401463e+13
      264.675   3.1590911e+13
      264.725   3.0943174e+13
      264.775   3.0425591e+13
      264.825   2.9758775e+13
      264.875   2.8795308e+13
      264.925   2.8073015e+13
      264.975   2.8239058e+13
      265.025   2.8873762e+13
      265.075   2.9315675e+13
      265.125   2.9560531e+13
      265.175   2.9822768e+13
      265.225   3.0187349e+13
      265.275   3.0830111e+13
      265.325   3.1649336e+13
      265.375   3.2328810e+13
      265.425   3.2933834e+13
      265.475   3.3880462e+13
      265.525   3.5212097e+13
      265.575   3.6089656e+13
      265.625   3.5846591e+13
      265.675   3.5170234e+13
      265.725   3.5075156e+13
      265.775   3.5317396e+13
      265.825   3.5020058e+13
      265.875   3.4374649e+13
      265.925   3.4067570e+13
      265.975   3.4455466e+13
      266.025   3.5008430e+13
      266.075   3.5021374e+13
      266.125   3.4560153e+13
      266.175   3.3647505e+13
      266.225   3.2570242e+13
      266.275   3.2143619e+13
      266.325   3.2136081e+13
      266.375   3.1754964e+13
      266.425   3.0934054e+13
      266.475   3.0851851e+13
      266.525   3.1948858e+13
      266.575   3.2808075e+13
      266.625   3.2644980e+13
      266.675   3.1592216e+13
      266.725   3.0982617e+13
      266.775   3.1581036e+13
      266.825   3.2595323e+13
      266.875   3.2970094e+13
      266.925   3.2463381e+13
      266.975   3.1742675e+13
      267.025   3.1299583e+13
      267.075   3.1568079e+13
      267.125   3.2661955e+13
      267.175   3.3523358e+13
      267.225   3.3371612e+13
      267.275   3.2073993e+13
      267.325   3.0346835e+13
      267.375   3.0020542e+13
      267.425   3.1195920e+13
      267.475   3.3232224e+13
      267.525   3.5409643e+13
      267.575   3.6337896e+13
      267.625   3.6220150e+13
      267.675   3.5798806e+13
      267.725   3.4963630e+13
      267.775   3.3639280e+13
      267.825   3.2510873e+13
      267.875   3.1755516e+13
      267.925   3.1070451e+13
      267.975   3.0659016e+13
      268.025   3.0864497e+13
      268.075   3.1523574e+13
      268.125   3.2194122e+13
      268.175   3.2763735e+13
      268.225   3.3148661e+13
      268.275   3.3242933e+13
      268.325   3.3130731e+13
      268.375   3.2812095e+13
      268.425   3.2354690e+13
      268.475   3.1995894e+13
      268.525   3.1827823e+13
      268.575   3.2035680e+13
      268.625   3.2709394e+13
      268.675   3.3410364e+13
      268.725   3.3580451e+13
      268.775   3.3294751e+13
      268.825   3.2664956e+13
      268.875   3.1839473e+13
      268.925   3.1123525e+13
      268.975   3.0464345e+13
      269.025   2.9750457e+13
      269.075   2.9334294e+13
      269.125   2.9569066e+13
      269.175   3.0196331e+13
      269.225   3.1040680e+13
      269.275   3.1769804e+13
      269.325   3.2015170e+13
      269.375   3.2117834e+13
      269.425   3.2296701e+13
      269.475   3.2385359e+13
      269.525   3.1624779e+13
      269.575   3.0258796e+13
      269.625   2.9244647e+13
      269.675   2.8980223e+13
      269.725   2.9717975e+13
      269.775   3.0960934e+13
      269.825   3.1852732e+13
      269.875   3.2206969e+13
      269.925   3.2297837e+13
      269.975   3.2976017e+13
      270.025   3.4929416e+13
      270.075   3.7076077e+13
      270.125   3.8035548e+13
      270.175   3.7064271e+13
      270.225   3.5284879e+13
      270.275   3.4680712e+13
      270.325   3.5506585e+13
      270.375   3.6565993e+13
      270.425   3.6910207e+13
      270.475   3.7249250e+13
      270.525   3.8020594e+13
      270.575   3.8295634e+13
      270.625   3.7244334e+13
      270.675   3.5527461e+13
      270.725   3.4459572e+13
      270.775   3.4206027e+13
      270.825   3.4393213e+13
      270.875   3.4268449e+13
      270.925   3.3793708e+13
      270.975   3.3634498e+13
      271.025   3.3874992e+13
      271.075   3.4012994e+13
      271.125   3.3707368e+13
      271.175   3.3242630e+13
      271.225   3.2999048e+13
      271.275   3.3616820e+13
      271.325   3.4685625e+13
      271.375   3.4679464e+13
      271.425   3.3066007e+13
      271.475   3.0446375e+13
      271.525   2.8523553e+13
      271.575   2.8198775e+13
      271.625   2.8559393e+13
      271.675   2.9125224e+13
      271.725   2.9497315e+13
      271.775   2.9167599e+13
      271.825   2.7962382e+13
      271.875   2.6094897e+13
      271.925   2.3607890e+13
      271.975   2.1648295e+13
      272.025   2.1157651e+13
      272.075   2.1251369e+13
      272.125   2.1495649e+13
      272.175   2.2397980e+13
      272.225   2.3750868e+13
      272.275   2.4775433e+13
      272.325   2.5225633e+13
      272.375   2.5114754e+13
      272.425   2.4775715e+13
      272.475   2.4770918e+13
      272.525   2.5259332e+13
      272.575   2.5925298e+13
      272.625   2.6515490e+13
      272.675   2.6849284e+13
      272.725   2.6968316e+13
      272.775   2.6907646e+13
      272.825   2.7004068e+13
      272.875   2.8042939e+13
      272.925   2.9979357e+13
      272.975   3.1974048e+13
      273.025   3.3466226e+13
      273.075   3.3565880e+13
      273.125   3.2336100e+13
      273.175   3.1093604e+13
      273.225   3.0564939e+13
      273.275   3.0387703e+13
      273.325   2.9744804e+13
      273.375   2.8506736e+13
      273.425   2.7068977e+13
      273.475   2.6248330e+13
      273.525   2.6086290e+13
      273.575   2.5938989e+13
      273.625   2.5623132e+13
      273.675   2.5067477e+13
      273.725   2.3853871e+13
      273.775   2.2189006e+13
      273.825   2.1100966e+13
      273.875   2.1126144e+13
      273.925   2.1186276e+13
      273.975   2.0363279e+13
      274.025   1.9269369e+13
      274.075   1.8739268e+13
      274.125   1.8970134e+13
      274.175   1.9214918e+13
      274.225   1.8848083e+13
      274.275   1.7967439e+13
      274.325   1.6853487e+13
      274.375   1.6163044e+13
      274.425   1.6296264e+13
      274.475   1.6861093e+13
      274.525   1.7566673e+13
      274.575   1.8425966e+13
      274.625   1.8838493e+13
      274.675   1.8341978e+13
      274.725   1.7433250e+13
      274.775   1.6745183e+13
      274.825   1.7139265e+13
      274.875   1.7929926e+13
      274.925   1.7964922e+13
      274.975   1.7331470e+13
      275.025   1.6750113e+13
      275.075   1.7094695e+13
      275.125   1.8526568e+13
      275.175   2.0482695e+13
      275.225   2.2616477e+13
      275.275   2.4494525e+13
      275.325   2.5505144e+13
      275.375   2.5477738e+13
      275.425   2.4611170e+13
      275.475   2.3678511e+13
      275.525   2.2951738e+13
      275.575   2.2188278e+13
      275.625   2.1413454e+13
      275.675   2.1229228e+13
      275.725   2.2146411e+13
      275.775   2.3833832e+13
      275.825   2.6208516e+13
      275.875   2.9388297e+13
      275.925   3.2382549e+13
      275.975   3.3650219e+13
      276.025   3.3382853e+13
      276.075   3.2855119e+13
      276.125   3.2609422e+13
      276.175   3.2126623e+13
      276.225   3.0984186e+13
      276.275   2.9987282e+13
      276.325   2.9984920e+13
      276.375   3.1201773e+13
      276.425   3.2779100e+13
      276.475   3.4159990e+13
      276.525   3.5421314e+13
      276.575   3.6362026e+13
      276.625   3.6341518e+13
      276.675   3.5476817e+13
      276.725   3.4575480e+13
      276.775   3.3936249e+13
      276.825   3.3582154e+13
      276.875   3.3170138e+13
      276.925   3.2685565e+13
      276.975   3.2521573e+13
      277.025   3.3027686e+13
      277.075   3.4037437e+13
      277.125   3.4881229e+13
      277.175   3.5281294e+13
      277.225   3.4877996e+13
      277.275   3.4071144e+13
      277.325   3.3948453e+13
      277.375   3.4494809e+13
      277.425   3.5107729e+13
      277.475   3.5083754e+13
      277.525   3.4352504e+13
      277.575   3.3454189e+13
      277.625   3.2464825e+13
      277.675   3.1261195e+13
      277.725   3.0209904e+13
      277.775   2.9613020e+13
      277.825   2.8870020e+13
      277.875   2.7588391e+13
      277.925   2.6380729e+13
      277.975   2.5655308e+13
      278.025   2.5070428e+13
      278.075   2.4592110e+13
      278.125   2.4262165e+13
      278.175   2.3982161e+13
      278.225   2.3789032e+13
      278.275   2.3701493e+13
      278.325   2.3433038e+13
      278.375   2.2871570e+13
      278.425   2.2452636e+13
      278.475   2.2321623e+13
      278.525   2.2390210e+13
      278.575   2.2369586e+13
      278.625   2.2125563e+13
      278.675   2.1805328e+13
      278.725   2.1343961e+13
      278.775   2.0592194e+13
      278.825   1.9606602e+13
      278.875   1.8676438e+13
      278.925   1.7969802e+13
      278.975   1.7367630e+13
      279.025   1.6653674e+13
      279.075   1.5910255e+13
      279.125   1.5221161e+13
      279.175   1.4567156e+13
      279.225   1.3861205e+13
      279.275   1.3207440e+13
      279.325   1.2627657e+13
      279.375   1.2050658e+13
      279.425   1.1493950e+13
      279.475   1.1011148e+13
      279.525   1.0992856e+13
      279.575   1.1431812e+13
      279.625   1.1843427e+13
      279.675   1.1480600e+13
      279.725   1.0592176e+13
      279.775   9.9889662e+12
      279.825   9.7547731e+12
      279.875   9.7712846e+12
      279.925   9.9472167e+12
      279.975   1.0178610e+13
      280.025   1.0381501e+13
      280.075   1.0459520e+13
      280.125   1.0390410e+13
      280.175   1.0307585e+13
      280.225   1.0363821e+13
      280.275   1.0846439e+13
      280.325   1.1496801e+13
      280.375   1.1744541e+13
      280.425   1.1652943e+13
      280.475   1.1680150e+13
      280.525   1.2102063e+13
      280.575   1.2826455e+13
      280.625   1.3616660e+13
      280.675   1.4403083e+13
      280.725   1.5210466e+13
      280.775   1.6088405e+13
      280.825   1.7041532e+13
      280.875   1.8045220e+13
      280.925   1.9124576e+13
      280.975   2.0248470e+13
      281.025   2.1244491e+13
      281.075   2.1956928e+13
      281.125   2.2473453e+13
      281.175   2.2978690e+13
      281.225   2.3557536e+13
      281.275   2.4279033e+13
      281.325   2.5044187e+13
      281.375   2.5904764e+13
      281.425   2.7335450e+13
      281.475   2.9188262e+13
      281.525   3.0722609e+13
      281.575   3.1697718e+13
      281.625   3.2096229e+13
      281.675   3.2213283e+13
      281.725   3.2392466e+13
      281.775   3.2737178e+13
      281.825   3.3284196e+13
      281.875   3.4285991e+13
      281.925   3.5395144e+13
      281.975   3.6239313e+13
      282.025   3.7042168e+13
      282.075   3.7850312e+13
      282.125   3.8351665e+13
      282.175   3.8474962e+13
      282.225   3.8565339e+13
      282.275   3.8769594e+13
      282.325   3.9072332e+13
      282.375   3.9779749e+13
      282.425   4.0943061e+13
      282.475   4.2041967e+13
      282.525   4.2178626e+13
      282.575   4.1350150e+13
      282.625   4.0397406e+13
      282.675   3.9994406e+13
      282.725   4.0690003e+13
      282.775   4.1580929e+13
      282.825   4.1936643e+13
      282.875   4.2263749e+13
      282.925   4.2993981e+13
      282.975   4.4034119e+13
      283.025   4.4905519e+13
      283.075   4.5227186e+13
      283.125   4.5125617e+13
      283.175   4.5109133e+13
      283.225   4.4955654e+13
      283.275   4.4439084e+13
      283.325   4.4087817e+13
      283.375   4.4369577e+13
      283.425   4.4533665e+13
      283.475   4.3829349e+13
      283.525   4.2661934e+13
      283.575   4.1150816e+13
      283.625   3.9838592e+13
      283.675   4.0008035e+13
      283.725   4.1551996e+13
      283.775   4.3427821e+13
      283.825   4.4515031e+13
      283.875   4.4379959e+13
      283.925   4.3885134e+13
      283.975   4.3286922e+13
      284.025   4.2407691e+13
      284.075   4.1181718e+13
      284.125   4.0025283e+13
      284.175   3.9478752e+13
      284.225   3.9574723e+13
      284.275   3.9479199e+13
      284.325   3.8180054e+13
      284.375   3.6031401e+13
      284.425   3.4192434e+13
      284.475   3.3744668e+13
      284.525   3.4229564e+13
      284.575   3.4209175e+13
      284.625   3.3080993e+13
      284.675   3.1148220e+13
      284.725   2.9282355e+13
      284.775   2.7748769e+13
      284.825   2.6230171e+13
      284.875   2.4531443e+13
      284.925   2.2758446e+13
      284.975   2.1273365e+13
      285.025   1.9954129e+13
      285.075   1.8671218e+13
      285.125   1.7461310e+13
      285.175   1.6301987e+13
      285.225   1.5411700e+13
      285.275   1.4855746e+13
      285.325   1.4780589e+13
      285.375   1.5315798e+13
      285.425   1.6326840e+13
      285.475   1.7611229e+13
      285.525   1.8922511e+13
      285.575   2.0411926e+13
      285.625   2.1930625e+13
      285.675   2.3396376e+13
      285.725   2.4941550e+13
      285.775   2.6660069e+13
      285.825   2.8461882e+13
      285.875   3.0149073e+13
      285.925   3.1714601e+13
      285.975   3.3636708e+13
      286.025   3.6151185e+13
      286.075   3.8427425e+13
      286.125   3.9753446e+13
      286.175   4.0509151e+13
      286.225   4.1425594e+13
      286.275   4.2377922e+13
      286.325   4.3060149e+13
      286.375   4.3859064e+13
      286.425   4.4870761e+13
      286.475   4.6208336e+13
      286.525   4.7165457e+13
      286.575   4.7343711e+13
      286.625   4.7598133e+13
      286.675   4.8089028e+13
      286.725   4.7797706e+13
      286.775   4.6811421e+13
      286.825   4.6141816e+13
      286.875   4.6095721e+13
      286.925   4.5995105e+13
      286.975   4.5826735e+13
      287.025   4.6457579e+13
      287.075   4.8347774e+13
      287.125   5.1029244e+13
      287.175   5.3327104e+13
      287.225   5.4403327e+13
      287.275   5.4433817e+13
      287.325   5.3646173e+13
      287.375   5.2200882e+13
      287.425   5.0475762e+13
      287.475   4.9225403e+13
      287.525   4.8841404e+13
      287.575   4.8593118e+13
      287.625   4.7824458e+13
      287.675   4.6600811e+13
      287.725   4.5792726e+13
      287.775   4.5774297e+13
      287.825   4.6010281e+13
      287.875   4.5430668e+13
      287.925   4.3708615e+13
      287.975   4.1399862e+13
      288.025   3.9157927e+13
      288.075   3.7325213e+13
      288.125   3.5648546e+13
      288.175   3.3863571e+13
      288.225   3.2598873e+13
      288.275   3.2885763e+13
      288.325   3.4754550e+13
      288.375   3.7582368e+13
      288.425   4.0845722e+13
      288.475   4.4250405e+13
      288.525   4.7638508e+13
      288.575   5.0482724e+13
      288.625   5.2102638e+13
      288.675   5.2596547e+13
      288.725   5.2682497e+13
      288.775   5.3005575e+13
      288.825   5.3375407e+13
      288.875   5.3726227e+13
      288.925   5.4412292e+13
      288.975   5.5120714e+13
      289.025   5.5537824e+13
      289.075   5.6151582e+13
      289.125   5.7122946e+13
      289.175   5.7943099e+13
      289.225   5.8763080e+13
      289.275   5.9736008e+13
      289.325   6.0324352e+13
      289.375   6.0829686e+13
      289.425   6.1733047e+13
      289.475   6.2990471e+13
      289.525   6.4385362e+13
      289.575   6.6595284e+13
      289.625   6.9738384e+13
      289.675   7.2200454e+13
      289.725   7.3285626e+13
      289.775   7.3872151e+13
      289.825   7.4471567e+13
      289.875   7.5471497e+13
      289.925   7.6952455e+13
      289.975   7.9095595e+13
      290.025   8.1856528e+13
      290.075   8.4629926e+13
      290.125   8.6602119e+13
      290.175   8.6178389e+13
      290.225   8.4083019e+13
      290.275   8.2933539e+13
      290.325   8.4271205e+13
      290.375   8.7007213e+13
      290.425   8.8978703e+13
      290.475   8.9623457e+13
      290.525   8.9748467e+13
      290.575   8.9417502e+13
      290.625   8.8186370e+13
      290.675   8.6821832e+13
      290.725   8.5959777e+13
      290.775   8.5691248e+13
      290.825   8.5236547e+13
      290.875   8.4210501e+13
      290.925   8.3630665e+13
      290.975   8.3596425e+13
      291.025   8.3521527e+13
      291.075   8.3277294e+13
      291.125   8.3108647e+13
      291.175   8.3234921e+13
      291.225   8.3631574e+13
      291.275   8.4869559e+13
      291.325   8.7486288e+13
      291.375   8.9503257e+13
      291.425   8.9002457e+13
      291.475   8.6428084e+13
      291.525   8.3571047e+13
      291.575   8.1576143e+13
      291.625   8.0406853e+13
      291.675   8.0173170e+13
      291.725   8.0619599e+13
      291.775   8.0357902e+13
      291.825   7.9078286e+13
      291.875   7.8108444e+13
      291.925   7.8182360e+13
      291.975   7.9008231e+13
      292.025   7.9590185e+13
      292.075   7.9271394e+13
      292.125   7.8845652e+13
      292.175   7.9058164e+13
      292.225   7.9189251e+13
      292.275   7.8865713e+13
      292.325   7.7867744e+13
      292.375   7.5804781e+13
      292.425   7.3094033e+13
      292.475   7.1471374e+13
      292.525   7.1541784e+13
      292.575   7.1712403e+13
      292.625   7.0633384e+13
      292.675   6.9211728e+13
      292.725   6.8881294e+13
      292.775   7.0046523e+13
      292.825   7.1499456e+13
      292.875   7.0783385e+13
      292.925   6.8906307e+13
      292.975   6.8795327e+13
      293.025   7.2547373e+13
      293.075   7.8156494e+13
      293.125   8.1672181e+13
      293.175   8.2554070e+13
      293.225   8.3122816e+13
      293.275   8.3675713e+13
      293.325   8.2597478e+13
      293.375   8.1076355e+13
      293.425   8.0686732e+13
      293.475   8.1983360e+13
      293.525   8.4006669e+13
      293.575   8.4371541e+13
      293.625   8.1906663e+13
      293.675   7.6347798e+13
      293.725   6.9794536e+13
      293.775   6.6816527e+13
      293.825   6.7727445e+13
      293.875   6.9418534e+13
      293.925   7.0380454e+13
      293.975   7.1122800e+13
      294.025   7.2553486e+13
      294.075   7.3626568e+13
      294.125   7.3180821e+13
      294.175   7.1701395e+13
      294.225   7.1555120e+13
      294.275   7.3510482e+13
      294.325   7.6047016e+13
      294.375   7.7412178e+13
      294.425   7.5936073e+13
      294.475   7.3975930e+13
      294.525   7.3994456e+13
      294.575   7.6336818e+13
      294.625   7.9392780e+13
      294.675   7.9919226e+13
      294.725   7.7047044e+13
      294.775   7.1667506e+13
      294.825   6.5723979e+13
      294.875   6.2894950e+13
      294.925   6.3495651e+13
      294.975   6.5529270e+13
      295.025   6.8943273e+13
      295.075   7.3374608e+13
      295.125   7.7384295e+13
      295.175   8.0077776e+13
      295.225   8.2393978e+13
      295.275   8.3881646e+13
      295.325   8.2764433e+13
      295.375   7.9296116e+13
      295.425   7.5564477e+13
      295.475   7.4640095e+13
      295.525   7.7810790e+13
      295.575   8.1409766e+13
      295.625   8.2643501e+13
      295.675   8.1334992e+13
      295.725   7.8943184e+13
      295.775   7.7924179e+13
      295.825   7.9258168e+13
      295.875   8.2683078e+13
      295.925   8.5548227e+13
      295.975   8.5460822e+13
      296.025   8.3337471e+13
      296.075   8.1556615e+13
      296.125   8.1087105e+13
      296.175   8.1803084e+13
      296.225   8.3268117e+13
      296.275   8.5071062e+13
      296.325   8.6376933e+13
      296.375   8.5835107e+13
      296.425   8.3061116e+13
      296.475   7.8384887e+13
      296.525   7.2615006e+13
      296.575   6.6871650e+13
      296.625   6.2636760e+13
      296.675   6.0041616e+13
      296.725   5.8510137e+13
      296.775   5.9300852e+13
      296.825   6.2715860e+13
      296.875   6.5597029e+13
      296.925   6.5930649e+13
      296.975   6.4132116e+13
      297.025   6.1575618e+13
      297.075   6.1077193e+13
      297.125   6.3609077e+13
      297.175   6.7351865e+13
      297.225   6.9379013e+13
      297.275   6.8048094e+13
      297.325   6.5609639e+13
      297.375   6.4840521e+13
      297.425   6.7669054e+13
      297.475   7.3437571e+13
      297.525   7.8271926e+13
      297.575   8.0667965e+13
      297.625   8.1260380e+13
      297.675   8.2282414e+13
      297.725   8.5558344e+13
      297.775   8.9315344e+13
      297.825   9.0999097e+13
      297.875   8.9472550e+13
      297.925   8.5000066e+13
      297.975   8.0773931e+13
      298.025   7.8253091e+13
      298.075   7.6154210e+13
      298.125   7.3023348e+13
      298.175   6.8770200e+13
      298.225   6.5240156e+13
      298.275   6.3982928e+13
      298.325   6.3518197e+13
      298.375   6.1217948e+13
      298.425   5.8262356e+13
      298.475   5.6685174e+13
      298.525   5.6491898e+13
      298.575   5.7049268e+13
      298.625   5.8112174e+13
      298.675   6.0069864e+13
      298.725   6.2030633e+13
      298.775   6.2974604e+13
      298.825   6.4180664e+13
      298.875   6.6747553e+13
      298.925   7.0186341e+13
      298.975   7.4048188e+13
      299.025   7.8141245e+13
      299.075   8.1142792e+13
      299.125   8.2174348e+13
      299.175   8.1283932e+13
      299.225   7.8951505e+13
      299.275   7.7012361e+13
      299.325   7.5703779e+13
      299.375   7.3995401e+13
      299.425   7.0380001e+13
      299.475   6.5652664e+13
      299.525   6.3381321e+13
      299.575   6.4811687e+13
      299.625   6.8994828e+13
      299.675   7.3475582e+13
      299.725   7.6331726e+13
      299.775   7.8014056e+13
      299.825   7.8080083e+13
      299.875   7.5314950e+13
      299.925   7.0023437e+13
      299.975   6.4471506e+13
      300.025   6.0969462e+13
      300.075   5.7499954e+13
      300.125   5.5188006e+13
      300.175   5.4130650e+13
      300.225   5.4046480e+13
      300.275   5.3889909e+13
      300.325   5.3261986e+13
      300.375   5.3551467e+13
      300.425   5.5566937e+13
      300.475   5.9871985e+13
      300.525   6.4511499e+13
      300.575   6.6726842e+13
      300.625   6.7062945e+13
      300.675   6.6171803e+13
      300.725   6.4132797e+13
      300.775   6.1876367e+13
      300.825   6.0234352e+13
      300.875   5.9673563e+13
      300.925   6.0376228e+13
      300.975   6.1967120e+13
      301.025   6.4412942e+13
      301.075   6.7999400e+13
      301.125   7.1663356e+13
      301.175   7.2672425e+13
      301.225   7.0723514e+13
      301.275   6.9636152e+13
      301.325   7.0821918e+13
      301.375   7.2539770e+13
      301.425   7.3217722e+13
      301.475   7.2784879e+13
      301.525   7.2273440e+13
      301.575   7.1839973e+13
      301.625   7.1337109e+13
      301.675   7.0644825e+13
      301.725   6.9497464e+13
      301.775   6.7398810e+13
      301.825   6.4460246e+13
      301.875   6.1872767e+13
      301.925   6.0014327e+13
      301.975   5.8205381e+13
      302.025   5.6172197e+13
      302.075   5.3770415e+13
      302.125   5.1914200e+13
      302.175   5.2194206e+13
      302.225   5.4872456e+13
      302.275   6.0087576e+13
      302.325   6.6690650e+13
      302.375   7.1853951e+13
      302.425   7.3857768e+13
      302.475   7.3643224e+13
      302.525   7.3330331e+13
      302.575   7.3224621e+13
      302.625   7.2515397e+13
      302.675   7.2302385e+13
      302.725   7.5530374e+13
      302.775   8.2549845e+13
      302.825   8.9056789e+13
      302.875   9.2648766e+13
      302.925   9.3301311e+13
      302.975   9.2135987e+13
      303.025   9.1033176e+13
      303.075   9.0766303e+13
      303.125   9.0872954e+13
      303.175   9.0015470e+13
      303.225   9.0151707e+13
      303.275   9.3697054e+13
      303.325   9.7891983e+13
      303.375   9.9867568e+13
      303.425   9.9386670e+13
      303.475   9.8659173e+13
      303.525   9.8871996e+13
      303.575   9.9625742e+13
      303.625   9.9474749e+13
      303.675   9.7073268e+13
      303.725   9.3107417e+13
      303.775   8.7200731e+13
      303.825   8.1821344e+13
      303.875   8.1260747e+13
      303.925   8.4166526e+13
      303.975   8.7533588e+13
      304.025   8.9212086e+13
      304.075   8.8467662e+13
      304.125   8.6747792e+13
      304.175   8.5126911e+13
      304.225   8.3437600e+13
      304.275   8.2620201e+13
      304.325   8.4047803e+13
      304.375   8.7596797e+13
      304.425   9.1286583e+13
      304.475   9.3510399e+13
      304.525   9.4609543e+13
      304.575   9.5449787e+13
      304.625   9.6444431e+13
      304.675   9.6665774e+13
      304.725   9.3479803e+13
      304.775   8.7818121e+13
      304.825   8.3600391e+13
      304.875   8.2766673e+13
      304.925   8.5983850e+13
      304.975   9.0991956e+13
      305.025   9.4913630e+13
      305.075   9.6600292e+13
      305.125   9.5740193e+13
      305.175   9.6431762e+13
      305.225   1.0026411e+14
      305.275   1.0379796e+14
      305.325   1.0406343e+14
      305.375   1.0039090e+14
      305.425   9.5103949e+13
      305.475   9.1149307e+13
      305.525   8.9057759e+13
      305.575   8.8917715e+13
      305.625   8.9690946e+13
      305.675   8.9131932e+13
      305.725   8.6154267e+13
      305.775   8.0580254e+13
      305.825   7.5055245e+13
      305.875   7.2351852e+13
      305.925   7.1711696e+13
      305.975   7.1780378e+13
      306.025   7.3594454e+13
      306.075   7.7417652e+13
      306.125   8.1842680e+13
      306.175   8.5758735e+13
      306.225   8.8888927e+13
      306.275   9.0351638e+13
      306.325   9.0237240e+13
      306.375   8.9051900e+13
      306.425   8.6617840e+13
      306.475   8.3924998e+13
      306.525   8.2870563e+13
      306.575   8.3926646e+13
      306.625   8.5127243e+13
      306.675   8.3766470e+13
      306.725   8.0770797e+13
      306.775   7.9163524e+13
      306.825   7.9772988e+13
      306.875   8.2563018e+13
      306.925   8.6852379e+13
      306.975   9.0971426e+13
      307.025   9.3720533e+13
      307.075   9.5378565e+13
      307.125   9.6295393e+13
      307.175   9.6515164e+13
      307.225   9.6061922e+13
      307.275   9.4742879e+13
      307.325   9.3771369e+13
      307.375   9.4509807e+13
      307.425   9.5774635e+13
      307.475   9.6122511e+13
      307.525   9.5353649e+13
      307.575   9.2726824e+13
      307.625   9.0223700e+13
      307.675   9.0607535e+13
      307.725   9.4048564e+13
      307.775   9.7081751e+13
      307.825   9.6397510e+13
      307.875   9.4372458e+13
      307.925   9.3978736e+13
      307.975   9.6004471e+13
      308.025   9.8652203e+13
      308.075   9.9173584e+13
      308.125   9.7926201e+13
      308.175   9.5512776e+13
      308.225   9.2066923e+13
      308.275   8.9636417e+13
      308.325   8.9408524e+13
      308.375   8.9978008e+13
      308.425   9.1006375e+13
      308.475   9.4051751e+13
      308.525   9.8101517e+13
      308.575   1.0062770e+14
      308.625   1.0096321e+14
      308.675   9.9387940e+13
      308.725   9.6579222e+13
      308.775   9.3534152e+13
      308.825   9.0585797e+13
      308.875   8.8689227e+13
      308.925   8.8856834e+13
      308.975   8.8854604e+13
      309.025   8.7245860e+13
      309.075   8.5116545e+13
      309.125   8.2330006e+13
      309.175   7.8915269e+13
      309.225   7.6263022e+13
      309.275   7.4340938e+13
      309.325   7.1841586e+13
      309.375   6.9516329e+13
      309.425   6.9671083e+13
      309.475   7.2596426e+13
      309.525   7.6830731e+13
      309.575   7.9805172e+13
      309.625   8.0287619e+13
      309.675   7.8237692e+13
      309.725   7.4367547e+13
      309.775   7.1746833e+13
      309.825   7.2340043e+13
      309.875   7.4552878e+13
      309.925   7.6199102e+13
      309.975   7.5698893e+13
      310.025   7.2566960e+13
      310.075   6.9280745e+13
      310.125   6.7933514e+13
      310.175   6.9119233e+13
      310.225   7.1832565e+13
      310.275   7.5471078e+13
      310.325   8.0983492e+13
      310.375   8.8474342e+13
      310.425   9.5142335e+13
      310.475   9.9132226e+13
      310.525   1.0156413e+14
      310.575   1.0300388e+14
      310.625   1.0422814e+14
      310.675   1.0629586e+14
      310.725   1.0918741e+14
      310.775   1.1196478e+14
      310.825   1.1444713e+14
      310.875   1.1738263e+14
      310.925   1.1930213e+14
      310.975   1.1965327e+14
      311.025   1.1897655e+14
      311.075   1.1713271e+14
      311.125   1.1590184e+14
      311.175   1.1650885e+14
      311.225   1.1755804e+14
      311.275   1.1838600e+14
      311.325   1.1964860e+14
      311.375   1.2031276e+14
      311.425   1.1878354e+14
      311.475   1.1553572e+14
      311.525   1.1347167e+14
      311.575   1.1413627e+14
      311.625   1.1483847e+14
      311.675   1.1322079e+14
      311.725   1.0891058e+14
      311.775   1.0498322e+14
      311.825   1.0324989e+14
      311.875   1.0206405e+14
      311.925   1.0067075e+14
      311.975   9.9250704e+13
      312.025   9.7789096e+13
      312.075   9.6893557e+13
      312.125   9.6843184e+13
      312.175   9.7055699e+13
      312.225   9.7066279e+13
      312.275   9.7252609e+13
      312.325   9.8578678e+13
      312.375   1.0135793e+14
      312.425   1.0449160e+14
      312.475   1.0622730e+14
      312.525   1.0579319e+14
      312.575   1.0273142e+14
      312.625   9.9710895e+13
      312.675   9.9468042e+13
      312.725   1.0074565e+14
      312.775   1.0253769e+14
      312.825   1.0433316e+14
      312.875   1.0509372e+14
      312.925   1.0469984e+14
      312.975   1.0474298e+14
      313.025   1.0604387e+14
      313.075   1.0647034e+14
      313.125   1.0538975e+14
      313.175   1.0488581e+14
      313.225   1.0537489e+14
      313.275   1.0548739e+14
      313.325   1.0513879e+14
      313.375   1.0525426e+14
      313.425   1.0513167e+14
      313.475   1.0414375e+14
      313.525   1.0447149e+14
      313.575   1.0666529e+14
      313.625   1.0846402e+14
      313.675   1.0897643e+14
      313.725   1.0922657e+14
      313.775   1.1094990e+14
      313.825   1.1351125e+14
      313.875   1.1573693e+14
      313.925   1.1707557e+14
      313.975   1.1707248e+14
      314.025   1.1588023e+14
      314.075   1.1411715e+14
      314.125   1.1322379e+14
      314.175   1.1345065e+14
      314.225   1.1272026e+14
      314.275   1.1004865e+14
      314.325   1.0528741e+14
      314.375   9.8666976e+13
      314.425   9.1848692e+13
      314.475   8.7112543e+13
      314.525   8.5865792e+13
      314.575   8.8323696e+13
      314.625   9.2633035e+13
      314.675   9.6265538e+13
      314.725   9.8608375e+13
      314.775   9.9523628e+13
      314.825   1.0059529e+14
      314.875   1.0328739e+14
      314.925   1.0668110e+14
      314.975   1.0928793e+14
      315.025   1.0939220e+14
      315.075   1.0781820e+14
      315.125   1.0699644e+14
      315.175   1.0720789e+14
      315.225   1.0744396e+14
      315.275   1.0691383e+14
      315.325   1.0654574e+14
      315.375   1.0673265e+14
      315.425   1.0645022e+14
      315.475   1.0466749e+14
      315.525   1.0252934e+14
      315.575   1.0132286e+14
      315.625   1.0030081e+14
      315.675   9.8082583e+13
      315.725   9.4028166e+13
      315.775   8.9156509e+13
      315.825   8.5091990e+13
      315.875   8.2654414e+13
      315.925   8.0921865e+13
      315.975   7.9929101e+13
      316.025   8.0288516e+13
      316.075   8.1492337e+13
      316.125   8.2214738e+13
      316.175   8.2687713e+13
      316.225   8.4144119e+13
      316.275   8.6829905e+13
      316.325   9.0622016e+13
      316.375   9.4818207e+13
      316.425   9.7600835e+13
      316.475   9.8249219e+13
      316.525   9.8211163e+13
      316.575   9.9442547e+13
      316.625   1.0126780e+14
      316.675   1.0236679e+14
      316.725   1.0429255e+14
      316.775   1.0820293e+14
      316.825   1.1061661e+14
      316.875   1.1016199e+14
      316.925   1.1005320e+14
      316.975   1.1224009e+14
      317.025   1.1625642e+14
      317.075   1.2060295e+14
      317.125   1.2443084e+14
      317.175   1.2748829e+14
      317.225   1.2913680e+14
      317.275   1.2997424e+14
      317.325   1.3034425e+14
      317.375   1.2976411e+14
      317.425   1.2864619e+14
      317.475   1.2748752e+14
      317.525   1.2586511e+14
      317.575   1.2438667e+14
      317.625   1.2453187e+14
      317.675   1.2632692e+14
      317.725   1.2695647e+14
      317.775   1.2518453e+14
      317.825   1.2082589e+14
      317.875   1.1412604e+14
      317.925   1.0830244e+14
      317.975   1.0385676e+14
      318.025   9.9433694e+13
      318.075   9.6918417e+13
      318.125   9.6376710e+13
      318.175   9.5524202e+13
      318.225   9.4481871e+13
      318.275   9.4595694e+13
      318.325   9.5907920e+13
      318.375   9.7128854e+13
      318.425   9.8276150e+13
      318.475   9.9673402e+13
      318.525   1.0086510e+14
      318.575   1.0223177e+14
      318.625   1.0434306e+14
      318.675   1.0618245e+14
      318.725   1.0681659e+14
      318.775   1.0748269e+14
      318.825   1.0909930e+14
      318.875   1.1064561e+14
      318.925   1.1271604e+14
      318.975   1.1680093e+14
      319.025   1.1919378e+14
      319.075   1.1696700e+14
      319.125   1.1254663e+14
      319.175   1.0771136e+14
      319.225   1.0346315e+14
      319.275   1.0034845e+14
      319.325   9.8158908e+13
      319.375   9.8183980e+13
      319.425   1.0087409e+14
      319.475   1.0426602e+14
      319.525   1.0664436e+14
      319.575   1.0834104e+14
      319.625   1.0985906e+14
      319.675   1.1084179e+14
      319.725   1.1146271e+14
      319.775   1.1247477e+14
      319.825   1.1542264e+14
      319.875   1.2117269e+14
      319.925   1.2587404e+14
      319.975   1.2725904e+14
      320.025   1.2539772e+14
      320.075   1.2203626e+14
      320.125   1.2133215e+14
      320.175   1.2431261e+14
      320.225   1.2796042e+14
      320.275   1.2865830e+14
      320.325   1.2780158e+14
      320.375   1.2835652e+14
      320.425   1.3075067e+14
      320.475   1.3386115e+14
      320.525   1.3500536e+14
      320.575   1.3367182e+14
      320.625   1.3174491e+14
      320.675   1.3136343e+14
      320.725   1.3192514e+14
      320.775   1.3087574e+14
      320.825   1.2836155e+14
      320.875   1.2472768e+14
      320.925   1.2003261e+14
      320.975   1.1589476e+14
      321.025   1.1312303e+14
      321.075   1.1052140e+14
      321.125   1.0740949e+14
      321.175   1.0453018e+14
      321.225   1.0245501e+14
      321.275   1.0149781e+14
      321.325   1.0170346e+14
      321.375   1.0125376e+14
      321.425   1.0004425e+14
      321.475   1.0001328e+14
      321.525   1.0187672e+14
      321.575   1.0505530e+14
      321.625   1.0813713e+14
      321.675   1.0951847e+14
      321.725   1.0931265e+14
      321.775   1.0949721e+14
      321.825   1.1205336e+14
      321.875   1.1634255e+14
      321.925   1.1999226e+14
      321.975   1.2134735e+14
      322.025   1.2011842e+14
      322.075   1.1999597e+14
      322.125   1.2162281e+14
      322.175   1.2104937e+14
      322.225   1.1665946e+14
      322.275   1.1164016e+14
      322.325   1.0966906e+14
      322.375   1.0980086e+14
      322.425   1.1116781e+14
      322.475   1.1333253e+14
      322.525   1.1312425e+14
      322.575   1.0967088e+14
      322.625   1.0525973e+14
      322.675   1.0232965e+14
      322.725   1.0154800e+14
      322.775   1.0074944e+14
      322.825   9.9054572e+13
      322.875   9.6893645e+13
      322.925   9.5432748e+13
      322.975   9.4938059e+13
      323.025   9.4844032e+13
      323.075   9.6149810e+13
      323.125   9.9471647e+13
      323.175   1.0281924e+14
      323.225   1.0523075e+14
      323.275   1.0667894e+14
      323.325   1.0649448e+14
      323.375   1.0525696e+14
      323.425   1.0377903e+14
      323.475   1.0214774e+14
      323.525   1.0079542e+14
      323.575   1.0232554e+14
      323.625   1.0498260e+14
      323.675   1.0517339e+14
      323.725   1.0461100e+14
      323.775   1.0603201e+14
      323.825   1.1020899e+14
      323.875   1.1385086e+14
      323.925   1.1434599e+14
      323.975   1.1265295e+14
      324.025   1.1315986e+14
      324.075   1.1757425e+14
      324.125   1.2182028e+14
      324.175   1.2355779e+14
      324.225   1.2248782e+14
      324.275   1.2124945e+14
      324.325   1.2196931e+14
      324.375   1.2252878e+14
      324.425   1.2191366e+14
      324.475   1.2212652e+14
      324.525   1.2411993e+14
      324.575   1.2612662e+14
      324.625   1.2764476e+14
      324.675   1.2880808e+14
      324.725   1.2812168e+14
      324.775   1.2499947e+14
      324.825   1.2159718e+14
      324.875   1.2026619e+14
      324.925   1.2058955e+14
      324.975   1.2150614e+14
      325.025   1.2293922e+14
      325.075   1.2411226e+14
      325.125   1.2463785e+14
      325.175   1.2567145e+14
      325.225   1.2767403e+14
      325.275   1.2981998e+14
      325.325   1.3164188e+14
      325.375   1.3327503e+14
      325.425   1.3452412e+14
      325.475   1.3555865e+14
      325.525   1.3923834e+14
      325.575   1.4590038e+14
      325.625   1.5067857e+14
      325.675   1.5242088e+14
      325.725   1.5341782e+14
      325.775   1.5434594e+14
      325.825   1.5463112e+14
      325.875   1.5456828e+14
      325.925   1.5611882e+14
      325.975   1.5908667e+14
      326.025   1.6106491e+14
      326.075   1.6119258e+14
      326.125   1.6080765e+14
      326.175   1.5998903e+14
      326.225   1.5876140e+14
      326.275   1.5884203e+14
      326.325   1.5995657e+14
      326.375   1.6002189e+14
      326.425   1.5797362e+14
      326.475   1.5429603e+14
      326.525   1.5152499e+14
      326.575   1.5040834e+14
      326.625   1.5184122e+14
      326.675   1.5611593e+14
      326.725   1.5951895e+14
      326.775   1.6052176e+14
      326.825   1.6050937e+14
      326.875   1.6057015e+14
      326.925   1.6066368e+14
      326.975   1.5972545e+14
      327.025   1.5804029e+14
      327.075   1.5632981e+14
      327.125   1.5441527e+14
      327.175   1.5180017e+14
      327.225   1.4962663e+14
      327.275   1.5039926e+14
      327.325   1.5397514e+14
      327.375   1.5634281e+14
      327.425   1.5587176e+14
      327.475   1.5468200e+14
      327.525   1.5541025e+14
      327.575   1.5700931e+14
      327.625   1.5646853e+14
      327.675   1.5371273e+14
      327.725   1.5057676e+14
      327.775   1.4936265e+14
      327.825   1.5006133e+14
      327.875   1.5055922e+14
      327.925   1.4920115e+14
      327.975   1.4721836e+14
      328.025   1.4662731e+14
      328.075   1.4736815e+14
      328.125   1.4893967e+14
      328.175   1.4998677e+14
      328.225   1.4942424e+14
      328.275   1.4798419e+14
      328.325   1.4685674e+14
      328.375   1.4786110e+14
      328.425   1.5053170e+14
      328.475   1.5200532e+14
      328.525   1.5125458e+14
      328.575   1.4954761e+14
      328.625   1.4801570e+14
      328.675   1.4580858e+14
      328.725   1.4260968e+14
      328.775   1.4088079e+14
      328.825   1.4292371e+14
      328.875   1.4708285e+14
      328.925   1.5054953e+14
      328.975   1.5474864e+14
      329.025   1.6111159e+14
      329.075   1.6580136e+14
      329.125   1.6690702e+14
      329.175   1.6710911e+14
      329.225   1.6762666e+14
      329.275   1.6833891e+14
      329.325   1.6973252e+14
      329.375   1.7225815e+14
      329.425   1.7536201e+14
      329.475   1.7734863e+14
      329.525   1.7703058e+14
      329.575   1.7580163e+14
      329.625   1.7586340e+14
      329.675   1.7727283e+14
      329.725   1.7903284e+14
      329.775   1.7993700e+14
      329.825   1.7962369e+14
      329.875   1.7831094e+14
      329.925   1.7740492e+14
      329.975   1.7829199e+14
      330.025   1.8037533e+14
      330.075   1.8341330e+14
      330.125   1.8562178e+14
      330.175   1.8363115e+14
      330.225   1.7832228e+14
      330.275   1.7290064e+14
      330.325   1.6791202e+14
      330.375   1.6553026e+14
      330.425   1.6596224e+14
      330.475   1.6567533e+14
      330.525   1.6384645e+14
      330.575   1.5971194e+14
      330.625   1.5427292e+14
      330.675   1.4991658e+14
      330.725   1.4791598e+14
      330.775   1.4935377e+14
      330.825   1.5291171e+14
      330.875   1.5605310e+14
      330.925   1.5773493e+14
      330.975   1.5923270e+14
      331.025   1.6020818e+14
      331.075   1.6009574e+14
      331.125   1.6031885e+14
      331.175   1.6125585e+14
      331.225   1.6118134e+14
      331.275   1.5907019e+14
      331.325   1.5719862e+14
      331.375   1.5695150e+14
      331.425   1.5583547e+14
      331.475   1.5366921e+14
      331.525   1.5220535e+14
      331.575   1.5257686e+14
      331.625   1.5471990e+14
      331.675   1.5791435e+14
      331.725   1.6043121e+14
      331.775   1.6139996e+14
      331.825   1.6223956e+14
      331.875   1.6327208e+14
      331.925   1.6354356e+14
      331.975   1.6284029e+14
      332.025   1.6159954e+14
      332.075   1.5994431e+14
      332.125   1.5853985e+14
      332.175   1.5811985e+14
      332.225   1.5724797e+14
      332.275   1.5404519e+14
      332.325   1.4955765e+14
      332.375   1.4721758e+14
      332.425   1.4812727e+14
      332.475   1.5064241e+14
      332.525   1.5402869e+14
      332.575   1.5842729e+14
      332.625   1.6233049e+14
      332.675   1.6352078e+14
      332.725   1.6088348e+14
      332.775   1.5729835e+14
      332.825   1.5613890e+14
      332.875   1.5621357e+14
      332.925   1.5530044e+14
      332.975   1.5186772e+14
      333.025   1.4906599e+14
      333.075   1.4984553e+14
      333.125   1.5332836e+14
      333.175   1.5713030e+14
      333.225   1.5701017e+14
      333.275   1.5522853e+14
      333.325   1.5547145e+14
      333.375   1.5708226e+14
      333.425   1.5703154e+14
      333.475   1.5385604e+14
      333.525   1.5049737e+14
      333.575   1.4767476e+14
      333.625   1.4374024e+14
      333.675   1.4024358e+14
      333.725   1.3938018e+14
      333.775   1.4115525e+14
      333.825   1.4512041e+14
      333.875   1.4928214e+14
      333.925   1.5188925e+14
      333.975   1.5328905e+14
      334.025   1.5343079e+14
      334.075   1.5302371e+14
      334.125   1.5444554e+14
      334.175   1.5597829e+14
      334.225   1.5531147e+14
      334.275   1.5318912e+14
      334.325   1.5343802e+14
      334.375   1.5755939e+14
      334.425   1.6164911e+14
      334.475   1.6354990e+14
      334.525   1.6418559e+14
      334.575   1.6470842e+14
      334.625   1.6562788e+14
      334.675   1.6618766e+14
      334.725   1.6544147e+14
      334.775   1.6424580e+14
      334.825   1.6326330e+14
      334.875   1.6164788e+14
      334.925   1.5701970e+14
      334.975   1.5004933e+14
      335.025   1.4647989e+14
      335.075   1.4862972e+14
      335.125   1.5517138e+14
      335.175   1.6149212e+14
      335.225   1.6380635e+14
      335.275   1.6456773e+14
      335.325   1.6562262e+14
      335.375   1.6563784e+14
      335.425   1.6403116e+14
      335.475   1.6295380e+14
      335.525   1.6348085e+14
      335.575   1.6537493e+14
      335.625   1.6697409e+14
      335.675   1.6605294e+14
      335.725   1.6369595e+14
      335.775   1.6144240e+14
      335.825   1.5836023e+14
      335.875   1.5255521e+14
      335.925   1.4418138e+14
      335.975   1.3527371e+14
      336.025   1.2772468e+14
      336.075   1.2247074e+14
      336.125   1.1925094e+14
      336.175   1.1750173e+14
      336.225   1.1787523e+14
      336.275   1.2208212e+14
      336.325   1.2943326e+14
      336.375   1.3634198e+14
      336.425   1.4074191e+14
      336.475   1.4377453e+14
      336.525   1.4655789e+14
      336.575   1.4810552e+14
      336.625   1.4690053e+14
      336.675   1.4340192e+14
      336.725   1.3934064e+14
      336.775   1.3564419e+14
      336.825   1.3274735e+14
      336.875   1.3072517e+14
      336.925   1.2909365e+14
      336.975   1.2679184e+14
      337.025   1.2529991e+14
      337.075   1.2584824e+14
      337.125   1.2752841e+14
      337.175   1.2862188e+14
      337.225   1.2834581e+14
      337.275   1.2741099e+14
      337.325   1.2715923e+14
      337.375   1.3065384e+14
      337.425   1.3587494e+14
      337.475   1.3887210e+14
      337.525   1.4181124e+14
      337.575   1.4752044e+14
      337.625   1.5352186e+14
      337.675   1.5689872e+14
      337.725   1.5826748e+14
      337.775   1.5879448e+14
      337.825   1.5817858e+14
      337.875   1.5570273e+14
      337.925   1.5147803e+14
      337.975   1.4708560e+14
      338.025   1.4290951e+14
      338.075   1.3825877e+14
      338.125   1.3573778e+14
      338.175   1.3853348e+14
      338.225   1.4597596e+14
      338.275   1.5173476e+14
      338.325   1.5288794e+14
      338.375   1.5239492e+14
      338.425   1.5150726e+14
      338.475   1.5238719e+14
      338.525   1.5544052e+14
      338.575   1.5810281e+14
      338.625   1.5954069e+14
      338.675   1.6135861e+14
      338.725   1.6364483e+14
      338.775   1.6292114e+14
      338.825   1.5886895e+14
      338.875   1.5504945e+14
      338.925   1.5569779e+14
      338.975   1.6036691e+14
      339.025   1.6440399e+14
      339.075   1.6549225e+14
      339.125   1.6262204e+14
      339.175   1.5779858e+14
      339.225   1.5468696e+14
      339.275   1.5217142e+14
      339.325   1.4793569e+14
      339.375   1.4498288e+14
      339.425   1.4624980e+14
      339.475   1.4938613e+14
      339.525   1.5246771e+14
      339.575   1.5635470e+14
      339.625   1.5977572e+14
      339.675   1.6196877e+14
      339.725   1.6439649e+14
      339.775   1.6752779e+14
      339.825   1.7057935e+14
      339.875   1.7312053e+14
      339.925   1.7469632e+14
      339.975   1.7526277e+14
      340.025   1.7716356e+14
      340.075   1.8115279e+14
      340.125   1.8420068e+14
      340.175   1.8346464e+14
      340.225   1.7938538e+14
      340.275   1.7573438e+14
      340.325   1.7425408e+14
      340.375   1.7354205e+14
      340.425   1.7290572e+14
      340.475   1.7101732e+14
      340.525   1.6797002e+14
      340.575   1.6551811e+14
      340.625   1.6560101e+14
      340.675   1.6652115e+14
      340.725   1.6416335e+14
      340.775   1.5937723e+14
      340.825   1.5640221e+14
      340.875   1.5735616e+14
      340.925   1.5839624e+14
      340.975   1.5696315e+14
      341.025   1.5540834e+14
      341.075   1.5596356e+14
      341.125   1.5842239e+14
      341.175   1.6077556e+14
      341.225   1.6182985e+14
      341.275   1.6058284e+14
      341.325   1.5577492e+14
      341.375   1.5033825e+14
      341.425   1.4692320e+14
      341.475   1.4416434e+14
      341.525   1.4213689e+14
      341.575   1.4300481e+14
      341.625   1.4722423e+14
      341.675   1.5219432e+14
      341.725   1.5611162e+14
      341.775   1.5763631e+14
      341.825   1.5841231e+14
      341.875   1.6025096e+14
      341.925   1.6317928e+14
      341.975   1.6751638e+14
      342.025   1.7172998e+14
      342.075   1.7376259e+14
      342.125   1.7325082e+14
      342.175   1.7131747e+14
      342.225   1.6988387e+14
      342.275   1.6810849e+14
      342.325   1.6476405e+14
      342.375   1.6150359e+14
      342.425   1.5983241e+14
      342.475   1.6083537e+14
      342.525   1.6392247e+14
      342.575   1.6743267e+14
      342.625   1.7029000e+14
      342.675   1.7012478e+14
      342.725   1.6666359e+14
      342.775   1.6452463e+14
      342.825   1.6590833e+14
      342.875   1.6823861e+14
      342.925   1.7056319e+14
      342.975   1.7397192e+14
      343.025   1.7885353e+14
      343.075   1.8228017e+14
      343.125   1.8215163e+14
      343.175   1.7988951e+14
      343.225   1.7590869e+14
      343.275   1.7157470e+14
      343.325   1.6773202e+14
      343.375   1.6373181e+14
      343.425   1.5989287e+14
      343.475   1.5962353e+14
      343.525   1.6465028e+14
      343.575   1.6948578e+14
      343.625   1.6932114e+14
      343.675   1.6606223e+14
      343.725   1.6160778e+14
      343.775   1.5683762e+14
      343.825   1.5272549e+14
      343.875   1.4981502e+14
      343.925   1.4837286e+14
      343.975   1.4621010e+14
      344.025   1.4125446e+14
      344.075   1.3461710e+14
      344.125   1.2521345e+14
      344.175   1.1779572e+14
      344.225   1.1706992e+14
      344.275   1.1833009e+14
      344.325   1.1966137e+14
      344.375   1.2350115e+14
      344.425   1.2373119e+14
      344.475   1.2486561e+14
      344.525   1.2912730e+14
      344.575   1.3458378e+14
      344.625   1.3745267e+14
      344.675   1.3721128e+14
      344.725   1.3767377e+14
      344.775   1.4122507e+14
      344.825   1.4685946e+14
      344.875   1.5157910e+14
      344.925   1.5427529e+14
      344.975   1.5580231e+14
      345.025   1.5812761e+14
      345.075   1.6240706e+14
      345.125   1.6637753e+14
      345.175   1.6829368e+14
      345.225   1.6659225e+14
      345.275   1.6156688e+14
      345.325   1.5746318e+14
      345.375   1.5562551e+14
      345.425   1.5655193e+14
      345.475   1.6222448e+14
      345.525   1.6811795e+14
      345.575   1.6984008e+14
      345.625   1.6835968e+14
      345.675   1.6540985e+14
      345.725   1.6295358e+14
      345.775   1.6156642e+14
      345.825   1.5991539e+14
      345.875   1.5619455e+14
      345.925   1.5163616e+14
      345.975   1.4970061e+14
      346.025   1.4935567e+14
      346.075   1.4775679e+14
      346.125   1.4601317e+14
      346.175   1.4514376e+14
      346.225   1.4482046e+14
      346.275   1.4602144e+14
      346.325   1.5053914e+14
      346.375   1.5652225e+14
      346.425   1.6076602e+14
      346.475   1.6347806e+14
      346.525   1.6541539e+14
      346.575   1.6462100e+14
      346.625   1.5971261e+14
      346.675   1.5505712e+14
      346.725   1.5465138e+14
      346.775   1.5862262e+14
      346.825   1.6362899e+14
      346.875   1.6681585e+14
      346.925   1.6807248e+14
      346.975   1.6687315e+14
      347.025   1.6626411e+14
      347.075   1.6866013e+14
      347.125   1.7137379e+14
      347.175   1.7134476e+14
      347.225   1.6721502e+14
      347.275   1.6135422e+14
      347.325   1.5763507e+14
      347.375   1.5615573e+14
      347.425   1.5479435e+14
      347.475   1.5225191e+14
      347.525   1.4926270e+14
      347.575   1.4589556e+14
      347.625   1.4185968e+14
      347.675   1.3962689e+14
      347.725   1.3983553e+14
      347.775   1.4086846e+14
      347.825   1.4402794e+14
      347.875   1.5063857e+14
      347.925   1.5637957e+14
      347.975   1.5915947e+14
      348.025   1.6085782e+14
      348.075   1.6132449e+14
      348.125   1.6110507e+14
      348.175   1.6098228e+14
      348.225   1.6109105e+14
      348.275   1.6074831e+14
      348.325   1.5886594e+14
      348.375   1.5565803e+14
      348.425   1.5316260e+14
      348.475   1.5308565e+14
      348.525   1.5433457e+14
      348.575   1.5473640e+14
      348.625   1.5500117e+14
      348.675   1.5731430e+14
      348.725   1.6262500e+14
      348.775   1.6782470e+14
      348.825   1.6883564e+14
      348.875   1.6634412e+14
      348.925   1.6086273e+14
      348.975   1.5439938e+14
      349.025   1.4988507e+14
      349.075   1.4658315e+14
      349.125   1.4359354e+14
      349.175   1.4322195e+14
      349.225   1.4708373e+14
      349.275   1.5098312e+14
      349.325   1.5032538e+14
      349.375   1.4730439e+14
      349.425   1.4898014e+14
      349.475   1.5486270e+14
      349.525   1.5899560e+14
      349.575   1.5918105e+14
      349.625   1.5578713e+14
      349.675   1.5198736e+14
      349.725   1.5040011e+14
      349.775   1.5035960e+14
      349.825   1.5122403e+14
      349.875   1.5546458e+14
      349.925   1.6274969e+14
      349.975   1.7115743e+14
      350.025   1.7819829e+14
      350.075   1.8043976e+14
      350.125   1.7998724e+14
      350.175   1.8107722e+14
      350.225   1.8335517e+14
      350.275   1.8399557e+14
      350.325   1.8414062e+14
      350.375   1.8679717e+14
      350.425   1.9099504e+14
      350.475   1.9198753e+14
      350.525   1.8736737e+14
      350.575   1.8266730e+14
      350.625   1.8092341e+14
      350.675   1.8013105e+14
      350.725   1.7924657e+14
      350.775   1.7957984e+14
      350.825   1.8162769e+14
      350.875   1.8305274e+14
      350.925   1.8327304e+14
      350.975   1.8230974e+14
      351.025   1.7947469e+14
      351.075   1.7368541e+14
      351.125   1.6862735e+14
      351.175   1.6888202e+14
      351.225   1.7154057e+14
      351.275   1.7137906e+14
      351.325   1.6832627e+14
      351.375   1.6469512e+14
      351.425   1.6166314e+14
      351.475   1.5985916e+14
      351.525   1.5880234e+14
      351.575   1.5902097e+14
      351.625   1.6337396e+14
      351.675   1.6936035e+14
      351.725   1.7353242e+14
      351.775   1.7752453e+14
      351.825   1.8140530e+14
      351.875   1.8255126e+14
      351.925   1.8110730e+14
      351.975   1.7944853e+14
      352.025   1.7647724e+14
      352.075   1.7260866e+14
      352.125   1.6933756e+14
      352.175   1.6572761e+14
      352.225   1.6196498e+14
      352.275   1.6124107e+14
      352.325   1.6211121e+14
      352.375   1.6088736e+14
      352.425   1.5673620e+14
      352.475   1.5016371e+14
      352.525   1.4590691e+14
      352.575   1.4632550e+14
      352.625   1.4784996e+14
      352.675   1.4594080e+14
      352.725   1.4435181e+14
      352.775   1.4852201e+14
      352.825   1.5526786e+14
      352.875   1.6248818e+14
      352.925   1.6884986e+14
      352.975   1.7231459e+14
      353.025   1.7331095e+14
      353.075   1.7367742e+14
      353.125   1.7545698e+14
      353.175   1.7777987e+14
      353.225   1.7788171e+14
      353.275   1.7538477e+14
      353.325   1.7245999e+14
      353.375   1.7260633e+14
      353.425   1.7662759e+14
      353.475   1.8248871e+14
      353.525   1.8759467e+14
      353.575   1.8914189e+14
      353.625   1.8808107e+14
      353.675   1.8755010e+14
      353.725   1.8766373e+14
      353.775   1.8767972e+14
      353.825   1.8737238e+14
      353.875   1.8753484e+14
      353.925   1.8989236e+14
      353.975   1.9505432e+14
      354.025   1.9952704e+14
      354.075   1.9882698e+14
      354.125   1.9476872e+14
      354.175   1.9057591e+14
      354.225   1.8802922e+14
      354.275   1.8797099e+14
      354.325   1.8947982e+14
      354.375   1.9193390e+14
      354.425   1.9467901e+14
      354.475   1.9710608e+14
      354.525   1.9853802e+14
      354.575   1.9815731e+14
      354.625   1.9625679e+14
      354.675   1.9613391e+14
      354.725   1.9794329e+14
      354.775   1.9817539e+14
      354.825   1.9541862e+14
      354.875   1.9153377e+14
      354.925   1.9109897e+14
      354.975   1.9430191e+14
      355.025   1.9721536e+14
      355.075   1.9767966e+14
      355.125   1.9619122e+14
      355.175   1.9419215e+14
      355.225   1.9248215e+14
      355.275   1.9043563e+14
      355.325   1.8780067e+14
      355.375   1.8477166e+14
      355.425   1.8151433e+14
      355.475   1.7833974e+14
      355.525   1.7537471e+14
      355.575   1.7519110e+14
      355.625   1.7875788e+14
      355.675   1.8274745e+14
      355.725   1.8302723e+14
      355.775   1.8114425e+14
      355.825   1.8089641e+14
      355.875   1.8015646e+14
      355.925   1.7684444e+14
      355.975   1.7415971e+14
      356.025   1.7492468e+14
      356.075   1.7658426e+14
      356.125   1.7699245e+14
      356.175   1.7669372e+14
      356.225   1.7692437e+14
      356.275   1.7816461e+14
      356.325   1.7996808e+14
      356.375   1.8156860e+14
      356.425   1.8078451e+14
      356.475   1.7527670e+14
      356.525   1.6614713e+14
      356.575   1.5571284e+14
      356.625   1.4588934e+14
      356.675   1.4096562e+14
      356.725   1.4191121e+14
      356.775   1.4597778e+14
      356.825   1.5053177e+14
      356.875   1.5203278e+14
      356.925   1.4979654e+14
      356.975   1.4503351e+14
      357.025   1.3843263e+14
      357.075   1.3210521e+14
      357.125   1.3073466e+14
      357.175   1.3375081e+14
      357.225   1.3799241e+14
      357.275   1.4067206e+14
      357.325   1.4292111e+14
      357.375   1.4664880e+14
      357.425   1.4889524e+14
      357.475   1.4889002e+14
      357.525   1.4888189e+14
      357.575   1.4972071e+14
      357.625   1.5049471e+14
      357.675   1.5150541e+14
      357.725   1.5285720e+14
      357.775   1.5364934e+14
      357.825   1.5264047e+14
      357.875   1.4831439e+14
      357.925   1.4172963e+14
      357.975   1.3711709e+14
      358.025   1.3512070e+14
      358.075   1.3225688e+14
      358.125   1.2459662e+14
      358.175   1.1585295e+14
      358.225   1.1231516e+14
      358.275   1.1338281e+14
      358.325   1.1713137e+14
      358.375   1.2207505e+14
      358.425   1.2531096e+14
      358.475   1.2562662e+14
      358.525   1.2330344e+14
      358.575   1.1869363e+14
      358.625   1.1600527e+14
      358.675   1.1754465e+14
      358.725   1.2028185e+14
      358.775   1.2239000e+14
      358.825   1.2597674e+14
      358.875   1.3189980e+14
      358.925   1.3719437e+14
      358.975   1.4093746e+14
      359.025   1.4433914e+14
      359.075   1.4960830e+14
      359.125   1.5700968e+14
      359.175   1.6467165e+14
      359.225   1.7157595e+14
      359.275   1.7531855e+14
      359.325   1.7568745e+14
      359.375   1.7413652e+14
      359.425   1.7289357e+14
      359.475   1.7500387e+14
      359.525   1.7907393e+14
      359.575   1.8263896e+14
      359.625   1.8587269e+14
      359.675   1.8960646e+14
      359.725   1.9308064e+14
      359.775   1.9477123e+14
      359.825   1.9462927e+14
      359.875   1.9382753e+14
      359.925   1.9337924e+14
      359.975   1.9346249e+14
      360.025   1.9416655e+14
      360.075   1.9606150e+14
      360.125   1.9795040e+14
      360.175   1.9724920e+14
      360.225   1.9313961e+14
      360.275   1.8622370e+14
      360.325   1.7884396e+14
      360.375   1.7465711e+14
      360.425   1.7285839e+14
      360.475   1.7152839e+14
      360.525   1.6933952e+14
      360.575   1.6561575e+14
      360.625   1.6317931e+14
      360.675   1.6367770e+14
      360.725   1.6512608e+14
      360.775   1.6644606e+14
      360.825   1.6520457e+14
      360.875   1.5984771e+14
      360.925   1.5279287e+14
      360.975   1.4797504e+14
      361.025   1.4795554e+14
      361.075   1.4996538e+14
      361.125   1.5256831e+14
      361.175   1.5668975e+14
      361.225   1.6219698e+14
      361.275   1.6590708e+14
      361.325   1.6602609e+14
      361.375   1.6377645e+14
      361.425   1.6134603e+14
      361.475   1.6230127e+14
      361.525   1.6576912e+14
      361.575   1.6923782e+14
      361.625   1.7213910e+14
      361.675   1.7300627e+14
      361.725   1.7167764e+14
      361.775   1.6891853e+14
      361.825   1.6415891e+14
      361.875   1.5658376e+14
      361.925   1.4777548e+14
      361.975   1.4269050e+14
      362.025   1.4317631e+14
      362.075   1.5053764e+14
      362.125   1.5965927e+14
      362.175   1.6394986e+14
      362.225   1.6647099e+14
      362.275   1.7066729e+14
      362.325   1.7805258e+14
      362.375   1.8274442e+14
      362.425   1.8221426e+14
      362.475   1.8053663e+14
      362.525   1.8092394e+14
      362.575   1.8569834e+14
      362.625   1.9220706e+14
      362.675   1.9771130e+14
      362.725   2.0170468e+14
      362.775   2.0313837e+14
      362.825   2.0245684e+14
      362.875   2.0117743e+14
      362.925   1.9967821e+14
      362.975   1.9849650e+14
      363.025   1.9518763e+14
      363.075   1.8877565e+14
      363.125   1.7988945e+14
      363.175   1.6725073e+14
      363.225   1.5850639e+14
      363.275   1.5900742e+14
      363.325   1.6335985e+14
      363.375   1.6831409e+14
      363.425   1.7213137e+14
      363.475   1.7306324e+14
      363.525   1.7174590e+14
      363.575   1.7149531e+14
      363.625   1.7547865e+14
      363.675   1.8040116e+14
      363.725   1.8200295e+14
      363.775   1.8247394e+14
      363.825   1.8402289e+14
      363.875   1.8665208e+14
      363.925   1.8992351e+14
      363.975   1.9363815e+14
      364.025   1.9657029e+14
      364.075   1.9791663e+14
      364.125   1.9844989e+14
      364.175   1.9808294e+14
      364.225   1.9656368e+14
      364.275   1.9446600e+14
      364.325   1.9204996e+14
      364.375   1.8918342e+14
      364.425   1.8675173e+14
      364.475   1.8495656e+14
      364.525   1.8173993e+14
      364.575   1.7800280e+14
      364.625   1.7683243e+14
      364.675   1.7886275e+14
      364.725   1.8108321e+14
      364.775   1.7871151e+14
      364.825   1.7298867e+14
      364.875   1.6915329e+14
      364.925   1.7131634e+14
      364.975   1.7678730e+14
      365.025   1.7998945e+14
      365.075   1.8203054e+14
      365.125   1.8676834e+14
      365.175   1.9148166e+14
      365.225   1.9431276e+14
      365.275   1.9844562e+14
      365.325   2.0575506e+14
      365.375   2.1192251e+14
      365.425   2.1362652e+14
      365.475   2.1386387e+14
      365.525   2.1519578e+14
      365.575   2.1647417e+14
      365.625   2.1674695e+14
      365.675   2.1801375e+14
      365.725   2.2120830e+14
      365.775   2.2485919e+14
      365.825   2.2619610e+14
      365.875   2.2614615e+14
      365.925   2.2860596e+14
      365.975   2.3229380e+14
      366.025   2.3304623e+14
      366.075   2.3098401e+14
      366.125   2.2951137e+14
      366.175   2.3002960e+14
      366.225   2.3096208e+14
      366.275   2.2995171e+14
      366.325   2.2731563e+14
      366.375   2.2475024e+14
      366.425   2.2219797e+14
      366.475   2.1971476e+14
      366.525   2.1895163e+14
      366.575   2.2093279e+14
      366.625   2.2449620e+14
      366.675   2.2493209e+14
      366.725   2.2109080e+14
      366.775   2.1894609e+14
      366.825   2.2045269e+14
      366.875   2.2193356e+14
      366.925   2.1991218e+14
      366.975   2.1497712e+14
      367.025   2.1169714e+14
      367.075   2.1110705e+14
      367.125   2.1328710e+14
      367.175   2.1726909e+14
      367.225   2.2156737e+14
      367.275   2.2569998e+14
      367.325   2.2771236e+14
      367.375   2.2609962e+14
      367.425   2.2328732e+14
      367.475   2.2124597e+14
      367.525   2.2041247e+14
      367.575   2.2179742e+14
      367.625   2.2327908e+14
      367.675   2.2253673e+14
      367.725   2.1965567e+14
      367.775   2.1534579e+14
      367.825   2.0893117e+14
      367.875   2.0334176e+14
      367.925   2.0324814e+14
      367.975   2.0449551e+14
      368.025   2.0182674e+14
      368.075   1.9729126e+14
      368.125   1.9512512e+14
      368.175   1.9584010e+14
      368.225   2.0047315e+14
      368.275   2.0464518e+14
      368.325   2.0486598e+14
      368.375   2.0540829e+14
      368.425   2.0793064e+14
      368.475   2.1037091e+14
      368.525   2.1002829e+14
      368.575   2.0710226e+14
      368.625   2.0290669e+14
      368.675   2.0016566e+14
      368.725   1.9986404e+14
      368.775   1.9870969e+14
      368.825   1.9505488e+14
      368.875   1.9396486e+14
      368.925   1.9806424e+14
      368.975   2.0285741e+14
      369.025   2.0663454e+14
      369.075   2.1152239e+14
      369.125   2.1769591e+14
      369.175   2.2338885e+14
      369.225   2.2841984e+14
      369.275   2.3218306e+14
      369.325   2.3246705e+14
      369.375   2.2959254e+14
      369.425   2.2576820e+14
      369.475   2.2177205e+14
      369.525   2.2103319e+14
      369.575   2.2398279e+14
      369.625   2.2609101e+14
      369.675   2.2633210e+14
      369.725   2.2620847e+14
      369.775   2.2657297e+14
      369.825   2.2745580e+14
      369.875   2.2888710e+14
      369.925   2.3108928e+14
      369.975   2.3397973e+14
      370.025   2.3706139e+14
      370.075   2.3892331e+14
      370.125   2.3837244e+14
      370.175   2.3490504e+14
      370.225   2.3092504e+14
      370.275   2.2812107e+14
      370.325   2.2595351e+14
      370.375   2.2323640e+14
      370.425   2.1727719e+14
      370.475   2.0963906e+14
      370.525   2.0387604e+14
      370.575   1.9960570e+14
      370.625   1.9437684e+14
      370.675   1.8980555e+14
      370.725   1.9005649e+14
      370.775   1.9326030e+14
      370.825   1.9473297e+14
      370.875   1.9444556e+14
      370.925   1.9552983e+14
      370.975   1.9659673e+14
      371.025   1.9665170e+14
      371.075   2.0101442e+14
      371.125   2.0898301e+14
      371.175   2.1510693e+14
      371.225   2.1892869e+14
      371.275   2.2215605e+14
      371.325   2.2621731e+14
      371.375   2.3007834e+14
      371.425   2.3363143e+14
      371.475   2.3752694e+14
      371.525   2.4014440e+14
      371.575   2.3944324e+14
      371.625   2.3551058e+14
      371.675   2.3049184e+14
      371.725   2.2701063e+14
      371.775   2.2549419e+14
      371.825   2.2376951e+14
      371.875   2.1910050e+14
      371.925   2.1069647e+14
      371.975   1.9974665e+14
      372.025   1.8768549e+14
      372.075   1.7687601e+14
      372.125   1.7115138e+14
      372.175   1.7106264e+14
      372.225   1.7214984e+14
      372.275   1.7199254e+14
      372.325   1.7326983e+14
      372.375   1.7905430e+14
      372.425   1.8799690e+14
      372.475   1.9537987e+14
      372.525   1.9966793e+14
      372.575   2.0333954e+14
      372.625   2.0776602e+14
      372.675   2.1130257e+14
      372.725   2.1011141e+14
      372.775   2.0151312e+14
      372.825   1.9071743e+14
      372.875   1.8767517e+14
      372.925   1.9213799e+14
      372.975   1.9913346e+14
      373.025   2.0353450e+14
      373.075   2.0097348e+14
      373.125   1.9521219e+14
      373.175   1.9052216e+14
      373.225   1.8807431e+14
      373.275   1.8544023e+14
      373.325   1.7970629e+14
      373.375   1.7137091e+14
      373.425   1.6284846e+14
      373.475   1.5552567e+14
      373.525   1.4889140e+14
      373.575   1.4375152e+14
      373.625   1.4240012e+14
      373.675   1.4517722e+14
      373.725   1.4772785e+14
      373.775   1.4740279e+14
      373.825   1.4841175e+14
      373.875   1.5494830e+14
      373.925   1.6507514e+14
      373.975   1.7344508e+14
      374.025   1.7861807e+14
      374.075   1.8337105e+14
      374.125   1.8928162e+14
      374.175   1.9336142e+14
      374.225   1.9318695e+14
      374.275   1.9087276e+14
      374.325   1.8638776e+14
      374.375   1.7909298e+14
      374.425   1.7176715e+14
      374.475   1.6802572e+14
      374.525   1.6827135e+14
      374.575   1.6616738e+14
      374.625   1.6029165e+14
      374.675   1.5528747e+14
      374.725   1.5464520e+14
      374.775   1.5886521e+14
      374.825   1.6219073e+14
      374.875   1.6054211e+14
      374.925   1.5531208e+14
      374.975   1.4995291e+14
      375.025   1.4839477e+14
      375.075   1.5171273e+14
      375.125   1.5928503e+14
      375.175   1.7085830e+14
      375.225   1.8254016e+14
      375.275   1.9122832e+14
      375.325   1.9707216e+14
      375.375   2.0060855e+14
      375.425   2.0410026e+14
      375.475   2.0955585e+14
      375.525   2.1585019e+14
      375.575   2.2058994e+14
      375.625   2.2349808e+14
      375.675   2.2411396e+14
      375.725   2.2167738e+14
      375.775   2.1635727e+14
      375.825   2.0550391e+14
      375.875   1.9155881e+14
      375.925   1.8307489e+14
      375.975   1.8208673e+14
      376.025   1.8696383e+14
      376.075   1.9366085e+14
      376.125   1.9823936e+14
      376.175   2.0077111e+14
      376.225   2.0101380e+14
      376.275   2.0091555e+14
      376.325   2.0239770e+14
      376.375   2.0309635e+14
      376.425   1.9926800e+14
      376.475   1.9405839e+14
      376.525   1.9576548e+14
      376.575   2.0277058e+14
      376.625   2.0688190e+14
      376.675   2.0707441e+14
      376.725   2.0316484e+14
      376.775   1.9790969e+14
      376.825   1.9629263e+14
      376.875   1.9944386e+14
      376.925   2.0595020e+14
      376.975   2.1215499e+14
      377.025   2.1476582e+14
      377.075   2.1390952e+14
      377.125   2.1199768e+14
      377.175   2.1252953e+14
      377.225   2.1709539e+14
      377.275   2.2327706e+14
      377.325   2.2958011e+14
      377.375   2.3486455e+14
      377.425   2.3842002e+14
      377.475   2.4037333e+14
      377.525   2.4140354e+14
      377.575   2.4222055e+14
      377.625   2.4271309e+14
      377.675   2.4319856e+14
      377.725   2.4477308e+14
      377.775   2.4743337e+14
      377.825   2.4934962e+14
      377.875   2.4916839e+14
      377.925   2.4854562e+14
      377.975   2.4893687e+14
      378.025   2.5183059e+14
      378.075   2.5677885e+14
      378.125   2.6025760e+14
      378.175   2.6096988e+14
      378.225   2.5991691e+14
      378.275   2.5840390e+14
      378.325   2.5770070e+14
      378.375   2.5770335e+14
      378.425   2.5735923e+14
      378.475   2.5739061e+14
      378.525   2.5862960e+14
      378.575   2.5816863e+14
      378.625   2.5263689e+14
      378.675   2.4142148e+14
      378.725   2.2956365e+14
      378.775   2.2393171e+14
      378.825   2.2250465e+14
      378.875   2.2023379e+14
      378.925   2.1755237e+14
      378.975   2.1538123e+14
      379.025   2.1239840e+14
      379.075   2.0886836e+14
      379.125   2.0804388e+14
      379.175   2.1133610e+14
      379.225   2.1491119e+14
      379.275   2.1546712e+14
      379.325   2.1306098e+14
      379.375   2.0869643e+14
      379.425   2.0441777e+14
      379.475   2.0176935e+14
      379.525   1.9943380e+14
      379.575   1.9538249e+14
      379.625   1.9307330e+14
      379.675   1.9453736e+14
      379.725   1.9655611e+14
      379.775   1.9567621e+14
      379.825   1.9112289e+14
      379.875   1.8692738e+14
      379.925   1.8538043e+14
      379.975   1.8644289e+14
      380.025   1.8937678e+14
      380.075   1.9410320e+14
      380.125   2.0172298e+14
      380.175   2.1065324e+14
      380.225   2.1566451e+14
      380.275   2.1686237e+14
      380.325   2.1999361e+14
      380.375   2.2576660e+14
      380.425   2.3207541e+14
      380.475   2.3588020e+14
      380.525   2.3661100e+14
      380.575   2.3556491e+14
      380.625   2.3421952e+14
      380.675   2.3298930e+14
      380.725   2.2984467e+14
      380.775   2.2527739e+14
      380.825   2.2199135e+14
      380.875   2.2280092e+14
      380.925   2.2708665e+14
      380.975   2.3074180e+14
      381.025   2.3232992e+14
      381.075   2.3370237e+14
      381.125   2.3445447e+14
      381.175   2.3304674e+14
      381.225   2.2982020e+14
      381.275   2.2591973e+14
      381.325   2.2090564e+14
      381.375   2.1267093e+14
      381.425   2.0351955e+14
      381.475   1.9709410e+14
      381.525   1.9326622e+14
      381.575   1.8929452e+14
      381.625   1.8336071e+14
      381.675   1.7740436e+14
      381.725   1.7501993e+14
      381.775   1.7918011e+14
      381.825   1.8463717e+14
      381.875   1.8599980e+14
      381.925   1.8492474e+14
      381.975   1.8141600e+14
      382.025   1.7360647e+14
      382.075   1.6385656e+14
      382.125   1.5645725e+14
      382.175   1.5269156e+14
      382.225   1.5428320e+14
      382.275   1.5884377e+14
      382.325   1.6348877e+14
      382.375   1.6683454e+14
      382.425   1.6566066e+14
      382.475   1.5905375e+14
      382.525   1.5112651e+14
      382.575   1.4477006e+14
      382.625   1.3950845e+14
      382.675   1.3507514e+14
      382.725   1.3233825e+14
      382.775   1.3245666e+14
      382.825   1.3330283e+14
      382.875   1.3253952e+14
      382.925   1.3206356e+14
      382.975   1.3314250e+14
      383.025   1.3366964e+14
      383.075   1.3447692e+14
      383.125   1.3679450e+14
      383.175   1.3846763e+14
      383.225   1.3762734e+14
      383.275   1.3320243e+14
      383.325   1.2730625e+14
      383.375   1.2462962e+14
      383.425   1.2524787e+14
      383.475   1.2655361e+14
      383.525   1.2721714e+14
      383.575   1.2883356e+14
      383.625   1.3219531e+14
      383.675   1.3590255e+14
      383.725   1.3866067e+14
      383.775   1.3977226e+14
      383.825   1.3911712e+14
      383.875   1.3681340e+14
      383.925   1.3376211e+14
      383.975   1.3333867e+14
      384.025   1.3656846e+14
      384.075   1.4027971e+14
      384.125   1.4257237e+14
      384.175   1.4473408e+14
      384.225   1.5057077e+14
      384.275   1.5977700e+14
      384.325   1.6962755e+14
      384.375   1.7759919e+14
      384.425   1.8101127e+14
      384.475   1.8377860e+14
      384.525   1.8837129e+14
      384.575   1.9184694e+14
      384.625   1.9318378e+14
      384.675   1.9380762e+14
      384.725   1.9493703e+14
      384.775   1.9676245e+14
      384.825   2.0027356e+14
      384.875   2.0360654e+14
      384.925   2.0451373e+14
      384.975   2.0309359e+14
      385.025   1.9871386e+14
      385.075   1.9284783e+14
      385.125   1.8939602e+14
      385.175   1.8964531e+14
      385.225   1.9421395e+14
      385.275   1.9965464e+14
      385.325   2.0105214e+14
      385.375   1.9930134e+14
      385.425   1.9611626e+14
      385.475   1.9227322e+14
      385.525   1.8939502e+14
      385.575   1.8821921e+14
      385.625   1.8714116e+14
      385.675   1.8341118e+14
      385.725   1.7919765e+14
      385.775   1.7868351e+14
      385.825   1.8066888e+14
      385.875   1.8075697e+14
      385.925   1.7597262e+14
      385.975   1.6965810e+14
      386.025   1.6573362e+14
      386.075   1.6372636e+14
      386.125   1.6452414e+14
      386.175   1.6847160e+14
      386.225   1.7417480e+14
      386.275   1.8189667e+14
      386.325   1.9158582e+14
      386.375   1.9913379e+14
      386.425   2.0185972e+14
      386.475   2.0219867e+14
      386.525   2.0234291e+14
      386.575   2.0165166e+14
      386.625   1.9918329e+14
      386.675   1.9672157e+14
      386.725   1.9687063e+14
      386.775   1.9817989e+14
      386.825   1.9758962e+14
      386.875   1.9591342e+14
      386.925   1.9467951e+14
      386.975   1.9346354e+14
      387.025   1.9096444e+14
      387.075   1.8707503e+14
      387.125   1.8301546e+14
      387.175   1.7877279e+14
      387.225   1.7529561e+14
      387.275   1.7422344e+14
      387.325   1.7463127e+14
      387.375   1.7633740e+14
      387.425   1.8087609e+14
      387.475   1.8805619e+14
      387.525   1.9471445e+14
      387.575   1.9966506e+14
      387.625   2.0287536e+14
      387.675   2.0286159e+14
      387.725   2.0092959e+14
      387.775   1.9844161e+14
      387.825   1.9458951e+14
      387.875   1.8652873e+14
      387.925   1.7912738e+14
      387.975   1.7802509e+14
      388.025   1.8161229e+14
      388.075   1.8644213e+14
      388.125   1.8806892e+14
      388.175   1.8709783e+14
      388.225   1.8578102e+14
      388.275   1.8314020e+14
      388.325   1.7936857e+14
      388.375   1.7907330e+14
      388.425   1.8374751e+14
      388.475   1.9020176e+14
      388.525   1.9489755e+14
      388.575   1.9460302e+14
      388.625   1.9132879e+14
      388.675   1.8675659e+14
      388.725   1.8164283e+14
      388.775   1.8120365e+14
      388.825   1.8488928e+14
      388.875   1.8786989e+14
      388.925   1.8743599e+14
      388.975   1.8552462e+14
      389.025   1.8686040e+14
      389.075   1.9228661e+14
      389.125   1.9978116e+14
      389.175   2.0718399e+14
      389.225   2.1320297e+14
      389.275   2.1810882e+14
      389.325   2.2178286e+14
      389.375   2.2317739e+14
      389.425   2.2326652e+14
      389.475   2.2442713e+14
      389.525   2.2643239e+14
      389.575   2.2700623e+14
      389.625   2.2465459e+14
      389.675   2.2409332e+14
      389.725   2.2909109e+14
      389.775   2.3561586e+14
      389.825   2.3746759e+14
      389.875   2.3484749e+14
      389.925   2.3318852e+14
      389.975   2.3332557e+14
      390.025   2.3148446e+14
      390.075   2.2954465e+14
      390.125   2.3066593e+14
      390.175   2.3382781e+14
      390.225   2.3693330e+14
      390.275   2.3603203e+14
      390.325   2.3134443e+14
      390.375   2.2688503e+14
      390.425   2.2481072e+14
      390.475   2.2626229e+14
      390.525   2.2771432e+14
      390.575   2.2571884e+14
      390.625   2.2242855e+14
      390.675   2.2060031e+14
      390.725   2.2368998e+14
      390.775   2.2997296e+14
      390.825   2.3585905e+14
      390.875   2.4098996e+14
      390.925   2.4481598e+14
      390.975   2.4783952e+14
      391.025   2.4974081e+14
      391.075   2.5029838e+14
      391.125   2.5041971e+14
      391.175   2.5181674e+14
      391.225   2.5468858e+14
      391.275   2.5726569e+14
      391.325   2.5885883e+14
      391.375   2.5848877e+14
      391.425   2.5645214e+14
      391.475   2.5399522e+14
      391.525   2.5300390e+14
      391.575   2.5358457e+14
      391.625   2.5255209e+14
      391.675   2.4913464e+14
      391.725   2.4563103e+14
      391.775   2.4354892e+14
      391.825   2.4276234e+14
      391.875   2.4070367e+14
      391.925   2.3606527e+14
      391.975   2.3110419e+14
      392.025   2.2723768e+14
      392.075   2.2267658e+14
      392.125   2.1683085e+14
      392.175   2.1118119e+14
      392.225   2.0856159e+14
      392.275   2.0857100e+14
      392.325   2.0700216e+14
      392.375   2.0401097e+14
      392.425   2.0269637e+14
      392.475   2.0297885e+14
      392.525   2.0154845e+14
      392.575   1.9729306e+14
      392.625   1.9116340e+14
      392.675   1.8457700e+14
      392.725   1.7933185e+14
      392.775   1.7382356e+14
      392.825   1.6637914e+14
      392.875   1.5772256e+14
      392.925   1.4975614e+14
      392.975   1.4410728e+14
      393.025   1.3879688e+14
      393.075   1.3274186e+14
      393.125   1.2677968e+14
      393.175   1.2161302e+14
      393.225   1.1736521e+14
      393.275   1.1290535e+14
      393.325   1.0837572e+14
      393.375   1.0420375e+14
      393.425   1.0085918e+14
      393.475   9.9776905e+13
      393.525   1.0024508e+14
      393.575   1.0234032e+14
      393.625   1.0598144e+14
      393.675   1.0990770e+14
      393.725   1.1507386e+14
      393.775   1.2138935e+14
      393.825   1.2797439e+14
      393.875   1.3425902e+14
      393.925   1.4032854e+14
      393.975   1.4740618e+14
      394.025   1.5464813e+14
      394.075   1.6091640e+14
      394.125   1.6635018e+14
      394.175   1.7063382e+14
      394.225   1.7431427e+14
      394.275   1.7818498e+14
      394.325   1.8212533e+14
      394.375   1.8538941e+14
      394.425   1.8705691e+14
      394.475   1.8824872e+14
      394.525   1.9173068e+14
      394.575   1.9766806e+14
      394.625   2.0581477e+14
      394.675   2.1397168e+14
      394.725   2.1978083e+14
      394.775   2.2297660e+14
      394.825   2.2364024e+14
      394.875   2.2417281e+14
      394.925   2.2657374e+14
      394.975   2.2975401e+14
      395.025   2.3340513e+14
      395.075   2.3751406e+14
      395.125   2.4043986e+14
      395.175   2.4211821e+14
      395.225   2.4335400e+14
      395.275   2.4297348e+14
      395.325   2.4064361e+14
      395.375   2.3857412e+14
      395.425   2.3906994e+14
      395.475   2.4284611e+14
      395.525   2.4645983e+14
      395.575   2.4671269e+14
      395.625   2.4491883e+14
      395.675   2.4215074e+14
      395.725   2.3829150e+14
      395.775   2.3567963e+14
      395.825   2.3510551e+14
      395.875   2.3453687e+14
      395.925   2.3324009e+14
      395.975   2.3117724e+14
      396.025   2.2739587e+14
      396.075   2.2188212e+14
      396.125   2.1436043e+14
      396.175   2.0377583e+14
      396.225   1.9271380e+14
      396.275   1.8436834e+14
      396.325   1.7883065e+14
      396.375   1.7471094e+14
      396.425   1.7039113e+14
      396.475   1.6553130e+14
      396.525   1.6080084e+14
      396.575   1.5561224e+14
      396.625   1.4949806e+14
      396.675   1.4278136e+14
      396.725   1.3619720e+14
      396.775   1.3181901e+14
      396.825   1.2785504e+14
      396.875   1.2475813e+14
      396.925   1.2334225e+14
      396.975   1.2332058e+14
      397.025   1.2597314e+14
      397.075   1.3030504e+14
      397.125   1.3521891e+14
      397.175   1.4025971e+14
      397.225   1.4597662e+14
      397.275   1.5262759e+14
      397.325   1.5965853e+14
      397.375   1.6639932e+14
      397.425   1.7279650e+14
      397.475   1.7910278e+14
      397.525   1.8609936e+14
      397.575   1.9399669e+14
      397.625   2.0211333e+14
      397.675   2.0970518e+14
      397.725   2.1597556e+14
      397.775   2.2239950e+14
      397.825   2.2975299e+14
      397.875   2.3720559e+14
      397.925   2.4459266e+14
      397.975   2.5156963e+14
      398.025   2.5771016e+14
      398.075   2.6339075e+14
      398.125   2.6859023e+14
      398.175   2.7188360e+14
      398.225   2.7371138e+14
      398.275   2.7521569e+14
      398.325   2.7699350e+14
      398.375   2.7911699e+14
      398.425   2.8030063e+14
      398.475   2.8121347e+14
      398.525   2.8324394e+14
      398.575   2.8640030e+14
      398.625   2.8936420e+14
      398.675   2.9137628e+14
      398.725   2.9199186e+14
      398.775   2.9261715e+14
      398.825   2.9647868e+14
      398.875   3.0207190e+14
      398.925   3.0570466e+14
      398.975   3.0701680e+14
      399.025   3.0628929e+14
      399.075   3.0590088e+14
      399.125   3.0718323e+14
      399.175   3.0956666e+14
      399.225   3.1168074e+14
      399.275   3.1290161e+14
      399.325   3.1409806e+14
      399.375   3.1539753e+14
      399.425   3.1645384e+14
      399.475   3.1652863e+14
      399.525   3.1566718e+14
      399.575   3.1477317e+14
      399.625   3.1433188e+14
      399.675   3.1434927e+14
      399.725   3.1406776e+14
      399.775   3.1319198e+14
      399.825   3.1154661e+14
      399.875   3.1101503e+14
      399.925   3.1304360e+14
      399.975   3.1666929e+14
      400.025   3.2081995e+14
      400.075   3.2397883e+14
      400.125   3.2475793e+14
      400.175   3.2426385e+14
      400.225   3.2441595e+14
      400.275   3.2582081e+14
      400.325   3.2818338e+14
      400.375   3.2940788e+14
      400.425   3.2907808e+14
      400.475   3.2751386e+14
      400.525   3.2317872e+14
      400.575   3.1626432e+14
      400.625   3.1124704e+14
      400.675   3.1088971e+14
      400.725   3.1400680e+14
      400.775   3.1783880e+14
      400.825   3.2165273e+14
      400.875   3.2574264e+14
      400.925   3.2927589e+14
      400.975   3.3113283e+14
      401.025   3.3197787e+14
      401.075   3.3312916e+14
      401.125   3.3444114e+14
      401.175   3.3595221e+14
      401.225   3.3764328e+14
      401.275   3.3850891e+14
      401.325   3.3919117e+14
      401.375   3.4060396e+14
      401.425   3.4184113e+14
      401.475   3.4150272e+14
      401.525   3.4046029e+14
      401.575   3.4067828e+14
      401.625   3.4215893e+14
      401.675   3.4302385e+14
      401.725   3.4272741e+14
      401.775   3.4094959e+14
      401.825   3.3842684e+14
      401.875   3.3823310e+14
      401.925   3.4087268e+14
      401.975   3.4422700e+14
      402.025   3.4691951e+14
      402.075   3.4705220e+14
      402.125   3.4587097e+14
      402.175   3.4596520e+14
      402.225   3.4639089e+14
      402.275   3.4636258e+14
      402.325   3.4645496e+14
      402.375   3.4677732e+14
      402.425   3.4671640e+14
      402.475   3.4561277e+14
      402.525   3.4347558e+14
      402.575   3.4197062e+14
      402.625   3.4195320e+14
      402.675   3.4339128e+14
      402.725   3.4494284e+14
      402.775   3.4541867e+14
      402.825   3.4543808e+14
      402.875   3.4499510e+14
      402.925   3.4405698e+14
      402.975   3.4255448e+14
      403.025   3.3990128e+14
      403.075   3.3521610e+14
      403.125   3.2839533e+14
      403.175   3.2350629e+14
      403.225   3.2306861e+14
      403.275   3.2322415e+14
      403.325   3.2151694e+14
      403.375   3.1964611e+14
      403.425   3.1979556e+14
      403.475   3.2220795e+14
      403.525   3.2484561e+14
      403.575   3.2728786e+14
      403.625   3.2997850e+14
      403.675   3.3332887e+14
      403.725   3.3732005e+14
      403.775   3.4125242e+14
      403.825   3.4456663e+14
      403.875   3.4617806e+14
      403.925   3.4614004e+14
      403.975   3.4535971e+14
      404.025   3.4408108e+14
      404.075   3.4234245e+14
      404.125   3.4058615e+14
      404.175   3.3896217e+14
      404.225   3.3856352e+14
      404.275   3.3995817e+14
      404.325   3.4088550e+14
      404.375   3.3908182e+14
      404.425   3.3429419e+14
      404.475   3.2689511e+14
      404.525   3.1947519e+14
      404.575   3.1303762e+14
      404.625   3.0626745e+14
      404.675   3.0263889e+14
      404.725   3.0558538e+14
      404.775   3.1223293e+14
      404.825   3.1937705e+14
      404.875   3.2584827e+14
      404.925   3.2989681e+14
      404.975   3.3175310e+14
      405.025   3.3366776e+14
      405.075   3.3619215e+14
      405.125   3.3829295e+14
      405.175   3.3898868e+14
      405.225   3.3821531e+14
      405.275   3.3609958e+14
      405.325   3.3322737e+14
      405.375   3.3129386e+14
      405.425   3.3093210e+14
      405.475   3.3081138e+14
      405.525   3.2908919e+14
      405.575   3.2655814e+14
      405.625   3.2523460e+14
      405.675   3.2482945e+14
      405.725   3.2480257e+14
      405.775   3.2354789e+14
      405.825   3.2048581e+14
      405.875   3.1794636e+14
      405.925   3.1739726e+14
      405.975   3.1869826e+14
      406.025   3.2061178e+14
      406.075   3.2251221e+14
      406.125   3.2433573e+14
      406.175   3.2510858e+14
      406.225   3.2329227e+14
      406.275   3.1987153e+14
      406.325   3.1636892e+14
      406.375   3.1099056e+14
      406.425   3.0427714e+14
      406.475   2.9896011e+14
      406.525   3.0134724e+14
      406.575   3.0643249e+14
      406.625   3.1142210e+14
      406.675   3.1380550e+14
      406.725   3.1386812e+14
      406.775   3.1428281e+14
      406.825   3.1664791e+14
      406.875   3.2103751e+14
      406.925   3.2561384e+14
      406.975   3.2918279e+14
      407.025   3.3089057e+14
      407.075   3.3011703e+14
      407.125   3.2702909e+14
      407.175   3.2266165e+14
      407.225   3.1679510e+14
      407.275   3.1282124e+14
      407.325   3.1607237e+14
      407.375   3.2197051e+14
      407.425   3.2574803e+14
      407.475   3.2709544e+14
      407.525   3.2659698e+14
      407.575   3.2557270e+14
      407.625   3.2431709e+14
      407.675   3.2205388e+14
      407.725   3.1786055e+14
      407.775   3.1368894e+14
      407.825   3.1141656e+14
      407.875   3.1125032e+14
      407.925   3.1427332e+14
      407.975   3.1846507e+14
      408.025   3.2221339e+14
      408.075   3.2617691e+14
      408.125   3.3125570e+14
      408.175   3.3654248e+14
      408.225   3.3990033e+14
      408.275   3.4118224e+14
      408.325   3.4071775e+14
      408.375   3.3878992e+14
      408.425   3.3621720e+14
      408.475   3.3466734e+14
      408.525   3.3380596e+14
      408.575   3.3335903e+14
      408.625   3.3439198e+14
      408.675   3.3685894e+14
      408.725   3.4003402e+14
      408.775   3.4373253e+14
      408.825   3.4834844e+14
      408.875   3.5223896e+14
      408.925   3.5384588e+14
      408.975   3.5436717e+14
      409.025   3.5421978e+14
      409.075   3.5318099e+14
      409.125   3.5160531e+14
      409.175   3.5078432e+14
      409.225   3.4992214e+14
      409.275   3.4711953e+14
      409.325   3.4407989e+14
      409.375   3.4339007e+14
      409.425   3.4489481e+14
      409.475   3.4653476e+14
      409.525   3.4232906e+14
      409.575   3.3708875e+14
      409.625   3.3256977e+14
      409.675   3.2860247e+14
      409.725   3.2520080e+14
      409.775   3.2310384e+14
      409.825   3.2129955e+14
      409.836   3.2086407e+14
      409.853   3.1892087e+14
      409.870   3.1675471e+14
      409.886   3.1483171e+14
      409.903   3.1223880e+14
      409.920   3.0888297e+14
      409.937   3.0606846e+14
      409.954   3.0346492e+14
      409.970   3.0083292e+14
      409.987   2.9830708e+14
      410.004   2.9492037e+14
      410.021   2.9016213e+14
      410.038   2.8515498e+14
      410.055   2.8091224e+14
      410.071   2.7761907e+14
      410.088   2.7580154e+14
      410.105   2.7442019e+14
      410.122   2.7239688e+14
      410.139   2.6992331e+14
      410.155   2.6786551e+14
      410.172   2.6621145e+14
      410.189   2.6524221e+14
      410.206   2.6621430e+14
      410.223   2.6733330e+14
      410.240   2.6732497e+14
      410.256   2.6699096e+14
      410.273   2.6674186e+14
      410.290   2.6570183e+14
      410.307   2.6471658e+14
      410.324   2.6432437e+14
      410.341   2.6339764e+14
      410.357   2.6286947e+14
      410.374   2.6382035e+14
      410.391   2.6587973e+14
      410.408   2.6948827e+14
      410.425   2.7538450e+14
      410.442   2.8176510e+14
      410.458   2.8709178e+14
      410.475   2.9174016e+14
      410.492   2.9609322e+14
      410.509   3.0027627e+14
      410.526   3.0536476e+14
      410.543   3.1173504e+14
      410.560   3.1862896e+14
      410.576   3.2423346e+14
      410.593   3.2814850e+14
      410.610   3.3074722e+14
      410.627   3.3296611e+14
      410.644   3.3530077e+14
      410.661   3.3821382e+14
      410.678   3.4105070e+14
      410.694   3.4365556e+14
      410.711   3.4592261e+14
      410.728   3.4693146e+14
      410.745   3.4773469e+14
      410.762   3.4961610e+14
      410.779   3.5138983e+14
      410.796   3.5216395e+14
      410.813   3.5217347e+14
      410.829   3.5204281e+14
      410.846   3.5241704e+14
      410.863   3.5367367e+14
      410.880   3.5506773e+14
      410.897   3.5742484e+14
      410.914   3.5968993e+14
      410.931   3.5941350e+14
      410.948   3.5713254e+14
      410.965   3.5489843e+14
      410.981   3.5386158e+14
      410.998   3.5378879e+14
      411.015   3.5438842e+14
      411.032   3.5541262e+14
      411.049   3.5611512e+14
      411.066   3.5525408e+14
      411.083   3.5421057e+14
      411.100   3.5432847e+14
      411.117   3.5396765e+14
      411.133   3.5264691e+14
      411.150   3.5105190e+14
      411.167   3.4897809e+14
      411.184   3.4668832e+14
      411.201   3.4609181e+14
      411.218   3.4691395e+14
      411.235   3.4890564e+14
      411.252   3.5172557e+14
      411.269   3.5342898e+14
      411.286   3.5348998e+14
      411.303   3.5357844e+14
      411.320   3.5359818e+14
      411.336   3.5316612e+14
      411.353   3.5285418e+14
      411.370   3.5267180e+14
      411.387   3.5246782e+14
      411.404   3.5216960e+14
      411.421   3.5110000e+14
      411.438   3.5080959e+14
      411.455   3.5183622e+14
      411.472   3.5267251e+14
      411.489   3.5313786e+14
      411.506   3.5398991e+14
      411.523   3.5433948e+14
      411.540   3.5403141e+14
      411.557   3.5454201e+14
      411.573   3.5648713e+14
      411.590   3.5893151e+14
      411.607   3.6128370e+14
      411.624   3.6404632e+14
      411.641   3.6737650e+14
      411.658   3.7099150e+14
      411.675   3.7389588e+14
      411.692   3.7525909e+14
      411.709   3.7411895e+14
      411.726   3.7071277e+14
      411.743   3.6631290e+14
      411.760   3.6191674e+14
      411.777   3.5924645e+14
      411.794   3.5921333e+14
      411.811   3.6051553e+14
      411.828   3.6193372e+14
      411.845   3.6333423e+14
      411.862   3.6429292e+14
      411.879   3.6536954e+14
      411.896   3.6687237e+14
      411.913   3.6817690e+14
      411.929   3.6980705e+14
      411.946   3.7154967e+14
      411.963   3.7131447e+14
      411.980   3.6983795e+14
      411.997   3.6834951e+14
      412.014   3.6572959e+14
      412.031   3.6322151e+14
      412.048   3.6266199e+14
      412.065   3.6230872e+14
      412.082   3.6032879e+14
      412.099   3.5787149e+14
      412.116   3.5559477e+14
      412.133   3.5323934e+14
      412.150   3.5106655e+14
      412.167   3.4930820e+14
      412.184   3.4816080e+14
      412.201   3.4650247e+14
      412.218   3.4544140e+14
      412.235   3.4646306e+14
      412.252   3.4888184e+14
      412.269   3.5161897e+14
      412.286   3.5450368e+14
      412.303   3.5643151e+14
      412.320   3.5657902e+14
      412.337   3.5628640e+14
      412.354   3.5725144e+14
      412.371   3.5957646e+14
      412.388   3.6127860e+14
      412.405   3.6183110e+14
      412.422   3.6168596e+14
      412.439   3.5950664e+14
      412.456   3.5532633e+14
      412.473   3.5209125e+14
      412.490   3.5079012e+14
      412.507   3.5045403e+14
      412.524   3.5212484e+14
      412.541   3.5558836e+14
      412.558   3.5832085e+14
      412.575   3.5964597e+14
      412.592   3.6052683e+14
      412.609   3.6037960e+14
      412.626   3.5875213e+14
      412.643   3.5630079e+14
      412.660   3.5389064e+14
      412.677   3.5214492e+14
      412.694   3.5116389e+14
      412.711   3.5177145e+14
      412.729   3.5429252e+14
      412.746   3.5693911e+14
      412.763   3.5817800e+14
      412.780   3.5868740e+14
      412.797   3.5804068e+14
      412.814   3.5658775e+14
      412.831   3.5549451e+14
      412.848   3.5510332e+14
      412.865   3.5466290e+14
      412.882   3.5293832e+14
      412.899   3.5066500e+14
      412.916   3.4924309e+14
      412.933   3.4866095e+14
      412.950   3.4905624e+14
      412.967   3.5155592e+14
      412.984   3.5479920e+14
      413.001   3.5709485e+14
      413.018   3.5770197e+14
      413.035   3.5534297e+14
      413.052   3.5019260e+14
      413.070   3.4372257e+14
      413.087   3.3667121e+14
      413.104   3.3116171e+14
      413.121   3.2861657e+14
      413.138   3.2830815e+14
      413.155   3.3013828e+14
      413.172   3.3352873e+14
      413.189   3.3664794e+14
      413.206   3.3844305e+14
      413.223   3.3934106e+14
      413.240   3.3867677e+14
      413.257   3.3681600e+14
      413.274   3.3388855e+14
      413.291   3.3041973e+14
      413.309   3.2696903e+14
      413.326   3.2385401e+14
      413.343   3.2125639e+14
      413.360   3.1942031e+14
      413.377   3.1798371e+14
      413.394   3.1754291e+14
      413.411   3.1780482e+14
      413.428   3.1820059e+14
      413.445   3.1931090e+14
      413.462   3.2169492e+14
      413.479   3.2336845e+14
      413.497   3.2364690e+14
      413.514   3.2341487e+14
      413.531   3.2260596e+14
      413.548   3.2257471e+14
      413.565   3.2429578e+14
      413.582   3.2766693e+14
      413.599   3.3275926e+14
      413.616   3.3823584e+14
      413.633   3.4304520e+14
      413.650   3.4741378e+14
      413.668   3.5113347e+14
      413.685   3.5308815e+14
      413.702   3.5433008e+14
      413.719   3.5535149e+14
      413.736   3.5669594e+14
      413.753   3.5817246e+14
      413.770   3.6066931e+14
      413.787   3.6510656e+14
      413.805   3.7083884e+14
      413.822   3.7570606e+14
      413.839   3.8012836e+14
      413.856   3.8378865e+14
      413.873   3.8561501e+14
      413.890   3.8548327e+14
      413.907   3.8536924e+14
      413.924   3.8571814e+14
      413.942   3.8595549e+14
      413.959   3.8612521e+14
      413.976   3.8579833e+14
      413.993   3.8533356e+14
      414.010   3.8392484e+14
      414.027   3.8165293e+14
      414.044   3.8019081e+14
      414.062   3.7907418e+14
      414.079   3.7797055e+14
      414.096   3.7720977e+14
      414.113   3.7686088e+14
      414.130   3.7604877e+14
      414.147   3.7578266e+14
      414.164   3.7405192e+14
      414.182   3.7033888e+14
      414.199   3.6518391e+14
      414.216   3.5817760e+14
      414.233   3.4932573e+14
      414.250   3.4068228e+14
      414.267   3.3399394e+14
      414.285   3.2924379e+14
      414.302   3.2621191e+14
      414.319   3.2507658e+14
      414.336   3.2573344e+14
      414.353   3.2663875e+14
      414.370   3.2714783e+14
      414.388   3.2816429e+14
      414.405   3.2976192e+14
      414.422   3.3025731e+14
      414.439   3.3008623e+14
      414.456   3.3025228e+14
      414.473   3.3061955e+14
      414.491   3.3021435e+14
      414.508   3.3002739e+14
      414.525   3.3160373e+14
      414.542   3.3360821e+14
      414.559   3.3531890e+14
      414.577   3.3671076e+14
      414.594   3.3769179e+14
      414.611   3.3693888e+14
      414.628   3.3666529e+14
      414.645   3.3706444e+14
      414.662   3.3771812e+14
      414.680   3.3999222e+14
      414.697   3.4460578e+14
      414.714   3.5006017e+14
      414.731   3.5698692e+14
      414.748   3.6545309e+14
      414.766   3.7204595e+14
      414.783   3.7608507e+14
      414.800   3.7793397e+14
      414.817   3.7667683e+14
      414.834   3.7414277e+14
      414.852   3.7154407e+14
      414.869   3.6811168e+14
      414.886   3.6536196e+14
      414.903   3.6407659e+14
      414.921   3.6254704e+14
      414.938   3.6195233e+14
      414.955   3.6437180e+14
      414.972   3.6727111e+14
      414.989   3.6947572e+14
      415.007   3.7156346e+14
      415.024   3.7242078e+14
      415.041   3.7022385e+14
      415.058   3.6616494e+14
      415.076   3.6250739e+14
      415.093   3.5955732e+14
      415.110   3.5971520e+14
      415.127   3.6338042e+14
      415.144   3.6873052e+14
      415.162   3.7300791e+14
      415.179   3.7580519e+14
      415.196   3.7602511e+14
      415.213   3.7312803e+14
      415.231   3.6759461e+14
      415.248   3.6116063e+14
      415.265   3.5526545e+14
      415.282   3.4973119e+14
      415.300   3.4540057e+14
      415.317   3.4361948e+14
      415.334   3.4392490e+14
      415.351   3.4447136e+14
      415.369   3.4606825e+14
      415.386   3.4961096e+14
      415.403   3.5361060e+14
      415.420   3.5707298e+14
      415.438   3.6090636e+14
      415.455   3.6317356e+14
      415.472   3.6256080e+14
      415.489   3.5972600e+14
      415.507   3.5482394e+14
      415.524   3.4814696e+14
      415.541   3.4316374e+14
      415.559   3.4137042e+14
      415.576   3.4192503e+14
      415.593   3.4405571e+14
      415.610   3.4645953e+14
      415.628   3.4674261e+14
      415.645   3.4397095e+14
      415.662   3.3919746e+14
      415.679   3.3510587e+14
      415.697   3.3204140e+14
      415.714   3.2856031e+14
      415.731   3.2710861e+14
      415.749   3.2835609e+14
      415.766   3.2922103e+14
      415.783   3.3221296e+14
      415.800   3.3805640e+14
      415.818   3.4447127e+14
      415.835   3.5057523e+14
      415.852   3.5721401e+14
      415.870   3.6173102e+14
      415.887   3.6444636e+14
      415.904   3.6557656e+14
      415.921   3.6506997e+14
      415.939   3.6293333e+14
      415.956   3.6013223e+14
      415.973   3.5745758e+14
      415.991   3.5435016e+14
      416.008   3.5267868e+14
      416.025   3.5412946e+14
      416.043   3.5813176e+14
      416.060   3.6247198e+14
      416.077   3.6651953e+14
      416.095   3.6857838e+14
      416.112   3.6842215e+14
      416.129   3.6746183e+14
      416.146   3.6772743e+14
      416.164   3.6970151e+14
      416.181   3.7240964e+14
      416.198   3.7380465e+14
      416.216   3.7512759e+14
      416.233   3.7662983e+14
      416.250   3.7670973e+14
      416.268   3.7706811e+14
      416.285   3.7925628e+14
      416.302   3.8045587e+14
      416.320   3.7997028e+14
      416.337   3.7980066e+14
      416.354   3.7858858e+14
      416.372   3.7616451e+14
      416.389   3.7411767e+14
      416.406   3.7277032e+14
      416.424   3.7162017e+14
      416.441   3.7145997e+14
      416.458   3.7299077e+14
      416.476   3.7493120e+14
      416.493   3.7802659e+14
      416.510   3.8093395e+14
      416.528   3.8330536e+14
      416.545   3.8371872e+14
      416.563   3.8150772e+14
      416.580   3.7682641e+14
      416.597   3.7154571e+14
      416.615   3.6591055e+14
      416.632   3.6149158e+14
      416.649   3.5956348e+14
      416.667   3.5778496e+14
      416.684   3.5618578e+14
      416.701   3.5545732e+14
      416.719   3.5562060e+14
      416.736   3.5495548e+14
      416.754   3.5536281e+14
      416.771   3.5685249e+14
      416.788   3.5776291e+14
      416.806   3.5593200e+14
      416.823   3.5482619e+14
      416.840   3.5401402e+14
      416.858   3.5304598e+14
      416.875   3.5351382e+14
      416.892   3.5611348e+14
      416.910   3.5782517e+14
      416.927   3.5751912e+14
      416.945   3.5667608e+14
      416.962   3.5512913e+14
      416.979   3.5325641e+14
      416.997   3.5117605e+14
      417.014   3.4887127e+14
      417.032   3.4538848e+14
      417.049   3.4037975e+14
      417.066   3.3722343e+14
      417.084   3.3561056e+14
      417.101   3.3464431e+14
      417.119   3.3512641e+14
      417.136   3.3855914e+14
      417.153   3.4019074e+14
      417.171   3.3960054e+14
      417.188   3.3854888e+14
      417.206   3.3860216e+14
      417.223   3.3588779e+14
      417.240   3.3267666e+14
      417.258   3.3134912e+14
      417.275   3.3115519e+14
      417.293   3.2935671e+14
      417.310   3.2957988e+14
      417.327   3.2941372e+14
      417.345   3.2846732e+14
      417.362   3.2776262e+14
      417.380   3.2662335e+14
      417.397   3.2244330e+14
      417.415   3.1830723e+14
      417.432   3.1602037e+14
      417.449   3.1579609e+14
      417.467   3.1643085e+14
      417.484   3.1770697e+14
      417.502   3.1780529e+14
      417.519   3.1728684e+14
      417.537   3.1579909e+14
      417.554   3.1681698e+14
      417.571   3.1847694e+14
      417.589   3.1976393e+14
      417.606   3.2002471e+14
      417.624   3.2072342e+14
      417.641   3.1980145e+14
      417.659   3.1935709e+14
      417.676   3.2137929e+14
      417.693   3.2623075e+14
      417.711   3.2999562e+14
      417.728   3.3141391e+14
      417.746   3.3516729e+14
      417.763   3.3894211e+14
      417.781   3.4017062e+14
      417.798   3.4164116e+14
      417.816   3.4381443e+14
      417.833   3.4545220e+14
      417.851   3.4822634e+14
      417.868   3.5183127e+14
      417.885   3.5435653e+14
      417.903   3.5828283e+14
      417.920   3.6056974e+14
      417.938   3.6274612e+14
      417.955   3.6340626e+14
      417.973   3.6359368e+14
      417.990   3.6100943e+14
      418.008   3.5857087e+14
      418.025   3.5510697e+14
      418.043   3.5366282e+14
      418.060   3.5204078e+14
      418.078   3.5066010e+14
      418.095   3.5092406e+14
      418.113   3.5164034e+14
      418.130   3.5255899e+14
      418.148   3.5555579e+14
      418.165   3.5895205e+14
      418.183   3.6035530e+14
      418.200   3.6192311e+14
      418.218   3.6201102e+14
      418.235   3.6294213e+14
      418.253   3.6509202e+14
      418.270   3.6644720e+14
      418.288   3.6782111e+14
      418.305   3.6882219e+14
      418.323   3.6599828e+14
      418.340   3.6284702e+14
      418.358   3.6079908e+14
      418.375   3.5817099e+14
      418.393   3.5612674e+14
      418.410   3.5487997e+14
      418.428   3.5519668e+14
      418.445   3.5518020e+14
      418.463   3.5487770e+14
      418.480   3.5310115e+14
      418.498   3.5166753e+14
      418.515   3.5039255e+14
      418.533   3.4966567e+14
      418.550   3.4779506e+14
      418.568   3.4682108e+14
      418.585   3.4729831e+14
      418.603   3.4363564e+14
      418.620   3.3906200e+14
      418.638   3.3698423e+14
      418.655   3.3579202e+14
      418.673   3.3482548e+14
      418.690   3.3814476e+14
      418.708   3.4268596e+14
      418.725   3.4459736e+14
      418.743   3.4406125e+14
      418.760   3.4195863e+14
      418.778   3.3735427e+14
      418.796   3.3195467e+14
      418.813   3.2776348e+14
      418.831   3.2704936e+14
      418.848   3.2780506e+14
      418.866   3.2960157e+14
      418.883   3.3238382e+14
      418.901   3.3444957e+14
      418.918   3.3572174e+14
      418.936   3.3702445e+14
      418.953   3.3866950e+14
      418.971   3.3791169e+14
      418.989   3.3675925e+14
      419.006   3.3531090e+14
      419.024   3.3394631e+14
      419.041   3.3301517e+14
      419.059   3.3650228e+14
      419.076   3.4155161e+14
      419.094   3.4468260e+14
      419.111   3.4969097e+14
      419.129   3.5766350e+14
      419.147   3.6487720e+14
      419.164   3.7182335e+14
      419.182   3.7914612e+14
      419.199   3.8268165e+14
      419.217   3.8188100e+14
      419.234   3.7850859e+14
      419.252   3.7582100e+14
      419.270   3.7384511e+14
      419.287   3.7411208e+14
      419.305   3.7627301e+14
      419.322   3.7839524e+14
      419.340   3.7933975e+14
      419.358   3.8004692e+14
      419.375   3.7829912e+14
      419.393   3.7412797e+14
      419.410   3.7148383e+14
      419.428   3.6894622e+14
      419.445   3.6535565e+14
      419.463   3.6009145e+14
      419.481   3.5643129e+14
      419.498   3.5200737e+14
      419.516   3.4913287e+14
      419.533   3.4795966e+14
      419.551   3.5090317e+14
      419.569   3.5404871e+14
      419.586   3.5683221e+14
      419.604   3.5941531e+14
      419.621   3.6211948e+14
      419.639   3.6250288e+14
      419.657   3.5930828e+14
      419.674   3.5385998e+14
      419.692   3.4586610e+14
      419.710   3.3774769e+14
      419.727   3.3092956e+14
      419.745   3.2523216e+14
      419.762   3.2324221e+14
      419.780   3.2402121e+14
      419.798   3.2527778e+14
      419.815   3.2670732e+14
      419.833   3.2956623e+14
      419.851   3.3169425e+14
      419.868   3.3232716e+14
      419.886   3.3296703e+14
      419.903   3.3407162e+14
      419.921   3.3509327e+14
      419.939   3.3566946e+14
      419.956   3.3736978e+14
      419.974   3.4068400e+14
      419.992   3.4325903e+14
      420.009   3.4463617e+14
      420.027   3.4524496e+14
      420.045   3.4296947e+14
      420.062   3.3852602e+14
      420.080   3.3488461e+14
      420.097   3.3214956e+14
      420.115   3.2983900e+14
      420.133   3.2864382e+14
      420.150   3.2585810e+14
      420.168   3.2461861e+14
      420.186   3.2407281e+14
      420.203   3.2451401e+14
      420.221   3.2635194e+14
      420.239   3.2832404e+14
      420.256   3.3215342e+14
      420.274   3.3755014e+14
      420.292   3.4265536e+14
      420.309   3.4461570e+14
      420.327   3.4711932e+14
      420.345   3.4601431e+14
      420.362   3.4410198e+14
      420.380   3.3965353e+14
      420.398   3.3761167e+14
      420.415   3.3893205e+14
      420.433   3.4250659e+14
      420.451   3.4681588e+14
      420.468   3.5355198e+14
      420.486   3.5775421e+14
      420.504   3.5675729e+14
      420.521   3.5486064e+14
      420.539   3.5083914e+14
      420.557   3.4757389e+14
      420.575   3.4899434e+14
      420.592   3.5581695e+14
      420.610   3.6162219e+14
      420.628   3.6815482e+14
      420.645   3.7383806e+14
      420.663   3.7860996e+14
      420.681   3.8038081e+14
      420.698   3.8071903e+14
      420.716   3.8158701e+14
      420.734   3.8260322e+14
      420.751   3.8529885e+14
      420.769   3.8863261e+14
      420.787   3.9140991e+14
      420.805   3.9147541e+14
      420.822   3.9287985e+14
      420.840   3.9115260e+14
      420.858   3.8825121e+14
      420.875   3.8407827e+14
      420.893   3.8356039e+14
      420.911   3.8302847e+14
      420.929   3.8128821e+14
      420.946   3.8055062e+14
      420.964   3.8158142e+14
      420.982   3.7956235e+14
      420.999   3.7575229e+14
      421.017   3.7519663e+14
      421.035   3.7416972e+14
      421.053   3.7453976e+14
      421.070   3.7792758e+14
      421.088   3.8245507e+14
      421.106   3.8407837e+14
      421.124   3.8570371e+14
      421.141   3.8683322e+14
      421.159   3.8503664e+14
      421.177   3.8172016e+14
      421.194   3.7718156e+14
      421.212   3.7342944e+14
      421.230   3.6946047e+14
      421.248   3.6686672e+14
      421.265   3.6267776e+14
      421.283   3.6081951e+14
      421.301   3.5932404e+14
      421.319   3.5841615e+14
      421.336   3.5708819e+14
      421.354   3.5669559e+14
      421.372   3.5437941e+14
      421.390   3.5136499e+14
      421.408   3.4909655e+14
      421.425   3.4508787e+14
      421.443   3.4234350e+14
      421.461   3.4066826e+14
      421.479   3.4002409e+14
      421.496   3.3751517e+14
      421.514   3.3688487e+14
      421.532   3.3657956e+14
      421.550   3.3594912e+14
      421.567   3.3429249e+14
      421.585   3.3199434e+14
      421.603   3.2906982e+14
      421.621   3.2785099e+14
      421.638   3.2860018e+14
      421.656   3.2891059e+14
      421.674   3.3080869e+14
      421.692   3.3288358e+14
      421.710   3.3278472e+14
      421.727   3.3364462e+14
      421.745   3.3528027e+14
      421.763   3.3523969e+14
      421.781   3.3656231e+14
      421.799   3.3888287e+14
      421.816   3.3965285e+14
      421.834   3.3998794e+14
      421.852   3.4204784e+14
      421.870   3.3941317e+14
      421.888   3.3783653e+14
      421.905   3.3959060e+14
      421.923   3.4292412e+14
      421.941   3.4785858e+14
      421.959   3.5756749e+14
      421.977   3.6622871e+14
      421.994   3.7107948e+14
      422.012   3.7646581e+14
      422.030   3.8054884e+14
      422.048   3.8023490e+14
      422.066   3.7911131e+14
      422.083   3.7935489e+14
      422.101   3.7928189e+14
      422.119   3.8115779e+14
      422.137   3.8541685e+14
      422.155   3.8870569e+14
      422.172   3.8999859e+14
      422.190   3.8887309e+14
      422.208   3.8642917e+14
      422.226   3.8672021e+14
      422.244   3.8563056e+14
      422.262   3.8406252e+14
      422.279   3.8328531e+14
      422.297   3.8341946e+14
      422.315   3.8090038e+14
      422.333   3.8066259e+14
      422.351   3.8187415e+14
      422.369   3.8029346e+14
      422.387   3.7852974e+14
      422.404   3.7643123e+14
      422.422   3.7290595e+14
      422.440   3.6753665e+14
      422.458   3.6250070e+14
      422.476   3.5819825e+14
      422.494   3.4788495e+14
      422.511   3.3725030e+14
      422.529   3.2595194e+14
      422.547   3.1383616e+14
      422.565   3.0439832e+14
      422.583   2.9704943e+14
      422.601   2.9092483e+14
      422.619   2.8668646e+14
      422.636   2.8418306e+14
      422.654   2.8257323e+14
      422.672   2.8107593e+14
      422.690   2.8004528e+14
      422.708   2.8089559e+14
      422.726   2.7939603e+14
      422.744   2.7956833e+14
      422.761   2.7928931e+14
      422.779   2.7827442e+14
      422.797   2.7714478e+14
      422.815   2.7517992e+14
      422.833   2.7479668e+14
      422.851   2.7481588e+14
      422.869   2.7573870e+14
      422.887   2.7733386e+14
      422.905   2.8144304e+14
      422.922   2.8645365e+14
      422.940   2.9157805e+14
      422.958   2.9750601e+14
      422.976   3.0473692e+14
      422.994   3.1215561e+14
      423.012   3.2052985e+14
      423.030   3.3089425e+14
      423.048   3.4178310e+14
      423.066   3.5232253e+14
      423.083   3.6304924e+14
      423.101   3.7248900e+14
      423.119   3.7940030e+14
      423.137   3.8437091e+14
      423.155   3.8634916e+14
      423.173   3.8545167e+14
      423.191   3.8132549e+14
      423.209   3.7655442e+14
      423.227   3.7276381e+14
      423.245   3.7033060e+14
      423.263   3.7004456e+14
      423.280   3.7299092e+14
      423.298   3.7813041e+14
      423.316   3.8392505e+14
      423.334   3.9101980e+14
      423.352   3.9623319e+14
      423.370   3.9919033e+14
      423.388   4.0010239e+14
      423.406   3.9874145e+14
      423.424   3.9319881e+14
      423.442   3.8654722e+14
      423.460   3.8034853e+14
      423.478   3.7339546e+14
      423.496   3.6619797e+14
      423.513   3.6125046e+14
      423.531   3.5677106e+14
      423.549   3.5155749e+14
      423.567   3.4761752e+14
      423.585   3.4495743e+14
      423.603   3.4207121e+14
      423.621   3.4033004e+14
      423.639   3.3977831e+14
      423.657   3.4025487e+14
      423.675   3.4169326e+14
      423.693   3.4415824e+14
      423.711   3.4718004e+14
      423.729   3.5013355e+14
      423.747   3.5198206e+14
      423.765   3.5159807e+14
      423.783   3.4981016e+14
      423.801   3.4607158e+14
      423.819   3.4036396e+14
      423.837   3.3362504e+14
      423.855   3.2766828e+14
      423.872   3.2215196e+14
      423.890   3.1781426e+14
      423.908   3.1561675e+14
      423.926   3.1566476e+14
      423.944   3.1778510e+14
      423.962   3.2235322e+14
      423.980   3.2929690e+14
      423.998   3.3805334e+14
      424.016   3.4705278e+14
      424.034   3.5535258e+14
      424.052   3.6218991e+14
      424.070   3.6663805e+14
      424.088   3.6799628e+14
      424.106   3.6671233e+14
      424.124   3.6492560e+14
      424.142   3.6343352e+14
      424.160   3.6161421e+14
      424.178   3.5959693e+14
      424.196   3.5888365e+14
      424.214   3.5784930e+14
      424.232   3.5768320e+14
      424.250   3.5937269e+14
      424.268   3.6254660e+14
      424.286   3.6645791e+14
      424.304   3.7101171e+14
      424.322   3.7573953e+14
      424.340   3.8036286e+14
      424.358   3.8341920e+14
      424.376   3.8562950e+14
      424.394   3.8900338e+14
      424.412   3.9158983e+14
      424.430   3.9262298e+14
      424.448   3.9491079e+14
      424.466   3.9810795e+14
      424.484   3.9940614e+14
      424.502   3.9846178e+14
      424.520   3.9590281e+14
      424.538   3.9280617e+14
      424.556   3.8835536e+14
      424.574   3.8305544e+14
      424.592   3.7953540e+14
      424.610   3.7942453e+14
      424.628   3.8120143e+14
      424.646   3.8235796e+14
      424.665   3.8337200e+14
      424.683   3.8440945e+14
      424.701   3.8419972e+14
      424.719   3.8247587e+14
      424.737   3.8195473e+14
      424.755   3.8133646e+14
      424.773   3.7882781e+14
      424.791   3.7538272e+14
      424.809   3.7159368e+14
      424.827   3.6631197e+14
      424.845   3.5950914e+14
      424.863   3.5349436e+14
      424.881   3.4960458e+14
      424.899   3.4531601e+14
      424.917   3.3939088e+14
      424.935   3.3467677e+14
      424.953   3.3132961e+14
      424.971   3.2707790e+14
      424.989   3.2385349e+14
      425.007   3.2388070e+14
      425.025   3.2665761e+14
      425.044   3.2994727e+14
      425.062   3.3301799e+14
      425.080   3.3773380e+14
      425.098   3.4372667e+14
      425.116   3.4867998e+14
      425.134   3.5199255e+14
      425.152   3.5492698e+14
      425.170   3.5728894e+14
      425.188   3.5878694e+14
      425.206   3.6017174e+14
      425.224   3.6182178e+14
      425.242   3.6361154e+14
      425.260   3.6281888e+14
      425.279   3.6020926e+14
      425.297   3.5830716e+14
      425.315   3.5684629e+14
      425.333   3.5471119e+14
      425.351   3.5447676e+14
      425.369   3.5675459e+14
      425.387   3.5763369e+14
      425.405   3.5765845e+14
      425.423   3.6027272e+14
      425.441   3.6388333e+14
      425.460   3.6601684e+14
      425.478   3.6867417e+14
      425.496   3.7214778e+14
      425.514   3.7402390e+14
      425.532   3.7469933e+14
      425.550   3.7547600e+14
      425.568   3.7607453e+14
      425.586   3.7613241e+14
      425.604   3.7607078e+14
      425.622   3.7637574e+14
      425.641   3.7632089e+14
      425.659   3.7525457e+14
      425.677   3.7323613e+14
      425.695   3.7007712e+14
      425.713   3.6595357e+14
      425.731   3.6192903e+14
      425.749   3.5852205e+14
      425.767   3.5644799e+14
      425.786   3.5736088e+14
      425.804   3.5935503e+14
      425.822   3.6023084e+14
      425.840   3.6016660e+14
      425.858   3.5892707e+14
      425.876   3.5426076e+14
      425.894   3.4771351e+14
      425.913   3.4296814e+14
      425.931   3.3997275e+14
      425.949   3.3774527e+14
      425.967   3.3718156e+14
      425.985   3.3729682e+14
      426.003   3.3543183e+14
      426.021   3.3158630e+14
      426.040   3.2690194e+14
      426.058   3.2197948e+14
      426.076   3.1762828e+14
      426.094   3.1433911e+14
      426.112   3.1255800e+14
      426.130   3.1187160e+14
      426.148   3.1098038e+14
      426.167   3.1078314e+14
      426.185   3.1207759e+14
      426.203   3.1444889e+14
      426.221   3.1745500e+14
      426.239   3.2122987e+14
      426.257   3.2432770e+14
      426.276   3.2604935e+14
      426.294   3.2651314e+14
      426.312   3.2627521e+14
      426.330   3.2667612e+14
      426.348   3.2859219e+14
      426.367   3.3188631e+14
      426.385   3.3715573e+14
      426.403   3.4567109e+14
      426.421   3.5492140e+14
      426.439   3.6323111e+14
      426.457   3.7164683e+14
      426.476   3.7901099e+14
      426.494   3.8409446e+14
      426.512   3.8826330e+14
      426.530   3.9236945e+14
      426.548   3.9615334e+14
      426.567   3.9897641e+14
      426.585   4.0025468e+14
      426.603   3.9981824e+14
      426.621   3.9722260e+14
      426.639   3.9221578e+14
      426.658   3.8712817e+14
      426.676   3.8343168e+14
      426.694   3.8032155e+14
      426.712   3.7844935e+14
      426.730   3.7848708e+14
      426.749   3.7932520e+14
      426.767   3.8037389e+14
      426.785   3.8233815e+14
      426.803   3.8422743e+14
      426.821   3.8497583e+14
      426.840   3.8428567e+14
      426.858   3.8256938e+14
      426.876   3.8069056e+14
      426.894   3.7976179e+14
      426.913   3.7930688e+14
      426.931   3.7872118e+14
      426.949   3.7652720e+14
      426.967   3.7127878e+14
      426.985   3.6309747e+14
      427.004   3.5255678e+14
      427.022   3.4094736e+14
      427.040   3.3116898e+14
      427.058   3.2383536e+14
      427.077   3.1852289e+14
      427.095   3.1588860e+14
      427.113   3.1617923e+14
      427.131   3.1850748e+14
      427.150   3.2280920e+14
      427.168   3.2685666e+14
      427.186   3.2899254e+14
      427.204   3.2930206e+14
      427.223   3.2698919e+14
      427.241   3.2215989e+14
      427.259   3.1725294e+14
      427.277   3.1364214e+14
      427.296   3.0998294e+14
      427.314   3.0607485e+14
      427.332   3.0351994e+14
      427.350   3.0247702e+14
      427.369   3.0042040e+14
      427.387   2.9826950e+14
      427.405   2.9644362e+14
      427.423   2.9420093e+14
      427.442   2.9207860e+14
      427.460   2.9253932e+14
      427.478   2.9610233e+14
      427.497   3.0151848e+14
      427.515   3.0865445e+14
      427.533   3.1762897e+14
      427.551   3.2616701e+14
      427.570   3.3315709e+14
      427.588   3.3898787e+14
      427.606   3.4331633e+14
      427.625   3.4586235e+14
      427.643   3.4656530e+14
      427.661   3.4552336e+14
      427.679   3.4583581e+14
      427.698   3.4797757e+14
      427.716   3.5029577e+14
      427.734   3.5403999e+14
      427.753   3.6050098e+14
      427.771   3.6603002e+14
      427.789   3.6844690e+14
      427.807   3.6913674e+14
      427.826   3.6922924e+14
      427.844   3.6824879e+14
      427.862   3.6629766e+14
      427.881   3.6525064e+14
      427.899   3.6552330e+14
      427.917   3.6588964e+14
      427.936   3.6497062e+14
      427.954   3.6379641e+14
      427.972   3.6268924e+14
      427.991   3.6046545e+14
      428.009   3.5852760e+14
      428.027   3.5800021e+14
      428.046   3.5785413e+14
      428.064   3.5720658e+14
      428.082   3.5593802e+14
      428.101   3.5440558e+14
      428.119   3.5167510e+14
      428.137   3.4764964e+14
      428.156   3.4440843e+14
      428.174   3.4389861e+14
      428.192   3.4347833e+14
      428.211   3.4372463e+14
      428.229   3.4562975e+14
      428.247   3.4686304e+14
      428.266   3.4519319e+14
      428.284   3.4285036e+14
      428.302   3.4051957e+14
      428.321   3.3797955e+14
      428.339   3.3668309e+14
      428.357   3.3760264e+14
      428.376   3.3840692e+14
      428.394   3.3967083e+14
      428.412   3.4239959e+14
      428.431   3.4372969e+14
      428.449   3.4410780e+14
      428.467   3.4474869e+14
      428.486   3.4431465e+14
      428.504   3.4303221e+14
      428.522   3.4144816e+14
      428.541   3.3906379e+14
      428.559   3.3667047e+14
      428.578   3.3574492e+14
      428.596   3.3630822e+14
      428.614   3.3844087e+14
      428.633   3.4089640e+14
      428.651   3.4418704e+14
      428.669   3.4784690e+14
      428.688   3.5004019e+14
      428.706   3.5005995e+14
      428.725   3.4783001e+14
      428.743   3.4245357e+14
      428.761   3.3548249e+14
      428.780   3.2828526e+14
      428.798   3.2148436e+14
      428.816   3.1555353e+14
      428.835   3.1248765e+14
      428.853   3.0960026e+14
      428.872   3.0575293e+14
      428.890   3.0454135e+14
      428.908   3.0482849e+14
      428.927   3.0285262e+14
      428.945   3.0053536e+14
      428.964   2.9968292e+14
      428.982   2.9819141e+14
      429.000   2.9824179e+14
      429.019   2.9994130e+14
      429.037   3.0172601e+14
      429.056   3.0263023e+14
      429.074   3.0298309e+14
      429.092   3.0314005e+14
      429.111   3.0227967e+14
      429.129   3.0106354e+14
      429.148   3.0109467e+14
      429.166   3.0230648e+14
      429.185   3.0222746e+14
      429.203   3.0221104e+14
      429.221   3.0297618e+14
      429.240   3.0275633e+14
      429.258   3.0057044e+14
      429.277   3.0058930e+14
      429.295   3.0234846e+14
      429.314   3.0483513e+14
      429.332   3.0850924e+14
      429.350   3.1168361e+14
      429.369   3.1396679e+14
      429.387   3.1718450e+14
      429.406   3.1932520e+14
      429.424   3.2034454e+14
      429.443   3.2451704e+14
      429.461   3.3032264e+14
      429.479   3.3629000e+14
      429.498   3.4220550e+14
      429.516   3.4688941e+14
      429.535   3.4821512e+14
      429.553   3.4716103e+14
      429.572   3.4508634e+14
      429.590   3.4348671e+14
      429.609   3.4279861e+14
      429.627   3.4203211e+14
      429.646   3.4067186e+14
      429.664   3.3948643e+14
      429.682   3.3816201e+14
      429.701   3.3648066e+14
      429.719   3.3330506e+14
      429.738   3.2832999e+14
      429.756   3.2264687e+14
      429.775   3.1758918e+14
      429.793   3.1267551e+14
      429.812   3.0898198e+14
      429.830   3.0612733e+14
      429.849   3.0252115e+14
      429.867   2.9936969e+14
      429.886   2.9645570e+14
      429.904   2.9240852e+14
      429.923   2.8906892e+14
      429.941   2.8484737e+14
      429.960   2.7886008e+14
      429.978   2.7364839e+14
      429.997   2.7136430e+14
      430.015   2.6902831e+14
      430.034   2.6758811e+14
      430.052   2.6679127e+14
      430.071   2.6545717e+14
      430.089   2.6336996e+14
      430.108   2.6094175e+14
      430.126   2.5763140e+14
      430.145   2.5467711e+14
      430.163   2.5249917e+14
      430.182   2.5018869e+14
      430.200   2.4704300e+14
      430.219   2.4451528e+14
      430.237   2.4287447e+14
      430.256   2.4331224e+14
      430.274   2.4441014e+14
      430.293   2.4714111e+14
      430.311   2.5090475e+14
      430.330   2.5364437e+14
      430.348   2.5493111e+14
      430.367   2.5643131e+14
      430.385   2.5788196e+14
      430.404   2.6005963e+14
      430.422   2.6207934e+14
      430.441   2.6351668e+14
      430.459   2.6750119e+14
      430.478   2.7454803e+14
      430.496   2.7822637e+14
      430.515   2.7781857e+14
      430.533   2.7782761e+14
      430.552   2.7599929e+14
      430.571   2.7156927e+14
      430.589   2.6933871e+14
      430.608   2.6866845e+14
      430.626   2.6643150e+14
      430.645   2.6273729e+14
      430.663   2.5897673e+14
      430.682   2.5497282e+14
      430.700   2.5194462e+14
      430.719   2.5040524e+14
      430.737   2.4964740e+14
      430.756   2.4735224e+14
      430.775   2.4454697e+14
      430.793   2.4198467e+14
      430.812   2.3839661e+14
      430.830   2.3511701e+14
      430.849   2.3325702e+14
      430.867   2.3193088e+14
      430.886   2.3054580e+14
      430.904   2.2926657e+14
      430.923   2.2786075e+14
      430.942   2.2703045e+14
      430.960   2.2723415e+14
      430.979   2.2563959e+14
      430.997   2.2191573e+14
      431.016   2.1886187e+14
      431.034   2.1701060e+14
      431.053   2.1285461e+14
      431.072   2.0965088e+14
      431.090   2.0864915e+14
      431.109   2.0669292e+14
      431.127   2.0437957e+14
      431.146   2.0616742e+14
      431.165   2.1170171e+14
      431.183   2.1864250e+14
      431.202   2.2693839e+14
      431.220   2.3513005e+14
      431.239   2.4100441e+14
      431.258   2.4382797e+14
      431.276   2.4690938e+14
      431.295   2.5093787e+14
      431.313   2.5511359e+14
      431.332   2.5872472e+14
      431.351   2.6174146e+14
      431.369   2.6448056e+14
      431.388   2.6683945e+14
      431.406   2.7021550e+14
      431.425   2.7568424e+14
      431.444   2.8269107e+14
      431.462   2.8937144e+14
      431.481   2.9601286e+14
      431.499   3.0217573e+14
      431.518   3.0796095e+14
      431.537   3.1269172e+14
      431.555   3.1796806e+14
      431.574   3.2513975e+14
      431.593   3.3235753e+14
      431.611   3.3991200e+14
      431.630   3.4971987e+14
      431.648   3.6100058e+14
      431.667   3.7085046e+14
      431.686   3.7780317e+14
      431.704   3.8226136e+14
      431.723   3.8506972e+14
      431.742   3.8580319e+14
      431.760   3.8784837e+14
      431.779   3.9277857e+14
      431.798   3.9868987e+14
      431.816   4.0394071e+14
      431.835   4.0934802e+14
      431.854   4.1521660e+14
      431.872   4.2011615e+14
      431.891   4.2439300e+14
      431.909   4.2781752e+14
      431.928   4.2984404e+14
      431.947   4.2896494e+14
      431.965   4.2823638e+14
      431.984   4.2767177e+14
      432.003   4.2744245e+14
      432.021   4.2884051e+14
      432.040   4.3166813e+14
      432.059   4.3418343e+14
      432.077   4.3736818e+14
      432.096   4.4054480e+14
      432.115   4.4127102e+14
      432.133   4.3880386e+14
      432.152   4.3311715e+14
      432.171   4.2441221e+14
      432.189   4.1343811e+14
      432.208   4.0399350e+14
      432.227   3.9614293e+14
      432.246   3.8995886e+14
      432.264   3.8509630e+14
      432.283   3.8144531e+14
      432.302   3.7709154e+14
      432.320   3.7196751e+14
      432.339   3.6504404e+14
      432.358   3.5749349e+14
      432.376   3.4950992e+14
      432.395   3.3950759e+14
      432.414   3.2911662e+14
      432.432   3.2063892e+14
      432.451   3.1387343e+14
      432.470   3.0800752e+14
      432.489   3.0366567e+14
      432.507   3.0077700e+14
      432.526   2.9734910e+14
      432.545   2.9229649e+14
      432.563   2.8789330e+14
      432.582   2.8486363e+14
      432.601   2.8176962e+14
      432.620   2.7796174e+14
      432.638   2.7511099e+14
      432.657   2.7448400e+14
      432.676   2.7556024e+14
      432.694   2.7867539e+14
      432.713   2.8470444e+14
      432.732   2.9349231e+14
      432.751   3.0170805e+14
      432.769   3.0858889e+14
      432.788   3.1567211e+14
      432.807   3.2259341e+14
      432.825   3.2747152e+14
      432.844   3.3219893e+14
      432.863   3.3703431e+14
      432.882   3.4088183e+14
      432.900   3.4430546e+14
      432.919   3.4851321e+14
      432.938   3.5415225e+14
      432.957   3.6182982e+14
      432.975   3.6999237e+14
      432.994   3.7796338e+14
      433.013   3.8568940e+14
      433.032   3.9225048e+14
      433.050   3.9784457e+14
      433.069   4.0325651e+14
      433.088   4.0731400e+14
      433.107   4.0977535e+14
      433.125   4.0979846e+14
      433.144   4.0932274e+14
      433.163   4.0799585e+14
      433.182   4.0752003e+14
      433.200   4.0790870e+14
      433.219   4.0801128e+14
      433.238   4.0647742e+14
      433.257   4.0485253e+14
      433.276   4.0373168e+14
      433.294   4.0309118e+14
      433.313   4.0237929e+14
      433.332   4.0163842e+14
      433.351   4.0060404e+14
      433.369   3.9848538e+14
      433.388   3.9686577e+14
      433.407   3.9661027e+14
      433.426   3.9809110e+14
      433.445   4.0153606e+14
      433.463   4.0568522e+14
      433.482   4.0907299e+14
      433.501   4.1206620e+14
      433.520   4.1294019e+14
      433.539   4.0937074e+14
      433.557   4.0472873e+14
      433.576   3.9908218e+14
      433.595   3.9213645e+14
      433.614   3.8551674e+14
      433.633   3.8037726e+14
      433.651   3.7585061e+14
      433.670   3.7223882e+14
      433.689   3.6978301e+14
      433.708   3.6569266e+14
      433.727   3.6287006e+14
      433.745   3.6020974e+14
      433.764   3.5680937e+14
      433.783   3.5180725e+14
      433.802   3.4710873e+14
      433.821   3.4143308e+14
      433.839   3.3491583e+14
      433.858   3.2728137e+14
      433.877   3.1990689e+14
      433.896   3.1282142e+14
      433.915   3.0531926e+14
      433.934   2.9742517e+14
      433.952   2.9062455e+14
      433.971   2.8378266e+14
      433.990   2.7696077e+14
      434.009   2.7002642e+14
      434.028   2.6296098e+14
      434.047   2.5895913e+14
      434.065   2.5818225e+14
      434.084   2.5868563e+14
      434.103   2.6154136e+14
      434.122   2.6552197e+14
      434.141   2.6895412e+14
      434.160   2.6949120e+14
      434.179   2.7126278e+14
      434.197   2.7156112e+14
      434.216   2.7216889e+14
      434.235   2.7220285e+14
      434.254   2.7406400e+14
      434.273   2.7347866e+14
      434.292   2.7358731e+14
      434.311   2.7608274e+14
      434.329   2.7982716e+14
      434.348   2.8392279e+14
      434.367   2.9028375e+14
      434.386   2.9853520e+14
      434.405   3.0629632e+14
      434.424   3.1346137e+14
      434.443   3.2145816e+14
      434.461   3.2872741e+14
      434.480   3.3461773e+14
      434.499   3.3851650e+14
      434.518   3.4252354e+14
      434.537   3.4667398e+14
      434.556   3.5062992e+14
      434.575   3.5397052e+14
      434.594   3.5654424e+14
      434.613   3.5711729e+14
      434.631   3.5524891e+14
      434.650   3.5289393e+14
      434.669   3.5079794e+14
      434.688   3.5017003e+14
      434.707   3.5121580e+14
      434.726   3.5273252e+14
      434.745   3.5565152e+14
      434.764   3.5816004e+14
      434.783   3.6025606e+14
      434.802   3.6418817e+14
      434.820   3.6905744e+14
      434.839   3.7216251e+14
      434.858   3.7441939e+14
      434.877   3.7614528e+14
      434.896   3.7470074e+14
      434.915   3.7145068e+14
      434.934   3.6866311e+14
      434.953   3.6579852e+14
      434.972   3.6240433e+14
      434.991   3.5773970e+14
      435.010   3.5318191e+14
      435.029   3.4774344e+14
      435.047   3.4208187e+14
      435.066   3.3703500e+14
      435.085   3.3333294e+14
      435.104   3.2880851e+14
      435.123   3.2478825e+14
      435.142   3.2401888e+14
      435.161   3.2268268e+14
      435.180   3.2231387e+14
      435.199   3.2497649e+14
      435.218   3.2822473e+14
      435.237   3.3029178e+14
      435.256   3.3350106e+14
      435.275   3.3621212e+14
      435.294   3.3611369e+14
      435.313   3.3590723e+14
      435.331   3.3451847e+14
      435.350   3.3112813e+14
      435.369   3.2889438e+14
      435.388   3.2919031e+14
      435.407   3.2882160e+14
      435.426   3.2849017e+14
      435.445   3.3003041e+14
      435.464   3.3071066e+14
      435.483   3.3067641e+14
      435.502   3.3156036e+14
      435.521   3.3471717e+14
      435.540   3.4130638e+14
      435.559   3.5047233e+14
      435.578   3.6086068e+14
      435.597   3.7136187e+14
      435.616   3.8142748e+14
      435.635   3.8952592e+14
      435.654   3.9545131e+14
      435.673   4.0022590e+14
      435.692   4.0360216e+14
      435.711   4.0475499e+14
      435.730   4.0477938e+14
      435.749   4.0441087e+14
      435.768   4.0273507e+14
      435.787   3.9947740e+14
      435.806   3.9646265e+14
      435.825   3.9507950e+14
      435.844   3.9254248e+14
      435.863   3.9140851e+14
      435.882   3.9339697e+14
      435.901   3.9556638e+14
      435.920   3.9484204e+14
      435.939   3.9605946e+14
      435.958   3.9754307e+14
      435.977   4.0018077e+14
      435.996   4.0342583e+14
      436.015   4.0833880e+14
      436.034   4.1279872e+14
      436.053   4.1607577e+14
      436.072   4.1723591e+14
      436.091   4.1602539e+14
      436.110   4.1302202e+14
      436.129   4.0881842e+14
      436.148   4.0419854e+14
      436.167   3.9942648e+14
      436.186   3.9468739e+14
      436.205   3.9221528e+14
      436.224   3.9278423e+14
      436.243   3.9340101e+14
      436.262   3.9442562e+14
      436.281   3.9750361e+14
      436.300   4.0028223e+14
      436.319   4.0366647e+14
      436.338   4.0807046e+14
      436.357   4.1248098e+14
      436.376   4.1774287e+14
      436.395   4.2333585e+14
      436.414   4.2523575e+14
      436.433   4.2708584e+14
      436.453   4.3018956e+14
      436.472   4.3114501e+14
      436.491   4.2848770e+14
      436.510   4.2596951e+14
      436.529   4.2327222e+14
      436.548   4.1941749e+14
      436.567   4.1581431e+14
      436.586   4.1168641e+14
      436.605   4.0653198e+14
      436.624   4.0094618e+14
      436.643   3.9646968e+14
      436.662   3.9263614e+14
      436.681   3.9217286e+14
      436.700   3.9428707e+14
      436.719   3.9812119e+14
      436.738   4.0073127e+14
      436.758   4.0433338e+14
      436.777   4.0738740e+14
      436.796   4.0817812e+14
      436.815   4.0425646e+14
      436.834   4.0056775e+14
      436.853   3.9528555e+14
      436.872   3.9012387e+14
      436.891   3.8646762e+14
      436.910   3.8542704e+14
      436.929   3.8281593e+14
      436.948   3.8005882e+14
      436.967   3.7479155e+14
      436.987   3.6888509e+14
      437.006   3.6549813e+14
      437.025   3.6466284e+14
      437.044   3.6479619e+14
      437.063   3.6590456e+14
      437.082   3.6719426e+14
      437.101   3.6667980e+14
      437.120   3.6551524e+14
      437.139   3.6671960e+14
      437.158   3.6947020e+14
      437.178   3.7319684e+14
      437.197   3.7556230e+14
      437.216   3.7785710e+14
      437.235   3.7730321e+14
      437.254   3.7390253e+14
      437.273   3.6821531e+14
      437.292   3.6369691e+14
      437.311   3.5804223e+14
      437.331   3.5358845e+14
      437.350   3.5321915e+14
      437.369   3.5405675e+14
      437.388   3.5449210e+14
      437.407   3.5462313e+14
      437.426   3.5070768e+14
      437.445   3.4598728e+14
      437.464   3.4278848e+14
      437.484   3.4184600e+14
      437.503   3.4289606e+14
      437.522   3.4671311e+14
      437.541   3.5021965e+14
      437.560   3.4977089e+14
      437.579   3.4840246e+14
      437.598   3.4689834e+14
      437.618   3.4476915e+14
      437.637   3.4433887e+14
      437.656   3.4622561e+14
      437.675   3.4720105e+14
      437.694   3.4774902e+14
      437.713   3.5013666e+14
      437.733   3.5048096e+14
      437.752   3.4973163e+14
      437.771   3.5071362e+14
      437.790   3.5371914e+14
      437.809   3.5654758e+14
      437.828   3.5857724e+14
      437.848   3.6318000e+14
      437.867   3.6768440e+14
      437.886   3.7016945e+14
      437.905   3.7099585e+14
      437.924   3.7259857e+14
      437.943   3.7655929e+14
      437.963   3.8182728e+14
      437.982   3.8733075e+14
      438.001   3.9400953e+14
      438.020   4.0056553e+14
      438.039   4.0452377e+14
      438.059   4.0523543e+14
      438.078   4.0635348e+14
      438.097   4.0659070e+14
      438.116   4.0447352e+14
      438.135   4.0101189e+14
      438.154   3.9561286e+14
      438.174   3.8714555e+14
      438.193   3.7777296e+14
      438.212   3.6869834e+14
      438.231   3.5883601e+14
      438.251   3.5089440e+14
      438.270   3.4541732e+14
      438.289   3.4079391e+14
      438.308   3.3506562e+14
      438.327   3.2920743e+14
      438.347   3.2257684e+14
      438.366   3.1548369e+14
      438.385   3.0914600e+14
      438.404   3.0620778e+14
      438.423   3.0437626e+14
      438.443   3.0507850e+14
      438.462   3.0705645e+14
      438.481   3.0980314e+14
      438.500   3.1247271e+14
      438.520   3.1224581e+14
      438.539   3.1077761e+14
      438.558   3.0822507e+14
      438.577   3.0448789e+14
      438.596   3.0056242e+14
      438.616   2.9793880e+14
      438.635   2.9752486e+14
      438.654   3.0061680e+14
      438.673   3.0586733e+14
      438.693   3.1450783e+14
      438.712   3.2578757e+14
      438.731   3.3771165e+14
      438.750   3.4889673e+14
      438.770   3.6000384e+14
      438.789   3.6893561e+14
      438.808   3.7495882e+14
      438.827   3.7968662e+14
      438.847   3.8464956e+14
      438.866   3.9031026e+14
      438.885   3.9531290e+14
      438.904   3.9858513e+14
      438.924   4.0006900e+14
      438.943   3.9959349e+14
      438.962   3.9847415e+14
      438.982   3.9669059e+14
      439.001   3.9413306e+14
      439.020   3.9237393e+14
      439.039   3.9101411e+14
      439.059   3.8882294e+14
      439.078   3.8708429e+14
      439.097   3.8735289e+14
      439.117   3.8915977e+14
      439.136   3.9181900e+14
      439.155   3.9502022e+14
      439.174   3.9778050e+14
      439.194   3.9959451e+14
      439.213   3.9896021e+14
      439.232   3.9647868e+14
      439.252   3.9382642e+14
      439.271   3.9230044e+14
      439.290   3.9184556e+14
      439.309   3.9322149e+14
      439.329   3.9520753e+14
      439.348   3.9627401e+14
      439.367   3.9552840e+14
      439.387   3.9331877e+14
      439.406   3.9197849e+14
      439.425   3.9179340e+14
      439.445   3.9277945e+14
      439.464   3.9445943e+14
      439.483   3.9594291e+14
      439.502   3.9603017e+14
      439.522   3.9542553e+14
      439.541   3.9424599e+14
      439.560   3.9369251e+14
      439.580   3.9410106e+14
      439.599   3.9457774e+14
      439.618   3.9551933e+14
      439.638   3.9598877e+14
      439.657   3.9579964e+14
      439.676   3.9461549e+14
      439.696   3.9308467e+14
      439.715   3.9208259e+14
      439.734   3.9276876e+14
      439.754   3.9497488e+14
      439.773   3.9745041e+14
      439.792   3.9880527e+14
      439.812   3.9706260e+14
      439.831   3.9368217e+14
      439.850   3.9028677e+14
      439.870   3.8759198e+14
      439.889   3.8649272e+14
      439.909   3.8786105e+14
      439.928   3.8925999e+14
      439.947   3.8986668e+14
      439.967   3.8875371e+14
      439.986   3.8573412e+14
      440.005   3.8188193e+14
      440.025   3.7906606e+14
      440.044   3.7806235e+14
      440.063   3.7941299e+14
      440.083   3.8297692e+14
      440.102   3.8711255e+14
      440.121   3.9008695e+14
      440.141   3.9105791e+14
      440.160   3.9095203e+14
      440.180   3.9027885e+14
      440.199   3.8985417e+14
      440.218   3.9001873e+14
      440.238   3.8999567e+14
      440.257   3.8869822e+14
      440.276   3.8548114e+14
      440.296   3.7969058e+14
      440.315   3.7204376e+14
      440.335   3.6450411e+14
      440.354   3.5786074e+14
      440.373   3.5336749e+14
      440.393   3.5218407e+14
      440.412   3.5318630e+14
      440.432   3.5468909e+14
      440.451   3.5637571e+14
      440.470   3.5849074e+14
      440.490   3.6107080e+14
      440.509   3.6456328e+14
      440.529   3.6848538e+14
      440.548   3.7236072e+14
      440.567   3.7479408e+14
      440.587   3.7452034e+14
      440.606   3.7112116e+14
      440.626   3.6711579e+14
      440.645   3.6310056e+14
      440.665   3.5877096e+14
      440.684   3.5443779e+14
      440.703   3.5185165e+14
      440.723   3.4992770e+14
      440.742   3.4787661e+14
      440.762   3.4662658e+14
      440.781   3.4728915e+14
      440.800   3.4976895e+14
      440.820   3.5451265e+14
      440.839   3.6208170e+14
      440.859   3.7156667e+14
      440.878   3.8102217e+14
      440.898   3.8937024e+14
      440.917   3.9563554e+14
      440.937   3.9930303e+14
      440.956   4.0107193e+14
      440.975   4.0259097e+14
      440.995   4.0404817e+14
      441.014   4.0567840e+14
      441.034   4.0749981e+14
      441.053   4.0922358e+14
      441.073   4.0988697e+14
      441.092   4.1008458e+14
      441.112   4.1096476e+14
      441.131   4.1327573e+14
      441.151   4.1608230e+14
      441.170   4.1970612e+14
      441.189   4.2415890e+14
      441.209   4.2827908e+14
      441.228   4.3053480e+14
      441.248   4.3185615e+14
      441.267   4.3326675e+14
      441.287   4.3386469e+14
      441.306   4.3291303e+14
      441.326   4.3051076e+14
      441.345   4.2624490e+14
      441.365   4.2007546e+14
      441.384   4.1259939e+14
      441.404   4.0519109e+14
      441.423   3.9954008e+14
      441.443   3.9664668e+14
      441.462   3.9597665e+14
      441.482   3.9625483e+14
      441.501   3.9591518e+14
      441.521   3.9464607e+14
      441.540   3.9311883e+14
      441.560   3.9068726e+14
      441.579   3.8818691e+14
      441.599   3.8626435e+14
      441.618   3.8505632e+14
      441.638   3.8410203e+14
      441.657   3.8282013e+14
      441.677   3.8156018e+14
      441.696   3.8173332e+14
      441.716   3.8319887e+14
      441.735   3.8489509e+14
      441.755   3.8773662e+14
      441.774   3.9182448e+14
      441.794   3.9564856e+14
      441.813   3.9833619e+14
      441.833   4.0115595e+14
      441.852   4.0599571e+14
      441.872   4.1253784e+14
      441.891   4.2034401e+14
      441.911   4.3007235e+14
      441.930   4.4008498e+14
      441.950   4.4762140e+14
      441.969   4.5195315e+14
      441.989   4.5388993e+14
      442.008   4.5413892e+14
      442.028   4.5381801e+14
      442.048   4.5357502e+14
      442.067   4.5397591e+14
      442.087   4.5402395e+14
      442.106   4.5365727e+14
      442.126   4.5341427e+14
      442.145   4.5181787e+14
      442.165   4.4961736e+14
      442.184   4.4870828e+14
      442.204   4.4826030e+14
      442.223   4.4642278e+14
      442.243   4.4431010e+14
      442.263   4.4197557e+14
      442.282   4.3912043e+14
      442.302   4.3587162e+14
      442.321   4.3395692e+14
      442.341   4.3402276e+14
      442.360   4.3425396e+14
      442.380   4.3303030e+14
      442.400   4.3126405e+14
      442.419   4.2901292e+14
      442.439   4.2519867e+14
      442.458   4.2139742e+14
      442.478   4.1930698e+14
      442.497   4.1870355e+14
      442.517   4.1880649e+14
      442.537   4.1942678e+14
      442.556   4.1897314e+14
      442.576   4.1677637e+14
      442.595   4.1426564e+14
      442.615   4.1229853e+14
      442.635   4.1128805e+14
      442.654   4.1289747e+14
      442.674   4.1688263e+14
      442.693   4.2058178e+14
      442.713   4.2321366e+14
      442.733   4.2581841e+14
      442.752   4.2745661e+14
      442.772   4.2812855e+14
      442.791   4.2871460e+14
      442.811   4.2885415e+14
      442.831   4.2754184e+14
      442.850   4.2401314e+14
      442.870   4.1872467e+14
      442.889   4.1300526e+14
      442.909   4.0805582e+14
      442.929   4.0453278e+14
      442.948   4.0385576e+14
      442.968   4.0547161e+14
      442.987   4.0742274e+14
      443.007   4.0904743e+14
      443.027   4.0969764e+14
      443.046   4.0899996e+14
      443.066   4.0898411e+14
      443.086   4.1084192e+14
      443.105   4.1326796e+14
      443.125   4.1678637e+14
      443.145   4.2027551e+14
      443.164   4.2151352e+14
      443.184   4.2052514e+14
      443.203   4.1809946e+14
      443.223   4.1408994e+14
      443.243   4.1024518e+14
      443.262   4.0828206e+14
      443.282   4.0787684e+14
      443.302   4.0820362e+14
      443.321   4.0789899e+14
      443.341   4.0590885e+14
      443.361   4.0371319e+14
      443.380   4.0237988e+14
      443.400   4.0199759e+14
      443.420   4.0383741e+14
      443.439   4.0830938e+14
      443.459   4.1146403e+14
      443.479   4.1229057e+14
      443.498   4.1195846e+14
      443.518   4.0963112e+14
      443.538   4.0579209e+14
      443.557   4.0361794e+14
      443.577   4.0276969e+14
      443.597   4.0255021e+14
      443.616   4.0365740e+14
      443.636   4.0540286e+14
      443.656   4.0658312e+14
      443.675   4.0709129e+14
      443.695   4.0775716e+14
      443.715   4.1006641e+14
      443.734   4.1429580e+14
      443.754   4.1862815e+14
      443.774   4.2262198e+14
      443.794   4.2569057e+14
      443.813   4.2615735e+14
      443.833   4.2581380e+14
      443.853   4.2758643e+14
      443.872   4.3022691e+14
      443.892   4.3266726e+14
      443.912   4.3695954e+14
      443.931   4.4134231e+14
      443.951   4.4360755e+14
      443.971   4.4566117e+14
      443.991   4.4771286e+14
      444.010   4.4808112e+14
      444.030   4.4879792e+14
      444.050   4.4943853e+14
      444.069   4.4769814e+14
      444.089   4.4493699e+14
      444.109   4.4223923e+14
      444.129   4.3760811e+14
      444.148   4.3148545e+14
      444.168   4.2628742e+14
      444.188   4.2397203e+14
      444.208   4.2175400e+14
      444.227   4.1844719e+14
      444.247   4.1577075e+14
      444.267   4.1366228e+14
      444.286   4.0977170e+14
      444.306   4.0602788e+14
      444.326   4.0529282e+14
      444.346   4.0573895e+14
      444.365   4.0649594e+14
      444.385   4.0838011e+14
      444.405   4.1127391e+14
      444.425   4.1366745e+14
      444.444   4.1605819e+14
      444.464   4.1849878e+14
      444.484   4.2016323e+14
      444.504   4.2160510e+14
      444.523   4.2210420e+14
      444.543   4.2084124e+14
      444.563   4.1931928e+14
      444.583   4.1979809e+14
      444.603   4.1959785e+14
      444.622   4.1921215e+14
      444.642   4.2122731e+14
      444.662   4.2546030e+14
      444.682   4.2924586e+14
      444.701   4.3321112e+14
      444.721   4.3862519e+14
      444.741   4.4318017e+14
      444.761   4.4589095e+14
      444.780   4.4772009e+14
      444.800   4.5039738e+14
      444.820   4.5190309e+14
      444.840   4.5191432e+14
      444.860   4.5087679e+14
      444.879   4.4763233e+14
      444.899   4.4294891e+14
      444.919   4.3800612e+14
      444.939   4.3378693e+14
      444.959   4.3083728e+14
      444.978   4.2902668e+14
      444.998   4.2682830e+14
      445.018   4.2523170e+14
      445.038   4.2489684e+14
      445.058   4.2533934e+14
      445.077   4.2626506e+14
      445.097   4.2767630e+14
      445.117   4.2993319e+14
      445.137   4.3215419e+14
      445.157   4.3244210e+14
      445.177   4.3211383e+14
      445.196   4.3244520e+14
      445.216   4.3089512e+14
      445.236   4.2813790e+14
      445.256   4.2668305e+14
      445.276   4.2515789e+14
      445.295   4.2192279e+14
      445.315   4.1701571e+14
      445.335   4.1111977e+14
      445.355   4.0380754e+14
      445.375   3.9743835e+14
      445.395   3.9437421e+14
      445.414   3.9326258e+14
      445.434   3.9284913e+14
      445.454   3.9390698e+14
      445.474   3.9387843e+14
      445.494   3.9211253e+14
      445.514   3.9074415e+14
      445.534   3.9015823e+14
      445.553   3.8856957e+14
      445.573   3.8740919e+14
      445.593   3.8533619e+14
      445.613   3.8403944e+14
      445.633   3.8232990e+14
      445.653   3.7989261e+14
      445.673   3.7829112e+14
      445.692   3.7801604e+14
      445.712   3.7721858e+14
      445.732   3.7547839e+14
      445.752   3.7224009e+14
      445.772   3.6844819e+14
      445.792   3.6526444e+14
      445.812   3.6303171e+14
      445.831   3.6359645e+14
      445.851   3.6803794e+14
      445.871   3.7344406e+14
      445.891   3.7887628e+14
      445.911   3.8294887e+14
      445.931   3.8642786e+14
      445.951   3.8857240e+14
      445.971   3.8940787e+14
      445.991   3.8796950e+14
      446.010   3.8577833e+14
      446.030   3.8213998e+14
      446.050   3.7786030e+14
      446.070   3.7359726e+14
      446.090   3.7113119e+14
      446.110   3.7136748e+14
      446.130   3.7180413e+14
      446.150   3.7364442e+14
      446.170   3.7715280e+14
      446.190   3.8098747e+14
      446.209   3.8366692e+14
      446.229   3.8641787e+14
      446.249   3.9052836e+14
      446.269   3.9538084e+14
      446.289   3.9892974e+14
      446.309   4.0074873e+14
      446.329   4.0231861e+14
      446.349   4.0247573e+14
      446.369   4.0185068e+14
      446.389   4.0268982e+14
      446.409   4.0468850e+14
      446.429   4.0635488e+14
      446.449   4.0831774e+14
      446.468   4.0967424e+14
      446.488   4.0892578e+14
      446.508   4.0831789e+14
      446.528   4.0927491e+14
      446.548   4.1141963e+14
      446.568   4.1446009e+14
      446.588   4.2021974e+14
      446.608   4.2663467e+14
      446.628   4.3230166e+14
      446.648   4.3609246e+14
      446.668   4.3781268e+14
      446.688   4.3696917e+14
      446.708   4.3545160e+14
      446.728   4.3408102e+14
      446.748   4.3149651e+14
      446.768   4.2706847e+14
      446.788   4.2225380e+14
      446.808   4.1837959e+14
      446.828   4.1635276e+14
      446.848   4.1565714e+14
      446.867   4.1621949e+14
      446.887   4.1756617e+14
      446.907   4.1752152e+14
      446.927   4.1549833e+14
      446.947   4.1345144e+14
      446.967   4.1165202e+14
      446.987   4.1047997e+14
      447.007   4.1095529e+14
      447.027   4.1359239e+14
      447.047   4.1762164e+14
      447.067   4.2303269e+14
      447.087   4.2776314e+14
      447.107   4.2973533e+14
      447.127   4.2827202e+14
      447.147   4.2518563e+14
      447.167   4.2157569e+14
      447.187   4.1957787e+14
      447.207   4.2026439e+14
      447.227   4.2224320e+14
      447.247   4.2435037e+14
      447.267   4.2742535e+14
      447.287   4.3140424e+14
      447.307   4.3505237e+14
      447.327   4.3882045e+14
      447.347   4.4267649e+14
      447.367   4.4621245e+14
      447.387   4.4929153e+14
      447.407   4.5194355e+14
      447.427   4.5346955e+14
      447.447   4.5253185e+14
      447.467   4.5188907e+14
      447.487   4.4936336e+14
      447.507   4.4599311e+14
      447.527   4.4448640e+14
      447.547   4.4545893e+14
      447.567   4.4548682e+14
      447.587   4.4581610e+14
      447.608   4.4694172e+14
      447.628   4.4822675e+14
      447.648   4.4999080e+14
      447.668   4.5265305e+14
      447.688   4.5550147e+14
      447.708   4.5790546e+14
      447.728   4.5959115e+14
      447.748   4.6080231e+14
      447.768   4.6110682e+14
      447.788   4.6016016e+14
      447.808   4.5776972e+14
      447.828   4.5473524e+14
      447.848   4.4959349e+14
      447.868   4.4406835e+14
      447.888   4.4047014e+14
      447.908   4.3783642e+14
      447.928   4.3463767e+14
      447.948   4.3436968e+14
      447.968   4.3496825e+14
      447.989   4.3472279e+14
      448.009   4.3534495e+14
      448.029   4.3739887e+14
      448.049   4.3665808e+14
      448.069   4.3343243e+14
      448.089   4.3082927e+14
      448.109   4.2668914e+14
      448.129   4.2092826e+14
      448.149   4.1788317e+14
      448.169   4.1756506e+14
      448.189   4.1674382e+14
      448.209   4.1647915e+14
      448.229   4.1645204e+14
      448.250   4.1458887e+14
      448.270   4.1056403e+14
      448.290   4.0651317e+14
      448.310   4.0442560e+14
      448.330   4.0377259e+14
      448.350   4.0573233e+14
      448.370   4.1147236e+14
      448.390   4.1724936e+14
      448.410   4.2073501e+14
      448.430   4.2344559e+14
      448.451   4.2459372e+14
      448.471   4.2570453e+14
      448.491   4.2785665e+14
      448.511   4.3240843e+14
      448.531   4.3659646e+14
      448.551   4.4044630e+14
      448.571   4.4470793e+14
      448.591   4.4853931e+14
      448.612   4.5122139e+14
      448.632   4.5537483e+14
      448.652   4.5893509e+14
      448.672   4.5972011e+14
      448.692   4.5992657e+14
      448.712   4.5983292e+14
      448.732   4.5757635e+14
      448.752   4.5462509e+14
      448.773   4.5325453e+14
      448.793   4.5173487e+14
      448.813   4.4939384e+14
      448.833   4.4785023e+14
      448.853   4.4617351e+14
      448.873   4.4346950e+14
      448.893   4.3962664e+14
      448.914   4.3695743e+14
      448.934   4.3554149e+14
      448.954   4.3628519e+14
      448.974   4.3554476e+14
      448.994   4.3516665e+14
      449.014   4.3420178e+14
      449.035   4.3318686e+14
      449.055   4.3205268e+14
      449.075   4.3201257e+14
      449.095   4.3308383e+14
      449.115   4.3486748e+14
      449.135   4.3612565e+14
      449.156   4.3757171e+14
      449.176   4.3879790e+14
      449.196   4.4008004e+14
      449.216   4.4108766e+14
      449.236   4.4147290e+14
      449.256   4.4148475e+14
      449.277   4.4144193e+14
      449.297   4.3882630e+14
      449.317   4.3819397e+14
      449.337   4.3874019e+14
      449.357   4.3982107e+14
      449.378   4.4041145e+14
      449.398   4.4268418e+14
      449.418   4.4425068e+14
      449.438   4.4464053e+14
      449.458   4.4261678e+14
      449.479   4.4207568e+14
      449.499   4.4289928e+14
      449.519   4.4168480e+14
      449.539   4.4033919e+14
      449.559   4.4008027e+14
      449.580   4.3916943e+14
      449.600   4.3685890e+14
      449.620   4.3584356e+14
      449.640   4.3550276e+14
      449.661   4.3417894e+14
      449.681   4.3294192e+14
      449.701   4.3196698e+14
      449.721   4.3007222e+14
      449.741   4.2746811e+14
      449.762   4.2662061e+14
      449.782   4.2561080e+14
      449.802   4.2750024e+14
      449.822   4.3162323e+14
      449.843   4.3673224e+14
      449.863   4.3989313e+14
      449.883   4.4340688e+14
      449.903   4.4629323e+14
      449.924   4.4724377e+14
      449.944   4.4716984e+14
      449.964   4.4758611e+14
      449.984   4.4845621e+14
      450.004   4.4721892e+14
      450.025   4.4666869e+14
      450.045   4.4774538e+14
      450.065   4.4828655e+14
      450.086   4.4788899e+14
      450.106   4.4764514e+14
      450.126   4.4771317e+14
      450.146   4.4709919e+14
      450.167   4.4761365e+14
      450.187   4.4790970e+14
      450.207   4.4944077e+14
      450.227   4.5111625e+14
      450.248   4.5372688e+14
      450.268   4.5671749e+14
      450.288   4.5997528e+14
      450.308   4.6156983e+14
      450.329   4.6111890e+14
      450.349   4.5953679e+14
      450.369   4.5766167e+14
      450.390   4.5708999e+14
      450.410   4.5736940e+14
      450.430   4.5765966e+14
      450.450   4.5756249e+14
      450.471   4.5912853e+14
      450.491   4.6117379e+14
      450.511   4.6343875e+14
      450.532   4.6672381e+14
      450.552   4.6988515e+14
      450.572   4.7238138e+14
      450.593   4.7439882e+14
      450.613   4.7730916e+14
      450.633   4.8028221e+14
      450.653   4.8268693e+14
      450.674   4.8198031e+14
      450.694   4.8109578e+14
      450.714   4.7929550e+14
      450.735   4.7758893e+14
      450.755   4.7665020e+14
      450.775   4.7718089e+14
      450.796   4.7699309e+14
      450.816   4.7611447e+14
      450.836   4.7587581e+14
      450.857   4.7648099e+14
      450.877   4.7768210e+14
      450.897   4.7796294e+14
      450.918   4.7739142e+14
      450.938   4.7668490e+14
      450.958   4.7571762e+14
      450.979   4.7433746e+14
      450.999   4.7343452e+14
      451.019   4.7392540e+14
      451.040   4.7363429e+14
      451.060   4.7312015e+14
      451.080   4.7286255e+14
      451.101   4.7253688e+14
      451.121   4.7103065e+14
      451.141   4.6978523e+14
      451.162   4.6798424e+14
      451.182   4.6806284e+14
      451.202   4.6921546e+14
      451.223   4.7162654e+14
      451.243   4.7337260e+14
      451.264   4.7359040e+14
      451.284   4.7220885e+14
      451.304   4.7042809e+14
      451.325   4.6882932e+14
      451.345   4.6761138e+14
      451.365   4.6662630e+14
      451.386   4.6428278e+14
      451.406   4.6234174e+14
      451.427   4.6187511e+14
      451.447   4.6235479e+14
      451.467   4.6410771e+14
      451.488   4.6651121e+14
      451.508   4.6895069e+14
      451.528   4.7002855e+14
      451.549   4.7060455e+14
      451.569   4.7138903e+14
      451.590   4.7043481e+14
      451.610   4.6840249e+14
      451.630   4.6708239e+14
      451.651   4.6460385e+14
      451.671   4.6126937e+14
      451.692   4.5861557e+14
      451.712   4.5530214e+14
      451.732   4.5201009e+14
      451.753   4.4924543e+14
      451.773   4.4897145e+14
      451.794   4.5095678e+14
      451.814   4.5431049e+14
      451.834   4.5502563e+14
      451.855   4.5419982e+14
      451.875   4.5288062e+14
      451.896   4.5285805e+14
      451.916   4.5327510e+14
      451.937   4.5534550e+14
      451.957   4.5876070e+14
      451.977   4.6095586e+14
      451.998   4.6130514e+14
      452.018   4.6063607e+14
      452.039   4.5967627e+14
      452.059   4.5921233e+14
      452.080   4.5651748e+14
      452.100   4.5235021e+14
      452.120   4.4869687e+14
      452.141   4.4644206e+14
      452.161   4.4492309e+14
      452.182   4.4579042e+14
      452.202   4.4893893e+14
      452.223   4.5424314e+14
      452.243   4.5919034e+14
      452.264   4.6339103e+14
      452.284   4.6735764e+14
      452.304   4.6879150e+14
      452.325   4.6708355e+14
      452.345   4.6335355e+14
      452.366   4.6040229e+14
      452.386   4.5961590e+14
      452.407   4.6054265e+14
      452.427   4.6176679e+14
      452.448   4.6401677e+14
      452.468   4.6439792e+14
      452.489   4.5992388e+14
      452.509   4.5443223e+14
      452.530   4.4850211e+14
      452.550   4.4378814e+14
      452.571   4.3766681e+14
      452.591   4.3415227e+14
      452.612   4.3259765e+14
      452.632   4.3400722e+14
      452.653   4.3534638e+14
      452.673   4.3725152e+14
      452.694   4.3637597e+14
      452.714   4.3236941e+14
      452.735   4.2686436e+14
      452.755   4.2057492e+14
      452.776   4.1558380e+14
      452.796   4.1219030e+14
      452.817   4.1136543e+14
      452.837   4.1038177e+14
      452.858   4.1074897e+14
      452.878   4.1318836e+14
      452.899   4.1604847e+14
      452.919   4.1574216e+14
      452.940   4.1329852e+14
      452.960   4.0803404e+14
      452.981   4.0063813e+14
      453.001   3.9460459e+14
      453.022   3.9276577e+14
      453.042   3.9549730e+14
      453.063   3.9957000e+14
      453.083   4.0531117e+14
      453.104   4.1059281e+14
      453.124   4.1463988e+14
      453.145   4.1555551e+14
      453.165   4.1415786e+14
      453.186   4.1178881e+14
      453.206   4.1113137e+14
      453.227   4.1119813e+14
      453.248   4.1182365e+14
      453.268   4.1622745e+14
      453.289   4.2058505e+14
      453.309   4.2211980e+14
      453.330   4.2276329e+14
      453.350   4.2300079e+14
      453.371   4.2163626e+14
      453.391   4.1709899e+14
      453.412   4.1122332e+14
      453.432   4.0327697e+14
      453.453   3.9753001e+14
      453.474   3.9548561e+14
      453.494   3.9676404e+14
      453.515   4.0271373e+14
      453.535   4.1126350e+14
      453.556   4.1809873e+14
      453.576   4.2126422e+14
      453.597   4.2368761e+14
      453.618   4.2469150e+14
      453.638   4.2475577e+14
      453.659   4.2492518e+14
      453.679   4.2827390e+14
      453.700   4.3145275e+14
      453.721   4.3294290e+14
      453.741   4.3557921e+14
      453.762   4.4064540e+14
      453.782   4.4340595e+14
      453.803   4.4532424e+14
      453.823   4.4942767e+14
      453.844   4.5372780e+14
      453.865   4.5581610e+14
      453.885   4.5498182e+14
      453.906   4.5553027e+14
      453.926   4.5582818e+14
      453.947   4.5814691e+14
      453.968   4.6104951e+14
      453.988   4.6528128e+14
      454.009   4.7021753e+14
      454.030   4.7367882e+14
      454.050   4.7403200e+14
      454.071   4.7238343e+14
      454.091   4.7099179e+14
      454.112   4.6876991e+14
      454.133   4.6765470e+14
      454.153   4.6673358e+14
      454.174   4.6684457e+14
      454.194   4.6700208e+14
      454.215   4.6759282e+14
      454.236   4.6709382e+14
      454.256   4.6704736e+14
      454.277   4.6663075e+14
      454.298   4.6395603e+14
      454.318   4.6142749e+14
      454.339   4.5937323e+14
      454.360   4.5469770e+14
      454.380   4.4997059e+14
      454.401   4.4839755e+14
      454.422   4.4685913e+14
      454.442   4.4525431e+14
      454.463   4.4623955e+14
      454.483   4.4826438e+14
      454.504   4.5147001e+14
      454.525   4.5322695e+14
      454.545   4.5431599e+14
      454.566   4.5452416e+14
      454.587   4.5511476e+14
      454.607   4.5401369e+14
      454.628   4.5272681e+14
      454.649   4.5299361e+14
      454.669   4.5343751e+14
      454.690   4.5227865e+14
      454.711   4.4907876e+14
      454.732   4.4752829e+14
      454.752   4.4551145e+14
      454.773   4.4145858e+14
      454.794   4.3309229e+14
      454.814   4.2861344e+14
      454.835   4.2567660e+14
      454.856   4.2267422e+14
      454.876   4.2344081e+14
      454.897   4.2992947e+14
      454.918   4.3527501e+14
      454.938   4.3899763e+14
      454.959   4.4368527e+14
      454.980   4.4700531e+14
      455.000   4.4841485e+14
      455.021   4.4933444e+14
      455.042   4.5061084e+14
      455.063   4.5156538e+14
      455.083   4.5097449e+14
      455.104   4.5193131e+14
      455.125   4.5275987e+14
      455.145   4.5506258e+14
      455.166   4.5683130e+14
      455.187   4.5932482e+14
      455.208   4.6037581e+14
      455.228   4.6163692e+14
      455.249   4.5897119e+14
      455.270   4.5609403e+14
      455.290   4.5267588e+14
      455.311   4.5355709e+14
      455.332   4.5587267e+14
      455.353   4.6039578e+14
      455.373   4.6421509e+14
      455.394   4.6763306e+14
      455.415   4.6593755e+14
      455.436   4.6042750e+14
      455.456   4.5312622e+14
      455.477   4.4732327e+14
      455.498   4.4203803e+14
      455.519   4.3904525e+14
      455.539   4.3836602e+14
      455.560   4.3905752e+14
      455.581   4.3818539e+14
      455.602   4.4032089e+14
      455.622   4.4210065e+14
      455.643   4.4291004e+14
      455.664   4.4352784e+14
      455.685   4.4385815e+14
      455.705   4.4018128e+14
      455.726   4.3637879e+14
      455.747   4.3446258e+14
      455.768   4.3502347e+14
      455.789   4.3671741e+14
      455.809   4.4069407e+14
      455.830   4.4307270e+14
      455.851   4.4435105e+14
      455.872   4.4394928e+14
      455.892   4.4362495e+14
      455.913   4.4322089e+14
      455.934   4.4505963e+14
      455.955   4.4819982e+14
      455.976   4.5331085e+14
      455.996   4.5877880e+14
      456.017   4.6457744e+14
      456.038   4.7021315e+14
      456.059   4.7519752e+14
      456.080   4.7725414e+14
      456.100   4.7807372e+14
      456.121   4.7803963e+14
      456.142   4.7741239e+14
      456.163   4.7640563e+14
      456.184   4.7557763e+14
      456.204   4.7291218e+14
      456.225   4.7233694e+14
      456.246   4.7283908e+14
      456.267   4.7298141e+14
      456.288   4.7304086e+14
      456.308   4.7513234e+14
      456.329   4.7398330e+14
      456.350   4.7285159e+14
      456.371   4.7258599e+14
      456.392   4.7134064e+14
      456.413   4.6965881e+14
      456.433   4.6868058e+14
      456.454   4.6715342e+14
      456.475   4.6506524e+14
      456.496   4.6407897e+14
      456.517   4.6347014e+14
      456.538   4.6187698e+14
      456.558   4.5834659e+14
      456.579   4.5633609e+14
      456.600   4.5490170e+14
      456.621   4.5427046e+14
      456.642   4.5482676e+14
      456.663   4.5520628e+14
      456.684   4.5573645e+14
      456.704   4.5558453e+14
      456.725   4.5584835e+14
      456.746   4.5675424e+14
      456.767   4.5830653e+14
      456.788   4.5946373e+14
      456.809   4.6104256e+14
      456.830   4.6217809e+14
      456.850   4.6259205e+14
      456.871   4.6297423e+14
      456.892   4.6486147e+14
      456.913   4.6884374e+14
      456.934   4.7258385e+14
      456.955   4.7516431e+14
      456.976   4.7678158e+14
      456.997   4.7678659e+14
      457.018   4.7425646e+14
      457.038   4.7040513e+14
      457.059   4.6791368e+14
      457.080   4.6620434e+14
      457.101   4.6470900e+14
      457.122   4.6346480e+14
      457.143   4.6352958e+14
      457.164   4.6329934e+14
      457.185   4.6327234e+14
      457.206   4.6355569e+14
      457.226   4.6493540e+14
      457.247   4.6648458e+14
      457.268   4.6788085e+14
      457.289   4.6885095e+14
      457.310   4.6899247e+14
      457.331   4.6824856e+14
      457.352   4.6747838e+14
      457.373   4.6713449e+14
      457.394   4.6700262e+14
      457.415   4.6712230e+14
      457.436   4.6723536e+14
      457.457   4.6769184e+14
      457.477   4.6800300e+14
      457.498   4.6866510e+14
      457.519   4.7045806e+14
      457.540   4.7346086e+14
      457.561   4.7756199e+14
      457.582   4.8221043e+14
      457.603   4.8652234e+14
      457.624   4.8997713e+14
      457.645   4.9217631e+14
      457.666   4.9231683e+14
      457.687   4.9052754e+14
      457.708   4.8820631e+14
      457.729   4.8584982e+14
      457.750   4.8357411e+14
      457.771   4.8170959e+14
      457.792   4.8080572e+14
      457.813   4.7986457e+14
      457.834   4.7873295e+14
      457.854   4.7708356e+14
      457.875   4.7415666e+14
      457.896   4.7029261e+14
      457.917   4.6683543e+14
      457.938   4.6397339e+14
      457.959   4.6106952e+14
      457.980   4.5772529e+14
      458.001   4.5534195e+14
      458.022   4.5228618e+14
      458.043   4.4832354e+14
      458.064   4.4509196e+14
      458.085   4.4380039e+14
      458.106   4.4212105e+14
      458.127   4.3975824e+14
      458.148   4.3767118e+14
      458.169   4.3534299e+14
      458.190   4.3301021e+14
      458.211   4.3083932e+14
      458.232   4.2893328e+14
      458.253   4.2725056e+14
      458.274   4.2590286e+14
      458.295   4.2450687e+14
      458.316   4.2351387e+14
      458.337   4.2441829e+14
      458.358   4.2666166e+14
      458.379   4.2943336e+14
      458.400   4.3311474e+14
      458.421   4.3573794e+14
      458.442   4.3648093e+14
      458.463   4.3545965e+14
      458.484   4.3447996e+14
      458.505   4.3485037e+14
      458.526   4.3705119e+14
      458.547   4.4060474e+14
      458.568   4.4504206e+14
      458.589   4.4819071e+14
      458.610   4.4819351e+14
      458.631   4.4797052e+14
      458.652   4.4787023e+14
      458.673   4.4693231e+14
      458.695   4.4662243e+14
      458.716   4.4782467e+14
      458.737   4.5065205e+14
      458.758   4.5440520e+14
      458.779   4.5883206e+14
      458.800   4.6307723e+14
      458.821   4.6618440e+14
      458.842   4.6691843e+14
      458.863   4.6656882e+14
      458.884   4.6613371e+14
      458.905   4.6540670e+14
      458.926   4.6512285e+14
      458.947   4.6665999e+14
      458.968   4.6792085e+14
      458.989   4.6908310e+14
      459.010   4.7058992e+14
      459.031   4.7144510e+14
      459.052   4.7079269e+14
      459.074   4.7038491e+14
      459.095   4.6802269e+14
      459.116   4.6531349e+14
      459.137   4.6409437e+14
      459.158   4.6345685e+14
      459.179   4.6363371e+14
      459.200   4.6614623e+14
      459.221   4.6878418e+14
      459.242   4.6976695e+14
      459.263   4.6986066e+14
      459.284   4.6909146e+14
      459.306   4.6773037e+14
      459.327   4.6638352e+14
      459.348   4.6590393e+14
      459.369   4.6482697e+14
      459.390   4.6276172e+14
      459.411   4.6040416e+14
      459.432   4.5738746e+14
      459.453   4.5404539e+14
      459.474   4.5125215e+14
      459.495   4.5011277e+14
      459.517   4.4966831e+14
      459.538   4.4973698e+14
      459.559   4.5049770e+14
      459.580   4.5197685e+14
      459.601   4.5415270e+14
      459.622   4.5833695e+14
      459.643   4.6204918e+14
      459.664   4.6368512e+14
      459.686   4.6444545e+14
      459.707   4.6341376e+14
      459.728   4.5992933e+14
      459.749   4.5783142e+14
      459.770   4.5797954e+14
      459.791   4.5865303e+14
      459.812   4.5951350e+14
      459.834   4.6008265e+14
      459.855   4.5952309e+14
      459.876   4.5837426e+14
      459.897   4.5721653e+14
      459.918   4.5528262e+14
      459.939   4.5370029e+14
      459.960   4.5283464e+14
      459.982   4.5221838e+14
      460.003   4.5240372e+14
      460.024   4.5300029e+14
      460.045   4.5359479e+14
      460.066   4.5434545e+14
      460.087   4.5471123e+14
      460.109   4.5362635e+14
      460.130   4.5088853e+14
      460.151   4.4769946e+14
      460.172   4.4546484e+14
      460.193   4.4401538e+14
      460.214   4.4373181e+14
      460.236   4.4604537e+14
      460.257   4.4885320e+14
      460.278   4.5011006e+14
      460.299   4.5021398e+14
      460.320   4.4852668e+14
      460.342   4.4509506e+14
      460.363   4.4200991e+14
      460.384   4.3973220e+14
      460.405   4.3830601e+14
      460.426   4.3888264e+14
      460.448   4.4115738e+14
      460.469   4.4390240e+14
      460.490   4.4694704e+14
      460.511   4.4953407e+14
      460.532   4.5157098e+14
      460.554   4.5392385e+14
      460.575   4.5539968e+14
      460.596   4.5448443e+14
      460.617   4.5277418e+14
      460.638   4.5235639e+14
      460.660   4.5306261e+14
      460.681   4.5468846e+14
      460.702   4.5820409e+14
      460.723   4.6246662e+14
      460.745   4.6542442e+14
      460.766   4.6694543e+14
      460.787   4.6810312e+14
      460.808   4.6918815e+14
      460.829   4.7026892e+14
      460.851   4.7239722e+14
      460.872   4.7554257e+14
      460.893   4.7845025e+14
      460.914   4.8137358e+14
      460.936   4.8430699e+14
      460.957   4.8477834e+14
      460.978   4.8305932e+14
      460.999   4.8110652e+14
      461.021   4.7879637e+14
      461.042   4.7649155e+14
      461.063   4.7548248e+14
      461.084   4.7557541e+14
      461.106   4.7702727e+14
      461.127   4.7991759e+14
      461.148   4.8180735e+14
      461.170   4.8168780e+14
      461.191   4.8057727e+14
      461.212   4.7833113e+14
      461.233   4.7454581e+14
      461.255   4.7060016e+14
      461.276   4.6772039e+14
      461.297   4.6537402e+14
      461.318   4.6295902e+14
      461.340   4.6156161e+14
      461.361   4.6180608e+14
      461.382   4.6274310e+14
      461.404   4.6402319e+14
      461.425   4.6537292e+14
      461.446   4.6473964e+14
      461.467   4.6404894e+14
      461.489   4.6530727e+14
      461.510   4.6707212e+14
      461.531   4.6962698e+14
      461.553   4.7322906e+14
      461.574   4.7560349e+14
      461.595   4.7598117e+14
      461.617   4.7474230e+14
      461.638   4.7152932e+14
      461.659   4.6872212e+14
      461.681   4.6723110e+14
      461.702   4.6552264e+14
      461.723   4.6394423e+14
      461.744   4.6345610e+14
      461.766   4.6291160e+14
      461.787   4.6181851e+14
      461.808   4.6140529e+14
      461.830   4.6189163e+14
      461.851   4.6168375e+14
      461.872   4.6068093e+14
      461.894   4.5887299e+14
      461.915   4.5622919e+14
      461.936   4.5328258e+14
      461.958   4.5188264e+14
      461.979   4.5248475e+14
      462.000   4.5443638e+14
      462.022   4.5675149e+14
      462.043   4.5853790e+14
      462.065   4.5958538e+14
      462.086   4.5981905e+14
      462.107   4.5905857e+14
      462.129   4.5866803e+14
      462.150   4.5942971e+14
      462.171   4.6010313e+14
      462.193   4.6148242e+14
      462.214   4.6494912e+14
      462.235   4.6954973e+14
      462.257   4.7398833e+14
      462.278   4.7826499e+14
      462.299   4.8236738e+14
      462.321   4.8528654e+14
      462.342   4.8583538e+14
      462.364   4.8564710e+14
      462.385   4.8613195e+14
      462.406   4.8655927e+14
      462.428   4.8686178e+14
      462.449   4.8719643e+14
      462.471   4.8702353e+14
      462.492   4.8597402e+14
      462.513   4.8367944e+14
      462.535   4.8111375e+14
      462.556   4.7944902e+14
      462.577   4.7843213e+14
      462.599   4.7753559e+14
      462.620   4.7775707e+14
      462.642   4.7835117e+14
      462.663   4.7913893e+14
      462.684   4.8021212e+14
      462.706   4.8130867e+14
      462.727   4.8184671e+14
      462.749   4.8127305e+14
      462.770   4.7899902e+14
      462.792   4.7638075e+14
      462.813   4.7335179e+14
      462.834   4.6886216e+14
      462.856   4.6503908e+14
      462.877   4.6354940e+14
      462.899   4.6256964e+14
      462.920   4.6167725e+14
      462.942   4.6177963e+14
      462.963   4.6285044e+14
      462.984   4.6428656e+14
      463.006   4.6594279e+14
      463.027   4.6805547e+14
      463.049   4.7052577e+14
      463.070   4.7162483e+14
      463.092   4.7188590e+14
      463.113   4.7121379e+14
      463.134   4.6843370e+14
      463.156   4.6546392e+14
      463.177   4.6370416e+14
      463.199   4.6191872e+14
      463.220   4.6027158e+14
      463.242   4.5968390e+14
      463.263   4.5899999e+14
      463.285   4.5910990e+14
      463.306   4.5996982e+14
      463.328   4.6192950e+14
      463.349   4.6607256e+14
      463.371   4.7155731e+14
      463.392   4.7543755e+14
      463.414   4.7742268e+14
      463.435   4.7743278e+14
      463.456   4.7506758e+14
      463.478   4.7122518e+14
      463.499   4.6776920e+14
      463.521   4.6515834e+14
      463.542   4.6341269e+14
      463.564   4.6235491e+14
      463.585   4.6150662e+14
      463.607   4.5885277e+14
      463.628   4.5582534e+14
      463.650   4.5316213e+14
      463.671   4.5115169e+14
      463.693   4.4957870e+14
      463.714   4.4954987e+14
      463.736   4.4973484e+14
      463.757   4.4990997e+14
      463.779   4.4923466e+14
      463.800   4.4727004e+14
      463.822   4.4439034e+14
      463.843   4.4110141e+14
      463.865   4.3775548e+14
      463.886   4.3524223e+14
      463.908   4.3418014e+14
      463.929   4.3477605e+14
      463.951   4.3732704e+14
      463.973   4.4187468e+14
      463.994   4.4718707e+14
      464.016   4.5246762e+14
      464.037   4.5690467e+14
      464.059   4.6004744e+14
      464.080   4.6141896e+14
      464.102   4.6266292e+14
      464.123   4.6457835e+14
      464.145   4.6803264e+14
      464.166   4.7272680e+14
      464.188   4.7741128e+14
      464.209   4.8124742e+14
      464.231   4.8401291e+14
      464.253   4.8470121e+14
      464.274   4.8368386e+14
      464.296   4.8315582e+14
      464.317   4.8326604e+14
      464.339   4.8469583e+14
      464.360   4.8706384e+14
      464.382   4.9009692e+14
      464.403   4.9267187e+14
      464.425   4.9399800e+14
      464.447   4.9269086e+14
      464.468   4.8937081e+14
      464.490   4.8606708e+14
      464.511   4.8264873e+14
      464.533   4.7942217e+14
      464.554   4.7727801e+14
      464.576   4.7547000e+14
      464.598   4.7231810e+14
      464.619   4.6968022e+14
      464.641   4.6688765e+14
      464.662   4.6386271e+14
      464.684   4.6206481e+14
      464.706   4.6065107e+14
      464.727   4.5792539e+14
      464.749   4.5449613e+14
      464.770   4.5198770e+14
      464.792   4.4931562e+14
      464.814   4.4734324e+14
      464.835   4.4618746e+14
      464.857   4.4617037e+14
      464.878   4.4600562e+14
      464.900   4.4557956e+14
      464.922   4.4419103e+14
      464.943   4.4176794e+14
      464.965   4.4010131e+14
      464.987   4.3893463e+14
      465.008   4.3868789e+14
      465.030   4.3912781e+14
      465.051   4.3930889e+14
      465.073   4.3799471e+14
      465.095   4.3805896e+14
      465.116   4.3880033e+14
      465.138   4.3992746e+14
      465.160   4.4240015e+14
      465.181   4.4475196e+14
      465.203   4.4523244e+14
      465.224   4.4590314e+14
      465.246   4.4794285e+14
      465.268   4.5012068e+14
      465.289   4.5132563e+14
      465.311   4.5120362e+14
      465.333   4.5107052e+14
      465.354   4.5034454e+14
      465.376   4.4971526e+14
      465.398   4.5047200e+14
      465.419   4.5184642e+14
      465.441   4.5258557e+14
      465.463   4.5268162e+14
      465.484   4.5266987e+14
      465.506   4.5279943e+14
      465.528   4.5311589e+14
      465.549   4.5183102e+14
      465.571   4.5092097e+14
      465.593   4.5038257e+14
      465.614   4.4988991e+14
      465.636   4.4978553e+14
      465.658   4.5010641e+14
      465.679   4.4945776e+14
      465.701   4.4912397e+14
      465.723   4.4947154e+14
      465.745   4.4964328e+14
      465.766   4.4984736e+14
      465.788   4.5070720e+14
      465.810   4.5353809e+14
      465.831   4.5809436e+14
      465.853   4.6332691e+14
      465.875   4.6898552e+14
      465.896   4.7405994e+14
      465.918   4.7705538e+14
      465.940   4.7855171e+14
      465.962   4.7897669e+14
      465.983   4.7841587e+14
      466.005   4.7896557e+14
      466.027   4.7875120e+14
      466.048   4.7778686e+14
      466.070   4.7864196e+14
      466.092   4.8058688e+14
      466.114   4.8164725e+14
      466.135   4.8273336e+14
      466.157   4.8324788e+14
      466.179   4.8193016e+14
      466.200   4.8037502e+14
      466.222   4.7847967e+14
      466.244   4.7686511e+14
      466.266   4.7603066e+14
      466.287   4.7563863e+14
      466.309   4.7460779e+14
      466.331   4.7310196e+14
      466.353   4.7160259e+14
      466.374   4.6995040e+14
      466.396   4.6753200e+14
      466.418   4.6507325e+14
      466.440   4.6312042e+14
      466.461   4.6018279e+14
      466.483   4.5776564e+14
      466.505   4.5624267e+14
      466.527   4.5499622e+14
      466.548   4.5502013e+14
      466.570   4.5504287e+14
      466.592   4.5247534e+14
      466.614   4.4938106e+14
      466.636   4.4650057e+14
      466.657   4.4099702e+14
      466.679   4.3688186e+14
      466.701   4.3497332e+14
      466.723   4.3439471e+14
      466.744   4.3348924e+14
      466.766   4.3289488e+14
      466.788   4.3179153e+14
      466.810   4.3088675e+14
      466.832   4.2999303e+14
      466.853   4.2943535e+14
      466.875   4.2889868e+14
      466.897   4.2756270e+14
      466.919   4.2699235e+14
      466.941   4.2566955e+14
      466.962   4.2509811e+14
      466.984   4.2624477e+14
      467.006   4.2804558e+14
      467.028   4.2996862e+14
      467.050   4.3224464e+14
      467.071   4.3402639e+14
      467.093   4.3666915e+14
      467.115   4.4113264e+14
      467.137   4.4392121e+14
      467.159   4.4565113e+14
      467.181   4.4764487e+14
      467.202   4.5030131e+14
      467.224   4.5155820e+14
      467.246   4.5278608e+14
      467.268   4.5559385e+14
      467.290   4.5944314e+14
      467.312   4.6135316e+14
      467.333   4.6239750e+14
      467.355   4.6359047e+14
      467.377   4.6432313e+14
      467.399   4.6503122e+14
      467.421   4.6581769e+14
      467.443   4.6664439e+14
      467.464   4.6859908e+14
      467.486   4.7005643e+14
      467.508   4.7037378e+14
      467.530   4.7072020e+14
      467.552   4.7161667e+14
      467.574   4.7184926e+14
      467.596   4.7155400e+14
      467.617   4.7086199e+14
      467.639   4.6979082e+14
      467.661   4.6967888e+14
      467.683   4.7205824e+14
      467.705   4.7486501e+14
      467.727   4.7617129e+14
      467.749   4.7758728e+14
      467.771   4.7748462e+14
      467.792   4.7518875e+14
      467.814   4.7260958e+14
      467.836   4.7078401e+14
      467.858   4.6842810e+14
      467.880   4.6573407e+14
      467.902   4.6281837e+14
      467.924   4.6013053e+14
      467.946   4.5928185e+14
      467.968   4.5971083e+14
      467.990   4.6092537e+14
      468.011   4.6135349e+14
      468.033   4.6031672e+14
      468.055   4.5848524e+14
      468.077   4.5549192e+14
      468.099   4.5214691e+14
      468.121   4.4994321e+14
      468.143   4.4924812e+14
      468.165   4.4838728e+14
      468.187   4.4730252e+14
      468.209   4.4446904e+14
      468.231   4.4317794e+14
      468.252   4.4206269e+14
      468.274   4.4117440e+14
      468.296   4.4196786e+14
      468.318   4.4458423e+14
      468.340   4.4502406e+14
      468.362   4.4533403e+14
      468.384   4.4695648e+14
      468.406   4.4934968e+14
      468.428   4.5213058e+14
      468.450   4.5405153e+14
      468.472   4.5488838e+14
      468.494   4.5471049e+14
      468.516   4.5274253e+14
      468.538   4.5175340e+14
      468.560   4.5143415e+14
      468.582   4.5091993e+14
      468.604   4.5120567e+14
      468.626   4.5228024e+14
      468.647   4.5187708e+14
      468.669   4.5032509e+14
      468.691   4.4988690e+14
      468.713   4.5012779e+14
      468.735   4.5077659e+14
      468.757   4.5109832e+14
      468.779   4.5276947e+14
      468.801   4.5552802e+14
      468.823   4.5644184e+14
      468.845   4.5615176e+14
      468.867   4.5637957e+14
      468.889   4.5759843e+14
      468.911   4.5806402e+14
      468.933   4.5824486e+14
      468.955   4.5815208e+14
      468.977   4.5767808e+14
      468.999   4.5652669e+14
      469.021   4.5476756e+14
      469.043   4.5328639e+14
      469.065   4.5167721e+14
      469.087   4.5148104e+14
      469.109   4.5233472e+14
      469.131   4.5371344e+14
      469.153   4.5454484e+14
      469.175   4.5771415e+14
      469.197   4.6089720e+14
      469.219   4.6269848e+14
      469.241   4.6360680e+14
      469.263   4.6451736e+14
      469.285   4.6527323e+14
      469.307   4.6563422e+14
      469.329   4.6616126e+14
      469.351   4.6714401e+14
      469.373   4.6949595e+14
      469.395   4.7089192e+14
      469.417   4.7194460e+14
      469.439   4.7229925e+14
      469.462   4.7222387e+14
      469.484   4.7284122e+14
      469.506   4.7430282e+14
      469.528   4.7605868e+14
      469.550   4.7775854e+14
      469.572   4.7977293e+14
      469.594   4.8057268e+14
      469.616   4.8088746e+14
      469.638   4.8055762e+14
      469.660   4.7986172e+14
      469.682   4.7832793e+14
      469.704   4.7555638e+14
      469.726   4.7110891e+14
      469.748   4.6741347e+14
      469.770   4.6503189e+14
      469.792   4.6403626e+14
      469.814   4.6368978e+14
      469.837   4.6378916e+14
      469.859   4.6228093e+14
      469.881   4.6062662e+14
      469.903   4.5876762e+14
      469.925   4.5700955e+14
      469.947   4.5513442e+14
      469.969   4.5436942e+14
      469.991   4.5282667e+14
      470.013   4.5107471e+14
      470.035   4.4916302e+14
      470.057   4.4851447e+14
      470.079   4.4794895e+14
      470.102   4.4855112e+14
      470.124   4.4749996e+14
      470.146   4.4359116e+14
      470.168   4.3977418e+14
      470.190   4.3708555e+14
      470.212   4.3425726e+14
      470.234   4.3407991e+14
      470.256   4.3784253e+14
      470.278   4.4145251e+14
      470.301   4.4337704e+14
      470.323   4.4479249e+14
      470.345   4.4397911e+14
      470.367   4.4367844e+14
      470.389   4.4222156e+14
      470.411   4.4088828e+14
      470.433   4.3945134e+14
      470.455   4.4043274e+14
      470.478   4.4036678e+14
      470.500   4.4157786e+14
      470.522   4.4340112e+14
      470.544   4.4490049e+14
      470.566   4.4317754e+14
      470.588   4.4066902e+14
      470.610   4.3746253e+14
      470.633   4.3325754e+14
      470.655   4.3227191e+14
      470.677   4.3536478e+14
      470.699   4.3877988e+14
      470.721   4.4159642e+14
      470.743   4.4392701e+14
      470.765   4.4424523e+14
      470.788   4.4252005e+14
      470.810   4.4021292e+14
      470.832   4.3817349e+14
      470.854   4.3715395e+14
      470.876   4.3419773e+14
      470.898   4.3279954e+14
      470.921   4.3370594e+14
      470.943   4.3576011e+14
      470.965   4.3816136e+14
      470.987   4.4177460e+14
      471.009   4.4369858e+14
      471.032   4.4415716e+14
      471.054   4.4250845e+14
      471.076   4.4250866e+14
      471.098   4.4489691e+14
      471.120   4.4820465e+14
      471.143   4.5186733e+14
      471.165   4.5760460e+14
      471.187   4.6153079e+14
      471.209   4.6346080e+14
      471.231   4.6367606e+14
      471.254   4.6368494e+14
      471.276   4.6245781e+14
      471.298   4.6076184e+14
      471.320   4.6000555e+14
      471.342   4.6019136e+14
      471.365   4.6061938e+14
      471.387   4.6344053e+14
      471.409   4.6588085e+14
      471.431   4.6632623e+14
      471.453   4.6705807e+14
      471.476   4.6634109e+14
      471.498   4.6367717e+14
      471.520   4.6164890e+14
      471.542   4.6045486e+14
      471.565   4.5965403e+14
      471.587   4.6030901e+14
      471.609   4.6108131e+14
      471.631   4.6197324e+14
      471.654   4.6261810e+14
      471.676   4.6184998e+14
      471.698   4.6089689e+14
      471.720   4.5986024e+14
      471.743   4.5831458e+14
      471.765   4.5761612e+14
      471.787   4.5941285e+14
      471.809   4.6245291e+14
      471.832   4.6609219e+14
      471.854   4.7085687e+14
      471.876   4.7540309e+14
      471.898   4.7786904e+14
      471.921   4.7930485e+14
      471.943   4.7976255e+14
      471.965   4.7912346e+14
      471.988   4.7924590e+14
      472.010   4.7981429e+14
      472.032   4.8032638e+14
      472.054   4.7953361e+14
      472.077   4.7999017e+14
      472.099   4.7914324e+14
      472.121   4.7780165e+14
      472.144   4.7497756e+14
      472.166   4.7327215e+14
      472.188   4.7200924e+14
      472.210   4.7171491e+14
      472.233   4.7211483e+14
      472.255   4.7325450e+14
      472.277   4.7443946e+14
      472.300   4.7471084e+14
      472.322   4.7467398e+14
      472.344   4.7486988e+14
      472.367   4.7556369e+14
      472.389   4.7673325e+14
      472.411   4.7760019e+14
      472.434   4.7690474e+14
      472.456   4.7655623e+14
      472.478   4.7781185e+14
      472.500   4.7927330e+14
      472.523   4.7977771e+14
      472.545   4.8022021e+14
      472.567   4.8051123e+14
      472.590   4.7797843e+14
      472.612   4.7608168e+14
      472.634   4.7481083e+14
      472.657   4.7539660e+14
      472.679   4.7595420e+14
      472.701   4.7631972e+14
      472.724   4.7603987e+14
      472.746   4.7508742e+14
      472.769   4.7337405e+14
      472.791   4.7156675e+14
      472.813   4.7048520e+14
      472.836   4.6867636e+14
      472.858   4.6817111e+14
      472.880   4.6768615e+14
      472.903   4.6602623e+14
      472.925   4.6473148e+14
      472.947   4.6381430e+14
      472.970   4.6256338e+14
      472.992   4.5887974e+14
      473.015   4.5497132e+14
      473.037   4.5242586e+14
      473.059   4.5041175e+14
      473.082   4.4825367e+14
      473.104   4.5119165e+14
      473.126   4.5569103e+14
      473.149   4.5937275e+14
      473.171   4.6215326e+14
      473.194   4.6264962e+14
      473.216   4.6232124e+14
      473.238   4.6155150e+14
      473.261   4.6088461e+14
      473.283   4.6138675e+14
      473.306   4.6447477e+14
      473.328   4.6628543e+14
      473.350   4.6935484e+14
      473.373   4.7228522e+14
      473.395   4.7312982e+14
      473.418   4.7356813e+14
      473.440   4.7408229e+14
      473.462   4.7334450e+14
      473.485   4.7107686e+14
      473.507   4.6977051e+14
      473.530   4.6945227e+14
      473.552   4.6932780e+14
      473.575   4.6797004e+14
      473.597   4.6808324e+14
      473.619   4.6913645e+14
      473.642   4.6995520e+14
      473.664   4.6966084e+14
      473.687   4.6985220e+14
      473.709   4.7167598e+14
      473.732   4.7220950e+14
      473.754   4.7112895e+14
      473.776   4.7119024e+14
      473.799   4.7223375e+14
      473.821   4.7172401e+14
      473.844   4.7169345e+14
      473.866   4.7160073e+14
      473.889   4.7057069e+14
      473.911   4.6977755e+14
      473.934   4.6960173e+14
      473.956   4.6961089e+14
      473.979   4.7040755e+14
      474.001   4.6916767e+14
      474.024   4.6921626e+14
      474.046   4.7022738e+14
      474.068   4.7108216e+14
      474.091   4.7362949e+14
      474.113   4.7861355e+14
      474.136   4.8205039e+14
      474.158   4.8355674e+14
      474.181   4.8500302e+14
      474.203   4.8447996e+14
      474.226   4.8303245e+14
      474.248   4.8213263e+14
      474.271   4.8352698e+14
      474.293   4.8566219e+14
      474.316   4.8860162e+14
      474.338   4.9035839e+14
      474.361   4.9051925e+14
      474.383   4.8953787e+14
      474.406   4.8729370e+14
      474.428   4.8315814e+14
      474.451   4.8104044e+14
      474.473   4.7993813e+14
      474.496   4.7714158e+14
      474.518   4.7701030e+14
      474.541   4.7899067e+14
      474.563   4.8052086e+14
      474.586   4.8150757e+14
      474.608   4.8280418e+14
      474.631   4.8159596e+14
      474.654   4.8087560e+14
      474.676   4.8058548e+14
      474.699   4.8053716e+14
      474.721   4.8146622e+14
      474.744   4.8317525e+14
      474.766   4.8398196e+14
      474.789   4.8382468e+14
      474.811   4.8253772e+14
      474.834   4.7955075e+14
      474.856   4.7775693e+14
      474.879   4.7674985e+14
      474.901   4.7680459e+14
      474.924   4.7838466e+14
      474.947   4.8278838e+14
      474.969   4.8592845e+14
      474.992   4.8822248e+14
      475.014   4.9082689e+14
      475.037   4.9315096e+14
      475.059   4.9320193e+14
      475.082   4.9133169e+14
      475.105   4.9085659e+14
      475.127   4.8975757e+14
      475.150   4.8958225e+14
      475.172   4.9005804e+14
      475.195   4.9236696e+14
      475.217   4.9289524e+14
      475.240   4.9057882e+14
      475.263   4.8803481e+14
      475.285   4.8541908e+14
      475.308   4.8157421e+14
      475.330   4.7945340e+14
      475.353   4.8143967e+14
      475.376   4.8282594e+14
      475.398   4.8457047e+14
      475.421   4.8703475e+14
      475.443   4.8705818e+14
      475.466   4.8529976e+14
      475.489   4.8131920e+14
      475.511   4.7770783e+14
      475.534   4.7494782e+14
      475.556   4.7383116e+14
      475.579   4.7273577e+14
      475.602   4.7382870e+14
      475.624   4.7455447e+14
      475.647   4.7339766e+14
      475.669   4.7247844e+14
      475.692   4.7255001e+14
      475.715   4.7206860e+14
      475.737   4.6936750e+14
      475.760   4.6922272e+14
      475.783   4.7004284e+14
      475.805   4.7032947e+14
      475.828   4.7167318e+14
      475.851   4.7476957e+14
      475.873   4.7705725e+14
      475.896   4.7827631e+14
      475.919   4.7938623e+14
      475.941   4.7930905e+14
      475.964   4.7944921e+14
      475.986   4.7754845e+14
      476.009   4.7846037e+14
      476.032   4.8066586e+14
      476.054   4.8293420e+14
      476.077   4.8195873e+14
      476.100   4.8161178e+14
      476.122   4.7943259e+14
      476.145   4.7641158e+14
      476.168   4.7415564e+14
      476.190   4.7493234e+14
      476.213   4.7614524e+14
      476.236   4.7430806e+14
      476.259   4.7242050e+14
      476.281   4.7115832e+14
      476.304   4.7001774e+14
      476.327   4.6915503e+14
      476.349   4.7032597e+14
      476.372   4.7117905e+14
      476.395   4.6991736e+14
      476.417   4.6682702e+14
      476.440   4.6461477e+14
      476.463   4.6152249e+14
      476.485   4.5599010e+14
      476.508   4.5329375e+14
      476.531   4.5201039e+14
      476.554   4.4997919e+14
      476.576   4.4779630e+14
      476.599   4.4882876e+14
      476.622   4.5031957e+14
      476.644   4.5262577e+14
      476.667   4.5326182e+14
      476.690   4.5470975e+14
      476.713   4.5435629e+14
      476.735   4.5219796e+14
      476.758   4.5110776e+14
      476.781   4.5250337e+14
      476.803   4.5491087e+14
      476.826   4.5770500e+14
      476.849   4.5986536e+14
      476.872   4.6098793e+14
      476.894   4.6150049e+14
      476.917   4.6202101e+14
      476.940   4.6319178e+14
      476.963   4.6443340e+14
      476.985   4.6609163e+14
      477.008   4.6873200e+14
      477.031   4.7152496e+14
      477.054   4.7406715e+14
      477.076   4.7651947e+14
      477.099   4.7852120e+14
      477.122   4.7818827e+14
      477.145   4.7681210e+14
      477.168   4.7502506e+14
      477.190   4.7462007e+14
      477.213   4.7552869e+14
      477.236   4.7807653e+14
      477.259   4.8113145e+14
      477.281   4.8414464e+14
      477.304   4.8551508e+14
      477.327   4.8577368e+14
      477.350   4.8610539e+14
      477.373   4.8642570e+14
      477.395   4.8677007e+14
      477.418   4.8773459e+14
      477.441   4.8827875e+14
      477.464   4.8808527e+14
      477.487   4.8734139e+14
      477.509   4.8634960e+14
      477.532   4.8523778e+14
      477.555   4.8434963e+14
      477.578   4.8414683e+14
      477.601   4.8444659e+14
      477.623   4.8516804e+14
      477.646   4.8718158e+14
      477.669   4.8943065e+14
      477.692   4.9183078e+14
      477.715   4.9457159e+14
      477.737   4.9692314e+14
      477.760   4.9767389e+14
      477.783   4.9764075e+14
      477.806   4.9705666e+14
      477.829   4.9538918e+14
      477.852   4.9345627e+14
      477.874   4.9150850e+14
      477.897   4.9012624e+14
      477.920   4.8896331e+14
      477.943   4.8862324e+14
      477.966   4.8903328e+14
      477.989   4.8975875e+14
      478.011   4.9074396e+14
      478.034   4.9201163e+14
      478.057   4.9363847e+14
      478.080   4.9497031e+14
      478.103   4.9606905e+14
      478.126   4.9683175e+14
      478.149   4.9688081e+14
      478.171   4.9506688e+14
      478.194   4.9254469e+14
      478.217   4.9004510e+14
      478.240   4.8774209e+14
      478.263   4.8593299e+14
      478.286   4.8576880e+14
      478.309   4.8677599e+14
      478.332   4.8810137e+14
      478.354   4.8981035e+14
      478.377   4.9161203e+14
      478.400   4.9305680e+14
      478.423   4.9356576e+14
      478.446   4.9366954e+14
      478.469   4.9280298e+14
      478.492   4.9047134e+14
      478.515   4.8705911e+14
      478.538   4.8376317e+14
      478.560   4.8081627e+14
      478.583   4.7844470e+14
      478.606   4.7711231e+14
      478.629   4.7643917e+14
      478.652   4.7587369e+14
      478.675   4.7573626e+14
      478.698   4.7662018e+14
      478.721   4.7737360e+14
      478.744   4.7817288e+14
      478.767   4.7772635e+14
      478.790   4.7512455e+14
      478.813   4.7044730e+14
      478.835   4.6607335e+14
      478.858   4.6240540e+14
      478.881   4.6035904e+14
      478.904   4.5959765e+14
      478.927   4.5982823e+14
      478.950   4.5985950e+14
      478.973   4.5934086e+14
      478.996   4.5927126e+14
      479.019   4.6141546e+14
      479.042   4.6509760e+14
      479.065   4.6824381e+14
      479.088   4.7034758e+14
      479.111   4.7111534e+14
      479.134   4.7011602e+14
      479.157   4.6799578e+14
      479.180   4.6646436e+14
      479.203   4.6604238e+14
      479.226   4.6650519e+14
      479.249   4.6726835e+14
      479.272   4.6778866e+14
      479.294   4.6961484e+14
      479.317   4.7298074e+14
      479.340   4.7682853e+14
      479.363   4.8020659e+14
      479.386   4.8358267e+14
      479.409   4.8614725e+14
      479.432   4.8752867e+14
      479.455   4.8828855e+14
      479.478   4.8961969e+14
      479.501   4.9091892e+14
      479.524   4.9167680e+14
      479.547   4.9200121e+14
      479.570   4.9249550e+14
      479.593   4.9368947e+14
      479.616   4.9593908e+14
      479.639   4.9890240e+14
      479.662   5.0159066e+14
      479.685   5.0314785e+14
      479.708   5.0289467e+14
      479.731   5.0122089e+14
      479.754   4.9948721e+14
      479.777   4.9804261e+14
      479.800   4.9712573e+14
      479.823   4.9666789e+14
      479.846   4.9599421e+14
      479.869   4.9484296e+14
      479.892   4.9300519e+14
      479.916   4.9069531e+14
      479.939   4.8784009e+14
      479.962   4.8531745e+14
      479.985   4.8327442e+14
      480.008   4.8232664e+14
      480.031   4.8228576e+14
      480.054   4.8298666e+14
      480.077   4.8364625e+14
      480.100   4.8356642e+14
      480.123   4.8221867e+14
      480.146   4.7992219e+14
      480.169   4.7773116e+14
      480.192   4.7641739e+14
      480.215   4.7643592e+14
      480.238   4.7844632e+14
      480.261   4.8146778e+14
      480.284   4.8367846e+14
      480.307   4.8551029e+14
      480.330   4.8656555e+14
      480.354   4.8652127e+14
      480.377   4.8624612e+14
      480.400   4.8695917e+14
      480.423   4.8798257e+14
      480.446   4.8919680e+14
      480.469   4.9140182e+14
      480.492   4.9379788e+14
      480.515   4.9527698e+14
      480.538   4.9526416e+14
      480.561   4.9441229e+14
      480.584   4.9271668e+14
      480.607   4.9028266e+14
      480.631   4.8833014e+14
      480.654   4.8815375e+14
      480.677   4.8846487e+14
      480.700   4.8888181e+14
      480.723   4.8967362e+14
      480.746   4.8960082e+14
      480.769   4.8838713e+14
      480.792   4.8759661e+14
      480.815   4.8677380e+14
      480.839   4.8589669e+14
      480.862   4.8632288e+14
      480.885   4.8684795e+14
      480.908   4.8653340e+14
      480.931   4.8654774e+14
      480.954   4.8701540e+14
      480.977   4.8668923e+14
      481.000   4.8655639e+14
      481.024   4.8609587e+14
      481.047   4.8499905e+14
      481.070   4.8400811e+14
      481.093   4.8308363e+14
      481.116   4.8255516e+14
      481.139   4.8304156e+14
      481.162   4.8382271e+14
      481.186   4.8428258e+14
      481.209   4.8444929e+14
      481.232   4.8417149e+14
      481.255   4.8391677e+14
      481.278   4.8331432e+14
      481.301   4.8202564e+14
      481.325   4.8121921e+14
      481.348   4.8088827e+14
      481.371   4.8005989e+14
      481.394   4.8010422e+14
      481.417   4.8202795e+14
      481.440   4.8400026e+14
      481.464   4.8560521e+14
      481.487   4.8775298e+14
      481.510   4.8922138e+14
      481.533   4.8971774e+14
      481.556   4.9078088e+14
      481.580   4.9209393e+14
      481.603   4.9251219e+14
      481.626   4.9205029e+14
      481.649   4.9097995e+14
      481.672   4.8926194e+14
      481.696   4.8776155e+14
      481.719   4.8757580e+14
      481.742   4.8865541e+14
      481.765   4.9006932e+14
      481.788   4.9188206e+14
      481.812   4.9405337e+14
      481.835   4.9594950e+14
      481.858   4.9779048e+14
      481.881   4.9952330e+14
      481.904   5.0043319e+14
      481.928   4.9982490e+14
      481.951   4.9803940e+14
      481.974   4.9595637e+14
      481.997   4.9410596e+14
      482.021   4.9244782e+14
      482.044   4.9123597e+14
      482.067   4.9064432e+14
      482.090   4.9014721e+14
      482.114   4.9024614e+14
      482.137   4.9162664e+14
      482.160   4.9362080e+14
      482.183   4.9454477e+14
      482.207   4.9440399e+14
      482.230   4.9330478e+14
      482.253   4.9004113e+14
      482.276   4.8595814e+14
      482.300   4.8340325e+14
      482.323   4.8190637e+14
      482.346   4.8057081e+14
      482.369   4.8006590e+14
      482.393   4.8010672e+14
      482.416   4.8008873e+14
      482.439   4.8056480e+14
      482.462   4.8184640e+14
      482.486   4.8304380e+14
      482.509   4.8360078e+14
      482.532   4.8402634e+14
      482.556   4.8408802e+14
      482.579   4.8351612e+14
      482.602   4.8308961e+14
      482.625   4.8321264e+14
      482.649   4.8308731e+14
      482.672   4.8285237e+14
      482.695   4.8414174e+14
      482.719   4.8655460e+14
      482.742   4.8804748e+14
      482.765   4.8926333e+14
      482.789   4.9094225e+14
      482.812   4.9155311e+14
      482.835   4.9105981e+14
      482.859   4.9116580e+14
      482.882   4.9152031e+14
      482.905   4.9137344e+14
      482.928   4.9088471e+14
      482.952   4.8945173e+14
      482.975   4.8697552e+14
      482.998   4.8491955e+14
      483.022   4.8346035e+14
      483.045   4.8217797e+14
      483.068   4.8160033e+14
      483.092   4.8168262e+14
      483.115   4.8090618e+14
      483.138   4.7926509e+14
      483.162   4.7727588e+14
      483.185   4.7544247e+14
      483.208   4.7410602e+14
      483.232   4.7344329e+14
      483.255   4.7380613e+14
      483.279   4.7527775e+14
      483.302   4.7719935e+14
      483.325   4.7926228e+14
      483.349   4.8137046e+14
      483.372   4.8289484e+14
      483.395   4.8343862e+14
      483.419   4.8301449e+14
      483.442   4.8145554e+14
      483.465   4.8024810e+14
      483.489   4.7996715e+14
      483.512   4.8011992e+14
      483.536   4.8102123e+14
      483.559   4.8310621e+14
      483.582   4.8476567e+14
      483.606   4.8600527e+14
      483.629   4.8756316e+14
      483.653   4.8926361e+14
      483.676   4.9035200e+14
      483.699   4.9026937e+14
      483.723   4.8938678e+14
      483.746   4.8805402e+14
      483.770   4.8604611e+14
      483.793   4.8382168e+14
      483.816   4.8222902e+14
      483.840   4.8076001e+14
      483.863   4.7800688e+14
      483.887   4.7462244e+14
      483.910   4.7144954e+14
      483.933   4.6864915e+14
      483.957   4.6691723e+14
      483.980   4.6664799e+14
      484.004   4.6703057e+14
      484.027   4.6778973e+14
      484.051   4.6896234e+14
      484.074   4.6923063e+14
      484.097   4.6869021e+14
      484.121   4.6762727e+14
      484.144   4.6560844e+14
      484.168   4.6222343e+14
      484.191   4.5915668e+14
      484.215   4.5776385e+14
      484.238   4.5742429e+14
      484.262   4.5730604e+14
      484.285   4.5810911e+14
      484.308   4.5933185e+14
      484.332   4.6033553e+14
      484.355   4.6166753e+14
      484.379   4.6497585e+14
      484.402   4.6884455e+14
      484.426   4.7226958e+14
      484.449   4.7564296e+14
      484.473   4.7857480e+14
      484.496   4.8024668e+14
      484.520   4.8225609e+14
      484.543   4.8462420e+14
      484.567   4.8584778e+14
      484.590   4.8594322e+14
      484.613   4.8508988e+14
      484.637   4.8283419e+14
      484.660   4.8029874e+14
      484.684   4.7838588e+14
      484.707   4.7802842e+14
      484.731   4.7816638e+14
      484.754   4.7844001e+14
      484.778   4.7859185e+14
      484.801   4.7860095e+14
      484.825   4.7821907e+14
      484.849   4.7809710e+14
      484.872   4.7756312e+14
      484.896   4.7631987e+14
      484.919   4.7477605e+14
      484.943   4.7349309e+14
      484.966   4.7218806e+14
      484.990   4.7070980e+14
      485.013   4.6892363e+14
      485.037   4.6680152e+14
      485.060   4.6406971e+14
      485.084   4.6124585e+14
      485.107   4.5916598e+14
      485.131   4.5902617e+14
      485.154   4.5979796e+14
      485.178   4.6173923e+14
      485.201   4.6464115e+14
      485.225   4.6728204e+14
      485.248   4.6847021e+14
      485.272   4.6939254e+14
      485.296   4.6932052e+14
      485.319   4.6817174e+14
      485.343   4.6634776e+14
      485.366   4.6423681e+14
      485.390   4.6003064e+14
      485.413   4.5520476e+14
      485.437   4.5072576e+14
      485.460   4.4648461e+14
      485.484   4.4273207e+14
      485.508   4.4140809e+14
      485.531   4.4140791e+14
      485.555   4.4172253e+14
      485.578   4.4219663e+14
      485.602   4.4276935e+14
      485.625   4.4289243e+14
      485.649   4.4201442e+14
      485.673   4.4089684e+14
      485.696   4.3984789e+14
      485.720   4.3818126e+14
      485.743   4.3581809e+14
      485.767   4.3317885e+14
      485.791   4.3009278e+14
      485.814   4.2526803e+14
      485.838   4.2016445e+14
      485.861   4.1473377e+14
      485.885   4.0961287e+14
      485.909   4.0567089e+14
      485.932   4.0254655e+14
      485.956   3.9790575e+14
      485.979   3.9162778e+14
      486.003   3.8370489e+14
      486.027   3.7431977e+14
      486.050   3.6527715e+14
      486.074   3.5756804e+14
      486.098   3.5144297e+14
      486.121   3.4678291e+14
      486.145   3.4301224e+14
      486.169   3.4002805e+14
      486.192   3.3741753e+14
      486.216   3.3446528e+14
      486.239   3.3159576e+14
      486.263   3.2909687e+14
      486.287   3.2626244e+14
      486.310   3.2510353e+14
      486.334   3.2683750e+14
      486.358   3.3078399e+14
      486.381   3.3565009e+14
      486.405   3.4174954e+14
      486.429   3.4771693e+14
      486.452   3.5281066e+14
      486.476   3.5780089e+14
      486.500   3.6566870e+14
      486.523   3.7530472e+14
      486.547   3.8543655e+14
      486.571   3.9617063e+14
      486.594   4.0636438e+14
      486.618   4.1360312e+14
      486.642   4.1874996e+14
      486.665   4.2281513e+14
      486.689   4.2541577e+14
      486.713   4.2806555e+14
      486.736   4.3113656e+14
      486.760   4.3423222e+14
      486.784   4.3800185e+14
      486.808   4.4241302e+14
      486.831   4.4597264e+14
      486.855   4.4820948e+14
      486.879   4.5034154e+14
      486.902   4.5138631e+14
      486.926   4.5101205e+14
      486.950   4.4887256e+14
      486.973   4.4612074e+14
      486.997   4.4346765e+14
      487.021   4.4031494e+14
      487.045   4.3620704e+14
      487.068   4.3222177e+14
      487.092   4.2975775e+14
      487.116   4.2721657e+14
      487.140   4.2578792e+14
      487.163   4.2640897e+14
      487.187   4.2838616e+14
      487.211   4.2992251e+14
      487.234   4.3064879e+14
      487.258   4.3040521e+14
      487.282   4.3050225e+14
      487.306   4.3080693e+14
      487.329   4.3030599e+14
      487.353   4.3066902e+14
      487.377   4.3148946e+14
      487.401   4.3062274e+14
      487.424   4.2956632e+14
      487.448   4.2804136e+14
      487.472   4.2656295e+14
      487.496   4.2665055e+14
      487.520   4.2898340e+14
      487.543   4.3219818e+14
      487.567   4.3934447e+14
      487.591   4.4758610e+14
      487.615   4.5378110e+14
      487.638   4.5770445e+14
      487.662   4.5799858e+14
      487.686   4.5578766e+14
      487.710   4.5288795e+14
      487.734   4.5068603e+14
      487.757   4.5073647e+14
      487.781   4.5421989e+14
      487.805   4.5725524e+14
      487.829   4.5960899e+14
      487.852   4.6231479e+14
      487.876   4.6399401e+14
      487.900   4.6509411e+14
      487.924   4.6689958e+14
      487.948   4.6941989e+14
      487.972   4.7197073e+14
      487.995   4.7440894e+14
      488.019   4.7566373e+14
      488.043   4.7588394e+14
      488.067   4.7418396e+14
      488.091   4.7204006e+14
      488.114   4.7026674e+14
      488.138   4.6920885e+14
      488.162   4.7022780e+14
      488.186   4.7371161e+14
      488.210   4.7716072e+14
      488.234   4.8060529e+14
      488.257   4.8460089e+14
      488.281   4.8665337e+14
      488.305   4.8661928e+14
      488.329   4.8605004e+14
      488.353   4.8424687e+14
      488.377   4.8152751e+14
      488.400   4.7856415e+14
      488.424   4.7691948e+14
      488.448   4.7485629e+14
      488.472   4.7193985e+14
      488.496   4.6937616e+14
      488.520   4.6843445e+14
      488.544   4.6612292e+14
      488.568   4.6505013e+14
      488.591   4.6655512e+14
      488.615   4.6828765e+14
      488.639   4.6890751e+14
      488.663   4.6997392e+14
      488.687   4.6978958e+14
      488.711   4.6808303e+14
      488.735   4.6597184e+14
      488.759   4.6176073e+14
      488.782   4.5771474e+14
      488.806   4.5501366e+14
      488.830   4.5314492e+14
      488.854   4.5253664e+14
      488.878   4.5348352e+14
      488.902   4.5342713e+14
      488.926   4.5051490e+14
      488.950   4.4694060e+14
      488.974   4.4135680e+14
      488.998   4.3398076e+14
      489.021   4.2758926e+14
      489.045   4.2456960e+14
      489.069   4.2365276e+14
      489.093   4.2483446e+14
      489.117   4.2821569e+14
      489.141   4.3053262e+14
      489.165   4.3127960e+14
      489.189   4.2893082e+14
      489.213   4.2565502e+14
      489.237   4.2260825e+14
      489.261   4.2281204e+14
      489.285   4.2471976e+14
      489.309   4.2846743e+14
      489.333   4.3260640e+14
      489.356   4.3615963e+14
      489.380   4.3657246e+14
      489.404   4.3559239e+14
      489.428   4.3726725e+14
      489.452   4.4025098e+14
      489.476   4.4354414e+14
      489.500   4.5027506e+14
      489.524   4.6009307e+14
      489.548   4.6783487e+14
      489.572   4.7456801e+14
      489.596   4.8146351e+14
      489.620   4.8534996e+14
      489.644   4.8723872e+14
      489.668   4.8862419e+14
      489.692   4.9012214e+14
      489.716   4.9267450e+14
      489.740   4.9659288e+14
      489.764   4.9982294e+14
      489.788   5.0297590e+14
      489.812   5.0585977e+14
      489.836   5.0589684e+14
      489.860   5.0394205e+14
      489.884   5.0269252e+14
      489.908   5.0158817e+14
      489.932   5.0015088e+14
      489.956   5.0013846e+14
      489.980   5.0098633e+14
      490.004   5.0153880e+14
      490.028   5.0216640e+14
      490.052   5.0313634e+14
      490.076   5.0381567e+14
      490.100   5.0402854e+14
      490.124   5.0301511e+14
      490.148   5.0063929e+14
      490.172   4.9635213e+14
      490.196   4.9271179e+14
      490.220   4.9005603e+14
      490.244   4.8785963e+14
      490.268   4.8595858e+14
      490.292   4.8450292e+14
      490.316   4.8285250e+14
      490.340   4.8123236e+14
      490.364   4.8068413e+14
      490.388   4.8186003e+14
      490.412   4.8465022e+14
      490.436   4.8783947e+14
      490.461   4.9104893e+14
      490.485   4.9349027e+14
      490.509   4.9500507e+14
      490.533   4.9641913e+14
      490.557   4.9711758e+14
      490.581   4.9733721e+14
      490.605   4.9665807e+14
      490.629   4.9474190e+14
      490.653   4.9153454e+14
      490.677   4.9094882e+14
      490.701   4.9150626e+14
      490.725   4.9338078e+14
      490.749   4.9598330e+14
      490.773   4.9850157e+14
      490.798   4.9931652e+14
      490.822   4.9885777e+14
      490.846   4.9533228e+14
      490.870   4.9176654e+14
      490.894   4.8839531e+14
      490.918   4.8428406e+14
      490.942   4.8007127e+14
      490.966   4.7707951e+14
      490.990   4.7417899e+14
      491.014   4.7155434e+14
      491.039   4.6745908e+14
      491.063   4.6253789e+14
      491.087   4.5749175e+14
      491.111   4.5233475e+14
      491.135   4.4914617e+14
      491.159   4.4938075e+14
      491.183   4.5036968e+14
      491.207   4.5205181e+14
      491.232   4.5411340e+14
      491.256   4.5488881e+14
      491.280   4.5429168e+14
      491.304   4.5480864e+14
      491.328   4.5536561e+14
      491.352   4.5644670e+14
      491.376   4.5944142e+14
      491.400   4.6400426e+14
      491.425   4.6855203e+14
      491.449   4.7388458e+14
      491.473   4.7983357e+14
      491.497   4.8476505e+14
      491.521   4.8773127e+14
      491.545   4.9018750e+14
      491.570   4.9188306e+14
      491.594   4.9379413e+14
      491.618   4.9448255e+14
      491.642   4.9430780e+14
      491.666   4.9222088e+14
      491.690   4.8885196e+14
      491.715   4.8344195e+14
      491.739   4.7650148e+14
      491.763   4.7034141e+14
      491.787   4.6610743e+14
      491.811   4.6311286e+14
      491.836   4.5975901e+14
      491.860   4.5730029e+14
      491.884   4.5136376e+14
      491.908   4.4251362e+14
      491.932   4.3499689e+14
      491.957   4.2915809e+14
      491.981   4.2418638e+14
      492.005   4.2204072e+14
      492.029   4.2135883e+14
      492.053   4.1886221e+14
      492.078   4.1569527e+14
      492.102   4.1268492e+14
      492.126   4.1127036e+14
      492.150   4.1191316e+14
      492.174   4.1437118e+14
      492.199   4.1765194e+14
      492.223   4.1952417e+14
      492.247   4.2081501e+14
      492.271   4.2430524e+14
      492.296   4.2739865e+14
      492.320   4.2806365e+14
      492.344   4.2989441e+14
      492.368   4.2926187e+14
      492.393   4.2714863e+14
      492.417   4.2844728e+14
      492.441   4.3381631e+14
      492.465   4.4003151e+14
      492.490   4.4825749e+14
      492.514   4.5429964e+14
      492.538   4.5675892e+14
      492.562   4.5665276e+14
      492.587   4.5613985e+14
      492.611   4.5666510e+14
      492.635   4.5787613e+14
      492.659   4.5845572e+14
      492.684   4.5863558e+14
      492.708   4.5844465e+14
      492.732   4.5734632e+14
      492.757   4.5829450e+14
      492.781   4.6020598e+14
      492.805   4.6229437e+14
      492.829   4.6575486e+14
      492.854   4.6761832e+14
      492.878   4.6773412e+14
      492.902   4.7020518e+14
      492.927   4.7381143e+14
      492.951   4.7603776e+14
      492.975   4.7966022e+14
      492.999   4.8308720e+14
      493.024   4.8444049e+14
      493.048   4.8509727e+14
      493.072   4.8551822e+14
      493.097   4.8685544e+14
      493.121   4.8826482e+14
      493.145   4.8866716e+14
      493.170   4.8717651e+14
      493.194   4.8637340e+14
      493.218   4.8421369e+14
      493.243   4.7906103e+14
      493.267   4.7475375e+14
      493.291   4.7333398e+14
      493.316   4.7174765e+14
      493.340   4.6991230e+14
      493.364   4.7109734e+14
      493.389   4.7407003e+14
      493.413   4.7555747e+14
      493.437   4.7511447e+14
      493.462   4.7572512e+14
      493.486   4.7542839e+14
      493.510   4.7311100e+14
      493.535   4.7066928e+14
      493.559   4.6928391e+14
      493.583   4.6633783e+14
      493.608   4.6456588e+14
      493.632   4.6267941e+14
      493.657   4.5954466e+14
      493.681   4.5833777e+14
      493.705   4.5842257e+14
      493.730   4.5485492e+14
      493.754   4.5418375e+14
      493.778   4.5651452e+14
      493.803   4.5625776e+14
      493.827   4.5495348e+14
      493.852   4.5724310e+14
      493.876   4.5637822e+14
      493.900   4.5459180e+14
      493.925   4.5312514e+14
      493.949   4.5468411e+14
      493.974   4.5633632e+14
      493.998   4.5943149e+14
      494.022   4.6277047e+14
      494.047   4.6638243e+14
      494.071   4.6734216e+14
      494.096   4.6712122e+14
      494.120   4.6716160e+14
      494.144   4.6656373e+14
      494.169   4.6695734e+14
      494.193   4.6861464e+14
      494.218   4.7045042e+14
      494.242   4.7371588e+14
      494.267   4.7841302e+14
      494.291   4.8215198e+14
      494.315   4.8644238e+14
      494.340   4.9333066e+14
      494.364   4.9785379e+14
      494.389   5.0059050e+14
      494.413   5.0226922e+14
      494.438   5.0233378e+14
      494.462   4.9969129e+14
      494.486   4.9517744e+14
      494.511   4.9213789e+14
      494.535   4.9013325e+14
      494.560   4.8823346e+14
      494.584   4.8594211e+14
      494.609   4.8700660e+14
      494.633   4.8858843e+14
      494.658   4.8975493e+14
      494.682   4.9114299e+14
      494.707   4.9348827e+14
      494.731   4.9437966e+14
      494.756   4.9424968e+14
      494.780   4.9345587e+14
      494.805   4.9121917e+14
      494.829   4.8893146e+14
      494.854   4.8489038e+14
      494.878   4.8056609e+14
      494.902   4.7751514e+14
      494.927   4.7699116e+14
      494.951   4.7772342e+14
      494.976   4.7979944e+14
      495.000   4.8409584e+14
      495.025   4.8842630e+14
      495.049   4.9160526e+14
      495.074   4.9353503e+14
      495.099   4.9487752e+14
      495.123   4.9470322e+14
      495.148   4.9339292e+14
      495.172   4.9090410e+14
      495.197   4.8919071e+14
      495.221   4.8871766e+14
      495.246   4.8749442e+14
      495.270   4.8640502e+14
      495.295   4.8571242e+14
      495.319   4.8494040e+14
      495.344   4.8427359e+14
      495.368   4.8561306e+14
      495.393   4.8781626e+14
      495.417   4.9062780e+14
      495.442   4.9325576e+14
      495.466   4.9558669e+14
      495.491   4.9591349e+14
      495.516   4.9538211e+14
      495.540   4.9355284e+14
      495.565   4.8749020e+14
      495.589   4.7773427e+14
      495.614   4.6651314e+14
      495.638   4.5636158e+14
      495.663   4.4769201e+14
      495.688   4.4476043e+14
      495.712   4.4628378e+14
      495.737   4.4936877e+14
      495.761   4.5159691e+14
      495.786   4.5369344e+14
      495.810   4.5411922e+14
      495.835   4.5492800e+14
      495.860   4.5600244e+14
      495.884   4.5701920e+14
      495.909   4.5809631e+14
      495.933   4.5968507e+14
      495.958   4.6049193e+14
      495.983   4.6109242e+14
      496.007   4.6154723e+14
      496.032   4.6072639e+14
      496.056   4.5899073e+14
      496.081   4.5851608e+14
      496.106   4.5995922e+14
      496.130   4.6661867e+14
      496.155   4.7680720e+14
      496.179   4.8851269e+14
      496.204   4.9909981e+14
      496.229   5.0794545e+14
      496.253   5.1165791e+14
      496.278   5.1337970e+14
      496.303   5.1407356e+14
      496.327   5.1308038e+14
      496.352   5.1133544e+14
      496.376   5.0980303e+14
      496.401   5.0709343e+14
      496.426   5.0331480e+14
      496.450   4.9839006e+14
      496.475   4.9505715e+14
      496.500   4.9177145e+14
      496.524   4.8896187e+14
      496.549   4.8792292e+14
      496.574   4.8766545e+14
      496.598   4.8613344e+14
      496.623   4.8434094e+14
      496.648   4.8335383e+14
      496.672   4.8040508e+14
      496.697   4.7812958e+14
      496.722   4.7513378e+14
      496.746   4.7269762e+14
      496.771   4.7025500e+14
      496.796   4.6898392e+14
      496.820   4.6679664e+14
      496.845   4.6544446e+14
      496.870   4.6492176e+14
      496.894   4.6204920e+14
      496.919   4.6022106e+14
      496.944   4.6086067e+14
      496.968   4.6470932e+14
      496.993   4.6721351e+14
      497.018   4.7124794e+14
      497.043   4.7450462e+14
      497.067   4.7615301e+14
      497.092   4.7661805e+14
      497.117   4.7653851e+14
      497.141   4.7665783e+14
      497.166   4.7672096e+14
      497.191   4.7952207e+14
      497.216   4.8150513e+14
      497.240   4.8575457e+14
      497.265   4.9055260e+14
      497.290   4.9529150e+14
      497.315   4.9804899e+14
      497.339   5.0037259e+14
      497.364   5.0183135e+14
      497.389   5.0159114e+14
      497.413   5.0386055e+14
      497.438   5.0730440e+14
      497.463   5.0880419e+14
      497.488   5.0917828e+14
      497.512   5.1070116e+14
      497.537   5.0956622e+14
      497.562   5.0829077e+14
      497.587   5.0858870e+14
      497.611   5.0811442e+14
      497.636   5.0725767e+14
      497.661   5.0694618e+14
      497.686   5.0590118e+14
      497.711   5.0199644e+14
      497.735   4.9973811e+14
      497.760   4.9849273e+14
      497.785   4.9683990e+14
      497.810   4.9488921e+14
      497.834   4.9477133e+14
      497.859   4.9031948e+14
      497.884   4.8417364e+14
      497.909   4.8011393e+14
      497.934   4.7692089e+14
      497.958   4.7380769e+14
      497.983   4.7469976e+14
      498.008   4.7451267e+14
      498.033   4.7251008e+14
      498.058   4.7095521e+14
      498.082   4.6784093e+14
      498.107   4.6232294e+14
      498.132   4.5902535e+14
      498.157   4.5391871e+14
      498.182   4.4734823e+14
      498.206   4.4225630e+14
      498.231   4.3906920e+14
      498.256   4.3603668e+14
      498.281   4.3541381e+14
      498.306   4.3541545e+14
      498.331   4.3499509e+14
      498.355   4.3171072e+14
      498.380   4.2901324e+14
      498.405   4.2682583e+14
      498.430   4.2509837e+14
      498.455   4.2359964e+14
      498.480   4.2519126e+14
      498.504   4.2528696e+14
      498.529   4.2481587e+14
      498.554   4.2500065e+14
      498.579   4.2574826e+14
      498.604   4.2730931e+14
      498.629   4.3139174e+14
      498.654   4.3576557e+14
      498.678   4.4066143e+14
      498.703   4.4681576e+14
      498.728   4.4981669e+14
      498.753   4.5361249e+14
      498.778   4.5975641e+14
      498.803   4.6510873e+14
      498.828   4.6878642e+14
      498.853   4.7465742e+14
      498.878   4.7827154e+14
      498.902   4.8033142e+14
      498.927   4.8279815e+14
      498.952   4.8287835e+14
      498.977   4.8397774e+14
      499.002   4.8590075e+14
      499.027   4.8440801e+14
      499.052   4.8364799e+14
      499.077   4.8616085e+14
      499.102   4.8747791e+14
      499.127   4.8664634e+14
      499.151   4.8784076e+14
      499.176   4.8576747e+14
      499.201   4.8279853e+14
      499.226   4.7908901e+14
      499.251   4.7509022e+14
      499.276   4.7277463e+14
      499.301   4.7234084e+14
      499.326   4.7260689e+14
      499.351   4.7360863e+14
      499.376   4.7508341e+14
      499.401   4.7529696e+14
      499.426   4.7489430e+14
      499.451   4.7329470e+14
      499.476   4.7444001e+14
      499.501   4.7915976e+14
      499.525   4.8164729e+14
      499.550   4.8453985e+14
      499.575   4.8942799e+14
      499.600   4.9224706e+14
      499.625   4.9188806e+14
      499.650   4.9233678e+14
      499.675   4.9153078e+14
      499.700   4.9084894e+14
      499.725   4.9102999e+14
      499.750   4.8966922e+14
      499.775   4.9000795e+14
      499.800   4.9079135e+14
      499.825   4.9113740e+14
      499.850   4.8650334e+14
      499.875   4.8695670e+14
      499.900   4.8157843e+14
      499.925   4.7657982e+14
      499.950   4.7183662e+14
      499.975   4.6886017e+14
      500.000   4.6722985e+14
      500.025   4.6245680e+14
      500.050   4.5789856e+14
      500.075   4.5486829e+14
      500.100   4.5096224e+14
      500.125   4.4327637e+14
      500.150   4.4063727e+14
      500.175   4.3890220e+14
      500.200   4.3729613e+14
      500.225   4.3719481e+14
      500.250   4.3751458e+14
      500.275   4.3780087e+14
      500.300   4.3844849e+14
      500.325   4.3962269e+14
      500.350   4.4077301e+14
      500.375   4.4484791e+14
      500.400   4.4936835e+14
      500.425   4.5104586e+14
      500.450   4.4930077e+14
      500.475   4.4716775e+14
      500.500   4.4334931e+14
      500.526   4.4010585e+14
      500.551   4.3934862e+14
      500.576   4.3936461e+14
      500.601   4.3901193e+14
      500.626   4.3905186e+14
      500.651   4.3936229e+14
      500.676   4.3899036e+14
      500.701   4.4005281e+14
      500.726   4.4181462e+14
      500.751   4.4362931e+14
      500.776   4.4562131e+14
      500.801   4.4784587e+14
      500.826   4.4980957e+14
      500.851   4.5122256e+14
      500.877   4.5221731e+14
      500.902   4.5223149e+14
      500.927   4.5264813e+14
      500.952   4.5503894e+14
      500.977   4.6050398e+14
      501.002   4.6644894e+14
      501.027   4.7138108e+14
      501.052   4.7320578e+14
      501.077   4.7301284e+14
      501.102   4.7112558e+14
      501.128   4.6946202e+14
      501.153   4.6937435e+14
      501.178   4.7079678e+14
      501.203   4.7138750e+14
      501.228   4.7051117e+14
      501.253   4.6701697e+14
      501.278   4.6138630e+14
      501.303   4.5602113e+14
      501.329   4.5051006e+14
      501.354   4.4528998e+14
      501.379   4.4253202e+14
      501.404   4.4131093e+14
      501.429   4.4054301e+14
      501.454   4.4078229e+14
      501.479   4.4076494e+14
      501.505   4.3995216e+14
      501.530   4.3893451e+14
      501.555   4.3885951e+14
      501.580   4.4110910e+14
      501.605   4.4451053e+14
      501.630   4.4831286e+14
      501.655   4.5094002e+14
      501.681   4.5013713e+14
      501.706   4.4729112e+14
      501.731   4.4468238e+14
      501.756   4.4206135e+14
      501.781   4.4210643e+14
      501.806   4.4462366e+14
      501.832   4.4655637e+14
      501.857   4.4887972e+14
      501.882   4.5115525e+14
      501.907   4.5148416e+14
      501.932   4.5134248e+14
      501.958   4.5203963e+14
      501.983   4.5230855e+14
      502.008   4.5163624e+14
      502.033   4.4991211e+14
      502.058   4.4678052e+14
      502.084   4.4308043e+14
      502.109   4.3920118e+14
      502.134   4.3621264e+14
      502.159   4.3425421e+14
      502.185   4.3504687e+14
      502.210   4.3866367e+14
      502.235   4.4242733e+14
      502.260   4.4630197e+14
      502.285   4.5046048e+14
      502.311   4.5295050e+14
      502.336   4.5310190e+14
      502.361   4.5294814e+14
      502.386   4.5227287e+14
      502.412   4.5168504e+14
      502.437   4.5160328e+14
      502.462   4.5137968e+14
      502.487   4.5067774e+14
      502.513   4.5074584e+14
      502.538   4.5125775e+14
      502.563   4.5165674e+14
      502.588   4.5297412e+14
      502.614   4.5358092e+14
      502.639   4.5309045e+14
      502.664   4.5295581e+14
      502.689   4.5404510e+14
      502.715   4.5495991e+14
      502.740   4.5664340e+14
      502.765   4.5853635e+14
      502.790   4.5886367e+14
      502.816   4.5806161e+14
      502.841   4.5727525e+14
      502.866   4.5728267e+14
      502.892   4.5852274e+14
      502.917   4.6079165e+14
      502.942   4.6220913e+14
      502.968   4.6249681e+14
      502.993   4.6188137e+14
      503.018   4.6016712e+14
      503.043   4.5839930e+14
      503.069   4.5932505e+14
      503.094   4.6242562e+14
      503.119   4.6609693e+14
      503.145   4.7140378e+14
      503.170   4.7793546e+14
      503.195   4.8239036e+14
      503.221   4.8472106e+14
      503.246   4.8642271e+14
      503.271   4.8698819e+14
      503.297   4.8742461e+14
      503.322   4.8931686e+14
      503.347   4.9147658e+14
      503.373   4.9196150e+14
      503.398   4.9137392e+14
      503.423   4.8875132e+14
      503.449   4.8503605e+14
      503.474   4.8218168e+14
      503.499   4.8104421e+14
      503.525   4.8058698e+14
      503.550   4.8176186e+14
      503.575   4.8321395e+14
      503.601   4.8379498e+14
      503.626   4.8438963e+14
      503.651   4.8514567e+14
      503.677   4.8438730e+14
      503.702   4.8255803e+14
      503.728   4.8112228e+14
      503.753   4.7855532e+14
      503.778   4.7485301e+14
      503.804   4.7196829e+14
      503.829   4.6868464e+14
      503.855   4.6436282e+14
      503.880   4.6227877e+14
      503.905   4.6189396e+14
      503.931   4.5960569e+14
      503.956   4.5736205e+14
      503.981   4.5510377e+14
      504.007   4.4973112e+14
      504.032   4.4259466e+14
      504.058   4.3734139e+14
      504.083   4.3302237e+14
      504.108   4.2955897e+14
      504.134   4.2815554e+14
      504.159   4.2807517e+14
      504.185   4.2814271e+14
      504.210   4.2943472e+14
      504.236   4.3131136e+14
      504.261   4.3282794e+14
      504.286   4.3553154e+14
      504.312   4.3838097e+14
      504.337   4.4011283e+14
      504.363   4.4211110e+14
      504.388   4.4455509e+14
      504.414   4.4622083e+14
      504.439   4.4949773e+14
      504.465   4.5592737e+14
      504.490   4.6328342e+14
      504.515   4.7276158e+14
      504.541   4.8500010e+14
      504.566   4.9663801e+14
      504.592   5.0590046e+14
      504.617   5.1333563e+14
      504.643   5.1743162e+14
      504.668   5.1681235e+14
      504.694   5.1366623e+14
      504.719   5.0849326e+14
      504.745   5.0269064e+14
      504.770   4.9857893e+14
      504.796   4.9651557e+14
      504.821   4.9363235e+14
      504.847   4.9090920e+14
      504.872   4.8914848e+14
      504.898   4.8679673e+14
      504.923   4.8396804e+14
      504.948   4.8236608e+14
      504.974   4.7971414e+14
      505.000   4.7385151e+14
      505.025   4.6658779e+14
      505.050   4.5938370e+14
      505.076   4.5282969e+14
      505.102   4.4806292e+14
      505.127   4.4530750e+14
      505.153   4.4385512e+14
      505.178   4.4391931e+14
      505.204   4.4517816e+14
      505.229   4.4819326e+14
      505.255   4.5308755e+14
      505.280   4.5796206e+14
      505.306   4.6068922e+14
      505.331   4.6321748e+14
      505.357   4.6678160e+14
      505.382   4.6976250e+14
      505.408   4.7294058e+14
      505.433   4.7651929e+14
      505.459   4.7868736e+14
      505.485   4.7944578e+14
      505.510   4.8189618e+14
      505.536   4.8630182e+14
      505.561   4.9162584e+14
      505.587   4.9701195e+14
      505.612   5.0127294e+14
      505.638   5.0345998e+14
      505.663   5.0387800e+14
      505.689   5.0361496e+14
      505.715   5.0345096e+14
      505.740   5.0368753e+14
      505.766   5.0382609e+14
      505.791   5.0359567e+14
      505.817   5.0349221e+14
      505.842   5.0315777e+14
      505.868   5.0232100e+14
      505.894   5.0147684e+14
      505.919   5.0066542e+14
      505.945   5.0010430e+14
      505.970   5.0038927e+14
      505.996   5.0123194e+14
      506.022   5.0222490e+14
      506.047   5.0320233e+14
      506.073   5.0362411e+14
      506.099   5.0420573e+14
      506.124   5.0521486e+14
      506.150   5.0616229e+14
      506.175   5.0720071e+14
      506.201   5.0838806e+14
      506.227   5.0924854e+14
      506.252   5.0969152e+14
      506.278   5.0968270e+14
      506.303   5.0789736e+14
      506.329   5.0364445e+14
      506.355   4.9838104e+14
      506.380   4.9367067e+14
      506.406   4.8968289e+14
      506.432   4.8700304e+14
      506.457   4.8643214e+14
      506.483   4.8676125e+14
      506.509   4.8630040e+14
      506.534   4.8483286e+14
      506.560   4.8313588e+14
      506.586   4.8168593e+14
      506.611   4.7958041e+14
      506.637   4.7706123e+14
      506.663   4.7517441e+14
      506.688   4.7369362e+14
      506.714   4.7091911e+14
      506.740   4.6721097e+14
      506.765   4.6355238e+14
      506.791   4.5904563e+14
      506.817   4.5506710e+14
      506.842   4.5435106e+14
      506.868   4.5700673e+14
      506.894   4.6110552e+14
      506.919   4.6603817e+14
      506.945   4.7090683e+14
      506.971   4.7418481e+14
      506.997   4.7534312e+14
      507.022   4.7513270e+14
      507.048   4.7417562e+14
      507.074   4.7282547e+14
      507.099   4.7092113e+14
      507.125   4.6858556e+14
      507.151   4.6690252e+14
      507.177   4.6614622e+14
      507.202   4.6537683e+14
      507.228   4.6633362e+14
      507.254   4.6967369e+14
      507.279   4.7315879e+14
      507.305   4.7566698e+14
      507.331   4.7735502e+14
      507.357   4.7746312e+14
      507.382   4.7563804e+14
      507.408   4.7360739e+14
      507.434   4.7200862e+14
      507.460   4.6995332e+14
      507.485   4.6709809e+14
      507.511   4.6466844e+14
      507.537   4.6200300e+14
      507.563   4.6046644e+14
      507.588   4.6109250e+14
      507.614   4.6366226e+14
      507.640   4.6739070e+14
      507.666   4.7159299e+14
      507.691   4.7479183e+14
      507.717   4.7637898e+14
      507.743   4.7523851e+14
      507.769   4.7112706e+14
      507.795   4.6503782e+14
      507.820   4.5838832e+14
      507.846   4.5287605e+14
      507.872   4.4989252e+14
      507.898   4.4836408e+14
      507.924   4.4741380e+14
      507.949   4.4563402e+14
      507.975   4.4345874e+14
      508.001   4.4169400e+14
      508.027   4.4049041e+14
      508.053   4.3976074e+14
      508.078   4.3980059e+14
      508.104   4.3962737e+14
      508.130   4.3765288e+14
      508.156   4.3319392e+14
      508.182   4.2738772e+14
      508.208   4.2220569e+14
      508.233   4.1698107e+14
      508.259   4.1284113e+14
      508.285   4.1193954e+14
      508.311   4.1358129e+14
      508.337   4.1737533e+14
      508.363   4.2256067e+14
      508.388   4.2741502e+14
      508.414   4.3183768e+14
      508.440   4.3625351e+14
      508.466   4.3981111e+14
      508.492   4.4311609e+14
      508.518   4.4604440e+14
      508.544   4.4772497e+14
      508.569   4.4807659e+14
      508.595   4.4770411e+14
      508.621   4.4705419e+14
      508.647   4.4623150e+14
      508.673   4.4700001e+14
      508.699   4.4996595e+14
      508.725   4.5241138e+14
      508.750   4.5480753e+14
      508.776   4.5855785e+14
      508.802   4.6183163e+14
      508.828   4.6396412e+14
      508.854   4.6623309e+14
      508.880   4.6811525e+14
      508.906   4.6842513e+14
      508.932   4.6733763e+14
      508.958   4.6606742e+14
      508.984   4.6470212e+14
      509.009   4.6372115e+14
      509.035   4.6382567e+14
      509.061   4.6531324e+14
      509.087   4.6755345e+14
      509.113   4.7044164e+14
      509.139   4.7281385e+14
      509.165   4.7512052e+14
      509.191   4.7729836e+14
      509.217   4.7849478e+14
      509.243   4.7972060e+14
      509.269   4.8138255e+14
      509.295   4.8267442e+14
      509.321   4.8400048e+14
      509.346   4.8503336e+14
      509.372   4.8531442e+14
      509.398   4.8499123e+14
      509.424   4.8574751e+14
      509.450   4.8756388e+14
      509.476   4.8980206e+14
      509.502   4.9157254e+14
      509.528   4.9221232e+14
      509.554   4.9053903e+14
      509.580   4.8825374e+14
      509.606   4.8607060e+14
      509.632   4.8452106e+14
      509.658   4.8397577e+14
      509.684   4.8283555e+14
      509.710   4.7897176e+14
      509.736   4.7390060e+14
      509.762   4.6786088e+14
      509.788   4.6210827e+14
      509.814   4.5773535e+14
      509.840   4.5465939e+14
      509.866   4.5276118e+14
      509.892   4.5183343e+14
      509.918   4.5030075e+14
      509.944   4.4868001e+14
      509.970   4.4783735e+14
      509.996   4.4641882e+14
      510.022   4.4423167e+14
      510.048   4.4382042e+14
      510.074   4.4551246e+14
      510.100   4.4720701e+14
      510.126   4.4850406e+14
      510.152   4.4998907e+14
      510.178   4.5037366e+14
      510.204   4.5055810e+14
      510.230   4.5239256e+14
      510.256   4.5577460e+14
      510.282   4.6059478e+14
      510.308   4.6554967e+14
      510.334   4.6988016e+14
      510.360   4.7360313e+14
      510.386   4.7595687e+14
      510.412   4.7664573e+14
      510.438   4.7833081e+14
      510.465   4.7962635e+14
      510.491   4.7991505e+14
      510.517   4.8062369e+14
      510.543   4.8263421e+14
      510.569   4.8264214e+14
      510.595   4.7905234e+14
      510.621   4.7427255e+14
      510.647   4.7120469e+14
      510.673   4.6835384e+14
      510.699   4.6636516e+14
      510.725   4.6716624e+14
      510.751   4.6940408e+14
      510.777   4.7051571e+14
      510.804   4.7078783e+14
      510.830   4.7034308e+14
      510.856   4.6896723e+14
      510.882   4.6521082e+14
      510.908   4.6119503e+14
      510.934   4.5835197e+14
      510.960   4.5641789e+14
      510.986   4.5542220e+14
      511.012   4.5665574e+14
      511.038   4.5806032e+14
      511.065   4.5794044e+14
      511.091   4.5851154e+14
      511.117   4.6229790e+14
      511.143   4.6735612e+14
      511.169   4.7153456e+14
      511.195   4.7586504e+14
      511.221   4.7953568e+14
      511.247   4.8018632e+14
      511.274   4.7937534e+14
      511.300   4.7910637e+14
      511.326   4.8005054e+14
      511.352   4.8115386e+14
      511.378   4.8231845e+14
      511.404   4.8456201e+14
      511.430   4.8804374e+14
      511.457   4.9094692e+14
      511.483   4.9364641e+14
      511.509   4.9649047e+14
      511.535   4.9829977e+14
      511.561   4.9879754e+14
      511.587   4.9897481e+14
      511.614   4.9911143e+14
      511.640   4.9869889e+14
      511.666   4.9862639e+14
      511.692   4.9976564e+14
      511.718   5.0133091e+14
      511.745   5.0272117e+14
      511.771   5.0429894e+14
      511.797   5.0573246e+14
      511.823   5.0605462e+14
      511.849   5.0553443e+14
      511.876   5.0472139e+14
      511.902   5.0451208e+14
      511.928   5.0505464e+14
      511.954   5.0593759e+14
      511.980   5.0664190e+14
      512.007   5.0647035e+14
      512.033   5.0585690e+14
      512.059   5.0443018e+14
      512.085   5.0285139e+14
      512.111   5.0163014e+14
      512.138   5.0135538e+14
      512.164   5.0058718e+14
      512.190   4.9816011e+14
      512.216   4.9376763e+14
      512.243   4.8920411e+14
      512.269   4.8532288e+14
      512.295   4.8217157e+14
      512.321   4.7993900e+14
      512.348   4.7758704e+14
      512.374   4.7318235e+14
      512.400   4.6860315e+14
      512.426   4.6366312e+14
      512.453   4.5857152e+14
      512.479   4.5423847e+14
      512.505   4.5289849e+14
      512.531   4.5090131e+14
      512.558   4.4854676e+14
      512.584   4.4546289e+14
      512.610   4.4366853e+14
      512.636   4.4121432e+14
      512.663   4.3876074e+14
      512.689   4.3713497e+14
      512.715   4.3838855e+14
      512.742   4.4007479e+14
      512.768   4.4103672e+14
      512.794   4.4114507e+14
      512.821   4.4061156e+14
      512.847   4.3872533e+14
      512.873   4.3833797e+14
      512.899   4.3983740e+14
      512.926   4.4302359e+14
      512.952   4.4704841e+14
      512.978   4.5139024e+14
      513.005   4.5281492e+14
      513.031   4.5405283e+14
      513.057   4.5508960e+14
      513.084   4.5715076e+14
      513.110   4.5949358e+14
      513.136   4.6276199e+14
      513.163   4.6522398e+14
      513.189   4.6594234e+14
      513.215   4.6301262e+14
      513.242   4.5969552e+14
      513.268   4.5746495e+14
      513.294   4.5631456e+14
      513.321   4.5781184e+14
      513.347   4.6206120e+14
      513.373   4.6610954e+14
      513.400   4.6988162e+14
      513.426   4.7330195e+14
      513.452   4.7479710e+14
      513.479   4.7547039e+14
      513.505   4.7704685e+14
      513.532   4.7788733e+14
      513.558   4.7624845e+14
      513.584   4.7383561e+14
      513.611   4.7209905e+14
      513.637   4.7034178e+14
      513.663   4.6904622e+14
      513.690   4.6922069e+14
      513.716   4.7176304e+14
      513.743   4.7402880e+14
      513.769   4.7213360e+14
      513.795   4.6768977e+14
      513.822   4.6453171e+14
      513.848   4.6034519e+14
      513.875   4.5584200e+14
      513.901   4.5457721e+14
      513.927   4.5566958e+14
      513.954   4.5651702e+14
      513.980   4.5704662e+14
      514.007   4.5625201e+14
      514.033   4.5318728e+14
      514.060   4.5166953e+14
      514.086   4.5027384e+14
      514.112   4.4678300e+14
      514.139   4.4234101e+14
      514.165   4.4067663e+14
      514.192   4.3750048e+14
      514.218   4.3377970e+14
      514.245   4.3213018e+14
      514.271   4.3408547e+14
      514.297   4.3912778e+14
      514.324   4.4595714e+14
      514.350   4.5289213e+14
      514.377   4.5999831e+14
      514.403   4.6514360e+14
      514.430   4.6492933e+14
      514.456   4.6174707e+14
      514.483   4.5732522e+14
      514.509   4.5139880e+14
      514.536   4.4792589e+14
      514.562   4.4511630e+14
      514.589   4.4284371e+14
      514.615   4.4268661e+14
      514.642   4.4643609e+14
      514.668   4.4880439e+14
      514.695   4.5233543e+14
      514.721   4.5667832e+14
      514.747   4.6050711e+14
      514.774   4.6176454e+14
      514.800   4.6249203e+14
      514.827   4.6218886e+14
      514.854   4.6180683e+14
      514.880   4.6096848e+14
      514.907   4.5963096e+14
      514.933   4.5703675e+14
      514.960   4.5591326e+14
      514.986   4.5530103e+14
      515.013   4.5538280e+14
      515.039   4.5447750e+14
      515.066   4.5592447e+14
      515.092   4.5701157e+14
      515.119   4.5735526e+14
      515.145   4.5623073e+14
      515.172   4.5752266e+14
      515.198   4.5942267e+14
      515.225   4.6064571e+14
      515.251   4.6074530e+14
      515.278   4.6183544e+14
      515.305   4.6228519e+14
      515.331   4.6093395e+14
      515.358   4.5819614e+14
      515.384   4.5684478e+14
      515.411   4.5412900e+14
      515.437   4.5301648e+14
      515.464   4.5456725e+14
      515.490   4.5708100e+14
      515.517   4.5810964e+14
      515.544   4.6224249e+14
      515.570   4.6650815e+14
      515.597   4.6965582e+14
      515.623   4.7240166e+14
      515.650   4.7545596e+14
      515.677   4.7835506e+14
      515.703   4.8079075e+14
      515.730   4.8176825e+14
      515.756   4.8259266e+14
      515.783   4.8507572e+14
      515.810   4.8551368e+14
      515.836   4.8376072e+14
      515.863   4.8390298e+14
      515.889   4.8520800e+14
      515.916   4.8583330e+14
      515.943   4.8785590e+14
      515.969   4.9120894e+14
      515.996   4.9354707e+14
      516.023   4.9506719e+14
      516.049   4.9536705e+14
      516.076   4.9237957e+14
      516.102   4.8925357e+14
      516.129   4.8627328e+14
      516.156   4.8386955e+14
      516.182   4.8240200e+14
      516.209   4.8300762e+14
      516.236   4.8279494e+14
      516.262   4.8332879e+14
      516.289   4.8344640e+14
      516.316   4.8263716e+14
      516.342   4.8204697e+14
      516.369   4.8147926e+14
      516.396   4.7827633e+14
      516.422   4.7548713e+14
      516.449   4.7240231e+14
      516.476   4.6681761e+14
      516.502   4.6115598e+14
      516.529   4.5549687e+14
      516.556   4.4520267e+14
      516.582   4.3356165e+14
      516.609   4.2318283e+14
      516.636   4.1350136e+14
      516.662   4.0555744e+14
      516.689   4.0133662e+14
      516.716   3.9706132e+14
      516.742   3.8939530e+14
      516.769   3.8034597e+14
      516.796   3.7163908e+14
      516.823   3.6456415e+14
      516.849   3.6096071e+14
      516.876   3.6197118e+14
      516.903   3.6627864e+14
      516.929   3.7059346e+14
      516.956   3.7271878e+14
      516.983   3.7393174e+14
      517.010   3.7214940e+14
      517.036   3.6707869e+14
      517.063   3.5975625e+14
      517.090   3.5353807e+14
      517.117   3.4768655e+14
      517.143   3.4486792e+14
      517.170   3.4282192e+14
      517.197   3.4114580e+14
      517.224   3.3778914e+14
      517.250   3.3744909e+14
      517.277   3.4054731e+14
      517.304   3.4574857e+14
      517.331   3.5282614e+14
      517.357   3.6188571e+14
      517.384   3.6752609e+14
      517.411   3.6940036e+14
      517.438   3.6977138e+14
      517.464   3.6935407e+14
      517.491   3.6799941e+14
      517.518   3.6947658e+14
      517.545   3.7315891e+14
      517.572   3.7762952e+14
      517.598   3.8465822e+14
      517.625   3.9734919e+14
      517.652   4.1186446e+14
      517.679   4.2741161e+14
      517.706   4.4354106e+14
      517.732   4.5953565e+14
      517.759   4.7223023e+14
      517.786   4.8147500e+14
      517.813   4.8776829e+14
      517.840   4.9213508e+14
      517.866   4.9383992e+14
      517.893   4.9387303e+14
      517.920   4.9295470e+14
      517.947   4.9174466e+14
      517.974   4.9041330e+14
      518.001   4.8943770e+14
      518.027   4.8882424e+14
      518.054   4.8739855e+14
      518.081   4.8506532e+14
      518.108   4.8181945e+14
      518.135   4.7610063e+14
      518.162   4.6673869e+14
      518.188   4.5369733e+14
      518.215   4.3716103e+14
      518.242   4.1975950e+14
      518.269   4.0324869e+14
      518.296   3.8888042e+14
      518.323   3.7817625e+14
      518.350   3.7150803e+14
      518.376   3.6741356e+14
      518.403   3.6508351e+14
      518.430   3.6365129e+14
      518.457   3.6339422e+14
      518.484   3.6387212e+14
      518.511   3.6382047e+14
      518.538   3.6398166e+14
      518.565   3.6521454e+14
      518.592   3.6691290e+14
      518.618   3.6890272e+14
      518.645   3.7114864e+14
      518.672   3.7534808e+14
      518.699   3.8064976e+14
      518.726   3.8670483e+14
      518.753   3.9720027e+14
      518.780   4.1154269e+14
      518.807   4.2660752e+14
      518.834   4.4229828e+14
      518.861   4.5818173e+14
      518.888   4.6990347e+14
      518.914   4.7753107e+14
      518.941   4.8225492e+14
      518.968   4.8456896e+14
      518.995   4.8255507e+14
      519.022   4.8048558e+14
      519.049   4.7710901e+14
      519.076   4.7055494e+14
      519.103   4.6387105e+14
      519.130   4.5911179e+14
      519.157   4.5434683e+14
      519.184   4.5132381e+14
      519.211   4.5068010e+14
      519.238   4.5370557e+14
      519.265   4.5913914e+14
      519.292   4.6368325e+14
      519.319   4.6590450e+14
      519.346   4.6508565e+14
      519.373   4.6064305e+14
      519.400   4.5254612e+14
      519.427   4.4419977e+14
      519.454   4.3637312e+14
      519.481   4.3159441e+14
      519.508   4.2913484e+14
      519.534   4.3008051e+14
      519.561   4.3055115e+14
      519.589   4.3369104e+14
      519.615   4.3795821e+14
      519.642   4.4077777e+14
      519.669   4.4422819e+14
      519.696   4.4833948e+14
      519.724   4.4873616e+14
      519.751   4.4927303e+14
      519.778   4.4889131e+14
      519.805   4.4569083e+14
      519.832   4.4226385e+14
      519.859   4.4370699e+14
      519.886   4.4453680e+14
      519.913   4.4850173e+14
      519.940   4.5363485e+14
      519.967   4.6115144e+14
      519.994   4.6692752e+14
      520.021   4.7393940e+14
      520.048   4.7700601e+14
      520.075   4.7619366e+14
      520.102   4.7512756e+14
      520.129   4.7522215e+14
      520.156   4.7566724e+14
      520.183   4.7741262e+14
      520.210   4.8211202e+14
      520.237   4.8751825e+14
      520.264   4.9044858e+14
      520.291   4.8826150e+14
      520.318   4.8619833e+14
      520.346   4.8541225e+14
      520.373   4.8248538e+14
      520.400   4.8055316e+14
      520.427   4.7929231e+14
      520.454   4.7414244e+14
      520.481   4.6983029e+14
      520.508   4.6547517e+14
      520.535   4.5978042e+14
      520.562   4.5524466e+14
      520.589   4.5763753e+14
      520.616   4.6001598e+14
      520.644   4.6113136e+14
      520.671   4.6035107e+14
      520.698   4.5647578e+14
      520.725   4.5022934e+14
      520.752   4.4285892e+14
      520.779   4.3553956e+14
      520.806   4.3338959e+14
      520.833   4.3787220e+14
      520.860   4.4130431e+14
      520.888   4.4236670e+14
      520.915   4.4416540e+14
      520.942   4.4349270e+14
      520.969   4.4508243e+14
      520.996   4.4752717e+14
      521.023   4.5263613e+14
      521.050   4.5880098e+14
      521.078   4.6475327e+14
      521.105   4.6627092e+14
      521.132   4.6666707e+14
      521.159   4.6630288e+14
      521.186   4.6470711e+14
      521.213   4.6825459e+14
      521.241   4.7378815e+14
      521.268   4.7961301e+14
      521.295   4.8506953e+14
      521.322   4.9074869e+14
      521.349   4.8996428e+14
      521.376   4.8519178e+14
      521.404   4.8304619e+14
      521.431   4.8160776e+14
      521.458   4.7837553e+14
      521.485   4.7390057e+14
      521.512   4.7326215e+14
      521.540   4.7049393e+14
      521.567   4.6639955e+14
      521.594   4.6315794e+14
      521.621   4.6334713e+14
      521.648   4.6068155e+14
      521.676   4.5657161e+14
      521.703   4.5480871e+14
      521.730   4.5518210e+14
      521.757   4.5504644e+14
      521.784   4.5597908e+14
      521.812   4.5779651e+14
      521.839   4.5794799e+14
      521.866   4.5705345e+14
      521.893   4.5859062e+14
      521.921   4.6063839e+14
      521.948   4.6185633e+14
      521.975   4.6393596e+14
      522.002   4.6995180e+14
      522.030   4.7430843e+14
      522.057   4.7766299e+14
      522.084   4.8102542e+14
      522.111   4.8613688e+14
      522.139   4.8819216e+14
      522.166   4.8934486e+14
      522.193   4.9244642e+14
      522.221   4.9660132e+14
      522.248   4.9830185e+14
      522.275   4.9872825e+14
      522.302   4.9843738e+14
      522.330   4.9591582e+14
      522.357   4.9234064e+14
      522.384   4.8976984e+14
      522.411   4.8809614e+14
      522.439   4.8715321e+14
      522.466   4.8602906e+14
      522.493   4.8301479e+14
      522.521   4.7676596e+14
      522.548   4.6716482e+14
      522.575   4.5516468e+14
      522.603   4.4516706e+14
      522.630   4.3869340e+14
      522.657   4.3438978e+14
      522.685   4.3277028e+14
      522.712   4.3383846e+14
      522.739   4.3373116e+14
      522.766   4.3276825e+14
      522.794   4.3215895e+14
      522.821   4.2981986e+14
      522.849   4.2745388e+14
      522.876   4.2573727e+14
      522.903   4.2511896e+14
      522.930   4.2576429e+14
      522.958   4.2909082e+14
      522.985   4.3102532e+14
      523.013   4.3321889e+14
      523.040   4.3601008e+14
      523.067   4.4084923e+14
      523.095   4.4883895e+14
      523.122   4.5658843e+14
      523.149   4.6088129e+14
      523.177   4.6424177e+14
      523.204   4.6622700e+14
      523.232   4.6554920e+14
      523.259   4.6557895e+14
      523.286   4.6693359e+14
      523.314   4.6465032e+14
      523.341   4.6320479e+14
      523.368   4.6105024e+14
      523.396   4.5871861e+14
      523.423   4.5830456e+14
      523.451   4.6030150e+14
      523.478   4.5856973e+14
      523.505   4.5785243e+14
      523.533   4.5792284e+14
      523.560   4.5616802e+14
      523.588   4.5379246e+14
      523.615   4.5209981e+14
      523.642   4.4968272e+14
      523.670   4.5109352e+14
      523.697   4.5440104e+14
      523.725   4.5915876e+14
      523.752   4.6400640e+14
      523.780   4.6925420e+14
      523.807   4.7007391e+14
      523.834   4.7120214e+14
      523.862   4.7217104e+14
      523.889   4.7421475e+14
      523.917   4.7825096e+14
      523.944   4.8311418e+14
      523.972   4.8676516e+14
      523.999   4.9142887e+14
      524.027   4.9494775e+14
      524.054   4.9555621e+14
      524.082   4.9440468e+14
      524.109   4.9381393e+14
      524.136   4.9179299e+14
      524.164   4.9108014e+14
      524.191   4.9058441e+14
      524.219   4.9076975e+14
      524.246   4.9099418e+14
      524.274   4.9192497e+14
      524.301   4.9179062e+14
      524.329   4.9179278e+14
      524.356   4.9356869e+14
      524.384   4.9424872e+14
      524.411   4.9282663e+14
      524.439   4.9218118e+14
      524.466   4.9168016e+14
      524.494   4.8974897e+14
      524.521   4.8743729e+14
      524.549   4.8559346e+14
      524.576   4.8266847e+14
      524.604   4.7883007e+14
      524.631   4.7719030e+14
      524.659   4.7734984e+14
      524.687   4.7906934e+14
      524.714   4.8104921e+14
      524.742   4.8503013e+14
      524.769   4.8753570e+14
      524.797   4.8853257e+14
      524.824   4.8911386e+14
      524.852   4.8834949e+14
      524.879   4.8568913e+14
      524.907   4.8011672e+14
      524.934   4.7789792e+14
      524.962   4.7674299e+14
      524.990   4.7704082e+14
      525.017   4.7682878e+14
      525.045   4.7902195e+14
      525.072   4.8056855e+14
      525.100   4.8099465e+14
      525.127   4.8377086e+14
      525.155   4.8740529e+14
      525.182   4.8946533e+14
      525.210   4.8988434e+14
      525.238   4.9044667e+14
      525.265   4.8919038e+14
      525.293   4.8734873e+14
      525.320   4.8579289e+14
      525.348   4.8171519e+14
      525.376   4.7885948e+14
      525.403   4.7419706e+14
      525.431   4.7266381e+14
      525.458   4.7413047e+14
      525.486   4.7763789e+14
      525.514   4.7933696e+14
      525.541   4.8305296e+14
      525.569   4.8559259e+14
      525.597   4.8662295e+14
      525.624   4.8752194e+14
      525.652   4.8872350e+14
      525.679   4.8917225e+14
      525.707   4.8925933e+14
      525.735   4.8714979e+14
      525.762   4.8438767e+14
      525.790   4.8180715e+14
      525.818   4.7982538e+14
      525.845   4.7819512e+14
      525.873   4.8056698e+14
      525.901   4.8272012e+14
      525.928   4.8678050e+14
      525.956   4.9274228e+14
      525.984   4.9744343e+14
      526.011   4.9783726e+14
      526.039   4.9869003e+14
      526.067   4.9537400e+14
      526.094   4.9024185e+14
      526.122   4.8514026e+14
      526.150   4.8226895e+14
      526.177   4.7644585e+14
      526.205   4.7327934e+14
      526.233   4.6793703e+14
      526.260   4.6177782e+14
      526.288   4.5946910e+14
      526.316   4.6124987e+14
      526.343   4.6307046e+14
      526.371   4.6511593e+14
      526.399   4.6399826e+14
      526.427   4.6001677e+14
      526.454   4.5567157e+14
      526.482   4.4818571e+14
      526.510   4.3876968e+14
      526.537   4.3638554e+14
      526.565   4.3226617e+14
      526.593   4.3108139e+14
      526.621   4.3376117e+14
      526.648   4.4020974e+14
      526.676   4.3880086e+14
      526.704   4.4051622e+14
      526.732   4.3853279e+14
      526.759   4.3341133e+14
      526.787   4.2685627e+14
      526.815   4.2295681e+14
      526.843   4.1642098e+14
      526.870   4.1150708e+14
      526.898   4.0185261e+14
      526.926   3.9464983e+14
      526.954   3.9194555e+14
      526.981   3.9052609e+14
      527.009   3.9443447e+14
      527.037   4.0390213e+14
      527.065   4.1083993e+14
      527.093   4.1653316e+14
      527.120   4.2057709e+14
      527.148   4.2065358e+14
      527.176   4.1662971e+14
      527.204   4.1283218e+14
      527.232   4.0955630e+14
      527.259   4.0746187e+14
      527.287   4.0873569e+14
      527.315   4.1585203e+14
      527.343   4.2378422e+14
      527.370   4.3100493e+14
      527.398   4.3950943e+14
      527.426   4.4598887e+14
      527.454   4.4779315e+14
      527.482   4.4778318e+14
      527.510   4.4740982e+14
      527.537   4.4487221e+14
      527.565   4.4277963e+14
      527.593   4.4183534e+14
      527.621   4.4119883e+14
      527.649   4.4105966e+14
      527.677   4.4320545e+14
      527.704   4.4916064e+14
      527.732   4.5579954e+14
      527.760   4.6221460e+14
      527.788   4.6786024e+14
      527.816   4.7112735e+14
      527.844   4.7147510e+14
      527.872   4.7089077e+14
      527.899   4.7114893e+14
      527.927   4.7269424e+14
      527.955   4.7638479e+14
      527.983   4.8151093e+14
      528.011   4.8500294e+14
      528.039   4.8670623e+14
      528.067   4.8716641e+14
      528.095   4.8616066e+14
      528.123   4.8362313e+14
      528.150   4.8251480e+14
      528.178   4.8121274e+14
      528.206   4.7750388e+14
      528.234   4.7256576e+14
      528.262   4.6732606e+14
      528.290   4.6162034e+14
      528.318   4.5684700e+14
      528.346   4.5439462e+14
      528.374   4.5342142e+14
      528.402   4.5450428e+14
      528.430   4.5688501e+14
      528.457   4.5958110e+14
      528.485   4.6235708e+14
      528.513   4.6504240e+14
      528.541   4.6846941e+14
      528.569   4.7208908e+14
      528.597   4.7581055e+14
      528.625   4.7978305e+14
      528.653   4.8371054e+14
      528.681   4.8506707e+14
      528.709   4.8648951e+14
      528.737   4.8997527e+14
      528.765   4.9407153e+14
      528.793   4.9867221e+14
      528.821   5.0449883e+14
      528.849   5.0929834e+14
      528.877   5.1093826e+14
      528.905   5.1148953e+14
      528.933   5.1121264e+14
      528.961   5.1028488e+14
      528.989   5.0944309e+14
      529.017   5.0942977e+14
      529.045   5.0968338e+14
      529.073   5.0983828e+14
      529.101   5.0980321e+14
      529.129   5.0961355e+14
      529.156   5.0921748e+14
      529.185   5.0892752e+14
      529.213   5.0948532e+14
      529.241   5.1012178e+14
      529.269   5.1089003e+14
      529.297   5.1183075e+14
      529.325   5.1262715e+14
      529.353   5.1213334e+14
      529.381   5.1182703e+14
      529.409   5.1258807e+14
      529.437   5.1338971e+14
      529.465   5.1353228e+14
      529.493   5.1318285e+14
      529.521   5.1164670e+14
      529.549   5.0836055e+14
      529.577   5.0349656e+14
      529.605   4.9870040e+14
      529.633   4.9376164e+14
      529.661   4.8787367e+14
      529.689   4.8121378e+14
      529.717   4.7504012e+14
      529.745   4.6894443e+14
      529.773   4.6446415e+14
      529.801   4.6223139e+14
      529.829   4.6168321e+14
      529.857   4.6174657e+14
      529.886   4.6177286e+14
      529.914   4.6031600e+14
      529.942   4.5817118e+14
      529.970   4.5608437e+14
      529.998   4.5510920e+14
      530.026   4.5498180e+14
      530.054   4.5562610e+14
      530.082   4.5627808e+14
      530.110   4.5787978e+14
      530.138   4.5933183e+14
      530.166   4.6173633e+14
      530.195   4.6645551e+14
      530.223   4.7333049e+14
      530.251   4.7976172e+14
      530.279   4.8560453e+14
      530.307   4.8973096e+14
      530.335   4.9164024e+14
      530.363   4.9195689e+14
      530.391   4.9194077e+14
      530.420   4.9242114e+14
      530.448   4.9418367e+14
      530.476   4.9652577e+14
      530.504   4.9881476e+14
      530.532   5.0056775e+14
      530.560   5.0130954e+14
      530.588   5.0129651e+14
      530.617   5.0180050e+14
      530.645   5.0251962e+14
      530.673   5.0314465e+14
      530.701   5.0373170e+14
      530.729   5.0357898e+14
      530.757   5.0292793e+14
      530.786   5.0179213e+14
      530.814   5.0070098e+14
      530.842   5.0008003e+14
      530.870   4.9969049e+14
      530.898   4.9926790e+14
      530.926   4.9919111e+14
      530.955   4.9962155e+14
      530.983   5.0001787e+14
      531.011   5.0045347e+14
      531.039   5.0106084e+14
      531.067   5.0174466e+14
      531.096   5.0281840e+14
      531.124   5.0421215e+14
      531.152   5.0549655e+14
      531.180   5.0655722e+14
      531.208   5.0752886e+14
      531.237   5.0807121e+14
      531.265   5.0821849e+14
      531.293   5.0863810e+14
      531.321   5.0934015e+14
      531.350   5.0932531e+14
      531.378   5.0876250e+14
      531.406   5.0829384e+14
      531.434   5.0775387e+14
      531.463   5.0694475e+14
      531.491   5.0522095e+14
      531.519   5.0197716e+14
      531.547   4.9821130e+14
      531.576   4.9389335e+14
      531.604   4.8926627e+14
      531.632   4.8632946e+14
      531.660   4.8541666e+14
      531.689   4.8499850e+14
      531.717   4.8501245e+14
      531.745   4.8556887e+14
      531.773   4.8625012e+14
      531.802   4.8670795e+14
      531.830   4.8662521e+14
      531.858   4.8684044e+14
      531.887   4.8779254e+14
      531.915   4.8867008e+14
      531.943   4.8876575e+14
      531.971   4.8863464e+14
      532.000   4.8833865e+14
      532.028   4.8841139e+14
      532.056   4.8899105e+14
      532.085   4.9061605e+14
      532.113   4.9375132e+14
      532.141   4.9715441e+14
      532.170   4.9948829e+14
      532.198   5.0112344e+14
      532.226   5.0196113e+14
      532.255   4.9981037e+14
      532.283   4.9572953e+14
      532.311   4.9158463e+14
      532.340   4.8784281e+14
      532.368   4.8488752e+14
      532.396   4.8344354e+14
      532.425   4.8278774e+14
      532.453   4.8154743e+14
      532.481   4.8017963e+14
      532.510   4.7882253e+14
      532.538   4.7843601e+14
      532.566   4.7921960e+14
      532.595   4.8035324e+14
      532.623   4.7889071e+14
      532.652   4.7321910e+14
      532.680   4.6315542e+14
      532.708   4.5018147e+14
      532.737   4.3623038e+14
      532.765   4.2559536e+14
      532.793   4.2125110e+14
      532.822   4.2094430e+14
      532.850   4.2247576e+14
      532.879   4.2516090e+14
      532.907   4.2740430e+14
      532.935   4.2793121e+14
      532.964   4.2928528e+14
      532.992   4.3214903e+14
      533.021   4.3522730e+14
      533.049   4.3818527e+14
      533.077   4.4092160e+14
      533.106   4.4217163e+14
      533.134   4.4114463e+14
      533.163   4.4005222e+14
      533.191   4.4165613e+14
      533.220   4.4653835e+14
      533.248   4.5403131e+14
      533.276   4.6407776e+14
      533.305   4.7435873e+14
      533.333   4.8171690e+14
      533.362   4.8622788e+14
      533.390   4.8957662e+14
      533.419   4.9173951e+14
      533.447   4.9342411e+14
      533.476   4.9495934e+14
      533.504   4.9514269e+14
      533.532   4.9431719e+14
      533.561   4.9343907e+14
      533.589   4.9151509e+14
      533.618   4.8746915e+14
      533.646   4.8263482e+14
      533.675   4.7969402e+14
      533.703   4.7924547e+14
      533.732   4.8090580e+14
      533.760   4.8492122e+14
      533.789   4.8935472e+14
      533.817   4.8977552e+14
      533.846   4.8675482e+14
      533.874   4.8304517e+14
      533.903   4.7883002e+14
      533.931   4.7356530e+14
      533.960   4.6895789e+14
      533.988   4.6550183e+14
      534.017   4.6255013e+14
      534.045   4.6075266e+14
      534.074   4.6023702e+14
      534.102   4.6041586e+14
      534.131   4.6160331e+14
      534.159   4.6489472e+14
      534.188   4.6984483e+14
      534.217   4.7607957e+14
      534.245   4.8297400e+14
      534.274   4.8863989e+14
      534.302   4.9144531e+14
      534.331   4.9307524e+14
      534.359   4.9560750e+14
      534.388   4.9796455e+14
      534.416   4.9806906e+14
      534.445   4.9713050e+14
      534.474   4.9591800e+14
      534.502   4.9315843e+14
      534.531   4.9020506e+14
      534.559   4.8928009e+14
      534.588   4.8952078e+14
      534.616   4.8924846e+14
      534.645   4.8845486e+14
      534.674   4.8638353e+14
      534.702   4.8395503e+14
      534.731   4.8145299e+14
      534.759   4.7788944e+14
      534.788   4.7366834e+14
      534.817   4.7031233e+14
      534.845   4.6738259e+14
      534.874   4.6418973e+14
      534.902   4.6141553e+14
      534.931   4.6105007e+14
      534.960   4.6402780e+14
      534.988   4.6919540e+14
      535.017   4.7554578e+14
      535.046   4.8219204e+14
      535.074   4.8744151e+14
      535.103   4.9040667e+14
      535.131   4.9120053e+14
      535.160   4.9018858e+14
      535.189   4.8911244e+14
      535.217   4.8890161e+14
      535.246   4.8901976e+14
      535.275   4.8968911e+14
      535.303   4.9189308e+14
      535.332   4.9528265e+14
      535.361   4.9865211e+14
      535.389   5.0203635e+14
      535.418   5.0547571e+14
      535.447   5.0850003e+14
      535.475   5.1046460e+14
      535.504   5.1150462e+14
      535.533   5.1193433e+14
      535.561   5.1217584e+14
      535.590   5.1244920e+14
      535.619   5.1227625e+14
      535.647   5.1165079e+14
      535.676   5.1176767e+14
      535.705   5.1306207e+14
      535.733   5.1448901e+14
      535.762   5.1510125e+14
      535.791   5.1502581e+14
      535.820   5.1443719e+14
      535.848   5.1307778e+14
      535.877   5.1120848e+14
      535.906   5.1022433e+14
      535.934   5.1020415e+14
      535.963   5.0999757e+14
      535.992   5.0888229e+14
      536.021   5.0722787e+14
      536.049   5.0580593e+14
      536.078   5.0463378e+14
      536.107   5.0293264e+14
      536.136   5.0083593e+14
      536.164   4.9919258e+14
      536.193   4.9785548e+14
      536.222   4.9648228e+14
      536.251   4.9578177e+14
      536.279   4.9679066e+14
      536.308   4.9788015e+14
      536.337   4.9754686e+14
      536.366   4.9629404e+14
      536.394   4.9451101e+14
      536.423   4.9250006e+14
      536.452   4.9074330e+14
      536.481   4.9010379e+14
      536.509   4.9104851e+14
      536.538   4.9323526e+14
      536.567   4.9402698e+14
      536.596   4.9265007e+14
      536.625   4.9123703e+14
      536.653   4.9080976e+14
      536.682   4.9076884e+14
      536.711   4.9184333e+14
      536.740   4.9462463e+14
      536.769   4.9687156e+14
      536.797   4.9661151e+14
      536.826   4.9426756e+14
      536.855   4.9090276e+14
      536.884   4.8960976e+14
      536.913   4.8984388e+14
      536.942   4.9035568e+14
      536.970   4.8904094e+14
      536.999   4.8430698e+14
      537.028   4.7667206e+14
      537.057   4.6802309e+14
      537.086   4.6083916e+14
      537.115   4.5810151e+14
      537.143   4.5989745e+14
      537.172   4.6280822e+14
      537.201   4.6481894e+14
      537.230   4.6502134e+14
      537.259   4.6397088e+14
      537.288   4.6211245e+14
      537.317   4.6016887e+14
      537.346   4.6101180e+14
      537.374   4.6456359e+14
      537.403   4.6799047e+14
      537.432   4.7102660e+14
      537.461   4.7355859e+14
      537.490   4.7615261e+14
      537.519   4.8043802e+14
      537.548   4.8623999e+14
      537.577   4.9267073e+14
      537.606   4.9943423e+14
      537.634   5.0406579e+14
      537.663   5.0527201e+14
      537.692   5.0430521e+14
      537.721   5.0365758e+14
      537.750   5.0386734e+14
      537.779   5.0356726e+14
      537.808   5.0245594e+14
      537.837   5.0193684e+14
      537.866   5.0168558e+14
      537.895   5.0070277e+14
      537.924   4.9978675e+14
      537.953   4.9918752e+14
      537.982   4.9870158e+14
      538.010   4.9819666e+14
      538.039   4.9786778e+14
      538.068   4.9760584e+14
      538.097   4.9666105e+14
      538.126   4.9520849e+14
      538.155   4.9292092e+14
      538.184   4.8884194e+14
      538.213   4.8484758e+14
      538.242   4.8226778e+14
      538.271   4.7966961e+14
      538.300   4.7862553e+14
      538.329   4.8024164e+14
      538.358   4.8231423e+14
      538.387   4.8405189e+14
      538.416   4.8565309e+14
      538.445   4.8688568e+14
      538.474   4.8727012e+14
      538.503   4.8723171e+14
      538.532   4.8702566e+14
      538.561   4.8632188e+14
      538.590   4.8542716e+14
      538.619   4.8522359e+14
      538.648   4.8560803e+14
      538.677   4.8723584e+14
      538.706   4.9147435e+14
      538.735   4.9642017e+14
      538.764   5.0017715e+14
      538.793   5.0262398e+14
      538.822   5.0346617e+14
      538.851   5.0255126e+14
      538.880   5.0027637e+14
      538.909   4.9873409e+14
      538.938   4.9830395e+14
      538.967   4.9748921e+14
      538.996   4.9604465e+14
      539.025   4.9499667e+14
      539.055   4.9431323e+14
      539.084   4.9399797e+14
      539.113   4.9494510e+14
      539.142   4.9545345e+14
      539.171   4.9386281e+14
      539.200   4.9225136e+14
      539.229   4.9045126e+14
      539.258   4.8802865e+14
      539.287   4.8651994e+14
      539.316   4.8679293e+14
      539.345   4.8715895e+14
      539.374   4.8753281e+14
      539.403   4.8832246e+14
      539.432   4.8912770e+14
      539.462   4.8921576e+14
      539.491   4.8918424e+14
      539.520   4.8881160e+14
      539.549   4.8576241e+14
      539.578   4.8036437e+14
      539.607   4.7588820e+14
      539.636   4.7042191e+14
      539.665   4.6590859e+14
      539.695   4.6458194e+14
      539.724   4.6634770e+14
      539.753   4.6785005e+14
      539.782   4.6926984e+14
      539.811   4.6993502e+14
      539.840   4.7055122e+14
      539.869   4.7003261e+14
      539.898   4.6847991e+14
      539.928   4.6707006e+14
      539.957   4.6564886e+14
      539.986   4.6339506e+14
      540.015   4.6171502e+14
      540.044   4.6184478e+14
      540.073   4.6551215e+14
      540.103   4.7162195e+14
      540.132   4.7845310e+14
      540.161   4.8512202e+14
      540.190   4.9242787e+14
      540.219   4.9607962e+14
      540.249   4.9423588e+14
      540.278   4.8932042e+14
      540.307   4.8406557e+14
      540.336   4.7755280e+14
      540.365   4.7058400e+14
      540.394   4.6511518e+14
      540.424   4.6109825e+14
      540.453   4.5698951e+14
      540.482   4.5380674e+14
      540.511   4.5170281e+14
      540.541   4.5067870e+14
      540.570   4.5021533e+14
      540.599   4.4882008e+14
      540.628   4.4711924e+14
      540.657   4.4555542e+14
      540.687   4.4406994e+14
      540.716   4.4241781e+14
      540.745   4.4214281e+14
      540.774   4.4358439e+14
      540.804   4.4547747e+14
      540.833   4.4686241e+14
      540.862   4.4994886e+14
      540.891   4.5309254e+14
      540.921   4.5448410e+14
      540.950   4.5649652e+14
      540.979   4.6171311e+14
      541.008   4.6661222e+14
      541.038   4.7172166e+14
      541.067   4.7599651e+14
      541.096   4.7957758e+14
      541.126   4.8069610e+14
      541.155   4.8032407e+14
      541.184   4.7915907e+14
      541.213   4.7822976e+14
      541.243   4.7635277e+14
      541.272   4.7473383e+14
      541.301   4.7362791e+14
      541.331   4.7434219e+14
      541.360   4.7508674e+14
      541.389   4.7545290e+14
      541.419   4.7577083e+14
      541.448   4.7826027e+14
      541.477   4.8012001e+14
      541.506   4.8208104e+14
      541.536   4.8426370e+14
      541.565   4.8538765e+14
      541.594   4.8472244e+14
      541.624   4.8316346e+14
      541.653   4.8200791e+14
      541.682   4.8225014e+14
      541.712   4.8359567e+14
      541.741   4.8427386e+14
      541.771   4.8530838e+14
      541.800   4.8624351e+14
      541.829   4.8608912e+14
      541.859   4.8574110e+14
      541.888   4.8711230e+14
      541.917   4.8996267e+14
      541.947   4.9193987e+14
      541.976   4.9416800e+14
      542.005   4.9624326e+14
      542.035   4.9667421e+14
      542.064   4.9679035e+14
      542.094   4.9785213e+14
      542.123   4.9884040e+14
      542.152   5.0018709e+14
      542.182   5.0231109e+14
      542.211   5.0292593e+14
      542.241   5.0153746e+14
      542.270   4.9865736e+14
      542.299   4.9595352e+14
      542.329   4.9259856e+14
      542.358   4.8923442e+14
      542.388   4.8743181e+14
      542.417   4.8785642e+14
      542.446   4.8835904e+14
      542.476   4.8947829e+14
      542.505   4.9154225e+14
      542.535   4.9380483e+14
      542.564   4.9578359e+14
      542.594   4.9757638e+14
      542.623   4.9924112e+14
      542.652   5.0044613e+14
      542.682   5.0108837e+14
      542.711   5.0044847e+14
      542.741   4.9876739e+14
      542.770   4.9779980e+14
      542.800   4.9482912e+14
      542.829   4.8954629e+14
      542.859   4.8585215e+14
      542.888   4.8411676e+14
      542.918   4.8201034e+14
      542.947   4.8147046e+14
      542.977   4.8291533e+14
      543.006   4.8281743e+14
      543.036   4.8202619e+14
      543.065   4.8060711e+14
      543.095   4.7873885e+14
      543.124   4.7638582e+14
      543.154   4.7391109e+14
      543.183   4.7127132e+14
      543.213   4.6878564e+14
      543.242   4.6679563e+14
      543.272   4.6388270e+14
      543.301   4.5976147e+14
      543.331   4.5995702e+14
      543.360   4.6327149e+14
      543.390   4.6747462e+14
      543.419   4.7327250e+14
      543.449   4.8018834e+14
      543.478   4.8149554e+14
      543.508   4.7980541e+14
      543.537   4.7742182e+14
      543.567   4.7431529e+14
      543.596   4.7270686e+14
      543.626   4.7242160e+14
      543.656   4.7325589e+14
      543.685   4.7465170e+14
      543.715   4.7728018e+14
      543.744   4.7923618e+14
      543.774   4.8018555e+14
      543.803   4.8239195e+14
      543.833   4.8612830e+14
      543.863   4.9026874e+14
      543.892   4.9470050e+14
      543.922   4.9962330e+14
      543.951   5.0243054e+14
      543.981   5.0316019e+14
      544.010   5.0461584e+14
      544.040   5.0634871e+14
      544.070   5.0943676e+14
      544.099   5.1299577e+14
      544.129   5.1651709e+14
      544.158   5.1872697e+14
      544.188   5.2052370e+14
      544.218   5.2115045e+14
      544.247   5.2123415e+14
      544.277   5.2124058e+14
      544.307   5.2093949e+14
      544.336   5.1935739e+14
      544.366   5.1608676e+14
      544.395   5.1348218e+14
      544.425   5.1090695e+14
      544.455   5.0814631e+14
      544.484   5.0626316e+14
      544.514   5.0339760e+14
      544.544   4.9650515e+14
      544.573   4.8992132e+14
      544.603   4.8411233e+14
      544.633   4.7868868e+14
      544.662   4.7565023e+14
      544.692   4.7554455e+14
      544.722   4.7526400e+14
      544.751   4.7456507e+14
      544.781   4.7386700e+14
      544.811   4.7329926e+14
      544.840   4.7278544e+14
      544.870   4.7409905e+14
      544.900   4.7666288e+14
      544.929   4.7942702e+14
      544.959   4.8246641e+14
      544.989   4.8536003e+14
      545.019   4.8633498e+14
      545.048   4.8979658e+14
      545.078   4.9556990e+14
      545.108   5.0212959e+14
      545.137   5.0939670e+14
      545.167   5.1628690e+14
      545.197   5.1982786e+14
      545.227   5.2120955e+14
      545.256   5.2203425e+14
      545.286   5.2282608e+14
      545.316   5.2375640e+14
      545.345   5.2372987e+14
      545.375   5.2054123e+14
      545.405   5.1237086e+14
      545.435   5.0346549e+14
      545.464   4.9484033e+14
      545.494   4.8614987e+14
      545.524   4.8039767e+14
      545.554   4.7965117e+14
      545.583   4.7969280e+14
      545.613   4.7975099e+14
      545.643   4.8069250e+14
      545.673   4.8166284e+14
      545.703   4.8287118e+14
      545.732   4.8400552e+14
      545.762   4.8505465e+14
      545.792   4.8596531e+14
      545.822   4.8686305e+14
      545.852   4.8701834e+14
      545.881   4.8611913e+14
      545.911   4.8870085e+14
      545.941   4.9479444e+14
      545.971   5.0144306e+14
      546.001   5.0937640e+14
      546.030   5.1903574e+14
      546.060   5.2519775e+14
      546.090   5.2734829e+14
      546.120   5.2743791e+14
      546.150   5.2381320e+14
      546.179   5.1774900e+14
      546.209   5.1234693e+14
      546.239   5.0720076e+14
      546.269   5.0226059e+14
      546.299   5.0007774e+14
      546.329   4.9962160e+14
      546.359   4.9833068e+14
      546.388   4.9718521e+14
      546.418   4.9677855e+14
      546.448   4.9639803e+14
      546.478   4.9469834e+14
      546.508   4.9280464e+14
      546.538   4.9059674e+14
      546.568   4.8810579e+14
      546.597   4.8581001e+14
      546.627   4.8393117e+14
      546.657   4.8328266e+14
      546.687   4.8616637e+14
      546.717   4.9051146e+14
      546.747   4.9465289e+14
      546.777   5.0003339e+14
      546.807   5.0514478e+14
      546.837   5.0705874e+14
      546.866   5.0733500e+14
      546.896   5.0742618e+14
      546.926   5.0647739e+14
      546.956   5.0481857e+14
      546.986   5.0437258e+14
      547.016   5.0509250e+14
      547.046   5.0696294e+14
      547.076   5.0998905e+14
      547.106   5.1281115e+14
      547.136   5.1464030e+14
      547.166   5.1585387e+14
      547.196   5.1599817e+14
      547.226   5.1450439e+14
      547.255   5.1236464e+14
      547.285   5.1127150e+14
      547.315   5.0990302e+14
      547.345   5.0786581e+14
      547.375   5.0735958e+14
      547.405   5.0796492e+14
      547.435   5.0831860e+14
      547.465   5.0723275e+14
      547.495   5.0364237e+14
      547.525   4.9715377e+14
      547.555   4.8906197e+14
      547.585   4.8088537e+14
      547.615   4.7420286e+14
      547.645   4.7130479e+14
      547.675   4.7098235e+14
      547.705   4.7151778e+14
      547.735   4.7229981e+14
      547.765   4.7488185e+14
      547.795   4.7755070e+14
      547.825   4.8002836e+14
      547.855   4.8365558e+14
      547.885   4.8691850e+14
      547.915   4.8758881e+14
      547.945   4.8503889e+14
      547.975   4.8071172e+14
      548.005   4.7639982e+14
      548.035   4.7480432e+14
      548.065   4.7702299e+14
      548.095   4.8296196e+14
      548.125   4.9115425e+14
      548.155   4.9742818e+14
      548.186   5.0101223e+14
      548.216   5.0258443e+14
      548.246   5.0351071e+14
      548.276   5.0403275e+14
      548.306   5.0527967e+14
      548.336   5.0633499e+14
      548.366   5.0636341e+14
      548.396   5.0538048e+14
      548.426   5.0375390e+14
      548.456   5.0347740e+14
      548.486   5.0505574e+14
      548.516   5.0834201e+14
      548.546   5.1225666e+14
      548.576   5.1602978e+14
      548.607   5.1752867e+14
      548.637   5.1487457e+14
      548.667   5.1145531e+14
      548.697   5.0876379e+14
      548.727   5.0582746e+14
      548.757   5.0227574e+14
      548.787   5.0146272e+14
      548.817   4.9982680e+14
      548.847   4.9689978e+14
      548.878   4.9413904e+14
      548.908   4.9296258e+14
      548.938   4.9168071e+14
      548.968   4.9038826e+14
      548.998   4.8963994e+14
      549.028   4.8862242e+14
      549.058   4.8741535e+14
      549.089   4.8628265e+14
      549.119   4.8545675e+14
      549.149   4.8682447e+14
      549.179   4.9019957e+14
      549.209   4.9263581e+14
      549.239   4.9260983e+14
      549.269   4.9364674e+14
      549.300   4.9305334e+14
      549.330   4.9124600e+14
      549.360   4.9075146e+14
      549.390   4.9308590e+14
      549.420   4.9455471e+14
      549.451   4.9606937e+14
      549.481   4.9790437e+14
      549.511   4.9855244e+14
      549.541   4.9933227e+14
      549.571   4.9894324e+14
      549.602   4.9520123e+14
      549.632   4.9234773e+14
      549.662   4.9068400e+14
      549.692   4.8826707e+14
      549.722   4.8661605e+14
      549.753   4.8999017e+14
      549.783   4.9371665e+14
      549.813   4.9825466e+14
      549.843   5.0364653e+14
      549.874   5.0930589e+14
      549.904   5.1312898e+14
      549.934   5.1581199e+14
      549.964   5.1628232e+14
      549.995   5.1239632e+14
      550.025   5.0923610e+14
      550.055   5.0566184e+14
      550.085   5.0048524e+14
      550.116   4.9964096e+14
      550.146   5.0352053e+14
      550.176   5.0596691e+14
      550.206   5.0868766e+14
      550.237   5.1283812e+14
      550.267   5.1379885e+14
      550.297   5.1360250e+14
      550.327   5.1307400e+14
      550.358   5.1169221e+14
      550.388   5.1077601e+14
      550.418   5.0904241e+14
      550.449   5.0593580e+14
      550.479   5.0151223e+14
      550.509   4.9926888e+14
      550.540   4.9605310e+14
      550.570   4.9453448e+14
      550.600   4.9499101e+14
      550.630   4.9759187e+14
      550.661   4.9924176e+14
      550.691   5.0169271e+14
      550.721   5.0276967e+14
      550.752   5.0349147e+14
      550.782   5.0393279e+14
      550.812   5.0322388e+14
      550.843   5.0156853e+14
      550.873   5.0161931e+14
      550.904   5.0085559e+14
      550.934   4.9958425e+14
      550.964   5.0038437e+14
      550.995   5.0219633e+14
      551.025   5.0297688e+14
      551.055   5.0561066e+14
      551.086   5.0693111e+14
      551.116   5.0656397e+14
      551.146   5.0425111e+14
      551.177   5.0126043e+14
      551.207   4.9685851e+14
      551.238   4.9437666e+14
      551.268   4.9130210e+14
      551.298   4.8799739e+14
      551.329   4.8587638e+14
      551.359   4.8494531e+14
      551.390   4.8392790e+14
      551.420   4.8355122e+14
      551.450   4.8557039e+14
      551.481   4.8682728e+14
      551.511   4.8604914e+14
      551.542   4.8448197e+14
      551.572   4.8289516e+14
      551.602   4.8275873e+14
      551.633   4.8332878e+14
      551.663   4.8636346e+14
      551.694   4.9152668e+14
      551.724   4.9768608e+14
      551.755   5.0184364e+14
      551.785   5.0509408e+14
      551.815   5.0849832e+14
      551.846   5.1109231e+14
      551.876   5.1306172e+14
      551.907   5.1498210e+14
      551.937   5.1666379e+14
      551.968   5.1537208e+14
      551.998   5.1307700e+14
      552.029   5.1184044e+14
      552.059   5.1151250e+14
      552.090   5.1062478e+14
      552.120   5.1143396e+14
      552.151   5.1221249e+14
      552.181   5.1224424e+14
      552.212   5.1209166e+14
      552.242   5.1283237e+14
      552.273   5.1247087e+14
      552.303   5.1205279e+14
      552.334   5.1071223e+14
      552.364   5.0901071e+14
      552.395   5.0612440e+14
      552.425   5.0411277e+14
      552.456   5.0210711e+14
      552.486   5.0179417e+14
      552.517   5.0101103e+14
      552.547   5.0133320e+14
      552.578   4.9955992e+14
      552.608   4.9941877e+14
      552.639   4.9815607e+14
      552.669   4.9489340e+14
      552.700   4.8962691e+14
      552.731   4.8657611e+14
      552.761   4.8206226e+14
      552.792   4.7845984e+14
      552.822   4.7711777e+14
      552.853   4.7871096e+14
      552.883   4.7935786e+14
      552.914   4.8084014e+14
      552.944   4.8261035e+14
      552.975   4.8477909e+14
      553.006   4.8536644e+14
      553.036   4.8695715e+14
      553.067   4.8793156e+14
      553.097   4.8902170e+14
      553.128   4.8823946e+14
      553.159   4.8830247e+14
      553.189   4.8858721e+14
      553.220   4.9198963e+14
      553.250   4.9591905e+14
      553.281   5.0212403e+14
      553.312   5.0707066e+14
      553.342   5.0929695e+14
      553.373   5.0762209e+14
      553.403   5.0368724e+14
      553.434   5.0053766e+14
      553.465   4.9863927e+14
      553.495   4.9812650e+14
      553.526   4.9783744e+14
      553.557   4.9886367e+14
      553.587   4.9822883e+14
      553.618   4.9588679e+14
      553.649   4.9630836e+14
      553.679   4.9787235e+14
      553.710   4.9900502e+14
      553.740   5.0039417e+14
      553.771   5.0249815e+14
      553.802   5.0148211e+14
      553.833   4.9899337e+14
      553.863   4.9793893e+14
      553.894   4.9812192e+14
      553.925   5.0075716e+14
      553.955   5.0427819e+14
      553.986   5.0863127e+14
      554.017   5.1162856e+14
      554.047   5.1389515e+14
      554.078   5.1477733e+14
      554.109   5.1520830e+14
      554.139   5.1581880e+14
      554.170   5.1503649e+14
      554.201   5.1430982e+14
      554.232   5.1219165e+14
      554.262   5.1014400e+14
      554.293   5.0811564e+14
      554.324   5.0756892e+14
      554.354   5.0753388e+14
      554.385   5.0932458e+14
      554.416   5.1131468e+14
      554.447   5.1268074e+14
      554.477   5.1340304e+14
      554.508   5.1223217e+14
      554.539   5.1024280e+14
      554.570   5.0867304e+14
      554.600   5.0750066e+14
      554.631   5.0632647e+14
      554.662   5.0591754e+14
      554.693   5.0710847e+14
      554.723   5.0777503e+14
      554.754   5.0962012e+14
      554.785   5.1170189e+14
      554.816   5.1356599e+14
      554.847   5.1402398e+14
      554.877   5.1460601e+14
      554.908   5.1418671e+14
      554.939   5.1381256e+14
      554.970   5.1387970e+14
      555.001   5.1366225e+14
      555.031   5.1327868e+14
      555.062   5.1379486e+14
      555.093   5.1475258e+14
      555.124   5.1567581e+14
      555.155   5.1672680e+14
      555.185   5.1634319e+14
      555.216   5.1406906e+14
      555.247   5.1215387e+14
      555.278   5.1036084e+14
      555.309   5.0822440e+14
      555.340   5.0558484e+14
      555.370   5.0411755e+14
      555.401   5.0306613e+14
      555.432   5.0197737e+14
      555.463   5.0096299e+14
      555.494   5.0227460e+14
      555.525   5.0294759e+14
      555.556   5.0333579e+14
      555.586   5.0409852e+14
      555.617   5.0482492e+14
      555.648   5.0344298e+14
      555.679   5.0262795e+14
      555.710   5.0181020e+14
      555.741   5.0248066e+14
      555.772   5.0430147e+14
      555.803   5.0746726e+14
      555.833   5.0875781e+14
      555.864   5.0993215e+14
      555.895   5.1171915e+14
      555.926   5.1351696e+14
      555.957   5.1570112e+14
      555.988   5.1995257e+14
      556.019   5.2315228e+14
      556.050   5.2199674e+14
      556.081   5.2025233e+14
      556.112   5.1656021e+14
      556.143   5.1251595e+14
      556.174   5.1018192e+14
      556.204   5.0698609e+14
      556.235   5.0380678e+14
      556.266   5.0330805e+14
      556.297   5.0252676e+14
      556.328   5.0044207e+14
      556.359   5.0058810e+14
      556.390   5.0082473e+14
      556.421   4.9877700e+14
      556.452   4.9759539e+14
      556.483   4.9660290e+14
      556.514   4.9599425e+14
      556.545   4.9388182e+14
      556.576   4.9271564e+14
      556.607   4.9097612e+14
      556.638   4.9064971e+14
      556.669   4.9068327e+14
      556.700   4.9061014e+14
      556.731   4.9364139e+14
      556.762   4.9715034e+14
      556.793   4.9655472e+14
      556.824   4.9512142e+14
      556.855   4.9540596e+14
      556.886   4.9299615e+14
      556.917   4.8956428e+14
      556.948   4.9108384e+14
      556.979   4.9393224e+14
      557.010   4.9621799e+14
      557.041   4.9858420e+14
      557.072   4.9965640e+14
      557.103   4.9885533e+14
      557.134   4.9388543e+14
      557.165   4.8984922e+14
      557.196   4.8695759e+14
      557.227   4.8538160e+14
      557.258   4.8208371e+14
      557.289   4.8220242e+14
      557.320   4.8316743e+14
      557.351   4.8415120e+14
      557.383   4.8599294e+14
      557.414   4.8792218e+14
      557.445   4.8742972e+14
      557.476   4.8577565e+14
      557.507   4.8339500e+14
      557.538   4.7989510e+14
      557.569   4.7722541e+14
      557.600   4.7686583e+14
      557.631   4.7527750e+14
      557.662   4.7720161e+14
      557.693   4.8096647e+14
      557.724   4.8409053e+14
      557.756   4.8734671e+14
      557.787   4.9201574e+14
      557.818   4.9239687e+14
      557.849   4.9085950e+14
      557.880   4.9143834e+14
      557.911   4.9207070e+14
      557.942   4.9151654e+14
      557.973   4.9392357e+14
      558.005   4.9675396e+14
      558.036   4.9551301e+14
      558.067   4.9582498e+14
      558.098   4.9778095e+14
      558.129   4.9737394e+14
      558.160   4.9684384e+14
      558.191   4.9878681e+14
      558.223   4.9866939e+14
      558.254   4.9788534e+14
      558.285   4.9681766e+14
      558.316   4.9501992e+14
      558.347   4.9425425e+14
      558.378   4.9482835e+14
      558.410   4.9455550e+14
      558.441   4.9468570e+14
      558.472   4.9469552e+14
      558.503   4.9056986e+14
      558.534   4.8383281e+14
      558.566   4.8176684e+14
      558.597   4.7919423e+14
      558.628   4.7642604e+14
      558.659   4.7719746e+14
      558.690   4.7918382e+14
      558.722   4.7348843e+14
      558.753   4.6893438e+14
      558.784   4.6608726e+14
      558.815   4.6326663e+14
      558.847   4.6035010e+14
      558.878   4.6176873e+14
      558.909   4.6246476e+14
      558.940   4.6375245e+14
      558.971   4.6457714e+14
      559.003   4.6447411e+14
      559.034   4.6607969e+14
      559.065   4.6963471e+14
      559.096   4.7098909e+14
      559.128   4.7571600e+14
      559.159   4.7919195e+14
      559.190   4.8116851e+14
      559.222   4.8281413e+14
      559.253   4.8677063e+14
      559.284   4.8832744e+14
      559.315   4.8771722e+14
      559.347   4.8676498e+14
      559.378   4.8727984e+14
      559.409   4.8621932e+14
      559.441   4.8664405e+14
      559.472   4.8818801e+14
      559.503   4.9009664e+14
      559.534   4.9059848e+14
      559.566   4.9102895e+14
      559.597   4.9317129e+14
      559.628   4.9597063e+14
      559.660   4.9704489e+14
      559.691   4.9560364e+14
      559.722   4.9348121e+14
      559.754   4.9050691e+14
      559.785   4.8731933e+14
      559.816   4.8755578e+14
      559.848   4.9090135e+14
      559.879   4.9446356e+14
      559.910   4.9724835e+14
      559.942   4.9929965e+14
      559.973   4.9799988e+14
      560.004   4.9579052e+14
      560.036   4.9377770e+14
      560.067   4.9172612e+14
      560.099   4.8840882e+14
      560.130   4.8274771e+14
      560.161   4.7672097e+14
      560.193   4.7228303e+14
      560.224   4.7025899e+14
      560.255   4.6977524e+14
      560.287   4.7268231e+14
      560.318   4.7634846e+14
      560.350   4.7867384e+14
      560.381   4.7957837e+14
      560.412   4.8052329e+14
      560.444   4.8144513e+14
      560.475   4.8270445e+14
      560.507   4.8509809e+14
      560.538   4.8668001e+14
      560.570   4.8774480e+14
      560.601   4.8877651e+14
      560.632   4.9065442e+14
      560.664   4.9436001e+14
      560.695   4.9849492e+14
      560.727   5.0249699e+14
      560.758   5.0643412e+14
      560.790   5.0908574e+14
      560.821   5.0855540e+14
      560.852   5.0749834e+14
      560.884   5.0672429e+14
      560.915   5.0605397e+14
      560.947   5.0541951e+14
      560.978   5.0474633e+14
      561.010   5.0399529e+14
      561.041   5.0331404e+14
      561.073   5.0273573e+14
      561.104   5.0348717e+14
      561.136   5.0473700e+14
      561.167   5.0606939e+14
      561.199   5.0730874e+14
      561.230   5.0854735e+14
      561.262   5.0984350e+14
      561.293   5.1103397e+14
      561.325   5.1137831e+14
      561.356   5.0997619e+14
      561.388   5.0582325e+14
      561.419   4.9931795e+14
      561.451   4.9229091e+14
      561.482   4.8595086e+14
      561.514   4.8116330e+14
      561.545   4.7822271e+14
      561.577   4.7710967e+14
      561.608   4.7650682e+14
      561.640   4.7607168e+14
      561.672   4.7566061e+14
      561.703   4.7507106e+14
      561.735   4.7442306e+14
      561.766   4.7308241e+14
      561.798   4.7108026e+14
      561.829   4.6905284e+14
      561.861   4.6863856e+14
      561.892   4.6995180e+14
      561.924   4.7464494e+14
      561.956   4.8199341e+14
      561.987   4.8889219e+14
      562.019   4.9447044e+14
      562.050   4.9900626e+14
      562.082   5.0182527e+14
      562.114   5.0206989e+14
      562.145   5.0256947e+14
      562.177   5.0363563e+14
      562.208   5.0468486e+14
      562.240   5.0494578e+14
      562.272   5.0440120e+14
      562.303   5.0296385e+14
      562.335   5.0137912e+14
      562.366   4.9955347e+14
      562.398   4.9785245e+14
      562.430   4.9714018e+14
      562.461   4.9730017e+14
      562.493   4.9802701e+14
      562.525   5.0000191e+14
      562.556   5.0231304e+14
      562.588   5.0383548e+14
      562.620   5.0512359e+14
      562.651   5.0599036e+14
      562.683   5.0527014e+14
      562.715   5.0343636e+14
      562.746   5.0197351e+14
      562.778   5.0156039e+14
      562.810   5.0231752e+14
      562.841   5.0529066e+14
      562.873   5.0947869e+14
      562.905   5.1394234e+14
      562.936   5.1778240e+14
      562.968   5.2064475e+14
      563.000   5.2152464e+14
      563.031   5.2160347e+14
      563.063   5.2127859e+14
      563.095   5.2091319e+14
      563.127   5.2069348e+14
      563.158   5.2028924e+14
      563.190   5.1986975e+14
      563.222   5.1933144e+14
      563.253   5.1833870e+14
      563.285   5.1694732e+14
      563.317   5.1590403e+14
      563.349   5.1496851e+14
      563.380   5.1408595e+14
      563.412   5.1316105e+14
      563.444   5.1214688e+14
      563.475   5.1090490e+14
      563.507   5.0929113e+14
      563.539   5.0737466e+14
      563.571   5.0570099e+14
      563.603   5.0428645e+14
      563.634   5.0293013e+14
      563.666   5.0098854e+14
      563.698   4.9927087e+14
      563.730   4.9799061e+14
      563.761   4.9713071e+14
      563.793   4.9694438e+14
      563.825   4.9798994e+14
      563.857   4.9920317e+14
      563.889   4.9978426e+14
      563.920   4.9977537e+14
      563.952   4.9906488e+14
      563.984   4.9693805e+14
      564.016   4.9433799e+14
      564.048   4.9263226e+14
      564.079   4.9161741e+14
      564.111   4.9073319e+14
      564.143   4.9069764e+14
      564.175   4.9156777e+14
      564.207   4.9283005e+14
      564.239   4.9292715e+14
      564.270   4.9294757e+14
      564.302   4.9382888e+14
      564.334   4.9429920e+14
      564.366   4.9366886e+14
      564.398   4.9339814e+14
      564.430   4.9342220e+14
      564.462   4.9321634e+14
      564.493   4.9389687e+14
      564.525   4.9602034e+14
      564.557   4.9866347e+14
      564.589   5.0117972e+14
      564.621   5.0350958e+14
      564.653   5.0510376e+14
      564.685   5.0539370e+14
      564.716   5.0528765e+14
      564.748   5.0573192e+14
      564.780   5.0687458e+14
      564.812   5.0735688e+14
      564.844   5.0685391e+14
      564.876   5.0600703e+14
      564.908   5.0436965e+14
      564.940   5.0212010e+14
      564.972   5.0032787e+14
      565.004   4.9938007e+14
      565.036   4.9847637e+14
      565.068   4.9743991e+14
      565.099   4.9637265e+14
      565.131   4.9599948e+14
      565.163   4.9576445e+14
      565.195   4.9580017e+14
      565.227   4.9601743e+14
      565.259   4.9595835e+14
      565.291   4.9570431e+14
      565.323   4.9507356e+14
      565.355   4.9413389e+14
      565.387   4.9269831e+14
      565.419   4.9138985e+14
      565.451   4.9087253e+14
      565.483   4.9127117e+14
      565.515   4.9236364e+14
      565.547   4.9438312e+14
      565.579   4.9685277e+14
      565.611   4.9852583e+14
      565.643   4.9905507e+14
      565.675   4.9758371e+14
      565.707   4.9282367e+14
      565.739   4.8602164e+14
      565.771   4.7943840e+14
      565.803   4.7289782e+14
      565.835   4.6802149e+14
      565.867   4.6723127e+14
      565.899   4.6861868e+14
      565.931   4.7003340e+14
      565.963   4.7199340e+14
      565.995   4.7405940e+14
      566.027   4.7496735e+14
      566.059   4.7471169e+14
      566.091   4.7252985e+14
      566.123   4.6867922e+14
      566.155   4.6427203e+14
      566.187   4.6104186e+14
      566.219   4.6103763e+14
      566.251   4.6560046e+14
      566.283   4.7257365e+14
      566.316   4.8011285e+14
      566.348   4.8728850e+14
      566.380   4.9145479e+14
      566.412   4.9288543e+14
      566.444   4.9457140e+14
      566.476   4.9639610e+14
      566.508   4.9708337e+14
      566.540   4.9736622e+14
      566.572   4.9725001e+14
      566.604   4.9616438e+14
      566.636   4.9561356e+14
      566.669   4.9649471e+14
      566.701   4.9817889e+14
      566.733   4.9992572e+14
      566.765   5.0123008e+14
      566.797   5.0066853e+14
      566.829   4.9858301e+14
      566.861   4.9635877e+14
      566.893   4.9463411e+14
      566.926   4.9346162e+14
      566.958   4.9291575e+14
      566.990   4.9284259e+14
      567.022   4.9306353e+14
      567.054   4.9365162e+14
      567.086   4.9428322e+14
      567.118   4.9546391e+14
      567.151   4.9815133e+14
      567.183   5.0096589e+14
      567.215   5.0320187e+14
      567.247   5.0521785e+14
      567.279   5.0660607e+14
      567.312   5.0751689e+14
      567.344   5.0894077e+14
      567.376   5.1001130e+14
      567.408   5.1023635e+14
      567.440   5.1059193e+14
      567.472   5.1086594e+14
      567.505   5.1026793e+14
      567.537   5.1016935e+14
      567.569   5.1107983e+14
      567.601   5.1154437e+14
      567.633   5.1146214e+14
      567.666   5.1154138e+14
      567.698   5.1136664e+14
      567.730   5.1009543e+14
      567.762   5.0835885e+14
      567.795   5.0708277e+14
      567.827   5.0591998e+14
      567.859   5.0434339e+14
      567.891   5.0378986e+14
      567.924   5.0498723e+14
      567.956   5.0627634e+14
      567.988   5.0726347e+14
      568.020   5.0866452e+14
      568.053   5.0908654e+14
      568.085   5.0692964e+14
      568.117   5.0380042e+14
      568.150   5.0091414e+14
      568.182   4.9824984e+14
      568.214   4.9617888e+14
      568.246   4.9570894e+14
      568.279   4.9567015e+14
      568.311   4.9505031e+14
      568.343   4.9452850e+14
      568.376   4.9456312e+14
      568.408   4.9493197e+14
      568.440   4.9533350e+14
      568.473   4.9524015e+14
      568.505   4.9409970e+14
      568.537   4.9215801e+14
      568.569   4.9016711e+14
      568.602   4.8959110e+14
      568.634   4.9052658e+14
      568.666   4.9144040e+14
      568.699   4.9194630e+14
      568.731   4.9163381e+14
      568.763   4.8975935e+14
      568.796   4.8800549e+14
      568.828   4.8788347e+14
      568.861   4.8843843e+14
      568.893   4.8895165e+14
      568.925   4.8956851e+14
      568.958   4.8929748e+14
      568.990   4.8821291e+14
      569.022   4.8778928e+14
      569.055   4.8864752e+14
      569.087   4.8969318e+14
      569.120   4.9010157e+14
      569.152   4.9042186e+14
      569.184   4.9152783e+14
      569.217   4.9296747e+14
      569.249   4.9510761e+14
      569.282   4.9847365e+14
      569.314   5.0196753e+14
      569.346   5.0359001e+14
      569.379   5.0366369e+14
      569.411   5.0316076e+14
      569.444   5.0223288e+14
      569.476   5.0130409e+14
      569.508   5.0153235e+14
      569.541   5.0277951e+14
      569.573   5.0394678e+14
      569.606   5.0496765e+14
      569.638   5.0622253e+14
      569.671   5.0636461e+14
      569.703   5.0532917e+14
      569.736   5.0437913e+14
      569.768   5.0350728e+14
      569.801   5.0242328e+14
      569.833   5.0194439e+14
      569.866   5.0210270e+14
      569.898   5.0245398e+14
      569.930   5.0303200e+14
      569.963   5.0338969e+14
      569.995   5.0221424e+14
      570.028   4.9975032e+14
      570.060   4.9710498e+14
      570.093   4.9385916e+14
      570.125   4.9076245e+14
      570.158   4.8907051e+14
      570.190   4.8910981e+14
      570.223   4.8971005e+14
      570.255   4.9105007e+14
      570.288   4.9262876e+14
      570.321   4.9416113e+14
      570.353   4.9511354e+14
      570.386   4.9520859e+14
      570.418   4.9398276e+14
      570.451   4.9206594e+14
      570.483   4.9006618e+14
      570.516   4.8943111e+14
      570.548   4.8998982e+14
      570.581   4.9156922e+14
      570.613   4.9427984e+14
      570.646   4.9663342e+14
      570.679   4.9637864e+14
      570.711   4.9490879e+14
      570.744   4.9355453e+14
      570.776   4.8967225e+14
      570.809   4.8430256e+14
      570.841   4.8073666e+14
      570.874   4.7734626e+14
      570.907   4.7360529e+14
      570.939   4.7174530e+14
      570.972   4.7178716e+14
      571.004   4.7136933e+14
      571.037   4.6975027e+14
      571.070   4.6802429e+14
      571.102   4.6705243e+14
      571.135   4.6605399e+14
      571.167   4.6527341e+14
      571.200   4.6703357e+14
      571.233   4.6976559e+14
      571.265   4.7148975e+14
      571.298   4.7522978e+14
      571.331   4.7990112e+14
      571.363   4.8271314e+14
      571.396   4.8477901e+14
      571.429   4.8712719e+14
      571.461   4.8872707e+14
      571.494   4.8987087e+14
      571.527   4.9206088e+14
      571.559   4.9588820e+14
      571.592   5.0075494e+14
      571.625   5.0390766e+14
      571.657   5.0551194e+14
      571.690   5.0671478e+14
      571.723   5.0627388e+14
      571.755   5.0493046e+14
      571.788   5.0411673e+14
      571.821   5.0374680e+14
      571.853   5.0403902e+14
      571.886   5.0517913e+14
      571.919   5.0612752e+14
      571.952   5.0678554e+14
      571.984   5.0776326e+14
      572.017   5.0776078e+14
      572.050   5.0681789e+14
      572.082   5.0601645e+14
      572.115   5.0537771e+14
      572.148   5.0558343e+14
      572.181   5.0707256e+14
      572.213   5.0896945e+14
      572.246   5.1099376e+14
      572.279   5.1316644e+14
      572.312   5.1445899e+14
      572.344   5.1491115e+14
      572.377   5.1506823e+14
      572.410   5.1504413e+14
      572.443   5.1548380e+14
      572.475   5.1630658e+14
      572.508   5.1714154e+14
      572.541   5.1790522e+14
      572.574   5.1852349e+14
      572.607   5.1884002e+14
      572.639   5.1882884e+14
      572.672   5.1879407e+14
      572.705   5.1880319e+14
      572.738   5.1894677e+14
      572.770   5.1891094e+14
      572.803   5.1896672e+14
      572.836   5.1902249e+14
      572.869   5.1910579e+14
      572.902   5.1924937e+14
      572.935   5.1939856e+14
      572.967   5.1928029e+14
      573.000   5.1829786e+14
      573.033   5.1642822e+14
      573.066   5.1504180e+14
      573.099   5.1377335e+14
      573.132   5.1258722e+14
      573.164   5.1220232e+14
      573.197   5.1276615e+14
      573.230   5.1287939e+14
      573.263   5.1296796e+14
      573.296   5.1316094e+14
      573.329   5.1338410e+14
      573.362   5.1356065e+14
      573.394   5.1370061e+14
      573.427   5.1375622e+14
      573.460   5.1365517e+14
      573.493   5.1316644e+14
      573.526   5.1297738e+14
      573.559   5.1327489e+14
      573.592   5.1396555e+14
      573.625   5.1507427e+14
      573.658   5.1681556e+14
      573.691   5.1806195e+14
      573.724   5.1844232e+14
      573.756   5.1836256e+14
      573.789   5.1788764e+14
      573.822   5.1679378e+14
      573.855   5.1562276e+14
      573.888   5.1496053e+14
      573.921   5.1436704e+14
      573.954   5.1381191e+14
      573.987   5.1341911e+14
      574.020   5.1310053e+14
      574.053   5.1272683e+14
      574.086   5.1278790e+14
      574.119   5.1285999e+14
      574.152   5.1284945e+14
      574.185   5.1299034e+14
      574.218   5.1323587e+14
      574.251   5.1345378e+14
      574.284   5.1386446e+14
      574.317   5.1469085e+14
      574.350   5.1622201e+14
      574.383   5.1790754e+14
      574.416   5.1921332e+14
      574.449   5.2037325e+14
      574.482   5.2140674e+14
      574.515   5.2183174e+14
      574.548   5.2238894e+14
      574.581   5.2265707e+14
      574.614   5.2151241e+14
      574.647   5.1954409e+14
      574.680   5.1791711e+14
      574.713   5.1603104e+14
      574.746   5.1449728e+14
      574.779   5.1418659e+14
      574.812   5.1461689e+14
      574.845   5.1487088e+14
      574.878   5.1497064e+14
      574.911   5.1498774e+14
      574.944   5.1514810e+14
      574.977   5.1527820e+14
      575.010   5.1528514e+14
      575.043   5.1476482e+14
      575.076   5.1348918e+14
      575.109   5.1261865e+14
      575.142   5.1212286e+14
      575.175   5.1003086e+14
      575.208   5.0790554e+14
      575.242   5.0622204e+14
      575.275   5.0379846e+14
      575.308   5.0045912e+14
      575.341   4.9796875e+14
      575.374   4.9589171e+14
      575.407   4.9386125e+14
      575.440   4.9233255e+14
      575.473   4.9149596e+14
      575.506   4.9106475e+14
      575.540   4.9059572e+14
      575.573   4.9101960e+14
      575.606   4.9166977e+14
      575.639   4.9190056e+14
      575.672   4.9322680e+14
      575.705   4.9631646e+14
      575.738   4.9991693e+14
      575.771   5.0353166e+14
      575.805   5.0798947e+14
      575.838   5.1240553e+14
      575.871   5.1517976e+14
      575.904   5.1643896e+14
      575.937   5.1702197e+14
      575.971   5.1709523e+14
      576.004   5.1590314e+14
      576.037   5.1455622e+14
      576.070   5.1308215e+14
      576.103   5.1092593e+14
      576.136   5.0766749e+14
      576.170   5.0351482e+14
      576.203   5.0004299e+14
      576.236   4.9718936e+14
      576.269   4.9531591e+14
      576.302   4.9488701e+14
      576.336   4.9583741e+14
      576.369   4.9614886e+14
      576.402   4.9659566e+14
      576.435   4.9785487e+14
      576.469   4.9934450e+14
      576.502   5.0102129e+14
      576.535   5.0306855e+14
      576.568   5.0470985e+14
      576.602   5.0592937e+14
      576.635   5.0692977e+14
      576.668   5.0928473e+14
      576.701   5.1242774e+14
      576.735   5.1567437e+14
      576.768   5.1821552e+14
      576.801   5.1963443e+14
      576.834   5.1887741e+14
      576.868   5.1726407e+14
      576.901   5.1575470e+14
      576.934   5.1459361e+14
      576.967   5.1417626e+14
      577.001   5.1419397e+14
      577.034   5.1373201e+14
      577.067   5.1252873e+14
      577.101   5.1141185e+14
      577.134   5.1048213e+14
      577.167   5.0978473e+14
      577.201   5.0943113e+14
      577.234   5.0968262e+14
      577.267   5.0945821e+14
      577.301   5.0931757e+14
      577.334   5.0933384e+14
      577.367   5.0897654e+14
      577.401   5.0918736e+14
      577.434   5.0979595e+14
      577.467   5.1001980e+14
      577.501   5.0998158e+14
      577.534   5.1025532e+14
      577.567   5.1059279e+14
      577.601   5.1127162e+14
      577.634   5.1216286e+14
      577.667   5.1281890e+14
      577.701   5.1314628e+14
      577.734   5.1290525e+14
      577.768   5.1254038e+14
      577.801   5.1238508e+14
      577.834   5.1219097e+14
      577.868   5.1301695e+14
      577.901   5.1340182e+14
      577.934   5.1279227e+14
      577.968   5.1193693e+14
      578.001   5.1131885e+14
      578.035   5.0927479e+14
      578.068   5.0683626e+14
      578.102   5.0542347e+14
      578.135   5.0371873e+14
      578.168   5.0122132e+14
      578.202   4.9977195e+14
      578.235   4.9888414e+14
      578.269   4.9788069e+14
      578.302   4.9690961e+14
      578.336   4.9553171e+14
      578.369   4.9256179e+14
      578.402   4.8950275e+14
      578.436   4.8670206e+14
      578.469   4.8505361e+14
      578.503   4.8476982e+14
      578.536   4.8590491e+14
      578.570   4.8852718e+14
      578.603   4.9109623e+14
      578.637   4.9218826e+14
      578.670   4.9319356e+14
      578.704   4.9444944e+14
      578.737   4.9527476e+14
      578.771   4.9621464e+14
      578.804   4.9772807e+14
      578.838   4.9931182e+14
      578.871   5.0143303e+14
      578.905   5.0351380e+14
      578.938   5.0522764e+14
      578.972   5.0636816e+14
      579.005   5.0719228e+14
      579.039   5.0721614e+14
      579.072   5.0667842e+14
      579.106   5.0581686e+14
      579.139   5.0533446e+14
      579.173   5.0510276e+14
      579.206   5.0502008e+14
      579.240   5.0430528e+14
      579.274   5.0396521e+14
      579.307   5.0389905e+14
      579.341   5.0365885e+14
      579.374   5.0307340e+14
      579.408   5.0287478e+14
      579.441   5.0235023e+14
      579.475   5.0275696e+14
      579.509   5.0432476e+14
      579.542   5.0641953e+14
      579.576   5.0859051e+14
      579.609   5.1045246e+14
      579.643   5.1032646e+14
      579.677   5.0904180e+14
      579.710   5.0766441e+14
      579.744   5.0710468e+14
      579.777   5.0749150e+14
      579.811   5.0899650e+14
      579.845   5.1046000e+14
      579.878   5.1146971e+14
      579.912   5.1173832e+14
      579.945   5.1151962e+14
      579.979   5.1119061e+14
      580.013   5.1094216e+14
      580.046   5.1083454e+14
      580.080   5.1073899e+14
      580.114   5.1056828e+14
      580.147   5.1084987e+14
      580.181   5.1232833e+14
      580.215   5.1378469e+14
      580.248   5.1484247e+14
      580.282   5.1570945e+14
      580.316   5.1587004e+14
      580.349   5.1476394e+14
      580.383   5.1298544e+14
      580.417   5.1172973e+14
      580.450   5.1071778e+14
      580.484   5.0957307e+14
      580.518   5.0790231e+14
      580.552   5.0705780e+14
      580.585   5.0608148e+14
      580.619   5.0483044e+14
      580.653   5.0330644e+14
      580.686   5.0271099e+14
      580.720   5.0194382e+14
      580.754   5.0093999e+14
      580.788   4.9979397e+14
      580.821   5.0011138e+14
      580.855   5.0034344e+14
      580.889   5.0125220e+14
      580.922   5.0290931e+14
      580.956   5.0521914e+14
      580.990   5.0651829e+14
      581.024   5.0842689e+14
      581.058   5.1000956e+14
      581.091   5.1120711e+14
      581.125   5.1201564e+14
      581.159   5.1362670e+14
      581.193   5.1475867e+14
      581.226   5.1522122e+14
      581.260   5.1496577e+14
      581.294   5.1593919e+14
      581.328   5.1629131e+14
      581.362   5.1632014e+14
      581.395   5.1657108e+14
      581.429   5.1724657e+14
      581.463   5.1583155e+14
      581.497   5.1308665e+14
      581.531   5.1077907e+14
      581.564   5.0898332e+14
      581.598   5.0749215e+14
      581.632   5.0708542e+14
      581.666   5.0807018e+14
      581.700   5.0872314e+14
      581.734   5.0891605e+14
      581.767   5.0947344e+14
      581.801   5.1008200e+14
      581.835   5.1094726e+14
      581.869   5.1208875e+14
      581.903   5.1358192e+14
      581.937   5.1441403e+14
      581.971   5.1510119e+14
      582.004   5.1700685e+14
      582.038   5.1933495e+14
      582.072   5.2130617e+14
      582.106   5.2315203e+14
      582.140   5.2516000e+14
      582.174   5.2545170e+14
      582.208   5.2459624e+14
      582.242   5.2336383e+14
      582.276   5.2259748e+14
      582.309   5.2179100e+14
      582.343   5.2114445e+14
      582.377   5.2091390e+14
      582.411   5.2107698e+14
      582.445   5.2105299e+14
      582.479   5.2100109e+14
      582.513   5.2093519e+14
      582.547   5.2074920e+14
      582.581   5.2049054e+14
      582.615   5.2048047e+14
      582.649   5.2042570e+14
      582.683   5.2034857e+14
      582.717   5.2042228e+14
      582.751   5.2114142e+14
      582.785   5.2190252e+14
      582.818   5.2272987e+14
      582.852   5.2349122e+14
      582.886   5.2408768e+14
      582.920   5.2360829e+14
      582.954   5.2185427e+14
      582.988   5.2030691e+14
      583.022   5.1850887e+14
      583.056   5.1699485e+14
      583.090   5.1604533e+14
      583.124   5.1605743e+14
      583.158   5.1604997e+14
      583.192   5.1646755e+14
      583.226   5.1647691e+14
      583.260   5.1610871e+14
      583.294   5.1598101e+14
      583.328   5.1557921e+14
      583.363   5.1473907e+14
      583.397   5.1378051e+14
      583.431   5.1295615e+14
      583.465   5.1296812e+14
      583.499   5.1343601e+14
      583.533   5.1472369e+14
      583.567   5.1650392e+14
      583.601   5.1838231e+14
      583.635   5.1901011e+14
      583.669   5.1910910e+14
      583.703   5.1826502e+14
      583.737   5.1729214e+14
      583.771   5.1684249e+14
      583.805   5.1672304e+14
      583.839   5.1636006e+14
      583.873   5.1589069e+14
      583.907   5.1608192e+14
      583.942   5.1608643e+14
      583.976   5.1610691e+14
      584.010   5.1651096e+14
      584.044   5.1749742e+14
      584.078   5.1775317e+14
      584.112   5.1763648e+14
      584.146   5.1759824e+14
      584.180   5.1736392e+14
      584.215   5.1765136e+14
      584.249   5.1821528e+14
      584.283   5.1892769e+14
      584.317   5.1926769e+14
      584.351   5.1940872e+14
      584.385   5.1967590e+14
      584.419   5.2010276e+14
      584.454   5.2050812e+14
      584.488   5.2096872e+14
      584.522   5.2165353e+14
      584.556   5.2128199e+14
      584.590   5.2036107e+14
      584.624   5.1908125e+14
      584.659   5.1670343e+14
      584.693   5.1506169e+14
      584.727   5.1397198e+14
      584.761   5.1294104e+14
      584.795   5.1215946e+14
      584.830   5.1251416e+14
      584.864   5.1251750e+14
      584.898   5.1261624e+14
      584.932   5.1284115e+14
      584.966   5.1308009e+14
      585.001   5.1343213e+14
      585.035   5.1317605e+14
      585.069   5.1214305e+14
      585.103   5.1160926e+14
      585.138   5.1085744e+14
      585.172   5.1089851e+14
      585.206   5.1084702e+14
      585.240   5.1129491e+14
      585.275   5.1146600e+14
      585.309   5.1193642e+14
      585.343   5.1166892e+14
      585.377   5.1165108e+14
      585.412   5.1161730e+14
      585.446   5.1072382e+14
      585.480   5.0976289e+14
      585.514   5.0887482e+14
      585.549   5.0721563e+14
      585.583   5.0410114e+14
      585.617   5.0060168e+14
      585.651   4.9779810e+14
      585.686   4.9471140e+14
      585.720   4.9305838e+14
      585.754   4.9358145e+14
      585.789   4.9438337e+14
      585.823   4.9295468e+14
      585.857   4.9218023e+14
      585.892   4.9151325e+14
      585.926   4.9009259e+14
      585.960   4.8968299e+14
      585.995   4.9137828e+14
      586.029   4.9245203e+14
      586.063   4.9125582e+14
      586.098   4.8924551e+14
      586.132   4.9016482e+14
      586.167   4.9155712e+14
      586.201   4.9298811e+14
      586.235   4.9649048e+14
      586.270   5.0068838e+14
      586.304   5.0153553e+14
      586.338   5.0316139e+14
      586.373   5.0561190e+14
      586.407   5.0777229e+14
      586.441   5.0986543e+14
      586.476   5.1154927e+14
      586.510   5.1078904e+14
      586.545   5.0929564e+14
      586.579   5.0689574e+14
      586.613   5.0554173e+14
      586.648   5.0597708e+14
      586.682   5.0718503e+14
      586.717   5.0836584e+14
      586.751   5.1036450e+14
      586.786   5.1172854e+14
      586.820   5.1188496e+14
      586.854   5.1188950e+14
      586.889   5.1191738e+14
      586.923   5.1190217e+14
      586.958   5.1141799e+14
      586.992   5.1046289e+14
      587.027   5.1073366e+14
      587.061   5.1122325e+14
      587.096   5.1133905e+14
      587.130   5.1298259e+14
      587.165   5.1520369e+14
      587.199   5.1643933e+14
      587.234   5.1721120e+14
      587.268   5.1841316e+14
      587.302   5.1836265e+14
      587.337   5.1833509e+14
      587.372   5.1824565e+14
      587.406   5.1836681e+14
      587.441   5.1842938e+14
      587.475   5.1834503e+14
      587.510   5.1874828e+14
      587.544   5.1923271e+14
      587.579   5.1946420e+14
      587.613   5.1943899e+14
      587.648   5.1934391e+14
      587.682   5.1914973e+14
      587.717   5.1879274e+14
      587.751   5.1863796e+14
      587.786   5.1877937e+14
      587.820   5.1910334e+14
      587.855   5.1851535e+14
      587.889   5.1760006e+14
      587.924   5.1666271e+14
      587.959   5.1513096e+14
      587.993   5.1359014e+14
      588.028   5.1252581e+14
      588.062   5.1170878e+14
      588.097   5.1074005e+14
      588.131   5.1071450e+14
      588.166   5.1104726e+14
      588.201   5.1071513e+14
      588.235   5.0887798e+14
      588.270   5.0790901e+14
      588.305   5.0685541e+14
      588.339   5.0558430e+14
      588.374   5.0513922e+14
      588.408   5.0673093e+14
      588.443   5.0737075e+14
      588.478   5.0826709e+14
      588.512   5.0954624e+14
      588.547   5.1069633e+14
      588.581   5.1118931e+14
      588.616   5.1206899e+14
      588.651   5.1234832e+14
      588.685   5.1164911e+14
      588.720   5.0973830e+14
      588.755   5.0855463e+14
      588.789   5.0516034e+14
      588.824   4.9698805e+14
      588.859   4.8521806e+14
      588.893   4.7424180e+14
      588.928   4.6245892e+14
      588.963   4.5150140e+14
      588.998   4.4600159e+14
      589.032   4.4471187e+14
      589.067   4.4340464e+14
      589.102   4.4143718e+14
      589.136   4.3868424e+14
      589.171   4.3591503e+14
      589.206   4.3331172e+14
      589.240   4.3107369e+14
      589.275   4.2959812e+14
      589.310   4.2983497e+14
      589.345   4.3154771e+14
      589.379   4.3697645e+14
      589.414   4.4172123e+14
      589.449   4.4271563e+14
      589.484   4.4649636e+14
      589.518   4.4956521e+14
      589.553   4.4884959e+14
      589.588   4.4845862e+14
      589.623   4.5140236e+14
      589.657   4.5377509e+14
      589.692   4.5586126e+14
      589.727   4.5791388e+14
      589.762   4.5974090e+14
      589.797   4.6206249e+14
      589.831   4.6273350e+14
      589.866   4.6228405e+14
      589.901   4.6115348e+14
      589.936   4.6124916e+14
      589.971   4.6703401e+14
      590.005   4.7565913e+14
      590.040   4.8541182e+14
      590.075   4.9579944e+14
      590.110   5.0527278e+14
      590.145   5.0950026e+14
      590.179   5.1112856e+14
      590.214   5.1196373e+14
      590.249   5.1231553e+14
      590.284   5.1335739e+14
      590.319   5.1438816e+14
      590.354   5.1449979e+14
      590.388   5.1433005e+14
      590.423   5.1309484e+14
      590.458   5.1196705e+14
      590.493   5.1063525e+14
      590.528   5.0994568e+14
      590.563   5.0929553e+14
      590.598   5.0999552e+14
      590.633   5.1045773e+14
      590.667   5.1080554e+14
      590.702   5.1108111e+14
      590.737   5.1143875e+14
      590.772   5.1201166e+14
      590.807   5.1197020e+14
      590.842   5.1074484e+14
      590.877   5.1043417e+14
      590.912   5.0991661e+14
      590.947   5.1075592e+14
      590.982   5.1209115e+14
      591.017   5.1471831e+14
      591.051   5.1620516e+14
      591.086   5.1794241e+14
      591.121   5.1810711e+14
      591.156   5.1793746e+14
      591.191   5.1753818e+14
      591.226   5.1663154e+14
      591.261   5.1239135e+14
      591.296   5.0934409e+14
      591.331   5.0631913e+14
      591.366   5.0428324e+14
      591.401   5.0323082e+14
      591.436   5.0506192e+14
      591.471   5.0405768e+14
      591.506   5.0340492e+14
      591.541   5.0177943e+14
      591.576   5.0030679e+14
      591.611   4.9931339e+14
      591.646   5.0004147e+14
      591.681   5.0034710e+14
      591.716   5.0007396e+14
      591.751   4.9842206e+14
      591.786   4.9998445e+14
      591.821   5.0250307e+14
      591.856   5.0504483e+14
      591.891   5.0777123e+14
      591.926   5.1100030e+14
      591.961   5.1056877e+14
      591.996   5.1073318e+14
      592.031   5.1145112e+14
      592.066   5.1228832e+14
      592.101   5.1378422e+14
      592.136   5.1574300e+14
      592.172   5.1629192e+14
      592.207   5.1622108e+14
      592.242   5.1644840e+14
      592.277   5.1636049e+14
      592.312   5.1630102e+14
      592.347   5.1628409e+14
      592.382   5.1633540e+14
      592.417   5.1635820e+14
      592.452   5.1694631e+14
      592.487   5.1764235e+14
      592.522   5.1784141e+14
      592.557   5.1613989e+14
      592.593   5.1510111e+14
      592.628   5.1281104e+14
      592.663   5.1068559e+14
      592.698   5.0899457e+14
      592.733   5.0901124e+14
      592.768   5.0831748e+14
      592.803   5.0792198e+14
      592.839   5.0674860e+14
      592.874   5.0355319e+14
      592.909   5.0138071e+14
      592.944   4.9937848e+14
      592.979   4.9803569e+14
      593.014   4.9694262e+14
      593.049   4.9722251e+14
      593.085   4.9831647e+14
      593.120   4.9943531e+14
      593.155   5.0154964e+14
      593.190   5.0403391e+14
      593.225   5.0716975e+14
      593.261   5.0856331e+14
      593.296   5.0811295e+14
      593.331   5.0637665e+14
      593.366   5.0427607e+14
      593.401   5.0455078e+14
      593.437   5.0561737e+14
      593.472   5.0834208e+14
      593.507   5.1103582e+14
      593.542   5.1350501e+14
      593.578   5.1376705e+14
      593.613   5.1334225e+14
      593.648   5.1293172e+14
      593.683   5.1255237e+14
      593.718   5.1243491e+14
      593.754   5.1214181e+14
      593.789   5.1139225e+14
      593.824   5.1142269e+14
      593.859   5.1248670e+14
      593.895   5.1383645e+14
      593.930   5.1496338e+14
      593.965   5.1649482e+14
      594.001   5.1715867e+14
      594.036   5.1623254e+14
      594.071   5.1511824e+14
      594.106   5.1408363e+14
      594.142   5.1330323e+14
      594.177   5.1276401e+14
      594.212   5.1266347e+14
      594.248   5.1252107e+14
      594.283   5.1252597e+14
      594.318   5.1241969e+14
      594.354   5.1227723e+14
      594.389   5.1235330e+14
      594.424   5.1228693e+14
      594.460   5.1242945e+14
      594.495   5.1247414e+14
      594.530   5.1259876e+14
      594.566   5.1286666e+14
      594.601   5.1320794e+14
      594.636   5.1371743e+14
      594.672   5.1378307e+14
      594.707   5.1207715e+14
      594.742   5.1076169e+14
      594.778   5.0863707e+14
      594.813   5.0656833e+14
      594.849   5.0515334e+14
      594.884   5.0543721e+14
      594.919   5.0507078e+14
      594.955   5.0546398e+14
      594.990   5.0523726e+14
      595.026   5.0527992e+14
      595.061   5.0525904e+14
      595.096   5.0439652e+14
      595.132   5.0249606e+14
      595.167   5.0007511e+14
      595.203   4.9743217e+14
      595.238   4.9675155e+14
      595.274   4.9693365e+14
      595.309   4.9924708e+14
      595.344   5.0245136e+14
      595.380   5.0547134e+14
      595.415   5.0658952e+14
      595.451   5.0763163e+14
      595.486   5.0716832e+14
      595.522   5.0514676e+14
      595.557   5.0363525e+14
      595.593   5.0192456e+14
      595.628   5.0009276e+14
      595.664   4.9952977e+14
      595.699   5.0159633e+14
      595.735   5.0341268e+14
      595.770   5.0545407e+14
      595.806   5.0757084e+14
      595.841   5.0851277e+14
      595.877   5.0827003e+14
      595.912   5.0778065e+14
      595.948   5.0727207e+14
      595.983   5.0631957e+14
      596.019   5.0532505e+14
      596.054   5.0572706e+14
      596.090   5.0655580e+14
      596.125   5.0741523e+14
      596.161   5.0877016e+14
      596.196   5.1079900e+14
      596.232   5.1154250e+14
      596.267   5.1194504e+14
      596.303   5.1224546e+14
      596.339   5.1262606e+14
      596.374   5.1292004e+14
      596.410   5.1241699e+14
      596.445   5.1156707e+14
      596.481   5.1095238e+14
      596.516   5.1075427e+14
      596.552   5.1045702e+14
      596.588   5.1086908e+14
      596.623   5.1149768e+14
      596.659   5.1200431e+14
      596.694   5.1228401e+14
      596.730   5.1255037e+14
      596.766   5.1271089e+14
      596.801   5.1281330e+14
      596.837   5.1301100e+14
      596.872   5.1303329e+14
      596.908   5.1278456e+14
      596.944   5.1286781e+14
      596.979   5.1381181e+14
      597.015   5.1475080e+14
      597.051   5.1583539e+14
      597.086   5.1715404e+14
      597.122   5.1815019e+14
      597.158   5.1858235e+14
      597.193   5.1893063e+14
      597.229   5.1914810e+14
      597.265   5.1933700e+14
      597.300   5.1936174e+14
      597.336   5.1888611e+14
      597.372   5.1571508e+14
      597.407   5.1335336e+14
      597.443   5.1292602e+14
      597.479   5.1031843e+14
      597.514   5.0676698e+14
      597.550   5.0460852e+14
      597.586   5.0282519e+14
      597.621   5.0124989e+14
      597.657   4.9995904e+14
      597.693   4.9771079e+14
      597.729   4.9699566e+14
      597.764   4.9628241e+14
      597.800   4.9555845e+14
      597.836   4.9503513e+14
      597.872   4.9542333e+14
      597.907   4.9766566e+14
      597.943   5.0029622e+14
      597.979   5.0311340e+14
      598.015   5.0636107e+14
      598.050   5.1048577e+14
      598.086   5.1312913e+14
      598.122   5.1522216e+14
      598.158   5.1681065e+14
      598.193   5.1779895e+14
      598.229   5.1797648e+14
      598.265   5.1797327e+14
      598.301   5.1762584e+14
      598.337   5.1621958e+14
      598.372   5.1465458e+14
      598.408   5.1270291e+14
      598.444   5.1069346e+14
      598.480   5.0911434e+14
      598.516   5.0849644e+14
      598.552   5.0698872e+14
      598.587   5.0523887e+14
      598.623   5.0352694e+14
      598.659   5.0184357e+14
      598.695   5.0042982e+14
      598.731   5.0033652e+14
      598.767   5.0065666e+14
      598.802   5.0106783e+14
      598.838   5.0191348e+14
      598.874   5.0389068e+14
      598.910   5.0581921e+14
      598.946   5.0723974e+14
      598.982   5.0792224e+14
      599.018   5.0785475e+14
      599.054   5.0687915e+14
      599.089   5.0680173e+14
      599.125   5.0735142e+14
      599.161   5.0859067e+14
      599.197   5.1000243e+14
      599.233   5.1093161e+14
      599.269   5.1073169e+14
      599.305   5.1037655e+14
      599.341   5.1003572e+14
      599.377   5.0974659e+14
      599.413   5.0960969e+14
      599.448   5.0949210e+14
      599.484   5.0970016e+14
      599.520   5.1011524e+14
      599.556   5.0963914e+14
      599.592   5.0874607e+14
      599.628   5.0761429e+14
      599.664   5.0614310e+14
      599.700   5.0450493e+14
      599.736   5.0388745e+14
      599.772   5.0397152e+14
      599.808   5.0436915e+14
      599.844   5.0481862e+14
      599.880   5.0515877e+14
      599.916   5.0527464e+14
      599.952   5.0511434e+14
      599.988   5.0498849e+14
      600.024   5.0490295e+14
      600.060   5.0544464e+14
      600.096   5.0699922e+14
      600.132   5.0775686e+14
      600.168   5.0834198e+14
      600.204   5.0889829e+14
      600.240   5.0886475e+14
      600.276   5.0799653e+14
      600.312   5.0799170e+14
      600.348   5.0804154e+14
      600.384   5.0743790e+14
      600.420   5.0669891e+14
      600.456   5.0604621e+14
      600.492   5.0538770e+14
      600.529   5.0471257e+14
      600.565   5.0416617e+14
      600.601   5.0337494e+14
      600.637   5.0197884e+14
      600.673   5.0122185e+14
      600.709   4.9970159e+14
      600.745   4.9835970e+14
      600.781   4.9742962e+14
      600.817   4.9672124e+14
      600.853   4.9510814e+14
      600.889   4.9448590e+14
      600.925   4.9480580e+14
      600.962   4.9531960e+14
      600.998   4.9613805e+14
      601.034   4.9717728e+14
      601.070   4.9790259e+14
      601.106   4.9804864e+14
      601.142   4.9798437e+14
      601.178   4.9778740e+14
      601.214   4.9787008e+14
      601.251   4.9935177e+14
      601.287   5.0092796e+14
      601.323   5.0246971e+14
      601.359   5.0424518e+14
      601.395   5.0590270e+14
      601.431   5.0628581e+14
      601.468   5.0613050e+14
      601.504   5.0415160e+14
      601.540   5.0138212e+14
      601.576   4.9862390e+14
      601.612   4.9625182e+14
      601.648   4.9444781e+14
      601.685   4.9479076e+14
      601.721   4.9669956e+14
      601.757   4.9871246e+14
      601.793   5.0028707e+14
      601.830   5.0133744e+14
      601.866   5.0071910e+14
      601.902   4.9878750e+14
      601.938   4.9672294e+14
      601.974   4.9458883e+14
      602.011   4.9228784e+14
      602.047   4.9249436e+14
      602.083   4.9346306e+14
      602.119   4.9465127e+14
      602.156   4.9602810e+14
      602.192   4.9769018e+14
      602.228   4.9709717e+14
      602.265   4.9519675e+14
      602.301   4.9308441e+14
      602.337   4.9102089e+14
      602.373   4.8971389e+14
      602.410   4.9080794e+14
      602.446   4.9301631e+14
      602.482   4.9517878e+14
      602.518   4.9742528e+14
      602.555   4.9909504e+14
      602.591   4.9927609e+14
      602.627   4.9940517e+14
      602.664   4.9964777e+14
      602.700   4.9960346e+14
      602.736   4.9977882e+14
      602.773   5.0103599e+14
      602.809   5.0196295e+14
      602.845   5.0196496e+14
      602.882   5.0179740e+14
      602.918   5.0134263e+14
      602.954   4.9992787e+14
      602.991   4.9873942e+14
      603.027   4.9848420e+14
      603.064   4.9903969e+14
      603.100   5.0054002e+14
      603.136   5.0209835e+14
      603.173   5.0370407e+14
      603.209   5.0535247e+14
      603.245   5.0628372e+14
      603.282   5.0603276e+14
      603.318   5.0602099e+14
      603.355   5.0702853e+14
      603.391   5.0881658e+14
      603.427   5.1100122e+14
      603.464   5.1334909e+14
      603.500   5.1526519e+14
      603.537   5.1607680e+14
      603.573   5.1609170e+14
      603.610   5.1590486e+14
      603.646   5.1562157e+14
      603.682   5.1533539e+14
      603.719   5.1508477e+14
      603.755   5.1494320e+14
      603.792   5.1492996e+14
      603.828   5.1484922e+14
      603.865   5.1476640e+14
      603.901   5.1478988e+14
      603.938   5.1481137e+14
      603.974   5.1470160e+14
      604.011   5.1464482e+14
      604.047   5.1456978e+14
      604.084   5.1452168e+14
      604.120   5.1457990e+14
      604.157   5.1464772e+14
      604.193   5.1468851e+14
      604.230   5.1446944e+14
      604.266   5.1405821e+14
      604.303   5.1364198e+14
      604.339   5.1329149e+14
      604.376   5.1299689e+14
      604.412   5.1295357e+14
      604.449   5.1300385e+14
      604.485   5.1299237e+14
      604.522   5.1290643e+14
      604.558   5.1285147e+14
      604.595   5.1289016e+14
      604.631   5.1289893e+14
      604.668   5.1288840e+14
      604.705   5.1285455e+14
      604.741   5.1285464e+14
      604.778   5.1301806e+14
      604.814   5.1328791e+14
      604.851   5.1361379e+14
      604.888   5.1399482e+14
      604.924   5.1426768e+14
      604.961   5.1431512e+14
      604.997   5.1443715e+14
      605.034   5.1459291e+14
      605.070   5.1471570e+14
      605.107   5.1476392e+14
      605.144   5.1479758e+14
      605.180   5.1476950e+14
      605.217   5.1451003e+14
      605.254   5.1408514e+14
      605.290   5.1377244e+14
      605.327   5.1352453e+14
      605.364   5.1330265e+14
      605.400   5.1310313e+14
      605.437   5.1202753e+14
      605.473   5.1045160e+14
      605.510   5.0896915e+14
      605.547   5.0745167e+14
      605.583   5.0609297e+14
      605.620   5.0583568e+14
      605.657   5.0606925e+14
      605.694   5.0609364e+14
      605.730   5.0622476e+14
      605.767   5.0659206e+14
      605.804   5.0703486e+14
      605.840   5.0750597e+14
      605.877   5.0796922e+14
      605.914   5.0808966e+14
      605.950   5.0854636e+14
      605.987   5.0995134e+14
      606.024   5.1152798e+14
      606.061   5.1324718e+14
      606.097   5.1519249e+14
      606.134   5.1623486e+14
      606.171   5.1611748e+14
      606.208   5.1598256e+14
      606.244   5.1585265e+14
      606.281   5.1572642e+14
      606.318   5.1576303e+14
      606.355   5.1551463e+14
      606.391   5.1330830e+14
      606.428   5.1002355e+14
      606.465   5.0714274e+14
      606.502   5.0450295e+14
      606.538   5.0221395e+14
      606.575   5.0155742e+14
      606.612   5.0184334e+14
      606.649   5.0204204e+14
      606.686   5.0244437e+14
      606.722   5.0290706e+14
      606.759   5.0348992e+14
      606.796   5.0421840e+14
      606.833   5.0481305e+14
      606.870   5.0500026e+14
      606.907   5.0623822e+14
      606.943   5.0925686e+14
      606.980   5.1256771e+14
      607.017   5.1581187e+14
      607.054   5.1916688e+14
      607.091   5.2123543e+14
      607.128   5.2167383e+14
      607.165   5.2184438e+14
      607.201   5.2203743e+14
      607.238   5.2224005e+14
      607.275   5.2239034e+14
      607.312   5.2244734e+14
      607.349   5.2245486e+14
      607.386   5.2242454e+14
      607.423   5.2239418e+14
      607.460   5.2232311e+14
      607.497   5.2216457e+14
      607.533   5.2200516e+14
      607.570   5.2186990e+14
      607.607   5.2170254e+14
      607.644   5.2140985e+14
      607.681   5.2014680e+14
      607.718   5.1778781e+14
      607.755   5.1502341e+14
      607.792   5.1212753e+14
      607.829   5.0936249e+14
      607.866   5.0760278e+14
      607.903   5.0692141e+14
      607.940   5.0657817e+14
      607.977   5.0629896e+14
      608.014   5.0601393e+14
      608.051   5.0581346e+14
      608.088   5.0540001e+14
      608.125   5.0442667e+14
      608.161   5.0314037e+14
      608.199   5.0239793e+14
      608.236   5.0243048e+14
      608.273   5.0322429e+14
      608.310   5.0491661e+14
      608.346   5.0653543e+14
      608.384   5.0721077e+14
      608.421   5.0713860e+14
      608.458   5.0638942e+14
      608.495   5.0515291e+14
      608.532   5.0450859e+14
      608.569   5.0423188e+14
      608.606   5.0389391e+14
      608.643   5.0419503e+14
      608.680   5.0497186e+14
      608.717   5.0560579e+14
      608.754   5.0654928e+14
      608.791   5.0744611e+14
      608.828   5.0760442e+14
      608.865   5.0770145e+14
      608.902   5.0820138e+14
      608.939   5.0838611e+14
      608.976   5.0869639e+14
      609.013   5.0946275e+14
      609.051   5.0985729e+14
      609.088   5.0979831e+14
      609.125   5.0972473e+14
      609.162   5.0956349e+14
      609.199   5.0901958e+14
      609.236   5.0839380e+14
      609.273   5.0765984e+14
      609.310   5.0722087e+14
      609.347   5.0733113e+14
      609.385   5.0803545e+14
      609.422   5.0921827e+14
      609.459   5.1068175e+14
      609.496   5.1151126e+14
      609.533   5.1161889e+14
      609.570   5.1177625e+14
      609.607   5.1176698e+14
      609.645   5.1163582e+14
      609.682   5.1184285e+14
      609.719   5.1264052e+14
      609.756   5.1346459e+14
      609.793   5.1441745e+14
      609.830   5.1551077e+14
      609.868   5.1652609e+14
      609.905   5.1712548e+14
      609.942   5.1735632e+14
      609.979   5.1723910e+14
      610.016   5.1718916e+14
      610.054   5.1652289e+14
      610.091   5.1412369e+14
      610.128   5.1033741e+14
      610.165   5.0605323e+14
      610.203   5.0147394e+14
      610.240   4.9773002e+14
      610.277   4.9587321e+14
      610.314   4.9542104e+14
      610.352   4.9539389e+14
      610.389   4.9532496e+14
      610.426   4.9501898e+14
      610.463   4.9455486e+14
      610.501   4.9374890e+14
      610.538   4.9260836e+14
      610.575   4.9134465e+14
      610.612   4.9093579e+14
      610.650   4.9167267e+14
      610.687   4.9349231e+14
      610.724   4.9678817e+14
      610.762   5.0053344e+14
      610.799   5.0333806e+14
      610.836   5.0499484e+14
      610.874   5.0611073e+14
      610.911   5.0657847e+14
      610.948   5.0669765e+14
      610.986   5.0654521e+14
      611.023   5.0673558e+14
      611.060   5.0699505e+14
      611.098   5.0755426e+14
      611.135   5.0853474e+14
      611.172   5.1010144e+14
      611.210   5.1211462e+14
      611.247   5.1415361e+14
      611.284   5.1560655e+14
      611.322   5.1682594e+14
      611.359   5.1771638e+14
      611.396   5.1783584e+14
      611.434   5.1722316e+14
      611.471   5.1620494e+14
      611.509   5.1515221e+14
      611.546   5.1395204e+14
      611.583   5.1291591e+14
      611.621   5.1248160e+14
      611.658   5.1272694e+14
      611.696   5.1344816e+14
      611.733   5.1451193e+14
      611.770   5.1534702e+14
      611.808   5.1581037e+14
      611.845   5.1584175e+14
      611.883   5.1536638e+14
      611.920   5.1444128e+14
      611.958   5.1388361e+14
      611.995   5.1406452e+14
      612.033   5.1397630e+14
      612.070   5.1234360e+14
      612.108   5.1006586e+14
      612.145   5.0785756e+14
      612.182   5.0529676e+14
      612.220   5.0313267e+14
      612.257   5.0246767e+14
      612.295   5.0268397e+14
      612.332   5.0213629e+14
      612.370   5.0106375e+14
      612.407   5.0031623e+14
      612.445   4.9950479e+14
      612.482   4.9843113e+14
      612.520   4.9762243e+14
      612.557   4.9769682e+14
      612.595   4.9912588e+14
      612.632   5.0090399e+14
      612.670   5.0197501e+14
      612.708   5.0346921e+14
      612.745   5.0455158e+14
      612.783   5.0316999e+14
      612.820   5.0072393e+14
      612.858   5.0020577e+14
      612.895   5.0027743e+14
      612.933   5.0043496e+14
      612.970   5.0139701e+14
      613.008   5.0254642e+14
      613.046   5.0209931e+14
      613.083   5.0110449e+14
      613.121   4.9995464e+14
      613.158   4.9997960e+14
      613.196   5.0201625e+14
      613.234   5.0487935e+14
      613.271   5.0714205e+14
      613.309   5.1019702e+14
      613.346   5.1292501e+14
      613.384   5.1455149e+14
      613.422   5.1604300e+14
      613.459   5.1725722e+14
      613.497   5.1557236e+14
      613.535   5.1114568e+14
      613.572   5.0615271e+14
      613.610   4.9982424e+14
      613.648   4.9275052e+14
      613.685   4.8807593e+14
      613.723   4.8515245e+14
      613.761   4.8277883e+14
      613.798   4.8205797e+14
      613.836   4.8284485e+14
      613.874   4.8332864e+14
      613.911   4.8386463e+14
      613.949   4.8383625e+14
      613.987   4.8181193e+14
      614.024   4.7930062e+14
      614.062   4.7896871e+14
      614.100   4.7959078e+14
      614.137   4.8259449e+14
      614.175   4.8874472e+14
      614.213   4.9543185e+14
      614.251   5.0029957e+14
      614.288   5.0414498e+14
      614.326   5.0505477e+14
      614.364   5.0343111e+14
      614.402   5.0149197e+14
      614.439   4.9929535e+14
      614.477   4.9685470e+14
      614.515   4.9629090e+14
      614.553   4.9799029e+14
      614.590   4.9991011e+14
      614.628   5.0166603e+14
      614.666   5.0399108e+14
      614.704   5.0558828e+14
      614.742   5.0549359e+14
      614.779   5.0426280e+14
      614.817   5.0300038e+14
      614.855   5.0253091e+14
      614.893   5.0269544e+14
      614.930   5.0341941e+14
      614.968   5.0475779e+14
      615.006   5.0656691e+14
      615.044   5.0686752e+14
      615.082   5.0612095e+14
      615.120   5.0567816e+14
      615.157   5.0623177e+14
      615.195   5.0774498e+14
      615.233   5.0952971e+14
      615.271   5.1145925e+14
      615.309   5.1302018e+14
      615.347   5.1259527e+14
      615.385   5.1036431e+14
      615.422   5.0853680e+14
      615.460   5.0654739e+14
      615.498   5.0435707e+14
      615.536   5.0367485e+14
      615.574   5.0486394e+14
      615.612   5.0535357e+14
      615.650   5.0515837e+14
      615.688   5.0533213e+14
      615.726   5.0483869e+14
      615.764   5.0317601e+14
      615.801   5.0160695e+14
      615.839   5.0111032e+14
      615.877   5.0159987e+14
      615.915   5.0269782e+14
      615.953   5.0334406e+14
      615.991   5.0308072e+14
      616.029   5.0141434e+14
      616.067   4.9584003e+14
      616.105   4.8870834e+14
      616.143   4.8391263e+14
      616.181   4.7996723e+14
      616.219   4.7533601e+14
      616.257   4.7265725e+14
      616.295   4.7234485e+14
      616.333   4.7153016e+14
      616.371   4.7024547e+14
      616.409   4.6969063e+14
      616.447   4.7024094e+14
      616.485   4.7017072e+14
      616.523   4.6888569e+14
      616.561   4.7010997e+14
      616.599   4.7524210e+14
      616.637   4.8121722e+14
      616.675   4.8617891e+14
      616.713   4.9189505e+14
      616.751   4.9585558e+14
      616.789   4.9574814e+14
      616.827   4.9294414e+14
      616.865   4.9000968e+14
      616.903   4.8649242e+14
      616.941   4.8326751e+14
      616.979   4.8106557e+14
      617.017   4.8157081e+14
      617.055   4.8332060e+14
      617.094   4.8523128e+14
      617.132   4.8620653e+14
      617.170   4.8639791e+14
      617.208   4.8408339e+14
      617.246   4.8166785e+14
      617.284   4.8041495e+14
      617.322   4.8194656e+14
      617.360   4.8486633e+14
      617.398   4.8940847e+14
      617.436   4.9441594e+14
      617.475   4.9886264e+14
      617.513   5.0058256e+14
      617.551   5.0090831e+14
      617.589   5.0077220e+14
      617.627   4.9975374e+14
      617.665   4.9811321e+14
      617.703   4.9789990e+14
      617.742   4.9945555e+14
      617.780   5.0120894e+14
      617.818   5.0243230e+14
      617.856   5.0291537e+14
      617.894   5.0229640e+14
      617.932   5.0171883e+14
      617.971   5.0169916e+14
      618.009   5.0169923e+14
      618.047   5.0318397e+14
      618.085   5.0547795e+14
      618.123   5.0703127e+14
      618.162   5.0842868e+14
      618.200   5.1018109e+14
      618.238   5.1139415e+14
      618.276   5.1190780e+14
      618.314   5.1223770e+14
      618.353   5.1241443e+14
      618.391   5.1340562e+14
      618.429   5.1492776e+14
      618.467   5.1634926e+14
      618.506   5.1754656e+14
      618.544   5.1854434e+14
      618.582   5.1857223e+14
      618.620   5.1746699e+14
      618.659   5.1564161e+14
      618.697   5.1425712e+14
      618.735   5.1329365e+14
      618.774   5.1216788e+14
      618.812   5.1164339e+14
      618.850   5.1193193e+14
      618.888   5.1194159e+14
      618.927   5.1113002e+14
      618.965   5.0825431e+14
      619.003   5.0318700e+14
      619.042   4.9823456e+14
      619.080   4.9394873e+14
      619.118   4.9027394e+14
      619.157   4.8942637e+14
      619.195   4.9123861e+14
      619.233   4.9261151e+14
      619.272   4.9340031e+14
      619.310   4.9442901e+14
      619.348   4.9459646e+14
      619.387   4.9404884e+14
      619.425   4.9331017e+14
      619.464   4.9266433e+14
      619.502   4.9377352e+14
      619.540   4.9703693e+14
      619.579   5.0130591e+14
      619.617   5.0621354e+14
      619.656   5.1102746e+14
      619.694   5.1383800e+14
      619.732   5.1440799e+14
      619.771   5.1403066e+14
      619.809   5.1346520e+14
      619.848   5.1227324e+14
      619.886   5.1003974e+14
      619.924   5.0832628e+14
      619.963   5.0675914e+14
      620.001   5.0536335e+14
      620.040   5.0461056e+14
      620.078   5.0492749e+14
      620.117   5.0477832e+14
      620.155   5.0461344e+14
      620.193   5.0429976e+14
      620.232   5.0387091e+14
      620.270   5.0359285e+14
      620.309   5.0345841e+14
      620.347   5.0314755e+14
      620.386   5.0412281e+14
      620.424   5.0601984e+14
      620.463   5.0814108e+14
      620.501   5.1017244e+14
      620.540   5.1230612e+14
      620.578   5.1330230e+14
      620.617   5.1362673e+14
      620.655   5.1371225e+14
      620.694   5.1376284e+14
      620.732   5.1377986e+14
      620.771   5.1351788e+14
      620.810   5.1330352e+14
      620.848   5.1317762e+14
      620.887   5.1305847e+14
      620.925   5.1369784e+14
      620.964   5.1455852e+14
      621.002   5.1518906e+14
      621.041   5.1569970e+14
      621.079   5.1618571e+14
      621.118   5.1660410e+14
      621.157   5.1604540e+14
      621.195   5.1382345e+14
      621.234   5.1190293e+14
      621.272   5.1013332e+14
      621.311   5.0829277e+14
      621.350   5.0670535e+14
      621.388   5.0576062e+14
      621.427   5.0488213e+14
      621.465   5.0373154e+14
      621.504   5.0221796e+14
      621.543   5.0162520e+14
      621.581   5.0223298e+14
      621.620   5.0231688e+14
      621.659   5.0194469e+14
      621.697   5.0351566e+14
      621.736   5.0529327e+14
      621.775   5.0571733e+14
      621.813   5.0592294e+14
      621.852   5.0648723e+14
      621.891   5.0596300e+14
      621.929   5.0443284e+14
      621.968   5.0389647e+14
      622.007   5.0340184e+14
      622.045   5.0301667e+14
      622.084   5.0232803e+14
      622.123   5.0164520e+14
      622.161   5.0119430e+14
      622.200   5.0095591e+14
      622.239   5.0028784e+14
      622.278   5.0003143e+14
      622.316   5.0097697e+14
      622.355   5.0238900e+14
      622.394   5.0405785e+14
      622.432   5.0712906e+14
      622.471   5.0967303e+14
      622.510   5.1106798e+14
      622.549   5.1256758e+14
      622.588   5.1448236e+14
      622.626   5.1567994e+14
      622.665   5.1674711e+14
      622.704   5.1766809e+14
      622.743   5.1754395e+14
      622.781   5.1615270e+14
      622.820   5.1493530e+14
      622.859   5.1331454e+14
      622.898   5.1043599e+14
      622.937   5.0550785e+14
      622.975   5.0189281e+14
      623.014   4.9815328e+14
      623.053   4.9517334e+14
      623.092   4.9306256e+14
      623.131   4.9202123e+14
      623.169   4.9075484e+14
      623.208   4.8938452e+14
      623.247   4.8733853e+14
      623.286   4.8675986e+14
      623.325   4.8813301e+14
      623.364   4.8913267e+14
      623.403   4.8924455e+14
      623.441   4.9172942e+14
      623.480   4.9513635e+14
      623.519   4.9840615e+14
      623.558   5.0063273e+14
      623.597   5.0165749e+14
      623.636   5.0239226e+14
      623.675   5.0175430e+14
      623.714   5.0033563e+14
      623.753   5.0010725e+14
      623.791   5.0171477e+14
      623.830   5.0122617e+14
      623.869   4.9926261e+14
      623.908   4.9639814e+14
      623.947   4.9398814e+14
      623.986   4.9230200e+14
      624.025   4.9079219e+14
      624.064   4.8984183e+14
      624.103   4.9169870e+14
      624.142   4.9315770e+14
      624.181   4.9359020e+14
      624.220   4.9406461e+14
      624.259   4.9366796e+14
      624.298   4.9114261e+14
      624.337   4.8867081e+14
      624.376   4.8656102e+14
      624.415   4.8514268e+14
      624.454   4.8523341e+14
      624.493   4.8439879e+14
      624.532   4.8382465e+14
      624.571   4.8299579e+14
      624.610   4.8027972e+14
      624.649   4.7784492e+14
      624.688   4.7758767e+14
      624.727   4.7686310e+14
      624.766   4.7745369e+14
      624.805   4.8123547e+14
      624.844   4.8555416e+14
      624.883   4.8961861e+14
      624.922   4.9399229e+14
      624.961   4.9707179e+14
      625.000   5.0011568e+14
      625.039   5.0294714e+14
      625.078   5.0438201e+14
      625.117   5.0411730e+14
      625.156   5.0567239e+14
      625.195   5.0509285e+14
      625.234   5.0192560e+14
      625.274   4.9798809e+14
      625.313   4.9584259e+14
      625.352   4.9232627e+14
      625.391   4.8912740e+14
      625.430   4.8769177e+14
      625.469   4.8751280e+14
      625.508   4.8520991e+14
      625.547   4.8329075e+14
      625.586   4.8051330e+14
      625.626   4.7980050e+14
      625.665   4.8017605e+14
      625.704   4.8147586e+14
      625.743   4.8130537e+14
      625.782   4.8474822e+14
      625.821   4.8742016e+14
      625.861   4.9031838e+14
      625.900   4.9408663e+14
      625.939   4.9831164e+14
      625.978   4.9845737e+14
      626.017   4.9941070e+14
      626.057   5.0059616e+14
      626.096   5.0159479e+14
      626.135   5.0286080e+14
      626.174   5.0616605e+14
      626.213   5.0754960e+14
      626.253   5.0866387e+14
      626.292   5.1026103e+14
      626.331   5.1146788e+14
      626.370   5.0976101e+14
      626.409   5.0860671e+14
      626.449   5.0671395e+14
      626.488   5.0512663e+14
      626.527   5.0462687e+14
      626.566   5.0615835e+14
      626.606   5.0675627e+14
      626.645   5.0709196e+14
      626.684   5.0683857e+14
      626.723   5.0600808e+14
      626.763   5.0570129e+14
      626.802   5.0534856e+14
      626.841   5.0398569e+14
      626.881   5.0357046e+14
      626.920   5.0485318e+14
      626.959   5.0564591e+14
      626.999   5.0634037e+14
      627.038   5.0842383e+14
      627.077   5.0925947e+14
      627.117   5.0838170e+14
      627.156   5.0794509e+14
      627.195   5.0822438e+14
      627.234   5.0845853e+14
      627.274   5.0857623e+14
      627.313   5.0897291e+14
      627.353   5.0879584e+14
      627.392   5.0948444e+14
      627.431   5.1062152e+14
      627.471   5.1186189e+14
      627.510   5.1348987e+14
      627.549   5.1545508e+14
      627.589   5.1620838e+14
      627.628   5.1650338e+14
      627.668   5.1698293e+14
      627.707   5.1704617e+14
      627.746   5.1666686e+14
      627.786   5.1605050e+14
      627.825   5.1512000e+14
      627.865   5.1375960e+14
      627.904   5.1115446e+14
      627.943   5.0843449e+14
      627.983   5.0641072e+14
      628.022   5.0479861e+14
      628.062   5.0334673e+14
      628.101   5.0305366e+14
      628.141   5.0302346e+14
      628.180   5.0274536e+14
      628.220   5.0242886e+14
      628.259   5.0234052e+14
      628.299   5.0234345e+14
      628.338   5.0278550e+14
      628.378   5.0276731e+14
      628.417   5.0364948e+14
      628.457   5.0568406e+14
      628.496   5.0795322e+14
      628.536   5.0979544e+14
      628.575   5.1195055e+14
      628.615   5.1320227e+14
      628.654   5.1354877e+14
      628.694   5.1370010e+14
      628.733   5.1387472e+14
      628.773   5.1411055e+14
      628.812   5.1452047e+14
      628.852   5.1458746e+14
      628.891   5.1446354e+14
      628.931   5.1379144e+14
      628.970   5.1240034e+14
      629.010   5.1136852e+14
      629.049   5.1054849e+14
      629.089   5.0974123e+14
      629.129   5.0954039e+14
      629.168   5.1009322e+14
      629.208   5.1019414e+14
      629.247   5.1001663e+14
      629.287   5.1003307e+14
      629.327   5.1005557e+14
      629.366   5.0993535e+14
      629.406   5.0977665e+14
      629.445   5.0969265e+14
      629.485   5.1008945e+14
      629.525   5.1077321e+14
      629.564   5.1150154e+14
      629.604   5.1165993e+14
      629.644   5.1033555e+14
      629.683   5.0909176e+14
      629.723   5.0763419e+14
      629.763   5.0625496e+14
      629.802   5.0530977e+14
      629.842   5.0591490e+14
      629.882   5.0569241e+14
      629.921   5.0514277e+14
      629.961   5.0346684e+14
      630.001   4.9985681e+14
      630.040   4.9696777e+14
      630.080   4.9346273e+14
      630.120   4.8818015e+14
      630.159   4.8629332e+14
      630.199   4.8737820e+14
      630.239   4.8764409e+14
      630.279   4.8858408e+14
      630.318   4.9186032e+14
      630.358   4.9276440e+14
      630.398   4.9281901e+14
      630.438   4.9284940e+14
      630.477   4.9218053e+14
      630.517   4.9365038e+14
      630.557   4.9601855e+14
      630.596   4.9838021e+14
      630.636   5.0255468e+14
      630.676   5.0819063e+14
      630.716   5.1142847e+14
      630.756   5.1398600e+14
      630.795   5.1679114e+14
      630.835   5.1751590e+14
      630.875   5.1745700e+14
      630.915   5.1757967e+14
      630.955   5.1757227e+14
      630.994   5.1708285e+14
      631.034   5.1715199e+14
      631.074   5.1730605e+14
      631.114   5.1723919e+14
      631.154   5.1723889e+14
      631.194   5.1779558e+14
      631.233   5.1805183e+14
      631.273   5.1759748e+14
      631.313   5.1495996e+14
      631.353   5.1224641e+14
      631.393   5.0735521e+14
      631.433   5.0236341e+14
      631.473   4.9836748e+14
      631.512   4.9712030e+14
      631.552   4.9592224e+14
      631.592   4.9655969e+14
      631.632   4.9616120e+14
      631.672   4.9366921e+14
      631.712   4.9003772e+14
      631.752   4.8535438e+14
      631.792   4.7894324e+14
      631.832   4.7586767e+14
      631.872   4.7460399e+14
      631.911   4.7568215e+14
      631.951   4.7907978e+14
      631.991   4.8459356e+14
      632.031   4.8792247e+14
      632.071   4.9049696e+14
      632.111   4.8945199e+14
      632.151   4.8710922e+14
      632.191   4.8615178e+14
      632.231   4.8670129e+14
      632.271   4.8854871e+14
      632.311   4.9355032e+14
      632.351   4.9859508e+14
      632.391   5.0184486e+14
      632.431   5.0383026e+14
      632.471   5.0553375e+14
      632.511   5.0595723e+14
      632.551   5.0557689e+14
      632.591   5.0437121e+14
      632.631   5.0437297e+14
      632.671   5.0522438e+14
      632.711   5.0623365e+14
      632.751   5.0844788e+14
      632.791   5.1134222e+14
      632.831   5.1260096e+14
      632.871   5.1254553e+14
      632.911   5.1231710e+14
      632.951   5.1173038e+14
      632.992   5.1117789e+14
      633.032   5.1032454e+14
      633.072   5.0944704e+14
      633.112   5.0867263e+14
      633.152   5.0888199e+14
      633.192   5.0931010e+14
      633.232   5.1030611e+14
      633.272   5.1150273e+14
      633.312   5.1231986e+14
      633.352   5.1156961e+14
      633.392   5.0832515e+14
      633.433   5.0595904e+14
      633.473   5.0391393e+14
      633.513   5.0076552e+14
      633.553   4.9758324e+14
      633.593   4.9775255e+14
      633.633   4.9738386e+14
      633.673   4.9670211e+14
      633.714   4.9646790e+14
      633.754   4.9533612e+14
      633.794   4.9365699e+14
      633.834   4.9151248e+14
      633.874   4.8851952e+14
      633.914   4.8875204e+14
      633.955   4.9138155e+14
      633.995   4.9307698e+14
      634.035   4.9491254e+14
      634.075   4.9924224e+14
      634.115   5.0122439e+14
      634.156   5.0218263e+14
      634.196   5.0313405e+14
      634.236   5.0285357e+14
      634.276   5.0107010e+14
      634.317   4.9997487e+14
      634.357   4.9927722e+14
      634.397   4.9900244e+14
      634.437   4.9981100e+14
      634.477   5.0051314e+14
      634.518   4.9999573e+14
      634.558   4.9853995e+14
      634.598   4.9746456e+14
      634.639   4.9667887e+14
      634.679   4.9627598e+14
      634.719   4.9672542e+14
      634.759   4.9779906e+14
      634.800   5.0012212e+14
      634.840   5.0281313e+14
      634.880   5.0529737e+14
      634.921   5.0741732e+14
      634.961   5.0989304e+14
      635.001   5.1069380e+14
      635.042   5.1070878e+14
      635.082   5.1157892e+14
      635.122   5.1294579e+14
      635.163   5.1381704e+14
      635.203   5.1398978e+14
      635.243   5.1365676e+14
      635.284   5.1278823e+14
      635.324   5.1120559e+14
      635.364   5.0812950e+14
      635.405   5.0624544e+14
      635.445   5.0538144e+14
      635.486   5.0382924e+14
      635.526   5.0293449e+14
      635.566   5.0391453e+14
      635.607   5.0445643e+14
      635.647   5.0435427e+14
      635.688   5.0325280e+14
      635.728   4.9955833e+14
      635.768   4.9751327e+14
      635.809   4.9588344e+14
      635.849   4.9384703e+14
      635.890   4.9422075e+14
      635.930   4.9689979e+14
      635.970   4.9759025e+14
      636.011   4.9800088e+14
      636.051   4.9887459e+14
      636.092   4.9751259e+14
      636.132   4.9533798e+14
      636.173   4.9345685e+14
      636.213   4.9077208e+14
      636.254   4.9046829e+14
      636.294   4.9101820e+14
      636.335   4.9204825e+14
      636.375   4.9342556e+14
      636.416   4.9560067e+14
      636.456   4.9591905e+14
      636.497   4.9601841e+14
      636.537   4.9676126e+14
      636.578   4.9734011e+14
      636.618   4.9836714e+14
      636.659   4.9995699e+14
      636.699   5.0119809e+14
      636.740   5.0221108e+14
      636.780   5.0239564e+14
      636.821   5.0272759e+14
      636.862   5.0314819e+14
      636.902   5.0405687e+14
      636.943   5.0465481e+14
      636.983   5.0512066e+14
      637.024   5.0556907e+14
      637.064   5.0531392e+14
      637.105   5.0512370e+14
      637.146   5.0499155e+14
      637.186   5.0533535e+14
      637.227   5.0585732e+14
      637.267   5.0628685e+14
      637.308   5.0712681e+14
      637.349   5.0810145e+14
      637.389   5.0923745e+14
      637.430   5.0981789e+14
      637.471   5.1014463e+14
      637.511   5.1071216e+14
      637.552   5.1143041e+14
      637.592   5.1230697e+14
      637.633   5.1294591e+14
      637.674   5.1337692e+14
      637.714   5.1319840e+14
      637.755   5.1279125e+14
      637.796   5.1231062e+14
      637.836   5.1185964e+14
      637.877   5.1167877e+14
      637.918   5.1021570e+14
      637.958   5.0920142e+14
      637.999   5.0841437e+14
      638.040   5.0769139e+14
      638.081   5.0719489e+14
      638.121   5.0788511e+14
      638.162   5.0785080e+14
      638.203   5.0795419e+14
      638.244   5.0816175e+14
      638.284   5.0828576e+14
      638.325   5.0788096e+14
      638.366   5.0745462e+14
      638.406   5.0500928e+14
      638.447   5.0403451e+14
      638.488   5.0373032e+14
      638.529   5.0408768e+14
      638.570   5.0471774e+14
      638.610   5.0697064e+14
      638.651   5.0745702e+14
      638.692   5.0726934e+14
      638.733   5.0711842e+14
      638.774   5.0704413e+14
      638.814   5.0685870e+14
      638.855   5.0716732e+14
      638.896   5.0736884e+14
      638.937   5.0866456e+14
      638.978   5.1030064e+14
      639.018   5.1216855e+14
      639.059   5.1323364e+14
      639.100   5.1340368e+14
      639.141   5.1259263e+14
      639.182   5.1007363e+14
      639.223   5.0484986e+14
      639.264   5.0091025e+14
      639.304   4.9836171e+14
      639.345   4.9552223e+14
      639.386   4.9391844e+14
      639.427   4.9495229e+14
      639.468   4.9495560e+14
      639.509   4.9470426e+14
      639.550   4.9443147e+14
      639.591   4.9390701e+14
      639.632   4.9462513e+14
      639.672   4.9517689e+14
      639.713   4.9534591e+14
      639.754   4.9849781e+14
      639.795   5.0199069e+14
      639.836   5.0069616e+14
      639.877   4.9783605e+14
      639.918   4.9665776e+14
      639.959   4.9285459e+14
      640.000   4.8910009e+14
      640.041   4.8919206e+14
      640.082   4.9107088e+14
      640.123   4.9160511e+14
      640.164   4.9186916e+14
      640.205   4.9214549e+14
      640.246   4.9231743e+14
      640.287   4.9223450e+14
      640.328   4.9086773e+14
      640.369   4.9158025e+14
      640.410   4.9596061e+14
      640.451   5.0115874e+14
      640.492   5.0672002e+14
      640.533   5.1344341e+14
      640.574   5.1718094e+14
      640.615   5.1646651e+14
      640.656   5.1250382e+14
      640.697   5.0926280e+14
      640.738   5.0651006e+14
      640.779   5.0451611e+14
      640.820   5.0297070e+14
      640.861   5.0385972e+14
      640.902   5.0380806e+14
      640.943   5.0301866e+14
      640.985   5.0129206e+14
      641.026   4.9682604e+14
      641.067   4.9273827e+14
      641.108   4.8958778e+14
      641.149   4.8622477e+14
      641.190   4.8623820e+14
      641.231   4.8965653e+14
      641.272   4.9267845e+14
      641.313   4.9442423e+14
      641.355   4.9597410e+14
      641.396   4.9532367e+14
      641.437   4.9398395e+14
      641.478   4.9247481e+14
      641.519   4.9001459e+14
      641.560   4.9060373e+14
      641.601   4.9232859e+14
      641.643   4.9394054e+14
      641.684   4.9590285e+14
      641.725   4.9927825e+14
      641.766   5.0045923e+14
      641.807   4.9939919e+14
      641.849   4.9626465e+14
      641.890   4.9477924e+14
      641.931   4.9304423e+14
      641.972   4.8832503e+14
      642.013   4.8486476e+14
      642.055   4.8443228e+14
      642.096   4.8321354e+14
      642.137   4.8239508e+14
      642.178   4.8514053e+14
      642.219   4.8775697e+14
      642.261   4.8948417e+14
      642.302   4.8982128e+14
      642.343   4.8934497e+14
      642.385   4.9095240e+14
      642.426   4.9267331e+14
      642.467   4.9331574e+14
      642.508   4.9714825e+14
      642.550   5.0257863e+14
      642.591   5.0573713e+14
      642.632   5.0872347e+14
      642.673   5.1285078e+14
      642.715   5.1414617e+14
      642.756   5.1439561e+14
      642.797   5.1435531e+14
      642.839   5.1407527e+14
      642.880   5.1331331e+14
      642.921   5.0940856e+14
      642.963   5.0646945e+14
      643.004   5.0394551e+14
      643.045   5.0152489e+14
      643.087   4.9954592e+14
      643.128   4.9969464e+14
      643.169   4.9914613e+14
      643.211   4.9814163e+14
      643.252   4.9723497e+14
      643.294   4.9647092e+14
      643.335   4.9666577e+14
      643.376   4.9642546e+14
      643.418   4.9521987e+14
      643.459   4.9705978e+14
      643.501   4.9928967e+14
      643.542   5.0178148e+14
      643.583   5.0439712e+14
      643.625   5.0765294e+14
      643.666   5.0867911e+14
      643.708   5.0817464e+14
      643.749   5.0315774e+14
      643.791   4.9942255e+14
      643.832   4.9658796e+14
      643.874   4.9298164e+14
      643.915   4.9036554e+14
      643.956   4.9195014e+14
      643.998   4.9225061e+14
      644.039   4.9244846e+14
      644.081   4.9249875e+14
      644.122   4.9215895e+14
      644.164   4.9202689e+14
      644.205   4.9149236e+14
      644.247   4.8934220e+14
      644.288   4.9169713e+14
      644.330   4.9596628e+14
      644.371   5.0038039e+14
      644.413   5.0534310e+14
      644.454   5.1154826e+14
      644.496   5.1332795e+14
      644.538   5.1364238e+14
      644.579   5.1353554e+14
      644.621   5.1331507e+14
      644.662   5.1356998e+14
      644.704   5.1388139e+14
      644.745   5.1412088e+14
      644.787   5.1410143e+14
      644.828   5.1128188e+14
      644.870   5.0802968e+14
      644.912   5.0524728e+14
      644.953   5.0246065e+14
      644.995   4.9955996e+14
      645.036   4.9977383e+14
      645.078   4.9979038e+14
      645.120   4.9946351e+14
      645.161   4.9923481e+14
      645.203   4.9948660e+14
      645.245   4.9941342e+14
      645.286   4.9924659e+14
      645.328   4.9739033e+14
      645.369   4.9699737e+14
      645.411   4.9834189e+14
      645.453   4.9955347e+14
      645.494   4.9978601e+14
      645.536   5.0174406e+14
      645.578   5.0129623e+14
      645.619   4.9957790e+14
      645.661   4.9866530e+14
      645.703   4.9883047e+14
      645.745   4.9889651e+14
      645.786   4.9893393e+14
      645.828   4.9894420e+14
      645.870   4.9924877e+14
      645.911   4.9976955e+14
      645.953   5.0113078e+14
      645.995   5.0294461e+14
      646.037   5.0564183e+14
      646.078   5.0657839e+14
      646.120   5.0447546e+14
      646.162   5.0096821e+14
      646.204   4.9700179e+14
      646.245   4.9209483e+14
      646.287   4.8854273e+14
      646.329   4.8754782e+14
      646.371   4.8701477e+14
      646.412   4.8577704e+14
      646.454   4.8434456e+14
      646.496   4.8307313e+14
      646.538   4.8190703e+14
      646.580   4.8107878e+14
      646.621   4.8283949e+14
      646.663   4.8762549e+14
      646.705   4.9273467e+14
      646.747   4.9736680e+14
      646.789   5.0143485e+14
      646.831   5.0379078e+14
      646.872   5.0355231e+14
      646.914   5.0306010e+14
      646.956   5.0370667e+14
      646.998   5.0332305e+14
      647.040   5.0234426e+14
      647.082   5.0122574e+14
      647.124   5.0001706e+14
      647.165   4.9832006e+14
      647.207   4.9804537e+14
      647.249   4.9836685e+14
      647.291   4.9923781e+14
      647.333   5.0033868e+14
      647.375   5.0110745e+14
      647.417   5.0081111e+14
      647.459   5.0004895e+14
      647.501   4.9891082e+14
      647.543   4.9899641e+14
      647.584   4.9983282e+14
      647.626   5.0174809e+14
      647.668   5.0396499e+14
      647.710   5.0576582e+14
      647.752   5.0596364e+14
      647.794   5.0575445e+14
      647.836   5.0557940e+14
      647.878   5.0546958e+14
      647.920   5.0585391e+14
      647.962   5.0727323e+14
      648.004   5.0849080e+14
      648.046   5.0857381e+14
      648.088   5.0816885e+14
      648.130   5.0656374e+14
      648.172   5.0380499e+14
      648.214   5.0120127e+14
      648.256   4.9964206e+14
      648.298   4.9852731e+14
      648.340   4.9812463e+14
      648.382   4.9786180e+14
      648.424   4.9801876e+14
      648.466   4.9822871e+14
      648.508   4.9841997e+14
      648.551   4.9910047e+14
      648.593   5.0087227e+14
      648.635   5.0310477e+14
      648.677   5.0621814e+14
      648.719   5.0945944e+14
      648.761   5.1228112e+14
      648.803   5.1411342e+14
      648.845   5.1550715e+14
      648.887   5.1609187e+14
      648.929   5.1650537e+14
      648.971   5.1665748e+14
      649.014   5.1606694e+14
      649.056   5.1531187e+14
      649.098   5.1458149e+14
      649.140   5.1378253e+14
      649.182   5.1256928e+14
      649.224   5.0954028e+14
      649.266   5.0573840e+14
      649.309   5.0102743e+14
      649.351   4.9389154e+14
      649.393   4.8596029e+14
      649.435   4.7966040e+14
      649.477   4.7297951e+14
      649.519   4.6572126e+14
      649.562   4.6120802e+14
      649.604   4.5797718e+14
      649.646   4.5536917e+14
      649.688   4.5398880e+14
      649.730   4.5414170e+14
      649.773   4.5589749e+14
      649.815   4.5657737e+14
      649.857   4.5798363e+14
      649.899   4.6209009e+14
      649.942   4.6694619e+14
      649.984   4.7075443e+14
      650.026   4.7703922e+14
      650.068   4.8417931e+14
      650.111   4.8907573e+14
      650.153   4.9317041e+14
      650.195   4.9639538e+14
      650.237   4.9752763e+14
      650.280   4.9695444e+14
      650.322   4.9662368e+14
      650.364   4.9781234e+14
      650.406   4.9940369e+14
      650.449   5.0154838e+14
      650.491   5.0382991e+14
      650.533   5.0557804e+14
      650.576   5.0572917e+14
      650.618   5.0564233e+14
      650.660   5.0550544e+14
      650.703   5.0514780e+14
      650.745   5.0468309e+14
      650.787   5.0474593e+14
      650.830   5.0534676e+14
      650.872   5.0605603e+14
      650.915   5.0697240e+14
      650.957   5.0797232e+14
      650.999   5.0843214e+14
      651.042   5.0829185e+14
      651.084   5.0804450e+14
      651.126   5.0774091e+14
      651.169   5.0738805e+14
      651.211   5.0709688e+14
      651.254   5.0690331e+14
      651.296   5.0699637e+14
      651.339   5.0759960e+14
      651.381   5.0844903e+14
      651.423   5.0892345e+14
      651.466   5.0857680e+14
      651.508   5.0767281e+14
      651.551   5.0641006e+14
      651.593   5.0510567e+14
      651.636   5.0400820e+14
      651.678   5.0274724e+14
      651.721   5.0116482e+14
      651.763   4.9949072e+14
      651.806   4.9782341e+14
      651.848   4.9619891e+14
      651.890   4.9534670e+14
      651.933   4.9488614e+14
      651.976   4.9476964e+14
      652.018   4.9511534e+14
      652.060   4.9556118e+14
      652.103   4.9613615e+14
      652.146   4.9682069e+14
      652.188   4.9756088e+14
      652.231   4.9876198e+14
      652.273   5.0032862e+14
      652.316   5.0194313e+14
      652.358   5.0360719e+14
      652.401   5.0502188e+14
      652.443   5.0551870e+14
      652.486   5.0549986e+14
      652.529   5.0521483e+14
      652.571   5.0471601e+14
      652.614   5.0413658e+14
      652.656   5.0359070e+14
      652.699   5.0318328e+14
      652.742   5.0291056e+14
      652.784   5.0279042e+14
      652.827   5.0268366e+14
      652.869   5.0244444e+14
      652.912   5.0214645e+14
      652.955   5.0180147e+14
      652.997   5.0157466e+14
      653.040   5.0172335e+14
      653.083   5.0225457e+14
      653.125   5.0295424e+14
      653.168   5.0352945e+14
      653.211   5.0338386e+14
      653.253   5.0235028e+14
      653.296   5.0101653e+14
      653.339   4.9962291e+14
      653.381   4.9841015e+14
      653.424   4.9785653e+14
      653.467   4.9779511e+14
      653.509   4.9773593e+14
      653.552   4.9760240e+14
      653.595   4.9736525e+14
      653.637   4.9704263e+14
      653.680   4.9661716e+14
      653.723   4.9595331e+14
      653.766   4.9575360e+14
      653.808   4.9604568e+14
      653.851   4.9642017e+14
      653.894   4.9694534e+14
      653.937   4.9769335e+14
      653.979   4.9775654e+14
      654.022   4.9731517e+14
      654.065   4.9683613e+14
      654.108   4.9635067e+14
      654.151   4.9592173e+14
      654.193   4.9577755e+14
      654.236   4.9612400e+14
      654.279   4.9702619e+14
      654.322   4.9803533e+14
      654.365   4.9898175e+14
      654.407   4.9956320e+14
      654.450   4.9806947e+14
      654.493   4.9519343e+14
      654.536   4.9242064e+14
      654.579   4.8928619e+14
      654.622   4.8614189e+14
      654.664   4.8463323e+14
      654.707   4.8399552e+14
      654.750   4.8311586e+14
      654.793   4.8257856e+14
      654.836   4.8228630e+14
      654.879   4.8171114e+14
      654.922   4.8076808e+14
      654.965   4.8055108e+14
      655.008   4.8188190e+14
      655.050   4.8354725e+14
      655.093   4.8565095e+14
      655.136   4.8847499e+14
      655.179   4.9059197e+14
      655.222   4.9105809e+14
      655.265   4.9165333e+14
      655.308   4.9183023e+14
      655.351   4.9134968e+14
      655.394   4.9023665e+14
      655.437   4.8875219e+14
      655.480   4.8723912e+14
      655.523   4.8566601e+14
      655.566   4.8405167e+14
      655.609   4.8264799e+14
      655.652   4.8133217e+14
      655.695   4.7985565e+14
      655.738   4.7806393e+14
      655.781   4.7580596e+14
      655.824   4.7310046e+14
      655.867   4.6983086e+14
      655.910   4.6606305e+14
      655.953   4.6206788e+14
      655.996   4.5753333e+14
      656.039   4.5159938e+14
      656.082   4.4276603e+14
      656.125   4.2974075e+14
      656.168   4.1378923e+14
      656.211   3.9691166e+14
      656.254   3.7986419e+14
      656.297   3.6623348e+14
      656.340   3.5775405e+14
      656.383   3.5306218e+14
      656.426   3.5050695e+14
      656.470   3.4976798e+14
      656.513   3.5056066e+14
      656.556   3.5270939e+14
      656.599   3.5729618e+14
      656.642   3.6610687e+14
      656.685   3.7905723e+14
      656.728   3.9396557e+14
      656.771   4.0869972e+14
      656.814   4.2203559e+14
      656.858   4.3211518e+14
      656.901   4.3834282e+14
      656.944   4.4243500e+14
      656.987   4.4614291e+14
      657.030   4.4941829e+14
      657.073   4.5183596e+14
      657.117   4.5333574e+14
      657.160   4.5421021e+14
      657.203   4.5596548e+14
      657.246   4.5734203e+14
      657.289   4.5869037e+14
      657.333   4.6018127e+14
      657.376   4.6134033e+14
      657.419   4.6259110e+14
      657.462   4.6428083e+14
      657.505   4.6571493e+14
      657.549   4.6685595e+14
      657.592   4.6811339e+14
      657.635   4.6938367e+14
      657.678   4.7085925e+14
      657.722   4.7221858e+14
      657.765   4.7392498e+14
      657.808   4.7607688e+14
      657.851   4.7854484e+14
      657.895   4.8143995e+14
      657.938   4.8424320e+14
      657.981   4.8662018e+14
      658.025   4.8868191e+14
      658.068   4.9019678e+14
      658.111   4.9101035e+14
      658.155   4.9185605e+14
      658.198   4.9265712e+14
      658.241   4.9333182e+14
      658.284   4.9386122e+14
      658.328   4.9417312e+14
      658.371   4.9447505e+14
      658.415   4.9478067e+14
      658.458   4.9475711e+14
      658.501   4.9458815e+14
      658.545   4.9455877e+14
      658.588   4.9450991e+14
      658.631   4.9454319e+14
      658.675   4.9491841e+14
      658.718   4.9548288e+14
      658.761   4.9601891e+14
      658.805   4.9657759e+14
      658.848   4.9719912e+14
      658.892   4.9784327e+14
      658.935   4.9830991e+14
      658.979   4.9875810e+14
      659.022   4.9949647e+14
      659.065   5.0005415e+14
      659.109   4.9920837e+14
      659.152   4.9663150e+14
      659.196   4.9333705e+14
      659.239   4.8876970e+14
      659.283   4.8381024e+14
      659.326   4.8035845e+14
      659.370   4.7816308e+14
      659.413   4.7630849e+14
      659.457   4.7527387e+14
      659.500   4.7499167e+14
      659.544   4.7474491e+14
      659.587   4.7385171e+14
      659.631   4.7355735e+14
      659.674   4.7490202e+14
      659.718   4.7657992e+14
      659.761   4.7896652e+14
      659.805   4.8290870e+14
      659.848   4.8657838e+14
      659.892   4.8886234e+14
      659.935   4.9073731e+14
      659.979   4.9184056e+14
      660.022   4.9211018e+14
      660.066   4.9203854e+14
      660.110   4.9246105e+14
      660.153   4.9358295e+14
      660.197   4.9476591e+14
      660.240   4.9605281e+14
      660.284   4.9736600e+14
      660.328   4.9824846e+14
      660.371   4.9871190e+14
      660.415   4.9898288e+14
      660.458   4.9909154e+14
      660.502   4.9927065e+14
      660.546   4.9933887e+14
      660.589   4.9915905e+14
      660.633   4.9879296e+14
      660.677   4.9827144e+14
      660.720   4.9742887e+14
      660.764   4.9576572e+14
      660.807   4.9357525e+14
      660.851   4.9163251e+14
      660.895   4.9005430e+14
      660.939   4.8889129e+14
      660.982   4.8873601e+14
      661.026   4.8925021e+14
      661.070   4.8982748e+14
      661.113   4.9002019e+14
      661.157   4.9021687e+14
      661.201   4.9033743e+14
      661.244   4.9056200e+14
      661.288   4.9139335e+14
      661.332   4.9313871e+14
      661.376   4.9536041e+14
      661.419   4.9771815e+14
      661.463   5.0000076e+14
      661.507   5.0157894e+14
      661.551   5.0211927e+14
      661.594   5.0197950e+14
      661.638   5.0161509e+14
      661.682   5.0131415e+14
      661.726   5.0121635e+14
      661.770   5.0121699e+14
      661.813   5.0128035e+14
      661.857   5.0150646e+14
      661.901   5.0166909e+14
      661.945   5.0155541e+14
      661.989   5.0127648e+14
      662.032   5.0099998e+14
      662.076   5.0065428e+14
      662.120   5.0024499e+14
      662.164   4.9989918e+14
      662.208   4.9972177e+14
      662.252   4.9957925e+14
      662.296   4.9943039e+14
      662.339   4.9908367e+14
      662.383   4.9850878e+14
      662.427   4.9796567e+14
      662.471   4.9749555e+14
      662.515   4.9714302e+14
      662.559   4.9699392e+14
      662.603   4.9673030e+14
      662.647   4.9631080e+14
      662.690   4.9605913e+14
      662.734   4.9573813e+14
      662.778   4.9545528e+14
      662.822   4.9540141e+14
      662.866   4.9536655e+14
      662.910   4.9504221e+14
      662.954   4.9454927e+14
      662.998   4.9394812e+14
      663.042   4.9348490e+14
      663.086   4.9271619e+14
      663.130   4.9194421e+14
      663.174   4.9120398e+14
      663.218   4.8936255e+14
      663.262   4.8668388e+14
      663.306   4.8441540e+14
      663.350   4.8203197e+14
      663.394   4.7962922e+14
      663.438   4.7864587e+14
      663.482   4.7887848e+14
      663.526   4.7912071e+14
      663.570   4.7943301e+14
      663.614   4.8023568e+14
      663.658   4.8096845e+14
      663.702   4.8145921e+14
      663.746   4.8307112e+14
      663.790   4.8577888e+14
      663.834   4.8777992e+14
      663.878   4.8932569e+14
      663.922   4.9129531e+14
      663.967   4.9239305e+14
      664.011   4.9246745e+14
      664.055   4.9278716e+14
      664.099   4.9333957e+14
      664.143   4.9333752e+14
      664.187   4.9218819e+14
      664.231   4.9020686e+14
      664.275   4.8847066e+14
      664.319   4.8675013e+14
      664.364   4.8561034e+14
      664.408   4.8589148e+14
      664.452   4.8712597e+14
      664.496   4.8796522e+14
      664.540   4.8816049e+14
      664.584   4.8758407e+14
      664.628   4.8648770e+14
      664.673   4.8479238e+14
      664.717   4.8430492e+14
      664.761   4.8550473e+14
      664.805   4.8713218e+14
      664.849   4.8876943e+14
      664.894   4.9092445e+14
      664.938   4.9213776e+14
      664.982   4.9224725e+14
      665.026   4.9204676e+14
      665.070   4.9219057e+14
      665.115   4.9249474e+14
      665.159   4.9298647e+14
      665.203   4.9361870e+14
      665.247   4.9417123e+14
      665.292   4.9442450e+14
      665.336   4.9442481e+14
      665.380   4.9408356e+14
      665.424   4.9365597e+14
      665.469   4.9345902e+14
      665.513   4.9314315e+14
      665.557   4.9286237e+14
      665.602   4.9287923e+14
      665.646   4.9317328e+14
      665.690   4.9347698e+14
      665.735   4.9409126e+14
      665.779   4.9477516e+14
      665.823   4.9490965e+14
      665.868   4.9445380e+14
      665.912   4.9384700e+14
      665.956   4.9322097e+14
      666.001   4.9261469e+14
      666.045   4.9240072e+14
      666.089   4.9244882e+14
      666.134   4.9193823e+14
      666.178   4.8967204e+14
      666.223   4.8623948e+14
      666.267   4.8286010e+14
      666.311   4.7951536e+14
      666.356   4.7683600e+14
      666.400   4.7601972e+14
      666.445   4.7671979e+14
      666.489   4.7718254e+14
      666.533   4.7738950e+14
      666.578   4.7730296e+14
      666.622   4.7653761e+14
      666.667   4.7562249e+14
      666.711   4.7656518e+14
      666.756   4.7903792e+14
      666.800   4.8214376e+14
      666.844   4.8593472e+14
      666.889   4.8993807e+14
      666.933   4.9225161e+14
      666.978   4.9321888e+14
      667.022   4.9404556e+14
      667.067   4.9494446e+14
      667.111   4.9583310e+14
      667.156   4.9679304e+14
      667.200   4.9789960e+14
      667.245   4.9877656e+14
      667.289   4.9943510e+14
      667.334   4.9974872e+14
      667.379   4.9964936e+14
      667.423   4.9941457e+14
      667.468   4.9920303e+14
      667.512   4.9898429e+14
      667.557   4.9866695e+14
      667.601   4.9761521e+14
      667.646   4.9486617e+14
      667.690   4.9113563e+14
      667.735   4.8773856e+14
      667.780   4.8455891e+14
      667.824   4.8213105e+14
      667.869   4.8137651e+14
      667.913   4.8187106e+14
      667.958   4.8210035e+14
      668.003   4.8221107e+14
      668.047   4.8226334e+14
      668.092   4.8203108e+14
      668.137   4.8207453e+14
      668.181   4.8382935e+14
      668.226   4.8674268e+14
      668.271   4.8992259e+14
      668.315   4.9342285e+14
      668.360   4.9658117e+14
      668.405   4.9810424e+14
      668.449   4.9854249e+14
      668.494   4.9885975e+14
      668.539   4.9915773e+14
      668.583   4.9926893e+14
      668.628   4.9901837e+14
      668.673   4.9874846e+14
      668.717   4.9841359e+14
      668.762   4.9820147e+14
      668.807   4.9820744e+14
      668.852   4.9858898e+14
      668.896   4.9908532e+14
      668.941   4.9955358e+14
      668.986   4.9981013e+14
      669.031   4.9992980e+14
      669.075   4.9973641e+14
      669.120   4.9967217e+14
      669.165   4.9985514e+14
      669.210   5.0025014e+14
      669.254   5.0083069e+14
      669.299   5.0168182e+14
      669.344   5.0232427e+14
      669.389   5.0264877e+14
      669.434   5.0212532e+14
      669.478   5.0057305e+14
      669.523   4.9898267e+14
      669.568   4.9756883e+14
      669.613   4.9641505e+14
      669.658   4.9604846e+14
      669.703   4.9632450e+14
      669.748   4.9602850e+14
      669.792   4.9531398e+14
      669.837   4.9431076e+14
      669.882   4.9312743e+14
      669.927   4.9192785e+14
      669.972   4.9202366e+14
      670.017   4.9329941e+14
      670.062   4.9490648e+14
      670.107   4.9663272e+14
      670.151   4.9854176e+14
      670.196   4.9915256e+14
      670.241   4.9858640e+14
      670.286   4.9831277e+14
      670.331   4.9800054e+14
      670.376   4.9745019e+14
      670.421   4.9764616e+14
      670.466   4.9813164e+14
      670.511   4.9787719e+14
      670.556   4.9755516e+14
      670.601   4.9756125e+14
      670.646   4.9729385e+14
      670.691   4.9687192e+14
      670.736   4.9708723e+14
      670.781   4.9769191e+14
      670.826   4.9875377e+14
      670.871   5.0004748e+14
      670.916   5.0140258e+14
      670.961   5.0229424e+14
      671.006   5.0280333e+14
      671.051   5.0338013e+14
      671.096   5.0307787e+14
      671.141   5.0158087e+14
      671.186   4.9955548e+14
      671.231   4.9745582e+14
      671.276   4.9552322e+14
      671.321   4.9427649e+14
      671.366   4.9386073e+14
      671.411   4.9375419e+14
      671.456   4.9383445e+14
      671.501   4.9365694e+14
      671.547   4.9339963e+14
      671.592   4.9216832e+14
      671.637   4.9037607e+14
      671.682   4.9008222e+14
      671.727   4.9085522e+14
      671.772   4.9169924e+14
      671.817   4.9359435e+14
      671.862   4.9604095e+14
      671.908   4.9721520e+14
      671.953   4.9772777e+14
      671.998   4.9811142e+14
      672.043   4.9817914e+14
      672.088   4.9792758e+14
      672.133   4.9881444e+14
      672.179   5.0054738e+14
      672.224   5.0205071e+14
      672.269   5.0353488e+14
      672.314   5.0551938e+14
      672.359   5.0567470e+14
      672.405   5.0417236e+14
      672.450   5.0274963e+14
      672.495   5.0090073e+14
      672.540   4.9829633e+14
      672.585   4.9665669e+14
      672.631   4.9584382e+14
      672.676   4.9502689e+14
      672.721   4.9481025e+14
      672.766   4.9587533e+14
      672.812   4.9638601e+14
      672.857   4.9639546e+14
      672.902   4.9690542e+14
      672.948   4.9786516e+14
      672.993   4.9826549e+14
      673.038   4.9941031e+14
      673.083   5.0123331e+14
      673.129   5.0239186e+14
      673.174   5.0280675e+14
      673.219   5.0365463e+14
      673.265   5.0371179e+14
      673.310   5.0328672e+14
      673.355   5.0304254e+14
      673.401   5.0326127e+14
      673.446   5.0319481e+14
      673.491   5.0307343e+14
      673.537   5.0293333e+14
      673.582   5.0283454e+14
      673.628   5.0246493e+14
      673.673   5.0242099e+14
      673.718   5.0273919e+14
      673.764   5.0270248e+14
      673.809   5.0183406e+14
      673.854   5.0150547e+14
      673.900   5.0098356e+14
      673.945   5.0014713e+14
      673.991   4.9974149e+14
      674.036   4.9991404e+14
      674.082   4.9979298e+14
      674.127   4.9940916e+14
      674.172   4.9887963e+14
      674.218   4.9841231e+14
      674.263   4.9776938e+14
      674.309   4.9768051e+14
      674.354   4.9830606e+14
      674.400   4.9890981e+14
      674.445   4.9920536e+14
      674.491   4.9985781e+14
      674.536   5.0004662e+14
      674.582   4.9962434e+14
      674.627   4.9919163e+14
      674.673   4.9925811e+14
      674.718   4.9942757e+14
      674.764   4.9946820e+14
      674.809   4.9965386e+14
      674.855   4.9917305e+14
      674.900   4.9733118e+14
      674.946   4.9587520e+14
      674.992   4.9444496e+14
      675.037   4.9279970e+14
      675.083   4.9182558e+14
      675.128   4.9148232e+14
      675.174   4.9071211e+14
      675.219   4.8993131e+14
      675.265   4.8958539e+14
      675.311   4.8930097e+14
      675.356   4.8932372e+14
      675.402   4.9052368e+14
      675.447   4.9239742e+14
      675.493   4.9414233e+14
      675.539   4.9605617e+14
      675.584   4.9786249e+14
      675.630   4.9900187e+14
      675.676   4.9987552e+14
      675.721   5.0088472e+14
      675.767   5.0184939e+14
      675.813   5.0297309e+14
      675.858   5.0352214e+14
      675.904   5.0357568e+14
      675.950   5.0304863e+14
      675.995   5.0242335e+14
      676.041   5.0183772e+14
      676.087   5.0129094e+14
      676.133   5.0108476e+14
      676.178   5.0131263e+14
      676.224   5.0156404e+14
      676.270   5.0172777e+14
      676.315   5.0179022e+14
      676.361   5.0138271e+14
      676.407   5.0029349e+14
      676.453   4.9942815e+14
      676.498   4.9892874e+14
      676.544   4.9840085e+14
      676.590   4.9757094e+14
      676.636   4.9621476e+14
      676.682   4.9513448e+14
      676.727   4.9387471e+14
      676.773   4.9256351e+14
      676.819   4.9163540e+14
      676.865   4.9175960e+14
      676.911   4.9163046e+14
      676.956   4.9144855e+14
      677.002   4.9153380e+14
      677.048   4.9128155e+14
      677.094   4.8997327e+14
      677.140   4.9003940e+14
      677.186   4.9087565e+14
      677.232   4.9157559e+14
      677.277   4.9268436e+14
      677.323   4.9506825e+14
      677.369   4.9587261e+14
      677.415   4.9576029e+14
      677.461   4.9600561e+14
      677.507   4.9650136e+14
      677.553   4.9661664e+14
      677.599   4.9720998e+14
      677.644   4.9837825e+14
      677.690   4.9910517e+14
      677.736   4.9951016e+14
      677.782   5.0023391e+14
      677.828   5.0030722e+14
      677.874   4.9997719e+14
      677.920   4.9988777e+14
      677.966   5.0004891e+14
      678.012   5.0010921e+14
      678.058   5.0002629e+14
      678.104   4.9992384e+14
      678.150   4.9934299e+14
      678.196   4.9780517e+14
      678.242   4.9661541e+14
      678.288   4.9563382e+14
      678.334   4.9459024e+14
      678.380   4.9363765e+14
      678.426   4.9340445e+14
      678.472   4.9275768e+14
      678.518   4.9183735e+14
      678.564   4.9042842e+14
      678.610   4.8944259e+14
      678.656   4.8845344e+14
      678.702   4.8834358e+14
      678.748   4.8899908e+14
      678.794   4.9017596e+14
      678.841   4.9110287e+14
      678.887   4.9208783e+14
      678.933   4.9209540e+14
      678.979   4.9200201e+14
      679.025   4.9183012e+14
      679.071   4.9210441e+14
      679.117   4.9252543e+14
      679.163   4.9256844e+14
      679.209   4.9162704e+14
      679.256   4.9069275e+14
      679.302   4.8944136e+14
      679.348   4.8811487e+14
      679.394   4.8709135e+14
      679.440   4.8670029e+14
      679.486   4.8567007e+14
      679.532   4.8502120e+14
      679.579   4.8445448e+14
      679.625   4.8401096e+14
      679.671   4.8345971e+14
      679.717   4.8362274e+14
      679.763   4.8335852e+14
      679.810   4.8335913e+14
      679.856   4.8352875e+14
      679.902   4.8364613e+14
      679.948   4.8338829e+14
      679.995   4.8414273e+14
      680.041   4.8491945e+14
      680.087   4.8581701e+14
      680.133   4.8691053e+14
      680.180   4.8798203e+14
      680.226   4.8790391e+14
      680.272   4.8794980e+14
      680.318   4.8840060e+14
      680.365   4.8892722e+14
      680.411   4.8971768e+14
      680.457   4.9085436e+14
      680.504   4.9099591e+14
      680.550   4.8912486e+14
      680.596   4.8784475e+14
      680.643   4.8665994e+14
      680.689   4.8540561e+14
      680.735   4.8496782e+14
      680.782   4.8635701e+14
      680.828   4.8686348e+14
      680.874   4.8634404e+14
      680.921   4.8613892e+14
      680.967   4.8599840e+14
      681.013   4.8497910e+14
      681.060   4.8587342e+14
      681.106   4.8848968e+14
      681.153   4.9084880e+14
      681.199   4.9295908e+14
      681.245   4.9531485e+14
      681.292   4.9559548e+14
      681.338   4.9387758e+14
      681.385   4.9319344e+14
      681.431   4.9333921e+14
      681.477   4.9321670e+14
      681.524   4.9333048e+14
      681.570   4.9450660e+14
      681.617   4.9441763e+14
      681.663   4.9375543e+14
      681.710   4.9309059e+14
      681.756   4.9272588e+14
      681.803   4.9213612e+14
      681.849   4.9224910e+14
      681.896   4.9213701e+14
      681.942   4.9221073e+14
      681.989   4.9183347e+14
      682.035   4.9191692e+14
      682.082   4.9137597e+14
      682.128   4.9111240e+14
      682.175   4.9055817e+14
      682.221   4.9035348e+14
      682.268   4.8999884e+14
      682.314   4.8974822e+14
      682.361   4.8925261e+14
      682.408   4.8949390e+14
      682.454   4.8977702e+14
      682.501   4.9047693e+14
      682.547   4.9123518e+14
      682.594   4.9211549e+14
      682.640   4.9207783e+14
      682.687   4.9167717e+14
      682.734   4.9001162e+14
      682.780   4.8864331e+14
      682.827   4.8748525e+14
      682.874   4.8666136e+14
      682.920   4.8611845e+14
      682.967   4.8673660e+14
      683.013   4.8708124e+14
      683.060   4.8729018e+14
      683.107   4.8735815e+14
      683.153   4.8745824e+14
      683.200   4.8698850e+14
      683.247   4.8769260e+14
      683.293   4.8895037e+14
      683.340   4.9041230e+14
      683.387   4.9219916e+14
      683.434   4.9451430e+14
      683.480   4.9548413e+14
      683.527   4.9571010e+14
      683.574   4.9549648e+14
      683.620   4.9547576e+14
      683.667   4.9542944e+14
      683.714   4.9572433e+14
      683.761   4.9629166e+14
      683.807   4.9692400e+14
      683.854   4.9667097e+14
      683.901   4.9645405e+14
      683.948   4.9502253e+14
      683.995   4.9201517e+14
      684.041   4.8943683e+14
      684.088   4.8762378e+14
      684.135   4.8520960e+14
      684.182   4.8346498e+14
      684.229   4.8203531e+14
      684.275   4.8084455e+14
      684.322   4.7940798e+14
      684.369   4.7881857e+14
      684.416   4.7853127e+14
      684.463   4.7913409e+14
      684.510   4.8090313e+14
      684.556   4.8361793e+14
      684.603   4.8576206e+14
      684.650   4.8860628e+14
      684.697   4.9160533e+14
      684.744   4.9432546e+14
      684.791   4.9680929e+14
      684.838   4.9931319e+14
      684.885   5.0107461e+14
      684.932   5.0288223e+14
      684.978   5.0324310e+14
      685.025   5.0250821e+14
      685.072   5.0147861e+14
      685.119   5.0056063e+14
      685.166   4.9976093e+14
      685.213   4.9914190e+14
      685.260   4.9904572e+14
      685.307   4.9859756e+14
      685.354   4.9670880e+14
      685.401   4.9418493e+14
      685.448   4.9107850e+14
      685.495   4.8807687e+14
      685.542   4.8613746e+14
      685.589   4.8591521e+14
      685.636   4.8625560e+14
      685.683   4.8615178e+14
      685.730   4.8634741e+14
      685.777   4.8610208e+14
      685.824   4.8530704e+14
      685.871   4.8539074e+14
      685.918   4.8695579e+14
      685.965   4.8910367e+14
      686.012   4.9096216e+14
      686.059   4.9106930e+14
      686.106   4.9083073e+14
      686.153   4.9039782e+14
      686.201   4.9018619e+14
      686.248   4.9079388e+14
      686.295   4.9233709e+14
      686.342   4.9322828e+14
      686.389   4.9363867e+14
      686.436   4.9339020e+14
      686.483   4.9300998e+14
      686.530   4.9230678e+14
      686.577   4.9346188e+14
      686.625   4.9631165e+14
      686.672   4.9895347e+14
      686.719   5.0132868e+14
      686.766   5.0405032e+14
      686.813   5.0504505e+14
      686.860   5.0448738e+14
      686.908   5.0381501e+14
      686.955   5.0323736e+14
      687.002   5.0276842e+14
      687.049   5.0199896e+14
      687.096   5.0084356e+14
      687.144   4.9955022e+14
      687.191   4.9820649e+14
      687.238   4.9735402e+14
      687.285   4.9713146e+14
      687.332   4.9733438e+14
      687.380   4.9739292e+14
      687.427   4.9726929e+14
      687.474   4.9696082e+14
      687.521   4.9661938e+14
      687.569   4.9617620e+14
      687.616   4.9623069e+14
      687.663   4.9662502e+14
      687.711   4.9711587e+14
      687.758   4.9777442e+14
      687.805   4.9858817e+14
      687.852   4.9883425e+14
      687.900   4.9862218e+14
      687.947   4.9848854e+14
      687.995   4.9827307e+14
      688.042   4.9752186e+14
      688.089   4.9630491e+14
      688.137   4.9495315e+14
      688.184   4.9360042e+14
      688.231   4.9226071e+14
      688.279   4.9154916e+14
      688.326   4.9142483e+14
      688.373   4.9129721e+14
      688.421   4.9064161e+14
      688.468   4.8996869e+14
      688.516   4.8888986e+14
      688.563   4.8793247e+14
      688.610   4.8736167e+14
      688.658   4.8817310e+14
      688.705   4.8918223e+14
      688.753   4.9059216e+14
      688.800   4.9190905e+14
      688.848   4.9309792e+14
      688.895   4.9318515e+14
      688.943   4.9348806e+14
      688.990   4.9385641e+14
      689.037   4.9441935e+14
      689.085   4.9500939e+14
      689.132   4.9642570e+14
      689.180   4.9727062e+14
      689.227   4.9789993e+14
      689.275   4.9819596e+14
      689.322   4.9823980e+14
      689.370   4.9735796e+14
      689.417   4.9632302e+14
      689.465   4.9534496e+14
      689.513   4.9450571e+14
      689.560   4.9404625e+14
      689.608   4.9395151e+14
      689.655   4.9348867e+14
      689.703   4.9249675e+14
      689.750   4.9167945e+14
      689.798   4.9074027e+14
      689.846   4.8962551e+14
      689.893   4.8929786e+14
      689.941   4.8970936e+14
      689.988   4.8998775e+14
      690.036   4.9031659e+14
      690.083   4.9077392e+14
      690.131   4.9083778e+14
      690.179   4.9066321e+14
      690.226   4.9090530e+14
      690.274   4.9132040e+14
      690.322   4.9163949e+14
      690.369   4.9195786e+14
      690.417   4.9222068e+14
      690.465   4.9172136e+14
      690.512   4.9089639e+14
      690.560   4.9011182e+14
      690.608   4.8950610e+14
      690.655   4.8920462e+14
      690.703   4.8920539e+14
      690.751   4.8948471e+14
      690.799   4.8989006e+14
      690.846   4.9015209e+14
      690.894   4.9045803e+14
      690.942   4.9084692e+14
      690.990   4.9106340e+14
      691.037   4.9110991e+14
      691.085   4.9162155e+14
      691.133   4.9198727e+14
      691.181   4.9222367e+14
      691.228   4.9254229e+14
      691.276   4.9234080e+14
      691.324   4.9036737e+14
      691.372   4.8868574e+14
      691.419   4.8697326e+14
      691.467   4.8480660e+14
      691.515   4.8211193e+14
      691.563   4.8160751e+14
      691.611   4.8091058e+14
      691.659   4.8026656e+14
      691.706   4.7984090e+14
      691.754   4.8049829e+14
      691.802   4.8005335e+14
      691.850   4.8072737e+14
      691.898   4.8155427e+14
      691.946   4.8193956e+14
      691.994   4.8222199e+14
      692.042   4.8405550e+14
      692.089   4.8502164e+14
      692.137   4.8602189e+14
      692.185   4.8759027e+14
      692.233   4.8934493e+14
      692.281   4.8896007e+14
      692.329   4.8811989e+14
      692.377   4.8634921e+14
      692.425   4.8457817e+14
      692.473   4.8322902e+14
      692.521   4.8314605e+14
      692.569   4.8301650e+14
      692.617   4.8368149e+14
      692.665   4.8438307e+14
      692.713   4.8449962e+14
      692.761   4.8388138e+14
      692.809   4.8413089e+14
      692.857   4.8427069e+14
      692.905   4.8486283e+14
      692.953   4.8588734e+14
      693.001   4.8764379e+14
      693.049   4.8835281e+14
      693.097   4.8905858e+14
      693.145   4.8890283e+14
      693.193   4.8798182e+14
      693.241   4.8640523e+14
      693.289   4.8528427e+14
      693.337   4.8424297e+14
      693.385   4.8344125e+14
      693.433   4.8355787e+14
      693.481   4.8402403e+14
      693.529   4.8409746e+14
      693.577   4.8438398e+14
      693.626   4.8487089e+14
      693.674   4.8505431e+14
      693.722   4.8548405e+14
      693.770   4.8680293e+14
      693.818   4.8807205e+14
      693.866   4.8937130e+14
      693.914   4.9070403e+14
      693.963   4.9184443e+14
      694.011   4.9247468e+14
      694.059   4.9296180e+14
      694.107   4.9330237e+14
      694.155   4.9333982e+14
      694.203   4.9308404e+14
      694.252   4.9302888e+14
      694.300   4.9272972e+14
      694.348   4.9138743e+14
      694.396   4.8910178e+14
      694.444   4.8761570e+14
      694.493   4.8596681e+14
      694.541   4.8436035e+14
      694.589   4.8329367e+14
      694.637   4.8354714e+14
      694.686   4.8330116e+14
      694.734   4.8325452e+14
      694.782   4.8342125e+14
      694.831   4.8387555e+14
      694.879   4.8433590e+14
      694.927   4.8561671e+14
      694.975   4.8634072e+14
      695.024   4.8734598e+14
      695.072   4.8859122e+14
      695.120   4.9009349e+14
      695.169   4.9050231e+14
      695.217   4.9118409e+14
      695.265   4.9165240e+14
      695.314   4.9225499e+14
      695.362   4.9198582e+14
      695.410   4.9171992e+14
      695.459   4.9153153e+14
      695.507   4.9172299e+14
      695.555   4.9221482e+14
      695.604   4.9312149e+14
      695.652   4.9405753e+14
      695.701   4.9510134e+14
      695.749   4.9516616e+14
      695.797   4.9473338e+14
      695.846   4.9419100e+14
      695.894   4.9367124e+14
      695.943   4.9296502e+14
      695.991   4.9261551e+14
      696.040   4.9286786e+14
      696.088   4.9335018e+14
      696.136   4.9380242e+14
      696.185   4.9388790e+14
      696.233   4.9394590e+14
      696.282   4.9403474e+14
      696.330   4.9428331e+14
      696.379   4.9392761e+14
      696.427   4.9412267e+14
      696.476   4.9463942e+14
      696.524   4.9478439e+14
      696.573   4.9459578e+14
      696.621   4.9511862e+14
      696.670   4.9520417e+14
      696.718   4.9539610e+14
      696.767   4.9566562e+14
      696.816   4.9588165e+14
      696.864   4.9563544e+14
      696.913   4.9539996e+14
      696.961   4.9539116e+14
      697.010   4.9509520e+14
      697.058   4.9429238e+14
      697.107   4.9432001e+14
      697.156   4.9436100e+14
      697.204   4.9398968e+14
      697.253   4.9381648e+14
      697.301   4.9409773e+14
      697.350   4.9379725e+14
      697.399   4.9333277e+14
      697.447   4.9304827e+14
      697.496   4.9181694e+14
      697.545   4.9080984e+14
      697.593   4.9073943e+14
      697.642   4.9064621e+14
      697.691   4.8871116e+14
      697.739   4.8690916e+14
      697.788   4.8526832e+14
      697.837   4.8233437e+14
      697.885   4.7985154e+14
      697.934   4.7882290e+14
      697.983   4.7828656e+14
      698.032   4.7808180e+14
      698.080   4.7854651e+14
      698.129   4.7892148e+14
      698.178   4.7899482e+14
      698.227   4.8025791e+14
      698.275   4.8241201e+14
      698.324   4.8455029e+14
      698.373   4.8710115e+14
      698.422   4.9013510e+14
      698.470   4.9251501e+14
      698.519   4.9337388e+14
      698.568   4.9423954e+14
      698.617   4.9472648e+14
      698.666   4.9510609e+14
      698.714   4.9453268e+14
      698.763   4.9429190e+14
      698.812   4.9408462e+14
      698.861   4.9358217e+14
      698.910   4.9318689e+14
      698.959   4.9369072e+14
      699.007   4.9389532e+14
      699.056   4.9411086e+14
      699.105   4.9428941e+14
      699.154   4.9415600e+14
      699.203   4.9370039e+14
      699.252   4.9405353e+14
      699.301   4.9448056e+14
      699.350   4.9502846e+14
      699.398   4.9601550e+14
      699.447   4.9725176e+14
      699.496   4.9763209e+14
      699.545   4.9789161e+14
      699.594   4.9814111e+14
      699.643   4.9814881e+14
      699.692   4.9833121e+14
      699.741   4.9818443e+14
      699.790   4.9782602e+14
      699.839   4.9602663e+14
      699.888   4.9406910e+14
      699.937   4.9201050e+14
      699.986   4.9011291e+14
      700.035   4.8849049e+14
      700.084   4.8839337e+14
      700.133   4.8842726e+14
      700.182   4.8763782e+14
      700.231   4.8642145e+14
      700.280   4.8545365e+14
      700.329   4.8321171e+14
      700.378   4.8215278e+14
      700.427   4.8188702e+14
      700.476   4.8277778e+14
      700.525   4.8356438e+14
      700.574   4.8536316e+14
      700.624   4.8564973e+14
      700.673   4.8557911e+14
      700.722   4.8554216e+14
      700.771   4.8595254e+14
      700.820   4.8629232e+14
      700.869   4.8721411e+14
      700.918   4.8836472e+14
      700.967   4.8968709e+14
      701.016   4.9046497e+14
      701.066   4.9083066e+14
      701.115   4.8975549e+14
      701.164   4.8969985e+14
      701.213   4.8946918e+14
      701.262   4.8919131e+14
      701.311   4.8938130e+14
      701.361   4.9027219e+14
      701.410   4.9045214e+14
      701.459   4.8790849e+14
      701.508   4.8432407e+14
      701.557   4.8112302e+14
      701.607   4.7733961e+14
      701.656   4.7521856e+14
      701.705   4.7569056e+14
      701.754   4.7718984e+14
      701.804   4.7841047e+14
      701.853   4.8067151e+14
      701.902   4.8118432e+14
      701.951   4.8032269e+14
      702.001   4.8059710e+14
      702.050   4.8268705e+14
      702.099   4.8484470e+14
      702.149   4.8637316e+14
      702.198   4.8936048e+14
      702.247   4.9042025e+14
      702.297   4.8891232e+14
      702.346   4.8757874e+14
      702.395   4.8679784e+14
      702.445   4.8531625e+14
      702.494   4.8451489e+14
      702.543   4.8432373e+14
      702.593   4.8389378e+14
      702.642   4.8278521e+14
      702.691   4.8258704e+14
      702.741   4.8227499e+14
      702.790   4.8281891e+14
      702.839   4.8434796e+14
      702.889   4.8703852e+14
      702.938   4.8833871e+14
      702.988   4.9006491e+14
      703.037   4.9124721e+14
      703.087   4.9142125e+14
      703.136   4.9124024e+14
      703.185   4.9136636e+14
      703.235   4.9174966e+14
      703.284   4.9241255e+14
      703.334   4.9204657e+14
      703.383   4.9217952e+14
      703.433   4.9247188e+14
      703.482   4.9295939e+14
      703.532   4.9321467e+14
      703.581   4.9440811e+14
      703.631   4.9452841e+14
      703.680   4.9304705e+14
      703.730   4.9076559e+14
      703.779   4.8857434e+14
      703.829   4.8629897e+14
      703.878   4.8566458e+14
      703.928   4.8699734e+14
      703.977   4.8846471e+14
      704.027   4.8961190e+14
      704.077   4.9092155e+14
      704.126   4.9090233e+14
      704.176   4.9006256e+14
      704.225   4.9057062e+14
      704.275   4.9212747e+14
      704.325   4.9320779e+14
      704.374   4.9459189e+14
      704.424   4.9660243e+14
      704.473   4.9722611e+14
      704.523   4.9684618e+14
      704.573   4.9707836e+14
      704.622   4.9710352e+14
      704.672   4.9705159e+14
      704.722   4.9706396e+14
      704.771   4.9698762e+14
      704.821   4.9656688e+14
      704.871   4.9688705e+14
      704.920   4.9739946e+14
      704.970   4.9795323e+14
      705.020   4.9850657e+14
      705.069   4.9889925e+14
      705.119   4.9781029e+14
      705.169   4.9677867e+14
      705.219   4.9567919e+14
      705.268   4.9453150e+14
      705.318   4.9380072e+14
      705.368   4.9372669e+14
      705.418   4.9273171e+14
      705.467   4.9135315e+14
      705.517   4.9042556e+14
      705.567   4.8930812e+14
      705.617   4.8814313e+14
      705.667   4.8798398e+14
      705.716   4.8858292e+14
      705.766   4.8901662e+14
      705.816   4.8957912e+14
      705.866   4.8943700e+14
      705.916   4.8864419e+14
      705.965   4.8792182e+14
      706.015   4.8795230e+14
      706.065   4.8805059e+14
      706.115   4.8881318e+14
      706.165   4.8966402e+14
      706.215   4.9057939e+14
      706.265   4.9078637e+14
      706.314   4.9097234e+14
      706.364   4.9099287e+14
      706.414   4.9189835e+14
      706.464   4.9259375e+14
      706.514   4.9351306e+14
      706.564   4.9439861e+14
      706.614   4.9505018e+14
      706.664   4.9301887e+14
      706.714   4.9056322e+14
      706.764   4.8830736e+14
      706.814   4.8520646e+14
      706.864   4.8299066e+14
      706.914   4.8341432e+14
      706.964   4.8290491e+14
      707.014   4.8166261e+14
      707.064   4.8139136e+14
      707.114   4.8084500e+14
      707.164   4.7947381e+14
      707.214   4.8012899e+14
      707.264   4.8362223e+14
      707.314   4.8671884e+14
      707.364   4.9080388e+14
      707.414   4.9426466e+14
      707.464   4.9599412e+14
      707.514   4.9677970e+14
      707.564   4.9782698e+14
      707.614   4.9826301e+14
      707.664   4.9887567e+14
      707.714   4.9960056e+14
      707.764   5.0019983e+14
      707.814   5.0022846e+14
      707.864   5.0013474e+14
      707.914   4.9971818e+14
      707.965   4.9920376e+14
      708.015   4.9873608e+14
      708.065   4.9831250e+14
      708.115   4.9779713e+14
      708.165   4.9693152e+14
      708.215   4.9572597e+14
      708.266   4.9395649e+14
      708.316   4.9125790e+14
      708.366   4.8807620e+14
      708.416   4.8520001e+14
      708.466   4.8264307e+14
      708.516   4.8030679e+14
      708.567   4.7880417e+14
      708.617   4.7794346e+14
      708.667   4.7731729e+14
      708.717   4.7705847e+14
      708.767   4.7734737e+14
      708.818   4.7775937e+14
      708.868   4.7799045e+14
      708.918   4.7844621e+14
      708.968   4.7863994e+14
      709.019   4.7843022e+14
      709.069   4.7842531e+14
      709.119   4.7855326e+14
      709.170   4.7834148e+14
      709.220   4.7806764e+14
      709.270   4.7795728e+14
      709.320   4.7764251e+14
      709.371   4.7747824e+14
      709.421   4.7836552e+14
      709.471   4.7947764e+14
      709.522   4.8056337e+14
      709.572   4.8172691e+14
      709.622   4.8287360e+14
      709.673   4.8314909e+14
      709.723   4.8322631e+14
      709.774   4.8332465e+14
      709.824   4.8338486e+14
      709.874   4.8348253e+14
      709.925   4.8399668e+14
      709.975   4.8459200e+14
      710.026   4.8518814e+14
      710.076   4.8591313e+14
      710.126   4.8676779e+14
      710.177   4.8704374e+14
      710.227   4.8721669e+14
      710.278   4.8757112e+14
      710.328   4.8792831e+14
      710.379   4.8809527e+14
      710.429   4.8826836e+14
      710.480   4.8839101e+14
      710.530   4.8840039e+14
      710.581   4.8798410e+14
      710.631   4.8738280e+14
      710.682   4.8683670e+14
      710.732   4.8628296e+14
      710.783   4.8578792e+14
      710.833   4.8566060e+14
      710.884   4.8559536e+14
      710.934   4.8504138e+14
      710.985   4.8423883e+14
      711.035   4.8303952e+14
      711.086   4.8169257e+14
      711.136   4.8052229e+14
      711.187   4.7965978e+14
      711.238   4.7892344e+14
      711.288   4.7837762e+14
      711.339   4.7766160e+14
      711.389   4.7666482e+14
      711.440   4.7592811e+14
      711.491   4.7566604e+14
      711.541   4.7565609e+14
      711.592   4.7622402e+14
      711.642   4.7706132e+14
      711.693   4.7819660e+14
      711.744   4.7913382e+14
      711.794   4.7983824e+14
      711.845   4.8038950e+14
      711.896   4.8118358e+14
      711.946   4.8181643e+14
      711.997   4.8200570e+14
      712.048   4.8090975e+14
      712.099   4.7943432e+14
      712.149   4.7790326e+14
      712.200   4.7657098e+14
      712.251   4.7550175e+14
      712.301   4.7575161e+14
      712.352   4.7603966e+14
      712.403   4.7609524e+14
      712.454   4.7577115e+14
      712.504   4.7527552e+14
      712.555   4.7517368e+14
      712.606   4.7655637e+14
      712.657   4.7820602e+14
      712.708   4.7995515e+14
      712.758   4.8163201e+14
      712.809   4.8269045e+14
      712.860   4.8214762e+14
      712.911   4.8056453e+14
      712.962   4.7840968e+14
      713.012   4.7655554e+14
      713.063   4.7489126e+14
      713.114   4.7327810e+14
      713.165   4.7193511e+14
      713.216   4.7105071e+14
      713.267   4.7015248e+14
      713.318   4.6954509e+14
      713.369   4.6941352e+14
      713.419   4.6990117e+14
      713.470   4.7160516e+14
      713.521   4.7380256e+14
      713.572   4.7576740e+14
      713.623   4.7780438e+14
      713.674   4.7991707e+14
      713.725   4.8122152e+14
      713.776   4.8196775e+14
      713.827   4.8257706e+14
      713.878   4.8288146e+14
      713.929   4.8275754e+14
      713.980   4.8255138e+14
      714.031   4.8233836e+14
      714.082   4.8184421e+14
      714.133   4.8177847e+14
      714.184   4.8159618e+14
      714.235   4.8118417e+14
      714.286   4.8087839e+14
      714.337   4.8112452e+14
      714.388   4.8122326e+14
      714.439   4.8111632e+14
      714.490   4.8097842e+14
      714.541   4.8066220e+14
      714.592   4.7987601e+14
      714.643   4.7747766e+14
      714.694   4.7395376e+14
      714.745   4.7038145e+14
      714.796   4.6685664e+14
      714.847   4.6353713e+14
      714.898   4.6225875e+14
      714.950   4.6263477e+14
      715.001   4.6226560e+14
      715.052   4.6118494e+14
      715.103   4.5991192e+14
      715.154   4.5966501e+14
      715.205   4.6175576e+14
      715.256   4.6559069e+14
      715.308   4.6986982e+14
      715.359   4.7403908e+14
      715.410   4.7632718e+14
      715.461   4.7564871e+14
      715.512   4.7456144e+14
      715.564   4.7442258e+14
      715.615   4.7448568e+14
      715.666   4.7510183e+14
      715.717   4.7602037e+14
      715.768   4.7637217e+14
      715.820   4.7569396e+14
      715.871   4.7474693e+14
      715.922   4.7421214e+14
      715.973   4.7453985e+14
      716.025   4.7598526e+14
      716.076   4.7734426e+14
      716.127   4.7868627e+14
      716.178   4.7973285e+14
      716.230   4.7979015e+14
      716.281   4.7791801e+14
      716.332   4.7497269e+14
      716.384   4.7117832e+14
      716.435   4.6710072e+14
      716.486   4.6328044e+14
      716.538   4.6134158e+14
      716.589   4.6080863e+14
      716.640   4.6146234e+14
      716.692   4.6244368e+14
      716.743   4.6321805e+14
      716.794   4.6471167e+14
      716.846   4.6800926e+14
      716.897   4.7203279e+14
      716.949   4.7670116e+14
      717.000   4.8134889e+14
      717.052   4.8541221e+14
      717.103   4.8762697e+14
      717.154   4.8902616e+14
      717.206   4.8955167e+14
      717.257   4.8984252e+14
      717.309   4.8999285e+14
      717.360   4.8998761e+14
      717.412   4.8937004e+14
      717.463   4.8857958e+14
      717.515   4.8727304e+14
      717.566   4.8562117e+14
      717.617   4.8405870e+14
      717.669   4.8300989e+14
      717.721   4.8210565e+14
      717.772   4.8149692e+14
      717.824   4.8042702e+14
      717.875   4.7891878e+14
      717.927   4.7727999e+14
      717.978   4.7503387e+14
      718.030   4.7217799e+14
      718.081   4.7048608e+14
      718.133   4.6957356e+14
      718.184   4.6900842e+14
      718.236   4.6906439e+14
      718.288   4.6966852e+14
      718.339   4.6986525e+14
      718.391   4.7025914e+14
      718.442   4.7066975e+14
      718.494   4.7143620e+14
      718.546   4.7216482e+14
      718.597   4.7225486e+14
      718.649   4.7158323e+14
      718.701   4.7063211e+14
      718.752   4.6837282e+14
      718.804   4.6572052e+14
      718.856   4.6346126e+14
      718.907   4.6146662e+14
      718.959   4.5958974e+14
      719.011   4.5803433e+14
      719.062   4.5761647e+14
      719.114   4.5913545e+14
      719.166   4.6068566e+14
      719.217   4.6133797e+14
      719.269   4.6288516e+14
      719.321   4.6457759e+14
      719.373   4.6486502e+14
      719.424   4.6555238e+14
      719.476   4.6695186e+14
      719.528   4.6728096e+14
      719.580   4.6695047e+14
      719.632   4.6637467e+14
      719.683   4.6570480e+14
      719.735   4.6632755e+14
      719.787   4.6843245e+14
      719.839   4.7135306e+14
      719.891   4.7457820e+14
      719.942   4.7729859e+14
      719.994   4.7858941e+14
      720.046   4.7872954e+14
      720.098   4.7908047e+14
      720.150   4.7932089e+14
      720.202   4.7962697e+14
      720.254   4.8034109e+14
      720.305   4.8155585e+14
      720.357   4.8223906e+14
      720.409   4.8266652e+14
      720.461   4.8294187e+14
      720.513   4.8231110e+14
      720.565   4.7942866e+14
      720.617   4.7608570e+14
      720.669   4.7306741e+14
      720.721   4.7007979e+14
      720.773   4.6675610e+14
      720.825   4.6495780e+14
      720.877   4.6372321e+14
      720.929   4.6214237e+14
      720.981   4.6055786e+14
      721.032   4.5938441e+14
      721.085   4.5976641e+14
      721.137   4.6246353e+14
      721.189   4.6568730e+14
      721.241   4.6894272e+14
      721.293   4.7252065e+14
      721.345   4.7536496e+14
      721.397   4.7599353e+14
      721.449   4.7589486e+14
      721.501   4.7566458e+14
      721.553   4.7531301e+14
      721.605   4.7480551e+14
      721.657   4.7450925e+14
      721.709   4.7445891e+14
      721.761   4.7533023e+14
      721.813   4.7592096e+14
      721.865   4.7619991e+14
      721.917   4.7612542e+14
      721.970   4.7592681e+14
      722.022   4.7583153e+14
      722.074   4.7575000e+14
      722.126   4.7474291e+14
      722.178   4.7235929e+14
      722.230   4.6948988e+14
      722.282   4.6632880e+14
      722.335   4.6370887e+14
      722.387   4.6258946e+14
      722.439   4.6256584e+14
      722.491   4.6328445e+14
      722.543   4.6452702e+14
      722.596   4.6535058e+14
      722.648   4.6587184e+14
      722.700   4.6688238e+14
      722.752   4.6893747e+14
      722.805   4.7131280e+14
      722.857   4.7421183e+14
      722.909   4.7681630e+14
      722.961   4.7852914e+14
      723.014   4.7955508e+14
      723.066   4.8004077e+14
      723.118   4.8030785e+14
      723.170   4.8081103e+14
      723.223   4.8113788e+14
      723.275   4.8119675e+14
      723.327   4.8131115e+14
      723.380   4.8095043e+14
      723.432   4.7992908e+14
      723.484   4.7876173e+14
      723.537   4.7749411e+14
      723.589   4.7607629e+14
      723.641   4.7529050e+14
      723.694   4.7508205e+14
      723.746   4.7492157e+14
      723.799   4.7419873e+14
      723.851   4.7298516e+14
      723.903   4.7197994e+14
      723.956   4.7146523e+14
      724.008   4.7132177e+14
      724.061   4.7176988e+14
      724.113   4.7275276e+14
      724.165   4.7354803e+14
      724.218   4.7375998e+14
      724.270   4.7340450e+14
      724.323   4.7253842e+14
      724.375   4.7166462e+14
      724.428   4.7098954e+14
      724.480   4.7042853e+14
      724.533   4.7017074e+14
      724.585   4.7038876e+14
      724.638   4.7061794e+14
      724.690   4.7072119e+14
      724.743   4.7081471e+14
      724.795   4.7068490e+14
      724.848   4.7077149e+14
      724.900   4.7091307e+14
      724.953   4.7081517e+14
      725.005   4.7056000e+14
      725.058   4.7026000e+14
      725.111   4.6965021e+14
      725.163   4.6886907e+14
      725.216   4.6823119e+14
      725.268   4.6762392e+14
      725.321   4.6710424e+14
      725.374   4.6644173e+14
      725.426   4.6632525e+14
      725.479   4.6688854e+14
      725.531   4.6820368e+14
      725.584   4.7022674e+14
      725.637   4.7256719e+14
      725.689   4.7449963e+14
      725.742   4.7573268e+14
      725.795   4.7651292e+14
      725.847   4.7689887e+14
      725.900   4.7716701e+14
      725.953   4.7660569e+14
      726.005   4.7448561e+14
      726.058   4.7174193e+14
      726.111   4.6921405e+14
      726.164   4.6671710e+14
      726.216   4.6496875e+14
      726.269   4.6487698e+14
      726.322   4.6547219e+14
      726.375   4.6578147e+14
      726.427   4.6580766e+14
      726.480   4.6589727e+14
      726.533   4.6734722e+14
      726.586   4.7002174e+14
      726.639   4.7287109e+14
      726.691   4.7577949e+14
      726.744   4.7833309e+14
      726.797   4.7939717e+14
      726.850   4.7927488e+14
      726.903   4.7901305e+14
      726.956   4.7893612e+14
      727.008   4.7890019e+14
      727.061   4.7867533e+14
      727.114   4.7830035e+14
      727.167   4.7788339e+14
      727.220   4.7757111e+14
      727.273   4.7739500e+14
      727.326   4.7713497e+14
      727.379   4.7630929e+14
      727.431   4.7518247e+14
      727.484   4.7406663e+14
      727.537   4.7294357e+14
      727.590   4.7209986e+14
      727.643   4.7188129e+14
      727.696   4.7170810e+14
      727.749   4.7110866e+14
      727.802   4.7044972e+14
      727.855   4.6965091e+14
      727.908   4.6941459e+14
      727.961   4.7015324e+14
      728.014   4.7126943e+14
      728.067   4.7190002e+14
      728.120   4.7197485e+14
      728.173   4.7136452e+14
      728.226   4.7047803e+14
      728.279   4.6955281e+14
      728.332   4.6788981e+14
      728.385   4.6610423e+14
      728.438   4.6477992e+14
      728.491   4.6321069e+14
      728.544   4.6156071e+14
      728.597   4.6133405e+14
      728.651   4.6249306e+14
      728.704   4.6260572e+14
      728.757   4.6044803e+14
      728.810   4.5726494e+14
      728.863   4.5507504e+14
      728.916   4.5323478e+14
      728.969   4.5171963e+14
      729.022   4.5206384e+14
      729.076   4.5351655e+14
      729.129   4.5259581e+14
      729.182   4.4962720e+14
      729.235   4.4787282e+14
      729.288   4.4859683e+14
      729.341   4.5021372e+14
      729.395   4.5296247e+14
      729.448   4.5740228e+14
      729.501   4.6204239e+14
      729.554   4.6510725e+14
      729.607   4.6648430e+14
      729.661   4.6824759e+14
      729.714   4.7038176e+14
      729.767   4.7181913e+14
      729.820   4.7256648e+14
      729.874   4.7352835e+14
      729.927   4.7395008e+14
      729.980   4.7363240e+14
      730.034   4.7304550e+14
      730.087   4.7242628e+14
      730.140   4.7170182e+14
      730.193   4.7122963e+14
      730.247   4.7100695e+14
      730.300   4.7156537e+14
      730.353   4.7231677e+14
      730.407   4.7354224e+14
      730.460   4.7449381e+14
      730.514   4.7477273e+14
      730.567   4.7472139e+14
      730.620   4.7344934e+14
      730.674   4.7079215e+14
      730.727   4.6854783e+14
      730.780   4.6679088e+14
      730.834   4.6505884e+14
      730.887   4.6418912e+14
      730.941   4.6331636e+14
      730.994   4.6132681e+14
      731.048   4.5972834e+14
      731.101   4.5814286e+14
      731.154   4.5804549e+14
      731.208   4.6037449e+14
      731.261   4.6329649e+14
      731.315   4.6567186e+14
      731.368   4.6826456e+14
      731.422   4.6949937e+14
      731.475   4.7029467e+14
      731.529   4.7186691e+14
      731.582   4.7353008e+14
      731.636   4.7500445e+14
      731.689   4.7668914e+14
      731.743   4.7743319e+14
      731.797   4.7714796e+14
      731.850   4.7659146e+14
      731.904   4.7517119e+14
      731.957   4.7287854e+14
      732.011   4.7097632e+14
      732.064   4.6909777e+14
      732.118   4.6749721e+14
      732.172   4.6725328e+14
      732.225   4.6825662e+14
      732.279   4.6890563e+14
      732.332   4.6937477e+14
      732.386   4.6916251e+14
      732.440   4.6826107e+14
      732.493   4.6677150e+14
      732.547   4.6559188e+14
      732.601   4.6451760e+14
      732.654   4.6388568e+14
      732.708   4.6380309e+14
      732.762   4.6415662e+14
      732.815   4.6402767e+14
      732.869   4.6357558e+14
      732.923   4.6234935e+14
      732.977   4.6206949e+14
      733.030   4.6350308e+14
      733.084   4.6541277e+14
      733.138   4.6747762e+14
      733.192   4.7006020e+14
      733.245   4.7109368e+14
      733.299   4.7062116e+14
      733.353   4.6991274e+14
      733.407   4.6917952e+14
      733.461   4.6934060e+14
      733.514   4.7053630e+14
      733.568   4.7171875e+14
      733.622   4.7280630e+14
      733.676   4.7365451e+14
      733.730   4.7442526e+14
      733.783   4.7495955e+14
      733.837   4.7521971e+14
      733.891   4.7554330e+14
      733.945   4.7607841e+14
      733.999   4.7617306e+14
      734.053   4.7599992e+14
      734.107   4.7601354e+14
      734.160   4.7597363e+14
      734.214   4.7574758e+14
      734.268   4.7515133e+14
      734.322   4.7452682e+14
      734.376   4.7406439e+14
      734.430   4.7366528e+14
      734.484   4.7336140e+14
      734.538   4.7332897e+14
      734.592   4.7327181e+14
      734.646   4.7296777e+14
      734.700   4.7241682e+14
      734.754   4.7184458e+14
      734.808   4.7153683e+14
      734.862   4.7154656e+14
      734.916   4.7161625e+14
      734.970   4.7127310e+14
      735.024   4.7059210e+14
      735.078   4.7005683e+14
      735.132   4.6935910e+14
      735.186   4.6848833e+14
      735.240   4.6803394e+14
      735.294   4.6799955e+14
      735.348   4.6717788e+14
      735.402   4.6546992e+14
      735.456   4.6314380e+14
      735.510   4.6168244e+14
      735.565   4.6087125e+14
      735.619   4.6053963e+14
      735.673   4.6077296e+14
      735.727   4.6211899e+14
      735.781   4.6293541e+14
      735.835   4.6336331e+14
      735.889   4.6396082e+14
      735.943   4.6570675e+14
      735.998   4.6741832e+14
      736.052   4.6845449e+14
      736.106   4.6905259e+14
      736.160   4.6967904e+14
      736.214   4.6904727e+14
      736.269   4.6743335e+14
      736.323   4.6640537e+14
      736.377   4.6585100e+14
      736.431   4.6514798e+14
      736.485   4.6445194e+14
      736.540   4.6449907e+14
      736.594   4.6525636e+14
      736.648   4.6642763e+14
      736.703   4.6743344e+14
      736.757   4.6928066e+14
      736.811   4.7154553e+14
      736.865   4.7294406e+14
      736.920   4.7337041e+14
      736.974   4.7380325e+14
      737.028   4.7392671e+14
      737.083   4.7374147e+14
      737.137   4.7338924e+14
      737.191   4.7276085e+14
      737.246   4.7232764e+14
      737.300   4.7174868e+14
      737.354   4.7102799e+14
      737.409   4.7047775e+14
      737.463   4.7027737e+14
      737.518   4.6993945e+14
      737.572   4.6947694e+14
      737.626   4.6889744e+14
      737.681   4.6858418e+14
      737.735   4.6801514e+14
      737.790   4.6706057e+14
      737.844   4.6645595e+14
      737.898   4.6674755e+14
      737.953   4.6702566e+14
      738.007   4.6736693e+14
      738.062   4.6776204e+14
      738.116   4.6774906e+14
      738.171   4.6710933e+14
      738.225   4.6628106e+14
      738.280   4.6595667e+14
      738.334   4.6583005e+14
      738.389   4.6549489e+14
      738.443   4.6473364e+14
      738.498   4.6260786e+14
      738.552   4.6014787e+14
      738.607   4.5706396e+14
      738.661   4.5439755e+14
      738.716   4.5303644e+14
      738.771   4.5179925e+14
      738.825   4.4842956e+14
      738.880   4.4661010e+14
      738.934   4.4503461e+14
      738.989   4.4422933e+14
      739.044   4.4562470e+14
      739.098   4.4887931e+14
      739.153   4.5187948e+14
      739.208   4.5426611e+14
      739.262   4.5449460e+14
      739.317   4.5557562e+14
      739.372   4.5767198e+14
      739.426   4.5922846e+14
      739.481   4.6125438e+14
      739.536   4.6399423e+14
      739.590   4.6489111e+14
      739.645   4.6433632e+14
      739.700   4.6382406e+14
      739.754   4.6455417e+14
      739.809   4.6609479e+14
      739.864   4.6691098e+14
      739.919   4.6709857e+14
      739.973   4.6659635e+14
      740.028   4.6453856e+14
      740.083   4.6243423e+14
      740.138   4.6120018e+14
      740.192   4.6087862e+14
      740.247   4.6128255e+14
      740.302   4.6222681e+14
      740.357   4.6252429e+14
      740.412   4.6270454e+14
      740.466   4.6249666e+14
      740.521   4.6343416e+14
      740.576   4.6508999e+14
      740.631   4.6715851e+14
      740.686   4.6898554e+14
      740.741   4.6958239e+14
      740.796   4.6691801e+14
      740.851   4.6392596e+14
      740.905   4.6002227e+14
      740.960   4.5590869e+14
      741.015   4.5335670e+14
      741.070   4.5335993e+14
      741.125   4.5303937e+14
      741.180   4.5302832e+14
      741.235   4.5259023e+14
      741.290   4.5355430e+14
      741.345   4.5438680e+14
      741.400   4.5384550e+14
      741.455   4.5289115e+14
      741.510   4.5455330e+14
      741.565   4.5558548e+14
      741.620   4.5585946e+14
      741.675   4.5621179e+14
      741.730   4.5625081e+14
      741.785   4.5480466e+14
      741.840   4.5301997e+14
      741.895   4.5188682e+14
      741.950   4.5301906e+14
      742.005   4.5586509e+14
      742.060   4.5767479e+14
      742.115   4.5770322e+14
      742.170   4.5640247e+14
      742.225   4.5359407e+14
      742.280   4.5122008e+14
      742.335   4.4952645e+14
      742.391   4.4934454e+14
      742.446   4.5012443e+14
      742.501   4.5135724e+14
      742.556   4.5157768e+14
      742.611   4.5303538e+14
      742.666   4.5479289e+14
      742.721   4.5809830e+14
      742.776   4.6215678e+14
      742.832   4.6672661e+14
      742.887   4.6985182e+14
      742.942   4.7190734e+14
      742.997   4.7241842e+14
      743.052   4.7178458e+14
      743.108   4.7053734e+14
      743.163   4.6941782e+14
      743.218   4.6881555e+14
      743.273   4.6823460e+14
      743.329   4.6766485e+14
      743.384   4.6695523e+14
      743.439   4.6670602e+14
      743.494   4.6700290e+14
      743.550   4.6794302e+14
      743.605   4.6906124e+14
      743.660   4.7036878e+14
      743.716   4.7148079e+14
      743.771   4.7217804e+14
      743.826   4.7267186e+14
      743.882   4.7272344e+14
      743.937   4.7218867e+14
      743.992   4.7105724e+14
      744.048   4.6990483e+14
      744.103   4.6823367e+14
      744.158   4.6623350e+14
      744.214   4.6520198e+14
      744.269   4.6466640e+14
      744.325   4.6373828e+14
      744.380   4.6186588e+14
      744.435   4.5915333e+14
      744.491   4.5703792e+14
      744.546   4.5510745e+14
      744.602   4.5288414e+14
      744.657   4.5292299e+14
      744.713   4.5500754e+14
      744.768   4.5569730e+14
      744.823   4.5553254e+14
      744.879   4.5546490e+14
      744.934   4.5635509e+14
      744.990   4.5809367e+14
      745.045   4.5982476e+14
      745.101   4.6230886e+14
      745.156   4.6536504e+14
      745.212   4.6658344e+14
      745.268   4.6646030e+14
      745.323   4.6689104e+14
      745.379   4.6736550e+14
      745.434   4.6805762e+14
      745.490   4.6899035e+14
      745.545   4.7000133e+14
      745.601   4.7054058e+14
      745.657   4.7078276e+14
      745.712   4.7098131e+14
      745.768   4.7152438e+14
      745.823   4.7226733e+14
      745.879   4.7297889e+14
      745.935   4.7358668e+14
      745.990   4.7336643e+14
      746.046   4.7133080e+14
      746.102   4.6800869e+14
      746.157   4.6515468e+14
      746.213   4.6245499e+14
      746.269   4.6036756e+14
      746.324   4.5965876e+14
      746.380   4.6023716e+14
      746.436   4.6031383e+14
      746.492   4.6024720e+14
      746.547   4.6025866e+14
      746.603   4.6183391e+14
      746.659   4.6418013e+14
      746.714   4.6660863e+14
      746.770   4.6912780e+14
      746.826   4.7167603e+14
      746.882   4.7265745e+14
      746.938   4.7274949e+14
      746.993   4.7261124e+14
      747.049   4.7231301e+14
      747.105   4.7189227e+14
      747.161   4.7097998e+14
      747.217   4.6946477e+14
      747.272   4.6844743e+14
      747.328   4.6773923e+14
      747.384   4.6691606e+14
      747.440   4.6622915e+14
      747.496   4.6568209e+14
      747.552   4.6507035e+14
      747.608   4.6447287e+14
      747.664   4.6380353e+14
      747.719   4.6403105e+14
      747.775   4.6500252e+14
      747.831   4.6570834e+14
      747.887   4.6664774e+14
      747.943   4.6761954e+14
      747.999   4.6822877e+14
      748.055   4.6857941e+14
      748.111   4.6901275e+14
      748.167   4.6906532e+14
      748.223   4.6875141e+14
      748.279   4.6789133e+14
      748.335   4.6732221e+14
      748.391   4.6669185e+14
      748.447   4.6617642e+14
      748.503   4.6614251e+14
      748.559   4.6652560e+14
      748.615   4.6695539e+14
      748.671   4.6734933e+14
      748.727   4.6811364e+14
      748.783   4.6917287e+14
      748.839   4.6989424e+14
      748.895   4.7052581e+14
      748.951   4.7090214e+14
      749.008   4.7009598e+14
      749.064   4.6879704e+14
      749.120   4.6763812e+14
      749.176   4.6622365e+14
      749.232   4.6497077e+14
      749.288   4.6371777e+14
      749.344   4.6109365e+14
      749.401   4.5735783e+14
      749.457   4.5381518e+14
      749.513   4.5115013e+14
      749.569   4.5012230e+14
      749.625   4.5095528e+14
      749.681   4.5255161e+14
      749.738   4.5342864e+14
      749.794   4.5352404e+14
      749.850   4.5354733e+14
      749.906   4.5509025e+14
      749.963   4.5768913e+14
      750.019   4.6089285e+14
      750.075   4.6432396e+14
      750.131   4.6698470e+14
      750.188   4.6770129e+14
      750.244   4.6812200e+14
      750.300   4.6876965e+14
      750.356   4.6910038e+14
      750.413   4.6930928e+14
      750.469   4.6933375e+14
      750.525   4.6910959e+14
      750.582   4.6860125e+14
      750.638   4.6841663e+14
      750.694   4.6842298e+14
      750.751   4.6862106e+14
      750.807   4.6847246e+14
      750.863   4.6817232e+14
      750.920   4.6608434e+14
      750.976   4.6183899e+14
      751.033   4.5848832e+14
      751.089   4.5527381e+14
      751.146   4.5233717e+14
      751.202   4.5102630e+14
      751.258   4.5185444e+14
      751.315   4.5189317e+14
      751.371   4.5117362e+14
      751.428   4.4947678e+14
      751.484   4.5035191e+14
      751.541   4.5286622e+14
      751.597   4.5584227e+14
      751.654   4.5933551e+14
      751.710   4.6368059e+14
      751.767   4.6555772e+14
      751.823   4.6591098e+14
      751.880   4.6583524e+14
      751.936   4.6581665e+14
      751.993   4.6619594e+14
      752.049   4.6706937e+14
      752.106   4.6695040e+14
      752.162   4.6537512e+14
      752.219   4.6398811e+14
      752.276   4.6249250e+14
      752.332   4.6036737e+14
      752.389   4.5794989e+14
      752.445   4.5740673e+14
      752.502   4.5656054e+14
      752.559   4.5545768e+14
      752.615   4.5459972e+14
      752.672   4.5631212e+14
      752.729   4.5853448e+14
      752.785   4.6074927e+14
      752.842   4.6262158e+14
      752.899   4.6575238e+14
      752.955   4.6672447e+14
      753.012   4.6631579e+14
      753.069   4.6610539e+14
      753.125   4.6636094e+14
      753.182   4.6564417e+14
      753.239   4.6517326e+14
      753.296   4.6489763e+14
      753.352   4.6437529e+14
      753.409   4.6362199e+14
      753.466   4.6343658e+14
      753.523   4.6409071e+14
      753.579   4.6498672e+14
      753.636   4.6585815e+14
      753.693   4.6701204e+14
      753.750   4.6793080e+14
      753.807   4.6805695e+14
      753.864   4.6790798e+14
      753.920   4.6800817e+14
      753.977   4.6805827e+14
      754.034   4.6769200e+14
      754.091   4.6735824e+14
      754.148   4.6699547e+14
      754.205   4.6656742e+14
      754.262   4.6617194e+14
      754.318   4.6600389e+14
      754.375   4.6581839e+14
      754.432   4.6569809e+14
      754.489   4.6549803e+14
      754.546   4.6526895e+14
      754.603   4.6479703e+14
      754.660   4.6414378e+14
      754.717   4.6360285e+14
      754.774   4.6326841e+14
      754.831   4.6328915e+14
      754.888   4.6375581e+14
      754.945   4.6435301e+14
      755.002   4.6476540e+14
      755.059   4.6501421e+14
      755.116   4.6512889e+14
      755.173   4.6546475e+14
      755.230   4.6593488e+14
      755.287   4.6647036e+14
      755.344   4.6659605e+14
      755.401   4.6549921e+14
      755.458   4.6423900e+14
      755.515   4.6309468e+14
      755.572   4.6174330e+14
      755.629   4.6079458e+14
      755.687   4.6138498e+14
      755.744   4.6194214e+14
      755.801   4.6172637e+14
      755.858   4.6049413e+14
      755.915   4.5975545e+14
      755.972   4.5982622e+14
      756.029   4.6016199e+14
      756.086   4.6064312e+14
      756.144   4.6234494e+14
      756.201   4.6375948e+14
      756.258   4.6406662e+14
      756.315   4.6371640e+14
      756.372   4.6360949e+14
      756.430   4.6446214e+14
      756.487   4.6582653e+14
      756.544   4.6734734e+14
      756.601   4.6913360e+14
      756.659   4.7088442e+14
      756.716   4.7081066e+14
      756.773   4.6870173e+14
      756.830   4.6688328e+14
      756.888   4.6563214e+14
      756.945   4.6454742e+14
      757.002   4.6409509e+14
      757.060   4.6495591e+14
      757.117   4.6546358e+14
      757.174   4.6525504e+14
      757.232   4.6396702e+14
      757.289   4.6306731e+14
      757.346   4.6324404e+14
      757.404   4.6352686e+14
      757.461   4.6412917e+14
      757.518   4.6564468e+14
      757.576   4.6657529e+14
      757.633   4.6597006e+14
      757.691   4.6506698e+14
      757.748   4.6388657e+14
      757.805   4.6376504e+14
      757.863   4.6425181e+14
      757.920   4.6530585e+14
      757.978   4.6650990e+14
      758.035   4.6770983e+14
      758.093   4.6745078e+14
      758.150   4.6698715e+14
      758.208   4.6559556e+14
      758.265   4.6312172e+14
      758.323   4.6136549e+14
      758.380   4.5967753e+14
      758.438   4.5671154e+14
      758.495   4.5423991e+14
      758.553   4.5303975e+14
      758.610   4.5156199e+14
      758.668   4.4984776e+14
      758.725   4.4913462e+14
      758.783   4.5041153e+14
      758.841   4.5200927e+14
      758.898   4.5304908e+14
      758.956   4.5526321e+14
      759.013   4.5841021e+14
      759.071   4.6022785e+14
      759.129   4.6143699e+14
      759.186   4.6320713e+14
      759.244   4.6432187e+14
      759.301   4.6429850e+14
      759.359   4.6371417e+14
      759.417   4.6338138e+14
      759.474   4.6286191e+14
      759.532   4.6235025e+14
      759.590   4.6216685e+14
      759.648   4.6230808e+14
      759.705   4.6216413e+14
      759.763   4.6209004e+14
      759.821   4.6228230e+14
      759.878   4.6265286e+14
      759.936   4.6281234e+14
      759.994   4.6304125e+14
      760.052   4.6284309e+14
      760.109   4.6179751e+14
      760.167   4.6081070e+14
      760.225   4.6008662e+14
      760.283   4.5933326e+14
      760.341   4.5863083e+14
      760.398   4.5800442e+14
      760.456   4.5740404e+14
      760.514   4.5621925e+14
      760.572   4.5507807e+14
      760.630   4.5514213e+14
      760.688   4.5626552e+14
      760.746   4.5708590e+14
      760.803   4.5791671e+14
      760.861   4.5799195e+14
      760.919   4.5740948e+14
      760.977   4.5665509e+14
      761.035   4.5629940e+14
      761.093   4.5632771e+14
      761.151   4.5715284e+14
      761.209   4.5773683e+14
      761.267   4.5799556e+14
      761.325   4.5754130e+14
      761.383   4.5706878e+14
      761.441   4.5755418e+14
      761.499   4.5750212e+14
      761.557   4.5565797e+14
      761.615   4.5448649e+14
      761.673   4.5285764e+14
      761.731   4.5059935e+14
      761.789   4.4741142e+14
      761.847   4.4604870e+14
      761.905   4.4320391e+14
      761.963   4.4121485e+14
      762.021   4.3929139e+14
      762.079   4.4077488e+14
      762.137   4.4297237e+14
      762.195   4.4664526e+14
      762.253   4.4950244e+14
      762.311   4.5396718e+14
      762.369   4.5540113e+14
      762.428   4.5658690e+14
      762.486   4.5814214e+14
      762.544   4.6012969e+14
      762.602   4.6084304e+14
      762.660   4.6170668e+14
      762.718   4.6216390e+14
      762.776   4.6179693e+14
      762.835   4.6118138e+14
      762.893   4.6035262e+14
      762.951   4.6036649e+14
      763.009   4.6063311e+14
      763.068   4.6095873e+14
      763.126   4.6134977e+14
      763.184   4.6191319e+14
      763.242   4.6153094e+14
      763.301   4.6117126e+14
      763.359   4.6091717e+14
      763.417   4.6067773e+14
      763.475   4.6052623e+14
      763.534   4.6047068e+14
      763.592   4.6033015e+14
      763.650   4.6015296e+14
      763.709   4.6001294e+14
      763.767   4.5992739e+14
      763.825   4.5976839e+14
      763.884   4.5927247e+14
      763.942   4.5890064e+14
      764.000   4.5851769e+14
      764.059   4.5808392e+14
      764.117   4.5775223e+14
      764.175   4.5784988e+14
      764.234   4.5797752e+14
      764.292   4.5811920e+14
      764.351   4.5811839e+14
      764.409   4.5836294e+14
      764.468   4.5864484e+14
      764.526   4.5902528e+14
      764.584   4.5941679e+14
      764.643   4.5993022e+14
      764.701   4.6014190e+14
      764.760   4.6021465e+14
      764.818   4.6024638e+14
      764.877   4.6022363e+14
      764.935   4.6020397e+14
      764.994   4.6028040e+14
      765.052   4.6038255e+14
      765.111   4.6037839e+14
      765.169   4.6029283e+14
      765.228   4.5938087e+14
      765.287   4.5844672e+14
      765.345   4.5682457e+14
      765.404   4.5487928e+14
      765.462   4.5345149e+14
      765.521   4.5284020e+14
      765.580   4.5125082e+14
      765.638   4.4866423e+14
      765.697   4.4615504e+14
      765.755   4.4284326e+14
      765.814   4.3960145e+14
      765.873   4.3714989e+14
      765.931   4.3680515e+14
      765.990   4.3550435e+14
      766.049   4.3506798e+14
      766.107   4.3431825e+14
      766.166   4.3513993e+14
      766.225   4.3475486e+14
      766.284   4.3341673e+14
      766.342   4.3022314e+14
      766.401   4.2904645e+14
      766.460   4.2647093e+14
      766.518   4.2628337e+14
      766.577   4.2883496e+14
      766.636   4.3301033e+14
      766.695   4.3513936e+14
      766.754   4.3569292e+14
      766.812   4.3566053e+14
      766.871   4.3919313e+14
      766.930   4.4409252e+14
      766.989   4.4943817e+14
      767.048   4.5575476e+14
      767.106   4.6082796e+14
      767.165   4.6192419e+14
      767.224   4.6149181e+14
      767.283   4.6099663e+14
      767.342   4.6119775e+14
      767.401   4.6162739e+14
      767.460   4.6191344e+14
      767.519   4.6223262e+14
      767.578   4.6240074e+14
      767.636   4.6200418e+14
      767.695   4.6139814e+14
      767.754   4.6095423e+14
      767.813   4.6007510e+14
      767.872   4.5795689e+14
      767.931   4.5612590e+14
      767.990   4.5471134e+14
      768.049   4.5329657e+14
      768.108   4.5219874e+14
      768.167   4.5233661e+14
      768.226   4.5220885e+14
      768.285   4.5175263e+14
      768.344   4.5083515e+14
      768.403   4.5133459e+14
      768.462   4.5232485e+14
      768.521   4.5327478e+14
      768.580   4.5431346e+14
      768.640   4.5578852e+14
      768.699   4.5577902e+14
      768.758   4.5510125e+14
      768.817   4.5453414e+14
      768.876   4.5408879e+14
      768.935   4.5368027e+14
      768.994   4.5199382e+14
      769.053   4.5077991e+14
      769.112   4.4957655e+14
      769.172   4.4828857e+14
      769.231   4.4762421e+14
      769.290   4.4891430e+14
      769.349   4.4987574e+14
      769.408   4.5022017e+14
      769.468   4.5014766e+14
      769.527   4.5122021e+14
      769.586   4.5267368e+14
      769.645   4.5427157e+14
      769.704   4.5542228e+14
      769.764   4.5448498e+14
      769.823   4.5281113e+14
      769.882   4.5009435e+14
      769.942   4.4750713e+14
      770.001   4.4585453e+14
      770.060   4.4701628e+14
      770.119   4.4746803e+14
      770.179   4.4747649e+14
      770.238   4.4642270e+14
      770.297   4.4797326e+14
      770.357   4.5015733e+14
      770.416   4.5229671e+14
      770.475   4.5467320e+14
      770.535   4.5796849e+14
      770.594   4.5869887e+14
      770.654   4.5855641e+14
      770.713   4.5836525e+14
      770.772   4.5833688e+14
      770.832   4.5766495e+14
      770.891   4.5515595e+14
      770.951   4.5294338e+14
      771.010   4.4992273e+14
      771.069   4.4739848e+14
      771.129   4.4565225e+14
      771.188   4.4562736e+14
      771.248   4.4464367e+14
      771.307   4.4291470e+14
      771.367   4.4081925e+14
      771.426   4.4050499e+14
      771.486   4.4054694e+14
      771.545   4.4233735e+14
      771.605   4.4601494e+14
      771.664   4.4975548e+14
      771.724   4.5120659e+14
      771.784   4.5172759e+14
      771.843   4.5266693e+14
      771.903   4.5333636e+14
      771.962   4.5389406e+14
      772.022   4.5480099e+14
      772.082   4.5570810e+14
      772.141   4.5413372e+14
      772.201   4.5178462e+14
      772.260   4.4978321e+14
      772.320   4.4784508e+14
      772.380   4.4582875e+14
      772.439   4.4513968e+14
      772.499   4.4563091e+14
      772.559   4.4525769e+14
      772.618   4.4321021e+14
      772.678   4.4288869e+14
      772.738   4.4360997e+14
      772.798   4.4403070e+14
      772.857   4.4486670e+14
      772.917   4.4795295e+14
      772.977   4.5024898e+14
      773.036   4.5105898e+14
      773.096   4.5110063e+14
      773.156   4.5273528e+14
      773.216   4.5386517e+14
      773.276   4.5473522e+14
      773.335   4.5578684e+14
      773.395   4.5750775e+14
      773.455   4.5773561e+14
      773.515   4.5782605e+14
      773.575   4.5776788e+14
      773.635   4.5757224e+14
      773.694   4.5726816e+14
      773.754   4.5734005e+14
      773.814   4.5745649e+14
      773.874   4.5758780e+14
      773.934   4.5782688e+14
      773.994   4.5811065e+14
      774.054   4.5765093e+14
      774.114   4.5579319e+14
      774.174   4.5442230e+14
      774.234   4.5314786e+14
      774.293   4.5180939e+14
      774.353   4.5056803e+14
      774.413   4.4990293e+14
      774.473   4.4740400e+14
      774.533   4.4491216e+14
      774.593   4.4179116e+14
      774.653   4.3815260e+14
      774.713   4.3428652e+14
      774.773   4.3199380e+14
      774.833   4.2977889e+14
      774.893   4.2795439e+14
      774.953   4.2605892e+14
      775.014   4.2700471e+14
      775.074   4.2849365e+14
      775.134   4.2908936e+14
      775.194   4.3080583e+14
      775.254   4.3543427e+14
      775.314   4.3940444e+14
      775.374   4.4276448e+14
      775.434   4.4654602e+14
      775.494   4.5042879e+14
      775.555   4.5253971e+14
      775.615   4.5344333e+14
      775.675   4.5423912e+14
      775.735   4.5519152e+14
      775.795   4.5483986e+14
      775.855   4.5422353e+14
      775.916   4.5355935e+14
      775.976   4.5295398e+14
      776.036   4.5252744e+14
      776.096   4.5249224e+14
      776.156   4.5244955e+14
      776.217   4.5241498e+14
      776.277   4.5215598e+14
      776.337   4.5210208e+14
      776.398   4.5201154e+14
      776.458   4.5218138e+14
      776.518   4.5266086e+14
      776.578   4.5337916e+14
      776.639   4.5378861e+14
      776.699   4.5422725e+14
      776.759   4.5433019e+14
      776.820   4.5415761e+14
      776.880   4.5392091e+14
      776.940   4.5376624e+14
      777.001   4.5306337e+14
      777.061   4.5138253e+14
      777.122   4.5001934e+14
      777.182   4.4858815e+14
      777.242   4.4626064e+14
      777.303   4.4413492e+14
      777.363   4.4244532e+14
      777.424   4.4044977e+14
      777.484   4.3850196e+14
      777.544   4.3715893e+14
      777.605   4.3714607e+14
      777.665   4.3798073e+14
      777.726   4.3862927e+14
      777.786   4.3981534e+14
      777.847   4.4143928e+14
      777.907   4.4215861e+14
      777.968   4.4303558e+14
      778.029   4.4414059e+14
      778.089   4.4487522e+14
      778.150   4.4545351e+14
      778.210   4.4592668e+14
      778.271   4.4635925e+14
      778.331   4.4679516e+14
      778.392   4.4697742e+14
      778.452   4.4733862e+14
      778.513   4.4768913e+14
      778.574   4.4804721e+14
      778.634   4.4840480e+14
      778.695   4.4848994e+14
      778.756   4.4701145e+14
      778.816   4.4598864e+14
      778.877   4.4506345e+14
      778.938   4.4413066e+14
      778.998   4.4360505e+14
      779.059   4.4439569e+14
      779.120   4.4482358e+14
      779.180   4.4482052e+14
      779.241   4.4433521e+14
      779.302   4.4515241e+14
      779.362   4.4626495e+14
      779.423   4.4723593e+14
      779.484   4.4838306e+14
      779.545   4.4955655e+14
      779.606   4.4783565e+14
      779.666   4.4635349e+14
      779.727   4.4483796e+14
      779.788   4.4275289e+14
      779.849   4.4078736e+14
      779.910   4.4053348e+14
      779.970   4.3978073e+14
      780.031   4.3899474e+14
      780.092   4.3806243e+14
      780.153   4.3913108e+14
      780.214   4.4041350e+14
      780.275   4.4152371e+14
      780.336   4.4306139e+14
      780.396   4.4594442e+14
      780.457   4.4726144e+14
      780.518   4.4830884e+14
      780.579   4.4909009e+14
      780.640   4.4862658e+14
      780.701   4.4809924e+14
      780.762   4.4754564e+14
      780.823   4.4690559e+14
      780.884   4.4622797e+14
      780.945   4.4497254e+14
      781.006   4.4350679e+14
      781.067   4.4180014e+14
      781.128   4.3976301e+14
      781.189   4.3925659e+14
      781.250   4.4058126e+14
      781.311   4.4155337e+14
      781.372   4.4235681e+14
      781.433   4.4295385e+14
      781.494   4.4381379e+14
      781.555   4.4492908e+14
      781.616   4.4614219e+14
      781.677   4.4754697e+14
      781.739   4.4960587e+14
      781.800   4.5029384e+14
      781.861   4.5042992e+14
      781.922   4.5024296e+14
      781.983   4.5008600e+14
      782.044   4.4966234e+14
      782.105   4.4929871e+14
      782.167   4.4898442e+14
      782.228   4.4884616e+14
      782.289   4.4871157e+14
      782.350   4.4880992e+14
      782.411   4.4871290e+14
      782.473   4.4843603e+14
      782.534   4.4702711e+14
      782.595   4.4633601e+14
      782.656   4.4580643e+14
      782.718   4.4539007e+14
      782.779   4.4516113e+14
      782.840   4.4616543e+14
      782.901   4.4653060e+14
      782.963   4.4644894e+14
      783.024   4.4499068e+14
      783.085   4.4206248e+14
      783.147   4.4028159e+14
      783.208   4.3876702e+14
      783.269   4.3750048e+14
      783.331   4.3729156e+14
      783.392   4.3741694e+14
      783.453   4.3548387e+14
      783.515   4.3332531e+14
      783.576   4.3065009e+14
      783.638   4.3106537e+14
      783.699   4.3328698e+14
      783.760   4.3643886e+14
      783.822   4.3917008e+14
      783.883   4.4192376e+14
      783.945   4.4220828e+14
      784.006   4.4286130e+14
      784.068   4.4370332e+14
      784.129   4.4478975e+14
      784.191   4.4637783e+14
      784.252   4.4749475e+14
      784.314   4.4719964e+14
      784.375   4.4673808e+14
      784.437   4.4625445e+14
      784.498   4.4574001e+14
      784.560   4.4555771e+14
      784.621   4.4576295e+14
      784.683   4.4582563e+14
      784.745   4.4595616e+14
      784.806   4.4578826e+14
      784.868   4.4522130e+14
      784.929   4.4480067e+14
      784.991   4.4441077e+14
      785.053   4.4362823e+14
      785.114   4.4313911e+14
      785.176   4.4287297e+14
      785.238   4.4258414e+14
      785.299   4.4211368e+14
      785.361   4.4143241e+14
      785.423   4.4064912e+14
      785.484   4.3739002e+14
      785.546   4.3471207e+14
      785.608   4.3281102e+14
      785.669   4.3179604e+14
      785.731   4.3094753e+14
      785.793   4.3252974e+14
      785.855   4.3309671e+14
      785.916   4.3294974e+14
      785.978   4.3191221e+14
      786.040   4.3368000e+14
      786.102   4.3615419e+14
      786.164   4.3899508e+14
      786.225   4.4181699e+14
      786.287   4.4532359e+14
      786.349   4.4599771e+14
      786.411   4.4589372e+14
      786.473   4.4589929e+14
      786.535   4.4627508e+14
      786.596   4.4665792e+14
      786.658   4.4713968e+14
      786.720   4.4757607e+14
      786.782   4.4757797e+14
      786.844   4.4712625e+14
      786.906   4.4680301e+14
      786.968   4.4629830e+14
      787.030   4.4598557e+14
      787.092   4.4573256e+14
      787.154   4.4565728e+14
      787.216   4.4533998e+14
      787.278   4.4504150e+14
      787.340   4.4480727e+14
      787.402   4.4496258e+14
      787.464   4.4470184e+14
      787.526   4.4457346e+14
      787.588   4.4422939e+14
      787.650   4.4400255e+14
      787.712   4.4361293e+14
      787.774   4.4374549e+14
      787.836   4.4335205e+14
      787.898   4.4326132e+14
      787.960   4.4276175e+14
      788.022   4.4179272e+14
      788.084   4.4122104e+14
      788.146   4.4156926e+14
      788.208   4.4192133e+14
      788.271   4.4245570e+14
      788.333   4.4316383e+14
      788.395   4.4389099e+14
      788.457   4.4421676e+14
      788.519   4.4401990e+14
      788.581   4.4477383e+14
      788.644   4.4580113e+14
      788.706   4.4624458e+14
      788.768   4.4660475e+14
      788.830   4.4734771e+14
      788.892   4.4720402e+14
      788.955   4.4705708e+14
      789.017   4.4695488e+14
      789.079   4.4697349e+14
      789.141   4.4705281e+14
      789.204   4.4698862e+14
      789.266   4.4681014e+14
      789.328   4.4669609e+14
      789.391   4.4663563e+14
      789.453   4.4646841e+14
      789.515   4.4629360e+14
      789.578   4.4611553e+14
      789.640   4.4597100e+14
      789.702   4.4572780e+14
      789.765   4.4558756e+14
      789.827   4.4563263e+14
      789.889   4.4563971e+14
      789.952   4.4504791e+14
      790.014   4.4485762e+14
      790.077   4.4507776e+14
      790.139   4.4533910e+14
      790.201   4.4574853e+14
      790.264   4.4668995e+14
      790.326   4.4716020e+14
      790.389   4.4696295e+14
      790.451   4.4681450e+14
      790.514   4.4719433e+14
      790.576   4.4785845e+14
      790.639   4.4892193e+14
      790.701   4.4940019e+14
      790.764   4.4962457e+14
      790.826   4.4937741e+14
      790.889   4.4898263e+14
      790.951   4.4854925e+14
      791.014   4.4751236e+14
      791.077   4.4615262e+14
      791.139   4.4385352e+14
      791.202   4.4108724e+14
      791.264   4.3843775e+14
      791.327   4.3669299e+14
      791.390   4.3527485e+14
      791.452   4.3480626e+14
      791.515   4.3478671e+14
      791.578   4.3466454e+14
      791.640   4.3427563e+14
      791.703   4.3408488e+14
      791.766   4.3421356e+14
      791.828   4.3429612e+14
      791.891   4.3421567e+14
      791.954   4.3453456e+14
      792.016   4.3479591e+14
      792.079   4.3487903e+14
      792.142   4.3552144e+14
      792.205   4.3660147e+14
      792.267   4.3805783e+14
      792.330   4.3963294e+14
      792.393   4.4116639e+14
      792.456   4.4209116e+14
      792.519   4.4243746e+14
      792.581   4.4218567e+14
      792.644   4.4165265e+14
      792.707   4.4114998e+14
      792.770   4.4086431e+14
      792.833   4.4071183e+14
      792.896   4.3974819e+14
      792.959   4.3849496e+14
      793.021   4.3703161e+14
      793.084   4.3450611e+14
      793.147   4.3146972e+14
      793.210   4.2917199e+14
      793.273   4.2743391e+14
      793.336   4.2582123e+14
      793.399   4.2556867e+14
      793.462   4.2659262e+14
      793.525   4.2645824e+14
      793.588   4.2519565e+14
      793.651   4.2488573e+14
      793.714   4.2495318e+14
      793.777   4.2460510e+14
      793.840   4.2538163e+14
      793.903   4.2700858e+14
      793.966   4.2682447e+14
      794.029   4.2611030e+14
      794.092   4.2702446e+14
      794.155   4.2904870e+14
      794.218   4.3025690e+14
      794.281   4.3182772e+14
      794.344   4.3306682e+14
      794.407   4.3060543e+14
      794.470   4.2655256e+14
      794.534   4.2424347e+14
      794.597   4.2274242e+14
      794.660   4.2160369e+14
      794.723   4.2267466e+14
      794.786   4.2536420e+14
      794.849   4.2771822e+14
      794.913   4.3026405e+14
      794.976   4.3411918e+14
      795.039   4.3833984e+14
      795.102   4.4162313e+14
      795.165   4.4444109e+14
      795.229   4.4666435e+14
      795.292   4.4692413e+14
      795.355   4.4633977e+14
      795.418   4.4522815e+14
      795.482   4.4411306e+14
      795.545   4.4304308e+14
      795.608   4.4195757e+14
      795.672   4.4096044e+14
      795.735   4.3996627e+14
      795.798   4.3887642e+14
      795.862   4.3799336e+14
      795.925   4.3757595e+14
      795.988   4.3776251e+14
      796.052   4.3848879e+14
      796.115   4.3935226e+14
      796.178   4.3991375e+14
      796.242   4.4025416e+14
      796.305   4.4041417e+14
      796.369   4.4040274e+14
      796.432   4.4036009e+14
      796.495   4.4057756e+14
      796.559   4.4059293e+14
      796.622   4.4040865e+14
      796.686   4.4029763e+14
      796.749   4.4031620e+14
      796.813   4.4049222e+14
      796.876   4.4062174e+14
      796.940   4.4079015e+14
      797.003   4.4090048e+14
      797.067   4.4080608e+14
      797.130   4.4073026e+14
      797.194   4.4067025e+14
      797.257   4.4044506e+14
      797.321   4.3984880e+14
      797.385   4.3935215e+14
      797.448   4.3924543e+14
      797.512   4.3930790e+14
      797.575   4.3947323e+14
      797.639   4.4004908e+14
      797.703   4.4038368e+14
      797.766   4.4016588e+14
      797.830   4.3999460e+14
      797.894   4.4015677e+14
      797.957   4.4029916e+14
      798.021   4.4056108e+14
      798.085   4.4082295e+14
      798.148   4.4088876e+14
      798.212   4.4066378e+14
      798.276   4.4060745e+14
      798.339   4.4070009e+14
      798.403   4.4095443e+14
      798.467   4.4129316e+14
      798.531   4.4153984e+14
      798.594   4.4127964e+14
      798.658   4.4069775e+14
      798.722   4.4008502e+14
      798.786   4.3946072e+14
      798.850   4.3897819e+14
      798.913   4.3886354e+14
      798.977   4.3886451e+14
      799.041   4.3864178e+14
      799.105   4.3849891e+14
      799.169   4.3861709e+14
      799.233   4.3888885e+14
      799.297   4.3909926e+14
      799.361   4.3911384e+14
      799.424   4.3883989e+14
      799.488   4.3814009e+14
      799.552   4.3740568e+14
      799.616   4.3735867e+14
      799.680   4.3718866e+14
      799.744   4.3525160e+14
      799.808   4.3264955e+14
      799.872   4.3017777e+14
      799.936   4.2793223e+14
      800.000   4.2618213e+14
      800.064   4.2609961e+14
      800.128   4.2652050e+14
      800.192   4.2668011e+14
      800.256   4.2734711e+14
      800.320   4.2990557e+14
      800.384   4.3314873e+14
      800.448   4.3676914e+14
      800.512   4.3981338e+14
      800.576   4.4180824e+14
      800.641   4.4212733e+14
      800.705   4.4213817e+14
      800.769   4.4210671e+14
      800.833   4.4212144e+14
      800.897   4.4194763e+14
      800.961   4.4136602e+14
      801.025   4.4058889e+14
      801.089   4.3981281e+14
      801.154   4.3923725e+14
      801.218   4.3900745e+14
      801.282   4.3900850e+14
      801.346   4.3909037e+14
      801.411   4.3933060e+14
      801.475   4.3977820e+14
      801.539   4.4006422e+14
      801.603   4.4004222e+14
      801.667   4.3994318e+14
      801.732   4.3976766e+14
      801.796   4.3936437e+14
      801.860   4.3900331e+14
      801.925   4.3876992e+14
      801.989   4.3848199e+14
      802.053   4.3793972e+14
      802.118   4.3758283e+14
      802.182   4.3764919e+14
      802.246   4.3788508e+14
      802.311   4.3813316e+14
      802.375   4.3903588e+14
      802.439   4.3959188e+14
      802.504   4.3941992e+14
      802.568   4.3896985e+14
      802.633   4.3787257e+14
      802.697   4.3593020e+14
      802.761   4.3391417e+14
      802.826   4.3239976e+14
      802.890   4.3108891e+14
      802.955   4.3055357e+14
      803.019   4.3124413e+14
      803.084   4.3249054e+14
      803.148   4.3402980e+14
      803.213   4.3663858e+14
      803.277   4.3925872e+14
      803.342   4.4087280e+14
      803.406   4.4161440e+14
      803.471   4.4187421e+14
      803.536   4.4104181e+14
      803.600   4.3964129e+14
      803.665   4.3869664e+14
      803.729   4.3828399e+14
      803.794   4.3791816e+14
      803.859   4.3766812e+14
      803.923   4.3804687e+14
      803.988   4.3887427e+14
      804.052   4.3982096e+14
      804.117   4.4079146e+14
      804.182   4.4189351e+14
      804.246   4.4253933e+14
      804.311   4.4262942e+14
      804.376   4.4230614e+14
      804.440   4.4035936e+14
      804.505   4.3752011e+14
      804.570   4.3415868e+14
      804.635   4.3047203e+14
      804.699   4.2692724e+14
      804.764   4.2470832e+14
      804.829   4.2306891e+14
      804.894   4.2185456e+14
      804.958   4.2186902e+14
      805.023   4.2368239e+14
      805.088   4.2642460e+14
      805.153   4.2965069e+14
      805.218   4.3308228e+14
      805.283   4.3554743e+14
      805.347   4.3673578e+14
      805.412   4.3757288e+14
      805.477   4.3773685e+14
      805.542   4.3799757e+14
      805.607   4.3840155e+14
      805.672   4.3837598e+14
      805.737   4.3811431e+14
      805.802   4.3815064e+14
      805.867   4.3838052e+14
      805.932   4.3865689e+14
      805.997   4.3906497e+14
      806.062   4.3964729e+14
      806.127   4.3984251e+14
      806.192   4.3982087e+14
      806.257   4.3976825e+14
      806.322   4.3959552e+14
      806.387   4.3953899e+14
      806.452   4.3960643e+14
      806.517   4.3963898e+14
      806.582   4.3964051e+14
      806.647   4.3966529e+14
      806.712   4.3953118e+14
      806.777   4.3919943e+14
      806.842   4.3883658e+14
      806.907   4.3820235e+14
      806.972   4.3738582e+14
      807.037   4.3633487e+14
      807.102   4.3512742e+14
      807.168   4.3393580e+14
      807.233   4.3314286e+14
      807.298   4.3272207e+14
      807.363   4.3220045e+14
      807.428   4.3181441e+14
      807.494   4.3188273e+14
      807.559   4.3225309e+14
      807.624   4.3299978e+14
      807.689   4.3444109e+14
      807.754   4.3605717e+14
      807.820   4.3714632e+14
      807.885   4.3768404e+14
      807.950   4.3804719e+14
      808.016   4.3821301e+14
      808.081   4.3821135e+14
      808.146   4.3828354e+14
      808.211   4.3849541e+14
      808.277   4.3824971e+14
      808.342   4.3641930e+14
      808.407   4.3407993e+14
      808.473   4.3241254e+14
      808.538   4.3095412e+14
      808.604   4.2987655e+14
      808.669   4.3044909e+14
      808.734   4.3136746e+14
      808.800   4.3110934e+14
      808.865   4.3107609e+14
      808.931   4.3232932e+14
      808.996   4.3372991e+14
      809.061   4.3499139e+14
      809.127   4.3595829e+14
      809.192   4.3585207e+14
      809.258   4.3428486e+14
      809.323   4.3279850e+14
      809.389   4.3211717e+14
      809.454   4.3241103e+14
      809.520   4.3239830e+14
      809.586   4.3193448e+14
      809.651   4.3157900e+14
      809.717   4.3043450e+14
      809.782   4.2883808e+14
      809.848   4.2836222e+14
      809.913   4.2837193e+14
      809.979   4.2787645e+14
      810.045   4.2805394e+14
      810.110   4.2927760e+14
      810.176   4.3038524e+14
      810.241   4.3202176e+14
      810.307   4.3467084e+14
      810.373   4.3693115e+14
      810.438   4.3823380e+14
      810.504   4.3942425e+14
      810.570   4.4003873e+14
      810.636   4.3972669e+14
      810.701   4.3942189e+14
      810.767   4.3932003e+14
      810.833   4.3917532e+14
      810.898   4.3894436e+14
      810.964   4.3890863e+14
      811.030   4.3879319e+14
      811.096   4.3851657e+14
      811.162   4.3843474e+14
      811.227   4.3853150e+14
      811.293   4.3838727e+14
      811.359   4.3825079e+14
      811.425   4.3827796e+14
      811.491   4.3810643e+14
      811.557   4.3794258e+14
      811.622   4.3818355e+14
      811.688   4.3830036e+14
      811.754   4.3816380e+14
      811.820   4.3811292e+14
      811.886   4.3817908e+14
      811.952   4.3817897e+14
      812.018   4.3854542e+14
      812.084   4.3925907e+14
      812.150   4.3995732e+14
      812.216   4.4060489e+14
      812.282   4.4113946e+14
      812.348   4.4140878e+14
      812.414   4.4151813e+14
      812.480   4.4139331e+14
      812.546   4.4103823e+14
      812.612   4.4060891e+14
      812.678   4.4024193e+14
      812.744   4.3981639e+14
      812.810   4.3964446e+14
      812.876   4.3971070e+14
      812.942   4.3979262e+14
      813.008   4.4002645e+14
      813.074   4.4047242e+14
      813.140   4.4095364e+14
      813.206   4.4139584e+14
      813.273   4.4191288e+14
      813.339   4.4227316e+14
      813.405   4.4229357e+14
      813.471   4.4220847e+14
      813.537   4.4206472e+14
      813.603   4.4185060e+14
      813.670   4.4167211e+14
      813.736   4.4145400e+14
      813.802   4.4100518e+14
      813.868   4.4039211e+14
      813.935   4.3982248e+14
      814.001   4.3931865e+14
      814.067   4.3883042e+14
      814.133   4.3843980e+14
      814.200   4.3815925e+14
      814.266   4.3787803e+14
      814.332   4.3787454e+14
      814.399   4.3809849e+14
      814.465   4.3839631e+14
      814.531   4.3865500e+14
      814.598   4.3895342e+14
      814.664   4.3927479e+14
      814.730   4.3949057e+14
      814.797   4.3927243e+14
      814.863   4.3866225e+14
      814.930   4.3790768e+14
      814.996   4.3712895e+14
      815.062   4.3635038e+14
      815.129   4.3595205e+14
      815.195   4.3604258e+14
      815.262   4.3607494e+14
      815.328   4.3614595e+14
      815.395   4.3657394e+14
      815.461   4.3731479e+14
      815.528   4.3796627e+14
      815.594   4.3854282e+14
      815.661   4.3903378e+14
      815.727   4.3905794e+14
      815.794   4.3873002e+14
      815.860   4.3855428e+14
      815.927   4.3864563e+14
      815.993   4.3853650e+14
      816.060   4.3795358e+14
      816.127   4.3724114e+14
      816.193   4.3654764e+14
      816.260   4.3589379e+14
      816.327   4.3549080e+14
      816.393   4.3564408e+14
      816.460   4.3592733e+14
      816.526   4.3594341e+14
      816.593   4.3619536e+14
      816.660   4.3645128e+14
      816.727   4.3635807e+14
      816.793   4.3627606e+14
      816.860   4.3622987e+14
      816.927   4.3579120e+14
      816.993   4.3530093e+14
      817.060   4.3514579e+14
      817.127   4.3493140e+14
      817.194   4.3497608e+14
      817.261   4.3536621e+14
      817.327   4.3579913e+14
      817.394   4.3630722e+14
      817.461   4.3695671e+14
      817.528   4.3730393e+14
      817.595   4.3724664e+14
      817.661   4.3709065e+14
      817.728   4.3649521e+14
      817.795   4.3564036e+14
      817.862   4.3501723e+14
      817.929   4.3434290e+14
      817.996   4.3376664e+14
      818.063   4.3337504e+14
      818.130   4.3126604e+14
      818.197   4.2721522e+14
      818.264   4.2365902e+14
      818.331   4.2071938e+14
      818.398   4.1810559e+14
      818.465   4.1731947e+14
      818.532   4.1768118e+14
      818.599   4.1681623e+14
      818.666   4.1679660e+14
      818.733   4.1878252e+14
      818.800   4.2152377e+14
      818.867   4.2508753e+14
      818.934   4.2952891e+14
      819.001   4.3266111e+14
      819.068   4.3408677e+14
      819.135   4.3520969e+14
      819.202   4.3615180e+14
      819.269   4.3570497e+14
      819.336   4.3280250e+14
      819.403   4.2857703e+14
      819.471   4.2405621e+14
      819.538   4.1929397e+14
      819.605   4.1595991e+14
      819.672   4.1499141e+14
      819.739   4.1381416e+14
      819.807   4.1242056e+14
      819.874   4.1357805e+14
      819.941   4.1598031e+14
      820.008   4.1818600e+14
      820.075   4.2162893e+14
      820.143   4.2510842e+14
      820.210   4.2582630e+14
      820.277   4.2577980e+14
      820.345   4.2634855e+14
      820.412   4.2660561e+14
      820.479   4.2712672e+14
      820.547   4.2848403e+14
      820.614   4.2887928e+14
      820.681   4.2830870e+14
      820.749   4.2796728e+14
      820.816   4.2719544e+14
      820.883   4.2623419e+14
      820.951   4.2589640e+14
      821.018   4.2586525e+14
      821.085   4.2501686e+14
      821.153   4.2365990e+14
      821.220   4.2206549e+14
      821.288   4.2057793e+14
      821.355   4.1945653e+14
      821.423   4.1882861e+14
      821.490   4.1885518e+14
      821.558   4.1890983e+14
      821.625   4.1911004e+14
      821.693   4.2108295e+14
      821.760   4.2390835e+14
      821.828   4.2536883e+14
      821.895   4.2500500e+14
      821.963   4.2420338e+14
      822.030   4.2241002e+14
      822.098   4.1980723e+14
      822.166   4.1840861e+14
      822.233   4.1861678e+14
      822.301   4.1873061e+14
      822.368   4.1974862e+14
      822.436   4.2284140e+14
      822.504   4.2700939e+14
      822.571   4.3120515e+14
      822.639   4.3561153e+14
      822.707   4.3907414e+14
      822.774   4.4056862e+14
      822.842   4.4061714e+14
      822.910   4.3924655e+14
      822.978   4.3668983e+14
      823.045   4.3316513e+14
      823.113   4.2900061e+14
      823.181   4.2556694e+14
      823.249   4.2325975e+14
      823.316   4.2183352e+14
      823.384   4.2131733e+14
      823.452   4.2232796e+14
      823.520   4.2340996e+14
      823.588   4.2533486e+14
      823.655   4.2814591e+14
      823.723   4.3051468e+14
      823.791   4.3152656e+14
      823.859   4.3206761e+14
      823.927   4.3153205e+14
      823.995   4.2995940e+14
      824.063   4.2885749e+14
      824.131   4.2842050e+14
      824.198   4.2755533e+14
      824.266   4.2732799e+14
      824.334   4.2808278e+14
      824.402   4.2915065e+14
      824.470   4.3041273e+14
      824.538   4.3193654e+14
      824.606   4.3226023e+14
      824.674   4.3072570e+14
      824.742   4.2898884e+14
      824.810   4.2741804e+14
      824.878   4.2578368e+14
      824.946   4.2476322e+14
      825.014   4.2475287e+14
      825.082   4.2474427e+14
      825.151   4.2499399e+14
      825.219   4.2628192e+14
      825.287   4.2808553e+14
      825.355   4.2983390e+14
      825.423   4.3143984e+14
      825.491   4.3200294e+14
      825.559   4.3149909e+14
      825.628   4.3063479e+14
      825.696   4.2975788e+14
      825.764   4.2924579e+14
      825.832   4.2940810e+14
      825.900   4.2959833e+14
      825.968   4.3003453e+14
      826.037   4.3101903e+14
      826.105   4.3214605e+14
      826.173   4.3278105e+14
      826.241   4.3315415e+14
      826.310   4.3330542e+14
      826.378   4.3301167e+14
      826.446   4.3244377e+14
      826.515   4.3200341e+14
      826.583   4.3183646e+14
      826.651   4.3147090e+14
      826.720   4.3134403e+14
      826.788   4.3153849e+14
      826.856   4.3188000e+14
      826.925   4.3229744e+14
      826.993   4.3288133e+14
      827.061   4.3314333e+14
      827.130   4.3294096e+14
      827.198   4.3259893e+14
      827.267   4.3211023e+14
      827.335   4.3168064e+14
      827.404   4.3114407e+14
      827.472   4.3031269e+14
      827.541   4.2945789e+14
      827.609   4.2894036e+14
      827.678   4.2841130e+14
      827.746   4.2803684e+14
      827.815   4.2819175e+14
      827.883   4.2836601e+14
      827.952   4.2860848e+14
      828.020   4.2910904e+14
      828.089   4.2976534e+14
      828.157   4.3015069e+14
      828.226   4.3054853e+14
      828.294   4.3074700e+14
      828.363   4.3056382e+14
      828.432   4.3034089e+14
      828.500   4.3018505e+14
      828.569   4.2986645e+14
      828.638   4.2932493e+14
      828.706   4.2898573e+14
      828.775   4.2871084e+14
      828.844   4.2845571e+14
      828.912   4.2838723e+14
      828.981   4.2872157e+14
      829.050   4.2879173e+14
      829.119   4.2890534e+14
      829.187   4.2859623e+14
      829.256   4.2742294e+14
      829.325   4.2620173e+14
      829.394   4.2528305e+14
      829.463   4.2428459e+14
      829.531   4.2367207e+14
      829.600   4.2383311e+14
      829.669   4.2369527e+14
      829.738   4.2385234e+14
      829.807   4.2465128e+14
      829.876   4.2559787e+14
      829.944   4.2671556e+14
      830.013   4.2817291e+14
      830.082   4.2929141e+14
      830.151   4.2966438e+14
      830.220   4.2986184e+14
      830.289   4.2996367e+14
      830.358   4.2996176e+14
      830.427   4.2948109e+14
      830.496   4.2842185e+14
      830.565   4.2644872e+14
      830.634   4.2439140e+14
      830.703   4.2279271e+14
      830.772   4.2158089e+14
      830.841   4.2027712e+14
      830.910   4.1942815e+14
      830.979   4.1863098e+14
      831.048   4.1849759e+14
      831.117   4.1938686e+14
      831.186   4.2125047e+14
      831.255   4.2356181e+14
      831.324   4.2570167e+14
      831.393   4.2731868e+14
      831.463   4.2873281e+14
      831.532   4.2991095e+14
      831.601   4.3058584e+14
      831.670   4.3163652e+14
      831.739   4.3182829e+14
      831.808   4.3117285e+14
      831.878   4.3044995e+14
      831.947   4.3017002e+14
      832.016   4.2945830e+14
      832.085   4.2923426e+14
      832.154   4.2964964e+14
      832.224   4.3024562e+14
      832.293   4.3094115e+14
      832.362   4.3180061e+14
      832.432   4.3175307e+14
      832.501   4.2925333e+14
      832.570   4.2438549e+14
      832.639   4.1984073e+14
      832.709   4.1556380e+14
      832.778   4.1162171e+14
      832.847   4.0949134e+14
      832.917   4.0936983e+14
      832.986   4.0753105e+14
      833.056   4.0678521e+14
      833.125   4.0848818e+14
      833.195   4.1076431e+14
      833.264   4.1312839e+14
      833.333   4.1600931e+14
      833.403   4.1675721e+14
      833.472   4.1509435e+14
      833.542   4.1408843e+14
      833.611   4.1387475e+14
      833.681   4.1436642e+14
      833.750   4.1516607e+14
      833.820   4.1536151e+14
      833.889   4.1565655e+14
      833.959   4.1608838e+14
      834.028   4.1650784e+14
      834.098   4.1680757e+14
      834.167   4.1747156e+14
      834.237   4.1729852e+14
      834.307   4.1706136e+14
      834.376   4.1705202e+14
      834.446   4.1698312e+14
      834.516   4.1622867e+14
      834.585   4.1565804e+14
      834.655   4.1508777e+14
      834.725   4.1447725e+14
      834.794   4.1459211e+14
      834.864   4.1555768e+14
      834.934   4.1616240e+14
      835.003   4.1737252e+14
      835.073   4.1946657e+14
      835.143   4.2179362e+14
      835.213   4.2420940e+14
      835.282   4.2689391e+14
      835.352   4.2845970e+14
      835.422   4.2903445e+14
      835.492   4.2952502e+14
      835.562   4.2999557e+14
      835.631   4.2993976e+14
      835.701   4.2927824e+14
      835.771   4.2873303e+14
      835.841   4.2838451e+14
      835.911   4.2798766e+14
      835.981   4.2758682e+14
      836.051   4.2737056e+14
      836.120   4.2692485e+14
      836.190   4.2645549e+14
      836.260   4.2608636e+14
      836.330   4.2576144e+14
      836.400   4.2482567e+14
      836.470   4.2319846e+14
      836.540   4.2200512e+14
      836.610   4.2107681e+14
      836.680   4.2036943e+14
      836.750   4.2057047e+14
      836.820   4.2163585e+14
      836.890   4.2201391e+14
      836.960   4.2290677e+14
      837.030   4.2428054e+14
      837.100   4.2555559e+14
      837.170   4.2646887e+14
      837.240   4.2715303e+14
      837.311   4.2697690e+14
      837.381   4.2640606e+14
      837.451   4.2577474e+14
      837.521   4.2510712e+14
      837.591   4.2434678e+14
      837.661   4.2337712e+14
      837.731   4.2236308e+14
      837.802   4.2144584e+14
      837.872   4.2064882e+14
      837.942   4.1994827e+14
      838.012   4.1926769e+14
      838.083   4.1867208e+14
      838.153   4.1835773e+14
      838.223   4.1834930e+14
      838.293   4.1853018e+14
      838.364   4.1886861e+14
      838.434   4.1989935e+14
      838.504   4.2057985e+14
      838.574   4.1878307e+14
      838.645   4.1487955e+14
      838.715   4.1216753e+14
      838.785   4.0983379e+14
      838.856   4.0816909e+14
      838.926   4.0852250e+14
      838.997   4.0969051e+14
      839.067   4.0847902e+14
      839.137   4.0969813e+14
      839.208   4.1308677e+14
      839.278   4.1707219e+14
      839.349   4.2135725e+14
      839.419   4.2634017e+14
      839.490   4.2847747e+14
      839.560   4.2823904e+14
      839.631   4.2742445e+14
      839.701   4.2624611e+14
      839.772   4.2530201e+14
      839.842   4.2444597e+14
      839.913   4.2403822e+14
      839.983   4.2326261e+14
      840.054   4.2283847e+14
      840.124   4.2253884e+14
      840.195   4.2272001e+14
      840.266   4.2312732e+14
      840.336   4.2389747e+14
      840.407   4.2443007e+14
      840.477   4.2482891e+14
      840.548   4.2525272e+14
      840.619   4.2571292e+14
      840.689   4.2634637e+14
      840.760   4.2717827e+14
      840.831   4.2762662e+14
      840.901   4.2768667e+14
      840.972   4.2751693e+14
      841.043   4.2689913e+14
      841.114   4.2586257e+14
      841.184   4.2491017e+14
      841.255   4.2374399e+14
      841.326   4.2265034e+14
      841.397   4.2204162e+14
      841.468   4.2180877e+14
      841.538   4.2102558e+14
      841.609   4.2005267e+14
      841.680   4.1852148e+14
      841.751   4.1772613e+14
      841.822   4.1713695e+14
      841.893   4.1681452e+14
      841.963   4.1668988e+14
      842.034   4.1687313e+14
      842.105   4.1608540e+14
      842.176   4.1542696e+14
      842.247   4.1542803e+14
      842.318   4.1522682e+14
      842.389   4.1528043e+14
      842.460   4.1527749e+14
      842.531   4.1432323e+14
      842.602   4.1265221e+14
      842.673   4.1153165e+14
      842.744   4.1075907e+14
      842.815   4.1102293e+14
      842.886   4.1209258e+14
      842.957   4.1327587e+14
      843.028   4.1443709e+14
      843.099   4.1577157e+14
      843.170   4.1671343e+14
      843.241   4.1721385e+14
      843.313   4.1666145e+14
      843.384   4.1390818e+14
      843.455   4.1006429e+14
      843.526   4.0703433e+14
      843.597   4.0535344e+14
      843.668   4.0448748e+14
      843.739   4.0410573e+14
      843.811   4.0306876e+14
      843.882   4.0277486e+14
      843.953   4.0398684e+14
      844.024   4.0608192e+14
      844.096   4.0929970e+14
      844.167   4.1346264e+14
      844.238   4.1595100e+14
      844.309   4.1777856e+14
      844.381   4.1971246e+14
      844.452   4.2035179e+14
      844.523   4.1977791e+14
      844.595   4.2015812e+14
      844.666   4.1958005e+14
      844.737   4.1830366e+14
      844.809   4.1792065e+14
      844.880   4.1842616e+14
      844.951   4.1820902e+14
      845.023   4.1931454e+14
      845.094   4.2122020e+14
      845.166   4.2312675e+14
      845.237   4.2529300e+14
      845.309   4.2767945e+14
      845.380   4.2859932e+14
      845.451   4.2872713e+14
      845.523   4.2859136e+14
      845.594   4.2811367e+14
      845.666   4.2739672e+14
      845.737   4.2639058e+14
      845.809   4.2507590e+14
      845.881   4.2383413e+14
      845.952   4.2308357e+14
      846.024   4.2276427e+14
      846.095   4.2265576e+14
      846.167   4.2269827e+14
      846.238   4.2256132e+14
      846.310   4.2275419e+14
      846.382   4.2297567e+14
      846.453   4.2290785e+14
      846.525   4.2258829e+14
      846.597   4.2202049e+14
      846.668   4.1937340e+14
      846.740   4.1530230e+14
      846.812   4.1241858e+14
      846.883   4.0991241e+14
      846.955   4.0751210e+14
      847.027   4.0646186e+14
      847.099   4.0686234e+14
      847.170   4.0572824e+14
      847.242   4.0623983e+14
      847.314   4.0846512e+14
      847.386   4.1124488e+14
      847.458   4.1374017e+14
      847.529   4.1696428e+14
      847.601   4.1856851e+14
      847.673   4.1884116e+14
      847.745   4.1899165e+14
      847.817   4.1934179e+14
      847.889   4.1901973e+14
      847.961   4.1793574e+14
      848.033   4.1629731e+14
      848.104   4.1442991e+14
      848.176   4.1272160e+14
      848.248   4.1124532e+14
      848.320   4.1012348e+14
      848.392   4.0948237e+14
      848.464   4.0913475e+14
      848.536   4.0875854e+14
      848.608   4.0876145e+14
      848.680   4.0896003e+14
      848.752   4.0927701e+14
      848.824   4.0955730e+14
      848.896   4.0963772e+14
      848.969   4.0986143e+14
      849.041   4.1072052e+14
      849.113   4.1121205e+14
      849.185   4.1167508e+14
      849.257   4.1202397e+14
      849.329   4.1220148e+14
      849.401   4.1204431e+14
      849.473   4.1085853e+14
      849.545   4.0697913e+14
      849.618   3.9805191e+14
      849.690   3.8443606e+14
      849.762   3.7117843e+14
      849.834   3.5931142e+14
      849.906   3.4870481e+14
      849.979   3.4296393e+14
      850.051   3.4158642e+14
      850.123   3.4148153e+14
      850.196   3.4721329e+14
      850.268   3.5756265e+14
      850.340   3.7003566e+14
      850.412   3.8381546e+14
      850.485   3.9674394e+14
      850.557   4.0410768e+14
      850.629   4.0771393e+14
      850.702   4.0987875e+14
      850.774   4.1155658e+14
      850.847   4.1323921e+14
      850.919   4.1459460e+14
      850.991   4.1519779e+14
      851.064   4.1542075e+14
      851.136   4.1536505e+14
      851.209   4.1390698e+14
      851.281   4.0938860e+14
      851.354   4.0390976e+14
      851.426   3.9881045e+14
      851.499   3.9401801e+14
      851.571   3.9044815e+14
      851.644   3.8953473e+14
      851.716   3.8882209e+14
      851.789   3.8922827e+14
      851.861   3.9201268e+14
      851.934   3.9604112e+14
      852.006   4.0046483e+14
      852.079   4.0585515e+14
      852.152   4.0973630e+14
      852.224   4.1117056e+14
      852.297   4.1154486e+14
      852.370   4.1163253e+14
      852.442   4.1094564e+14
      852.515   4.0886678e+14
      852.588   4.0521776e+14
      852.660   4.0039473e+14
      852.733   3.9582706e+14
      852.806   3.9189206e+14
      852.878   3.8909521e+14
      852.951   3.8651630e+14
      853.024   3.8413153e+14
      853.097   3.8284645e+14
      853.169   3.8206789e+14
      853.242   3.8130594e+14
      853.315   3.8054269e+14
      853.388   3.7870247e+14
      853.461   3.7499080e+14
      853.534   3.7721193e+14
      853.606   3.7861438e+14
      853.679   3.7888413e+14
      853.752   3.7791430e+14
      853.825   3.7506196e+14
      853.898   3.6892023e+14
      853.971   3.5842173e+14
      854.044   3.4241098e+14
      854.117   3.2302919e+14
      854.190   3.0408523e+14
      854.263   2.8780799e+14
      854.336   2.7655877e+14
      854.409   2.7064667e+14
      854.482   2.6953001e+14
      854.555   2.7526681e+14
      854.628   2.8855991e+14
      854.701   3.0706662e+14
      854.774   3.2819424e+14
      854.847   3.4981844e+14
      854.920   3.6791525e+14
      854.993   3.8043315e+14
      855.066   3.8850203e+14
      855.139   3.9353552e+14
      855.213   3.9659911e+14
      855.286   3.9907544e+14
      855.359   4.0204992e+14
      855.432   4.0414649e+14
      855.505   4.0525025e+14
      855.578   4.0523716e+14
      855.652   4.0507322e+14
      855.725   4.0490304e+14
      855.798   4.0455926e+14
      855.871   4.0422613e+14
      855.945   4.0448568e+14
      856.018   4.0443172e+14
      856.091   4.0521660e+14
      856.164   4.0655079e+14
      856.238   4.0758453e+14
      856.311   4.0832335e+14
      856.384   4.0915860e+14
      856.458   4.0911621e+14
      856.531   4.0868029e+14
      856.604   4.0822487e+14
      856.678   4.0781469e+14
      856.751   4.0716073e+14
      856.825   4.0634122e+14
      856.898   4.0543540e+14
      856.971   4.0445566e+14
      857.045   4.0331985e+14
      857.118   4.0314779e+14
      857.192   4.0377944e+14
      857.265   4.0446921e+14
      857.339   4.0515463e+14
      857.412   4.0588131e+14
      857.486   4.0628677e+14
      857.559   4.0696212e+14
      857.633   4.0771970e+14
      857.706   4.0860756e+14
      857.780   4.0960621e+14
      857.854   4.1082959e+14
      857.927   4.1158807e+14
      858.001   4.1119725e+14
      858.074   4.0922823e+14
      858.148   4.0763586e+14
      858.222   4.0592642e+14
      858.295   4.0430286e+14
      858.369   4.0314849e+14
      858.443   4.0300582e+14
      858.516   4.0206185e+14
      858.590   4.0185801e+14
      858.664   4.0224540e+14
      858.738   4.0342895e+14
      858.811   4.0470878e+14
      858.885   4.0688296e+14
      858.959   4.0836609e+14
      859.033   4.0896186e+14
      859.107   4.0933595e+14
      859.180   4.0987058e+14
      859.254   4.1043764e+14
      859.328   4.1103456e+14
      859.402   4.1178847e+14
      859.476   4.1173540e+14
      859.550   4.1140231e+14
      859.623   4.1041710e+14
      859.697   4.0954221e+14
      859.771   4.0847037e+14
      859.845   4.0782106e+14
      859.919   4.0708785e+14
      859.993   4.0676025e+14
      860.067   4.0670380e+14
      860.141   4.0714957e+14
      860.215   4.0722999e+14
      860.289   4.0828236e+14
      860.363   4.0947060e+14
      860.437   4.0999449e+14
      860.511   4.1032200e+14
      860.585   4.1053716e+14
      860.659   4.1019630e+14
      860.733   4.1033659e+14
      860.807   4.1088761e+14
      860.882   4.1138463e+14
      860.956   4.1143475e+14
      861.030   4.0965458e+14
      861.104   4.0875934e+14
      861.178   4.0814708e+14
      861.252   4.0733404e+14
      861.326   4.0730064e+14
      861.401   4.0837472e+14
      861.475   4.0663650e+14
      861.549   4.0669248e+14
      861.623   4.0804910e+14
      861.698   4.0918405e+14
      861.772   4.1126084e+14
      861.846   4.1520725e+14
      861.920   4.1607746e+14
      861.995   4.1578006e+14
      862.069   4.1637284e+14
      862.143   4.1671714e+14
      862.218   4.1721114e+14
      862.292   4.1883600e+14
      862.366   4.2061035e+14
      862.441   4.2112546e+14
      862.515   4.2200081e+14
      862.589   4.2268974e+14
      862.664   4.2352016e+14
      862.738   4.2444153e+14
      862.813   4.2577394e+14
      862.887   4.2615241e+14
      862.962   4.2555686e+14
      863.036   4.2448936e+14
      863.111   4.2283054e+14
      863.185   4.2121648e+14
      863.260   4.1931649e+14
      863.334   4.1767702e+14
      863.409   4.1644018e+14
      863.483   4.1609062e+14
      863.558   4.1561279e+14
      863.632   4.1592710e+14
      863.707   4.1633322e+14
      863.782   4.1701344e+14
      863.856   4.1796721e+14
      863.931   4.1919979e+14
      864.005   4.1980929e+14
      864.080   4.2002489e+14
      864.155   4.1985856e+14
      864.230   4.1954676e+14
      864.304   4.1904336e+14
      864.379   4.1813331e+14
      864.454   4.1725630e+14
      864.528   4.1623742e+14
      864.603   4.1487021e+14
      864.678   4.1249881e+14
      864.753   4.0976682e+14
      864.827   4.0725860e+14
      864.902   4.0493287e+14
      864.977   4.0279501e+14
      865.052   4.0137028e+14
      865.127   3.9960356e+14
      865.202   3.9867380e+14
      865.276   4.0082674e+14
      865.351   4.0321674e+14
      865.426   4.0565754e+14
      865.501   4.0828926e+14
      865.576   4.0974051e+14
      865.651   4.0999681e+14
      865.726   4.0904949e+14
      865.801   4.0660075e+14
      865.876   4.0182377e+14
      865.951   3.9280559e+14
      866.026   3.7708654e+14
      866.101   3.5633847e+14
      866.176   3.3513370e+14
      866.251   3.1578728e+14
      866.326   3.0104882e+14
      866.401   2.9376487e+14
      866.476   2.9342566e+14
      866.551   2.9865502e+14
      866.626   3.1217173e+14
      866.701   3.3153257e+14
      866.776   3.5434458e+14
      866.852   3.7857603e+14
      866.927   4.0025738e+14
      867.002   4.1483825e+14
      867.077   4.2138074e+14
      867.152   4.2494692e+14
      867.227   4.2617121e+14
      867.303   4.2456590e+14
      867.378   4.2169272e+14
      867.453   4.1945685e+14
      867.528   4.1687006e+14
      867.604   4.1506546e+14
      867.679   4.1489850e+14
      867.754   4.1431408e+14
      867.830   4.1296843e+14
      867.905   4.1286305e+14
      867.980   4.1381158e+14
      868.056   4.1475571e+14
      868.131   4.1629612e+14
      868.206   4.1769486e+14
      868.282   4.1773122e+14
      868.357   4.1716916e+14
      868.432   4.1756090e+14
      868.508   4.1822318e+14
      868.583   4.1856794e+14
      868.659   4.1707160e+14
      868.734   4.1109058e+14
      868.810   4.0489444e+14
      868.885   3.9923180e+14
      868.961   3.9404387e+14
      869.036   3.9117419e+14
      869.112   3.9202004e+14
      869.187   3.9137673e+14
      869.263   3.9451033e+14
      869.338   3.9955800e+14
      869.414   4.0537856e+14
      869.680   4.1242164e+14
      869.716   4.2907992e+14
      869.792   4.2696206e+14
      869.868   4.2536630e+14
      869.943   4.2394530e+14
      870.019   4.2264992e+14
      870.095   4.2203163e+14
      870.171   4.2208645e+14
      870.246   4.2103258e+14
      870.322   4.2138423e+14
      870.398   4.2220012e+14
      870.474   4.2328382e+14
      870.549   4.2484830e+14
      870.625   4.2643866e+14
      870.701   4.2648541e+14
      870.777   4.2596315e+14
      870.853   4.2456205e+14
      870.928   4.2244445e+14
      871.004   4.2070375e+14
      871.080   4.1824948e+14
      871.156   4.1443937e+14
      871.232   4.1186813e+14
      871.308   4.1001486e+14
      871.384   4.0814620e+14
      871.460   4.0793222e+14
      871.536   4.1001059e+14
      871.612   4.1069211e+14
      871.688   4.1300737e+14
      871.764   4.1577291e+14
      871.840   4.1761731e+14
      871.916   4.1962459e+14
      871.992   4.2288838e+14
      872.068   4.2426285e+14
      872.144   4.2565845e+14
      872.220   4.2741899e+14
      872.296   4.2929728e+14
      872.372   4.3124282e+14
      872.448   4.3221616e+14
      872.524   4.3237205e+14
      872.600   4.3149640e+14
      872.677   4.2940912e+14
      872.753   4.2715331e+14
      872.829   4.2519479e+14
      872.905   4.2337023e+14
      872.981   4.2199414e+14
      873.057   4.2168252e+14
      873.134   4.2127318e+14
      873.210   4.2130387e+14
      873.286   4.2177514e+14
      873.362   4.2120553e+14
      873.439   4.1870672e+14
      873.515   4.1693003e+14
      873.591   4.1458610e+14
      873.668   4.1163759e+14
      873.744   4.0921944e+14
      873.820   4.0863204e+14
      873.897   4.0690796e+14
      873.973   4.0644667e+14
      874.049   4.0644444e+14
      874.126   4.0573223e+14
      874.202   4.0586652e+14
      874.279   4.0727789e+14
      874.355   4.0710423e+14
      874.432   4.0607229e+14
      874.508   4.0569198e+14
      874.585   4.0431314e+14
      874.661   4.0390391e+14
      874.738   4.0380686e+14
      874.814   4.0379760e+14
      874.891   4.0344301e+14
      874.967   4.0299058e+14
      875.044   4.0007075e+14
      875.120   3.9789750e+14
      875.197   3.9631183e+14
      875.273   3.9537410e+14
      875.350   3.9527036e+14
      875.427   3.9632202e+14
      875.503   3.9607830e+14
      875.580   3.9514229e+14
      875.657   3.9553825e+14
      875.733   3.9640082e+14
      875.810   3.9766423e+14
      875.887   3.9954899e+14
      875.964   4.0220333e+14
      876.040   4.0277046e+14
      876.117   4.0496253e+14
      876.194   4.0778709e+14
      876.271   4.1037952e+14
      876.347   4.1279791e+14
      876.424   4.1573225e+14
      876.501   4.1613740e+14
      876.578   4.1591229e+14
      876.655   4.1591976e+14
      876.732   4.1568024e+14
      876.808   4.1576060e+14
      876.885   4.1617934e+14
      876.962   4.1611937e+14
      877.039   4.1609424e+14
      877.116   4.1527441e+14
      877.193   4.1386372e+14
      877.270   4.1138064e+14
      877.347   4.0955871e+14
      877.424   4.0782211e+14
      877.501   4.0707874e+14
      877.578   4.0632892e+14
      877.655   4.0720762e+14
      877.732   4.0744687e+14
      877.809   4.0897112e+14
      877.886   4.1082771e+14
      877.963   4.1302263e+14
      878.040   4.1464182e+14
      878.117   4.1635673e+14
      878.194   4.1642844e+14
      878.272   4.1601185e+14
      878.349   4.1568256e+14
      878.426   4.1524637e+14
      878.503   4.1508794e+14
      878.580   4.1520513e+14
      878.657   4.1543850e+14
      878.735   4.1535265e+14
      878.812   4.1505392e+14
      878.889   4.1296558e+14
      878.966   4.1164397e+14
      879.044   4.1041632e+14
      879.121   4.0858046e+14
      879.198   4.0506624e+14
      879.276   4.0346631e+14
      879.353   4.0072312e+14
      879.430   3.9946154e+14
      879.508   3.9917219e+14
      879.585   4.0078222e+14
      879.662   4.0151072e+14
      879.740   4.0448397e+14
      879.817   4.0675720e+14
      879.894   4.0891867e+14
      879.972   4.1096170e+14
      880.049   4.1394374e+14
      880.127   4.1510363e+14
      880.204   4.1513324e+14
      880.282   4.1408186e+14
      880.359   4.1273294e+14
      880.437   4.0920826e+14
      880.514   4.0077585e+14
      880.592   3.9283120e+14
      880.669   3.8579976e+14
      880.747   3.7907427e+14
      880.824   3.7455388e+14
      880.902   3.7524561e+14
      880.980   3.7466143e+14
      881.057   3.7841659e+14
      881.135   3.8458780e+14
      881.213   3.9124210e+14
      881.290   3.9709271e+14
      881.368   4.0420732e+14
      881.446   4.0727613e+14
      881.523   4.0770948e+14
      881.601   4.0738385e+14
      881.679   4.0736790e+14
      881.756   4.0703447e+14
      881.834   4.0691888e+14
      881.912   4.0783167e+14
      881.990   4.0864765e+14
      882.068   4.0994725e+14
      882.145   4.1100125e+14
      882.223   4.0998854e+14
      882.301   4.0534869e+14
      882.379   4.0190571e+14
      882.457   3.9843695e+14
      882.535   3.9533356e+14
      882.613   3.9374148e+14
      882.690   3.9451718e+14
      882.768   3.9358766e+14
      882.846   3.9552175e+14
      882.924   3.9865186e+14
      883.002   4.0209492e+14
      883.080   4.0608604e+14
      883.158   4.1040189e+14
      883.236   4.1137629e+14
      883.314   4.1121155e+14
      883.392   4.1107898e+14
      883.470   4.1086953e+14
      883.548   4.1076112e+14
      883.626   4.0999617e+14
      883.704   4.0691330e+14
      883.783   4.0458857e+14
      883.861   4.0247268e+14
      883.939   4.0033346e+14
      884.017   3.9908342e+14
      884.095   3.9966676e+14
      884.173   3.9861113e+14
      884.251   3.9977508e+14
      884.330   4.0166241e+14
      884.408   4.0351900e+14
      884.486   4.0518676e+14
      884.564   4.0720392e+14
      884.643   4.0734454e+14
      884.721   4.0698461e+14
      884.799   4.0656291e+14
      884.877   4.0668010e+14
      884.956   4.0688874e+14
      885.034   4.0698335e+14
      885.112   4.0753830e+14
      885.191   4.0812326e+14
      885.269   4.0876688e+14
      885.347   4.0961456e+14
      885.426   4.1012028e+14
      885.504   4.0993549e+14
      885.583   4.0961283e+14
      885.661   4.0908428e+14
      885.740   4.0832750e+14
      885.818   4.0678968e+14
      885.896   4.0325046e+14
      885.975   3.9988015e+14
      886.054   3.9583172e+14
      886.132   3.9079548e+14
      886.211   3.8639362e+14
      886.289   3.8392419e+14
      886.368   3.8072853e+14
      886.446   3.7954917e+14
      886.525   3.7805080e+14
      886.603   3.7755773e+14
      886.682   3.7809318e+14
      886.761   3.8046109e+14
      886.839   3.8224354e+14
      886.918   3.8571127e+14
      886.997   3.8791822e+14
      887.075   3.9142651e+14
      887.154   3.9425356e+14
      887.233   3.9725255e+14
      887.311   4.0034668e+14
      887.390   4.0380565e+14
      887.469   4.0436604e+14
      887.548   4.0450231e+14
      887.626   4.0383622e+14
      887.705   4.0240124e+14
      887.784   4.0138397e+14
      887.863   4.0126390e+14
      887.942   4.0080055e+14
      888.021   4.0102797e+14
      888.099   4.0202917e+14
      888.178   4.0229211e+14
      888.257   4.0285319e+14
      888.336   4.0393107e+14
      888.415   4.0437052e+14
      888.494   4.0462945e+14
      888.573   4.0520106e+14
      888.652   4.0541002e+14
      888.731   4.0552549e+14
      888.810   4.0582589e+14
      888.889   4.0577477e+14
      888.968   4.0579322e+14
      889.047   4.0554860e+14
      889.126   4.0437926e+14
      889.205   4.0330670e+14
      889.284   4.0259518e+14
      889.363   4.0176467e+14
      889.442   4.0140130e+14
      889.521   4.0201225e+14
      889.601   4.0199003e+14
      889.680   4.0279701e+14
      889.759   4.0362464e+14
      889.838   4.0432666e+14
      889.917   4.0492701e+14
      889.996   4.0589103e+14
      890.076   4.0591278e+14
      890.155   4.0609330e+14
      890.234   4.0591300e+14
      890.313   4.0606564e+14
      890.393   4.0636469e+14
      890.472   4.0675154e+14
      890.551   4.0701042e+14
      890.631   4.0740857e+14
      890.710   4.0733237e+14
      890.789   4.0687927e+14
      890.869   4.0655981e+14
      890.948   4.0604197e+14
      891.027   4.0431972e+14
      891.107   4.0287749e+14
      891.186   4.0179943e+14
      891.266   4.0053282e+14
      891.345   3.9984898e+14
      891.424   4.0035279e+14
      891.504   4.0016292e+14
      891.583   4.0093634e+14
      891.663   4.0218475e+14
      891.742   4.0282559e+14
      891.822   4.0228525e+14
      891.902   4.0256436e+14
      891.981   4.0190127e+14
      892.061   4.0077702e+14
      892.140   3.9946187e+14
      892.220   3.9831279e+14
      892.299   3.9614333e+14
      892.379   3.9484068e+14
      892.459   3.9400663e+14
      892.538   3.9298837e+14
      892.618   3.9201372e+14
      892.698   3.9142723e+14
      892.777   3.8970305e+14
      892.857   3.8844980e+14
      892.937   3.8818337e+14
      893.017   3.8859119e+14
      893.096   3.8957907e+14
      893.176   3.9156089e+14
      893.256   3.9262945e+14
      893.336   3.9453074e+14
      893.416   3.9696820e+14
      893.495   3.9923341e+14
      893.575   4.0097257e+14
      893.655   4.0273434e+14
      893.735   4.0332711e+14
      893.815   4.0386426e+14
      893.895   4.0422099e+14
      893.975   4.0419452e+14
      894.055   4.0371005e+14
      894.134   4.0152715e+14
      894.214   3.9986784e+14
      894.294   3.9800105e+14
      894.374   3.9443346e+14
      894.454   3.9104324e+14
      894.534   3.8923105e+14
      894.614   3.8622375e+14
      894.694   3.8507555e+14
      894.774   3.8529549e+14
      894.855   3.8497270e+14
      894.935   3.8620422e+14
      895.015   3.8906013e+14
      895.095   3.9094005e+14
      895.175   3.9337532e+14
      895.255   3.9637508e+14
      895.335   3.9839263e+14
      895.415   3.9998873e+14
      895.496   4.0116130e+14
      895.576   4.0216662e+14
      895.656   4.0339512e+14
      895.736   4.0419716e+14
      895.817   4.0434200e+14
      895.897   4.0435332e+14
      895.977   4.0427204e+14
      896.057   4.0421663e+14
      896.138   4.0418575e+14
      896.218   4.0417293e+14
      896.298   4.0395504e+14
      896.379   4.0361184e+14
      896.459   4.0253387e+14
      896.539   4.0054350e+14
      896.620   3.9812837e+14
      896.700   3.9592264e+14
      896.781   3.9393936e+14
      896.861   3.9262937e+14
      896.941   3.9209424e+14
      897.022   3.9210758e+14
      897.102   3.9283934e+14
      897.183   3.9449667e+14
      897.263   3.9647598e+14
      897.344   3.9788159e+14
      897.424   3.9879792e+14
      897.505   3.9884868e+14
      897.586   3.9793483e+14
      897.666   3.9652241e+14
      897.747   3.9555717e+14
      897.827   3.9480842e+14
      897.908   3.9456016e+14
      897.989   3.9497740e+14
      898.069   3.9607230e+14
      898.150   3.9750509e+14
      898.230   3.9902872e+14
      898.311   3.9977894e+14
      898.392   4.0009924e+14
      898.473   4.0000242e+14
      898.553   3.9972493e+14
      898.634   3.9954252e+14
      898.715   3.9950824e+14
      898.796   3.9888293e+14
      898.876   3.9889732e+14
      898.957   3.9880801e+14
      899.038   3.9859470e+14
      899.119   3.9874126e+14
      899.200   3.9916921e+14
      899.281   3.9866179e+14
      899.361   3.9841048e+14
      899.442   3.9813673e+14
      899.523   3.9767572e+14
      899.604   3.9752244e+14
      899.685   3.9708628e+14
      899.766   3.9350306e+14
      899.847   3.9039101e+14
      899.928   3.8793374e+14
      900.009   3.8515706e+14
      900.090   3.8323404e+14
      900.171   3.8423335e+14
      900.252   3.8375120e+14
      900.333   3.8506114e+14
      900.414   3.8780490e+14
      900.495   3.9010072e+14
      900.576   3.9242560e+14
      900.657   3.9459940e+14
      900.739   3.9406660e+14
      900.820   3.9095294e+14
      900.901   3.8749377e+14
      900.982   3.8380203e+14
      901.063   3.7958623e+14
      901.144   3.7524923e+14
      901.226   3.7188925e+14
      901.307   3.6846336e+14
      901.388   3.6580847e+14
      901.469   3.6545116e+14
      901.551   3.6412169e+14
      901.632   3.6496910e+14
      901.713   3.6669428e+14
      901.795   3.6834934e+14
      901.876   3.7052386e+14
      901.957   3.7440403e+14
      902.039   3.7565892e+14
      902.120   3.7827265e+14
      902.201   3.8094014e+14
      902.283   3.8175677e+14
      902.364   3.8327301e+14
      902.446   3.8562683e+14
      902.527   3.8622924e+14
      902.609   3.8745318e+14
      902.690   3.8985137e+14
      902.772   3.9102540e+14
      902.853   3.9271885e+14
      902.935   3.9418281e+14
      903.016   3.9482244e+14
      903.098   3.9518172e+14
      903.179   3.9597660e+14
      903.261   3.9620175e+14
      903.342   3.9662464e+14
      903.424   3.9648204e+14
      903.506   3.9685369e+14
      903.587   3.9721810e+14
      903.669   3.9743259e+14
      903.751   3.9782741e+14
      903.832   3.9856515e+14
      903.914   3.9865770e+14
      903.996   3.9874896e+14
      904.077   3.9905369e+14
      904.159   3.9933577e+14
      904.241   3.9968487e+14
      904.323   4.0014269e+14
      904.404   4.0042407e+14
      904.486   4.0049593e+14
      904.568   4.0057252e+14
      904.650   4.0057135e+14
      904.732   4.0042531e+14
      904.814   4.0024747e+14
      904.896   4.0002000e+14
      904.977   3.9927658e+14
      905.059   3.9878138e+14
      905.141   3.9833717e+14
      905.223   3.9795160e+14
      905.305   3.9769866e+14
      905.387   3.9793925e+14
      905.469   3.9787774e+14
      905.551   3.9833601e+14
      905.633   3.9870513e+14
      905.715   3.9889884e+14
      905.797   3.9909734e+14
      905.879   3.9896802e+14
      905.961   3.9634179e+14
      906.043   3.9251641e+14
      906.125   3.8844498e+14
      906.208   3.8484289e+14
      906.290   3.8207786e+14
      906.372   3.8116987e+14
      906.454   3.8078767e+14
      906.536   3.8179866e+14
      906.618   3.8394568e+14
      906.701   3.8712661e+14
      906.783   3.9064949e+14
      906.865   3.9439235e+14
      906.947   3.9727565e+14
      907.029   3.9857746e+14
      907.112   3.9844032e+14
      907.194   3.9747099e+14
      907.276   3.9703497e+14
      907.359   3.9621411e+14
      907.441   3.9583151e+14
      907.523   3.9559285e+14
      907.606   3.9540951e+14
      907.688   3.9303122e+14
      907.771   3.9065991e+14
      907.853   3.8782078e+14
      907.935   3.8544031e+14
      908.018   3.8375609e+14
      908.100   3.8395928e+14
      908.183   3.8379706e+14
      908.265   3.8461594e+14
      908.348   3.8626370e+14
      908.430   3.8873629e+14
      908.513   3.9113199e+14
      908.595   3.9337040e+14
      908.678   3.9058618e+14
      908.760   3.8581201e+14
      908.843   3.8118769e+14
      908.926   3.7672291e+14
      909.008   3.7286997e+14
      909.091   3.7301652e+14
      909.174   3.7247647e+14
      909.256   3.7311392e+14
      909.339   3.7409934e+14
      909.422   3.7629985e+14
      909.504   3.7900878e+14
      909.587   3.8304211e+14
      909.670   3.8426919e+14
      909.753   3.8436083e+14
      909.835   3.8290601e+14
      909.918   3.8302421e+14
      910.001   3.8394153e+14
      910.084   3.8538399e+14
      910.167   3.8697375e+14
      910.249   3.8938809e+14
      910.332   3.9049924e+14
      910.415   3.9020889e+14
      910.498   3.9034438e+14
      910.581   3.9131496e+14
      910.664   3.9128072e+14
      910.747   3.9098900e+14
      910.830   3.9149540e+14
      910.913   3.9097729e+14
      910.996   3.8880700e+14
      911.079   3.8713986e+14
      911.162   3.8548127e+14
      911.245   3.8406681e+14
      911.328   3.8353118e+14
      911.411   3.8420897e+14
      911.494   3.8369691e+14
      911.577   3.8251964e+14
      911.660   3.8260501e+14
      911.743   3.8077531e+14
      911.826   3.8000939e+14
      911.910   3.8074238e+14
      911.993   3.8148824e+14
      912.076   3.8025525e+14
      912.159   3.8209775e+14
      912.242   3.8290355e+14
      912.326   3.8554208e+14
      912.409   3.8878152e+14
      912.492   3.9212725e+14
      912.575   3.9409229e+14
      912.659   3.9634105e+14
      912.742   3.9676559e+14
      912.825   3.9655043e+14
      912.909   3.9636772e+14
      912.992   3.9623236e+14
      913.075   3.9613948e+14
      913.159   3.9596276e+14
      913.242   3.9592916e+14
      913.325   3.9595786e+14
      913.409   3.9612309e+14
      913.492   3.9597751e+14
      913.576   3.9582259e+14
      913.659   3.9570683e+14
      913.743   3.9557603e+14
      913.826   3.9509655e+14
      913.910   3.9452287e+14
      913.993   3.9383233e+14
      914.077   3.9323171e+14
      914.160   3.9258306e+14
      914.244   3.9206222e+14
      914.328   3.9168269e+14
      914.411   3.9104830e+14
      914.495   3.9009068e+14
      914.578   3.8869033e+14
      914.662   3.8690287e+14
      914.746   3.8515071e+14
      914.829   3.8388281e+14
      914.913   3.8301783e+14
      914.997   3.8310955e+14
      915.081   3.8417625e+14
      915.164   3.8599357e+14
      915.248   3.8808608e+14
      915.332   3.9006017e+14
      915.416   3.9135673e+14
      915.499   3.9201955e+14
      915.583   3.9210955e+14
      915.667   3.9183871e+14
      915.751   3.9149606e+14
      915.835   3.9151081e+14
      915.919   3.9173546e+14
      916.003   3.9211597e+14
      916.086   3.9247586e+14
      916.170   3.9276580e+14
      916.254   3.9209237e+14
      916.338   3.9116338e+14
      916.422   3.9012238e+14
      916.506   3.8909661e+14
      916.590   3.8799534e+14
      916.674   3.8754978e+14
      916.758   3.8722085e+14
      916.842   3.8739549e+14
      916.926   3.8761684e+14
      917.011   3.8771373e+14
      917.095   3.8765019e+14
      917.179   3.8664879e+14
      917.263   3.8493613e+14
      917.347   3.8342507e+14
      917.431   3.8223817e+14
      917.515   3.8136191e+14
      917.600   3.8169234e+14
      917.684   3.8224204e+14
      917.768   3.8340756e+14
      917.852   3.8484056e+14
      917.937   3.8624826e+14
      918.021   3.8739548e+14
      918.105   3.8844053e+14
      918.189   3.8856008e+14
      918.274   3.8859838e+14
      918.358   3.8887770e+14
      918.442   3.8924531e+14
      918.527   3.8959398e+14
      918.611   3.9021249e+14
      918.695   3.9048981e+14
      918.780   3.9050581e+14
      918.864   3.9045774e+14
      918.949   3.9049355e+14
      919.033   3.9026522e+14
      919.118   3.8993519e+14
      919.202   3.8952389e+14
      919.287   3.8936645e+14
      919.371   3.8926603e+14
      919.456   3.8932725e+14
      919.540   3.8940533e+14
      919.625   3.8963324e+14
      919.709   3.8961498e+14
      919.794   3.8898404e+14
      919.879   3.8807709e+14
      919.963   3.8735301e+14
      920.048   3.8641166e+14
      920.133   3.8507837e+14
      920.217   3.8414768e+14
      920.302   3.8353084e+14
      920.387   3.8339034e+14
      920.471   3.8352181e+14
      920.556   3.8386965e+14
      920.641   3.8410070e+14
      920.726   3.8446277e+14
      920.810   3.8341764e+14
      920.895   3.8192223e+14
      920.980   3.8032778e+14
      921.065   3.7830614e+14
      921.150   3.7506390e+14
      921.234   3.7266020e+14
      921.319   3.7063993e+14
      921.404   3.6994170e+14
      921.489   3.7028656e+14
      921.574   3.7112764e+14
      921.659   3.7194504e+14
      921.744   3.7371060e+14
      921.829   3.7471605e+14
      921.914   3.7557147e+14
      921.999   3.7686742e+14
      922.084   3.7839599e+14
      922.169   3.7970996e+14
      922.254   3.8082816e+14
      922.339   3.8108518e+14
      922.424   3.8111030e+14
      922.509   3.8048444e+14
      922.594   3.7782409e+14
      922.680   3.7337412e+14
      922.765   3.6828971e+14
      922.850   3.6324871e+14
      922.935   3.5874936e+14
      923.020   3.5531019e+14
      923.105   3.5365739e+14
      923.191   3.5433229e+14
      923.276   3.5687595e+14
      923.361   3.6066179e+14
      923.446   3.6534659e+14
      923.532   3.7005966e+14
      923.617   3.7320304e+14
      923.702   3.7493135e+14
      923.788   3.7554353e+14
      923.873   3.7553622e+14
      923.958   3.7538987e+14
      924.044   3.7564850e+14
      924.129   3.7633353e+14
      924.214   3.7777583e+14
      924.300   3.7917853e+14
      924.385   3.8045714e+14
      924.471   3.8089165e+14
      924.556   3.8055790e+14
      924.642   3.7966421e+14
      924.727   3.7849859e+14
      924.813   3.7760563e+14
      924.898   3.7780425e+14
      924.984   3.7863527e+14
      925.069   3.7995020e+14
      925.155   3.8132739e+14
      925.241   3.8246235e+14
      925.326   3.8319592e+14
      925.412   3.8145743e+14
      925.497   3.7829468e+14
      925.583   3.7522832e+14
      925.669   3.7144238e+14
      925.755   3.6704607e+14
      925.840   3.6441931e+14
      925.926   3.6318450e+14
      926.012   3.6394174e+14
      926.097   3.6538417e+14
      926.183   3.6742604e+14
      926.269   3.7063516e+14
      926.355   3.7412585e+14
      926.441   3.7574695e+14
      926.526   3.7755363e+14
      926.612   3.7969773e+14
      926.698   3.8137099e+14
      926.784   3.8234470e+14
      926.870   3.8330346e+14
      926.956   3.8423115e+14
      927.042   3.8533614e+14
      927.128   3.8588079e+14
      927.214   3.8607744e+14
      927.300   3.8632272e+14
      927.386   3.8681673e+14
      927.472   3.8712142e+14
      927.558   3.8750681e+14
      927.644   3.8787175e+14
      927.730   3.8804283e+14
      927.816   3.8780276e+14
      927.902   3.8741502e+14
      927.988   3.8685638e+14
      928.074   3.8640074e+14
      928.160   3.8607472e+14
      928.247   3.8609216e+14
      928.333   3.8643040e+14
      928.419   3.8684863e+14
      928.505   3.8701561e+14
      928.591   3.8711660e+14
      928.678   3.8690019e+14
      928.764   3.8586125e+14
      928.850   3.8406277e+14
      928.936   3.8223764e+14
      929.023   3.8062598e+14
      929.109   3.7944253e+14
      929.195   3.7891487e+14
      929.282   3.7883455e+14
      929.368   3.7940407e+14
      929.454   3.8023994e+14
      929.541   3.8070918e+14
      929.627   3.8099851e+14
      929.714   3.8149869e+14
      929.800   3.8153788e+14
      929.887   3.8159715e+14
      929.973   3.8175656e+14
      930.060   3.8235891e+14
      930.146   3.8341341e+14
      930.233   3.8463395e+14
      930.319   3.8527207e+14
      930.406   3.8599713e+14
      930.492   3.8628133e+14
      930.579   3.8624130e+14
      930.665   3.8591858e+14
      930.752   3.8565222e+14
      930.839   3.8526358e+14
      930.925   3.8501850e+14
      931.012   3.8449662e+14
      931.099   3.8424909e+14
      931.185   3.8434166e+14
      931.272   3.8439175e+14
      931.359   3.8433529e+14
      931.446   3.8470410e+14
      931.532   3.8492034e+14
      931.619   3.8429388e+14
      931.706   3.8331438e+14
      931.793   3.8244449e+14
      931.880   3.8169306e+14
      931.966   3.8092228e+14
      932.053   3.8041018e+14
      932.140   3.8071080e+14
      932.227   3.8165436e+14
      932.314   3.8232975e+14
      932.401   3.8302133e+14
      932.488   3.8389007e+14
      932.575   3.8415520e+14
      932.662   3.8382239e+14
      932.749   3.8357113e+14
      932.836   3.8366098e+14
      932.923   3.8414364e+14
      933.010   3.8488097e+14
      933.097   3.8563830e+14
      933.184   3.8610512e+14
      933.271   3.8593462e+14
      933.358   3.8544422e+14
      933.445   3.8484241e+14
      933.532   3.8403503e+14
      933.620   3.8328890e+14
      933.707   3.8292366e+14
      933.794   3.8317736e+14
      933.881   3.8372679e+14
      933.968   3.8448103e+14
      934.056   3.8548007e+14
      934.143   3.8621706e+14
      934.230   3.8629238e+14
      934.317   3.8590787e+14
      934.405   3.8502522e+14
      934.492   3.8404580e+14
      934.579   3.8328764e+14
      934.667   3.8267936e+14
      934.754   3.8224086e+14
      934.842   3.8126480e+14
      934.929   3.8026796e+14
      935.016   3.7972492e+14
      935.104   3.7911776e+14
      935.191   3.7843102e+14
      935.279   3.7830507e+14
      935.366   3.7864397e+14
      935.454   3.7926885e+14
      935.541   3.7982867e+14
      935.629   3.8032784e+14
      935.716   3.8060318e+14
      935.804   3.7993309e+14
      935.891   3.7856665e+14
      935.979   3.7735643e+14
      936.067   3.7597411e+14
      936.154   3.7497223e+14
      936.242   3.7491100e+14
      936.330   3.7546851e+14
      936.417   3.7647133e+14
      936.505   3.7793287e+14
      936.593   3.7980840e+14
      936.680   3.8168118e+14
      936.768   3.8289326e+14
      936.856   3.8352842e+14
      936.944   3.8408073e+14
      937.031   3.8421646e+14
      937.119   3.8316349e+14
      937.207   3.8196389e+14
      937.295   3.8097185e+14
      937.383   3.7998898e+14
      937.471   3.7932585e+14
      937.559   3.7930875e+14
      937.646   3.7984688e+14
      937.734   3.8097099e+14
      937.822   3.8199121e+14
      937.910   3.8268294e+14
      937.998   3.8335044e+14
      938.086   3.8360651e+14
      938.174   3.8297336e+14
      938.262   3.8215746e+14
      938.350   3.8154479e+14
      938.438   3.8140380e+14
      938.526   3.8141970e+14
      938.615   3.8118573e+14
      938.703   3.8109195e+14
      938.791   3.8109704e+14
      938.879   3.8060121e+14
      938.967   3.7992519e+14
      939.055   3.7941831e+14
      939.143   3.7890738e+14
      939.232   3.7840222e+14
      939.320   3.7795973e+14
      939.408   3.7776500e+14
      939.496   3.7794549e+14
      939.585   3.7818379e+14
      939.673   3.7860549e+14
      939.761   3.7948348e+14
      939.850   3.8029472e+14
      939.938   3.8033954e+14
      940.026   3.8006762e+14
      940.115   3.7970254e+14
      940.203   3.7899577e+14
      940.291   3.7753326e+14
      940.380   3.7497984e+14
      940.468   3.7238251e+14
      940.557   3.7025803e+14
      940.645   3.6812863e+14
      940.734   3.6644959e+14
      940.822   3.6601422e+14
      940.911   3.6661655e+14
      940.999   3.6792550e+14
      941.088   3.6922409e+14
      941.176   3.6852991e+14
      941.265   3.6582197e+14
      941.354   3.6136073e+14
      941.442   3.5571816e+14
      941.531   3.5041521e+14
      941.620   3.4686718e+14
      941.708   3.4677110e+14
      941.797   3.5053151e+14
      941.886   3.5594088e+14
      941.974   3.6168643e+14
      942.063   3.6782147e+14
      942.152   3.7325492e+14
      942.241   3.7613835e+14
      942.329   3.7698380e+14
      942.418   3.7714498e+14
      942.507   3.7780806e+14
      942.596   3.7875849e+14
      942.685   3.7956636e+14
      942.774   3.8021495e+14
      942.862   3.8078477e+14
      942.951   3.8077097e+14
      943.040   3.7958252e+14
      943.129   3.7764691e+14
      943.218   3.7577482e+14
      943.307   3.7410693e+14
      943.396   3.7281185e+14
      943.485   3.7191284e+14
      943.574   3.7120238e+14
      943.663   3.7027676e+14
      943.752   3.6917140e+14
      943.841   3.6802677e+14
      943.930   3.6714507e+14
      944.020   3.6676719e+14
      944.109   3.6726098e+14
      944.198   3.6832344e+14
      944.287   3.6977502e+14
      944.376   3.7140428e+14
      944.465   3.7278332e+14
      944.555   3.7313656e+14
      944.644   3.7262143e+14
      944.733   3.7176665e+14
      944.822   3.7135490e+14
      944.912   3.7146649e+14
      945.001   3.7211868e+14
      945.090   3.7346820e+14
      945.180   3.7495509e+14
      945.269   3.7549553e+14
      945.358   3.7556361e+14
      945.448   3.7560350e+14
      945.537   3.7535118e+14
      945.627   3.7498886e+14
      945.716   3.7488955e+14
      945.805   3.7522302e+14
      945.895   3.7631757e+14
      945.984   3.7760415e+14
      946.074   3.7822307e+14
      946.163   3.7803670e+14
      946.253   3.7735327e+14
      946.342   3.7625753e+14
      946.432   3.7486184e+14
      946.522   3.7359412e+14
      946.611   3.7331666e+14
      946.701   3.7406745e+14
      946.790   3.7499905e+14
      946.880   3.7595001e+14
      946.970   3.7720098e+14
      947.059   3.7845835e+14
      947.149   3.7892585e+14
      947.239   3.7854705e+14
      947.328   3.7815181e+14
      947.418   3.7806201e+14
      947.508   3.7785329e+14
      947.598   3.7752203e+14
      947.688   3.7742799e+14
      947.777   3.7757361e+14
      947.867   3.7773653e+14
      947.957   3.7773631e+14
      948.047   3.7778128e+14
      948.137   3.7818533e+14
      948.227   3.7857979e+14
      948.317   3.7858472e+14
      948.407   3.7838264e+14
      948.497   3.7825479e+14
      948.587   3.7809231e+14
      948.677   3.7760738e+14
      948.767   3.7707493e+14
      948.857   3.7697521e+14
      948.947   3.7724673e+14
      949.037   3.7765564e+14
      949.127   3.7823695e+14
      949.217   3.7893649e+14
      949.307   3.7934413e+14
      949.397   3.7917365e+14
      949.487   3.7866590e+14
      949.577   3.7802381e+14
      949.668   3.7730399e+14
      949.758   3.7687388e+14
      949.848   3.7691948e+14
      949.938   3.7721484e+14
      950.029   3.7741384e+14
      950.119   3.7754670e+14
      950.209   3.7751834e+14
      950.299   3.7670427e+14
      950.390   3.7530570e+14
      950.480   3.7408828e+14
      950.570   3.7315115e+14
      950.661   3.7240297e+14
      950.751   3.7215649e+14
      950.841   3.7243104e+14
      950.932   3.7297071e+14
      951.022   3.7350182e+14
      951.113   3.7377934e+14
      951.203   3.7401761e+14
      951.294   3.7421109e+14
      951.384   3.7436982e+14
      951.475   3.7466439e+14
      951.565   3.7504421e+14
      951.656   3.7545237e+14
      951.746   3.7592237e+14
      951.837   3.7588274e+14
      951.928   3.7526548e+14
      952.018   3.7481666e+14
      952.109   3.7450409e+14
      952.200   3.7427658e+14
      952.290   3.7446287e+14
      952.381   3.7515740e+14
      952.472   3.7584426e+14
      952.562   3.7617230e+14
      952.653   3.7616648e+14
      952.744   3.7556245e+14
      952.835   3.7424964e+14
      952.925   3.7275470e+14
      953.016   3.7171866e+14
      953.107   3.7116721e+14
      953.198   3.7111191e+14
      953.289   3.7141128e+14
      953.380   3.7178597e+14
      953.471   3.7183155e+14
      953.562   3.7137826e+14
      953.653   3.7087069e+14
      953.743   3.7024909e+14
      953.834   3.6959900e+14
      953.925   3.6929559e+14
      954.016   3.6927426e+14
      954.107   3.6916667e+14
      954.198   3.6853715e+14
      954.290   3.6670564e+14
      954.381   3.6296141e+14
      954.472   3.5750382e+14
      954.563   3.5144725e+14
      954.654   3.4576336e+14
      954.745   3.4134484e+14
      954.836   3.3912624e+14
      954.927   3.3960925e+14
      955.019   3.4245415e+14
      955.110   3.4671894e+14
      955.201   3.5163404e+14
      955.292   3.5667330e+14
      955.384   3.6095581e+14
      955.475   3.6374738e+14
      955.566   3.6562906e+14
      955.657   3.6723826e+14
      955.749   3.6862167e+14
      955.840   3.6975950e+14
      955.932   3.7053027e+14
      956.023   3.7118553e+14
      956.114   3.7172078e+14
      956.206   3.7184564e+14
      956.297   3.7174221e+14
      956.389   3.7187538e+14
      956.480   3.7220241e+14
      956.572   3.7248100e+14
      956.663   3.7269994e+14
      956.755   3.7248080e+14
      956.846   3.7166843e+14
      956.938   3.7039285e+14
      957.029   3.6872185e+14
      957.121   3.6694520e+14
      957.213   3.6528417e+14
      957.304   3.6418758e+14
      957.396   3.6408029e+14
      957.488   3.6466202e+14
      957.579   3.6576607e+14
      957.671   3.6731079e+14
      957.763   3.6905057e+14
      957.854   3.7054578e+14
      957.946   3.7173677e+14
      958.038   3.7267467e+14
      958.130   3.7356944e+14
      958.222   3.7426397e+14
      958.313   3.7455559e+14
      958.405   3.7451824e+14
      958.497   3.7433704e+14
      958.589   3.7417106e+14
      958.681   3.7385986e+14
      958.773   3.7350664e+14
      958.865   3.7319898e+14
      958.957   3.7305763e+14
      959.049   3.7309785e+14
      959.141   3.7326830e+14
      959.233   3.7349511e+14
      959.325   3.7384594e+14
      959.417   3.7401973e+14
      959.509   3.7385451e+14
      959.601   3.7352869e+14
      959.693   3.7308661e+14
      959.785   3.7226875e+14
      959.877   3.7123393e+14
      959.969   3.7043276e+14
      960.061   3.6968962e+14
      960.154   3.6863475e+14
      960.246   3.6754228e+14
      960.338   3.6687853e+14
      960.430   3.6626678e+14
      960.523   3.6535244e+14
      960.615   3.6465173e+14
      960.707   3.6464043e+14
      960.799   3.6490824e+14
      960.892   3.6547989e+14
      960.984   3.6673507e+14
      961.076   3.6856061e+14
      961.169   3.7049211e+14
      961.261   3.7227517e+14
      961.354   3.7366066e+14
      961.446   3.7468126e+14
      961.538   3.7513020e+14
      961.631   3.7494071e+14
      961.723   3.7442849e+14
      961.816   3.7368861e+14
      961.908   3.7229192e+14
      962.001   3.7037645e+14
      962.094   3.6880420e+14
      962.186   3.6730855e+14
      962.279   3.6586393e+14
      962.371   3.6476515e+14
      962.464   3.6412418e+14
      962.557   3.6349002e+14
      962.649   3.6321034e+14
      962.742   3.6333733e+14
      962.835   3.6406434e+14
      962.927   3.6496877e+14
      963.020   3.6649641e+14
      963.113   3.6825401e+14
      963.206   3.6913113e+14
      963.298   3.6926804e+14
      963.391   3.6949420e+14
      963.484   3.6874581e+14
      963.577   3.6684010e+14
      963.670   3.6473763e+14
      963.763   3.6355955e+14
      963.855   3.6306671e+14
      963.948   3.6281789e+14
      964.041   3.6310519e+14
      964.134   3.6443910e+14
      964.227   3.6612371e+14
      964.320   3.6748414e+14
      964.413   3.6865001e+14
      964.506   3.6946981e+14
      964.599   3.6978472e+14
      964.692   3.6950427e+14
      964.785   3.6864588e+14
      964.878   3.6775949e+14
      964.972   3.6736406e+14
      965.065   3.6730555e+14
      965.158   3.6684852e+14
      965.251   3.6629764e+14
      965.344   3.6612252e+14
      965.437   3.6584255e+14
      965.531   3.6483974e+14
      965.624   3.6301834e+14
      965.717   3.6112927e+14
      965.810   3.5941066e+14
      965.904   3.5780589e+14
      965.997   3.5665220e+14
      966.090   3.5669935e+14
      966.184   3.5822432e+14
      966.277   3.6040520e+14
      966.370   3.6269381e+14
      966.464   3.6519840e+14
      966.557   3.6782765e+14
      966.651   3.6935595e+14
      966.744   3.6978314e+14
      966.837   3.6971493e+14
      966.931   3.6951692e+14
      967.024   3.6920396e+14
      967.118   3.6870651e+14
      967.212   3.6806482e+14
      967.305   3.6699523e+14
      967.399   3.6555750e+14
      967.492   3.6409391e+14
      967.586   3.6289609e+14
      967.680   3.6200548e+14
      967.773   3.6168062e+14
      967.867   3.6217451e+14
      967.961   3.6329166e+14
      968.054   3.6474413e+14
      968.148   3.6616894e+14
      968.242   3.6763258e+14
      968.335   3.6874003e+14
      968.429   3.6922880e+14
      968.523   3.6929906e+14
      968.617   3.6917140e+14
      968.711   3.6851284e+14
      968.805   3.6742326e+14
      968.898   3.6641606e+14
      968.992   3.6533722e+14
      969.086   3.6437894e+14
      969.180   3.6374838e+14
      969.274   3.6403478e+14
      969.368   3.6477743e+14
      969.462   3.6565636e+14
      969.556   3.6655875e+14
      969.650   3.6765989e+14
      969.744   3.6850060e+14
      969.838   3.6889993e+14
      969.932   3.6912771e+14
      970.026   3.6899274e+14
      970.120   3.6868799e+14
      970.214   3.6825485e+14
      970.309   3.6755427e+14
      970.403   3.6617117e+14
      970.497   3.6455212e+14
      970.591   3.6353054e+14
      970.685   3.6271077e+14
      970.780   3.6192255e+14
      970.874   3.6180115e+14
      970.968   3.6278510e+14
      971.062   3.6394842e+14
      971.157   3.6507961e+14
      971.251   3.6629978e+14
      971.345   3.6745201e+14
      971.440   3.6792589e+14
      971.534   3.6788751e+14
      971.628   3.6772677e+14
      971.723   3.6734539e+14
      971.817   3.6702430e+14
      971.912   3.6699176e+14
      972.006   3.6705559e+14
      972.101   3.6700624e+14
      972.195   3.6704718e+14
      972.290   3.6730815e+14
      972.384   3.6754079e+14
      972.479   3.6754896e+14
      972.573   3.6730425e+14
      972.668   3.6680411e+14
      972.763   3.6598348e+14
      972.857   3.6504963e+14
      972.952   3.6409535e+14
      973.047   3.6341578e+14
      973.141   3.6322020e+14
      973.236   3.6348021e+14
      973.331   3.6372523e+14
      973.426   3.6421934e+14
      973.520   3.6450489e+14
      973.615   3.6366935e+14
      973.710   3.6138438e+14
      973.805   3.5941395e+14
      973.899   3.5762214e+14
      973.994   3.5613840e+14
      974.089   3.5547439e+14
      974.184   3.5647708e+14
      974.279   3.5776098e+14
      974.374   3.5925551e+14
      974.469   3.6041341e+14
      974.564   3.6103984e+14
      974.659   3.6076711e+14
      974.754   3.6052811e+14
      974.849   3.6020603e+14
      974.944   3.6007235e+14
      975.039   3.6094652e+14
      975.134   3.6285869e+14
      975.229   3.6441769e+14
      975.324   3.6555355e+14
      975.419   3.6675764e+14
      975.515   3.6756601e+14
      975.610   3.6753547e+14
      975.705   3.6708420e+14
      975.800   3.6662110e+14
      975.895   3.6614383e+14
      975.991   3.6580432e+14
      976.086   3.6527664e+14
      976.181   3.6400591e+14
      976.276   3.6220035e+14
      976.372   3.6057129e+14
      976.467   3.5894389e+14
      976.563   3.5754612e+14
      976.658   3.5690366e+14
      976.753   3.5743319e+14
      976.849   3.5828060e+14
      976.944   3.5907851e+14
      977.040   3.6002269e+14
      977.135   3.6098973e+14
      977.231   3.6161816e+14
      977.326   3.6199438e+14
      977.422   3.6276534e+14
      977.517   3.6382931e+14
      977.613   3.6512837e+14
      977.708   3.6620592e+14
      977.804   3.6695968e+14
      977.899   3.6709593e+14
      977.995   3.6669513e+14
      978.091   3.6588427e+14
      978.186   3.6442573e+14
      978.282   3.6269552e+14
      978.378   3.6115826e+14
      978.474   3.5974860e+14
      978.569   3.5768724e+14
      978.665   3.5575896e+14
      978.761   3.5469331e+14
      978.857   3.5418087e+14
      978.953   3.5376239e+14
      979.048   3.5432921e+14
      979.144   3.5619719e+14
      979.240   3.5835189e+14
      979.336   3.6025742e+14
      979.432   3.6212707e+14
      979.528   3.6379467e+14
      979.624   3.6455831e+14
      979.720   3.6445400e+14
      979.816   3.6355837e+14
      979.912   3.6199634e+14
      980.008   3.6071762e+14
      980.104   3.5962336e+14
      980.200   3.5873668e+14
      980.296   3.5821503e+14
      980.392   3.5902864e+14
      980.488   3.6020822e+14
      980.584   3.6145454e+14
      980.681   3.6258974e+14
      980.777   3.6389593e+14
      980.873   3.6445679e+14
      980.969   3.6444189e+14
      981.065   3.6417980e+14
      981.162   3.6398518e+14
      981.258   3.6379724e+14
      981.354   3.6373807e+14
      981.451   3.6366745e+14
      981.547   3.6379654e+14
      981.643   3.6390395e+14
      981.740   3.6407594e+14
      981.836   3.6418053e+14
      981.932   3.6412418e+14
      982.029   3.6371116e+14
      982.125   3.6341200e+14
      982.222   3.6306877e+14
      982.318   3.6255880e+14
      982.415   3.6202173e+14
      982.511   3.6193576e+14
      982.608   3.6180245e+14
      982.704   3.6157706e+14
      982.801   3.6155706e+14
      982.898   3.6184572e+14
      982.994   3.6198981e+14
      983.091   3.6187109e+14
      983.188   3.6152458e+14
      983.284   3.6069731e+14
      983.381   3.5989953e+14
      983.478   3.5909829e+14
      983.574   3.5852539e+14
      983.671   3.5820955e+14
      983.768   3.5877911e+14
      983.865   3.5974621e+14
      983.961   3.6080250e+14
      984.058   3.6132327e+14
      984.155   3.6134922e+14
      984.252   3.6117068e+14
      984.349   3.6067827e+14
      984.446   3.6001253e+14
      984.543   3.5963591e+14
      984.640   3.6019284e+14
      984.737   3.6090707e+14
      984.834   3.6132925e+14
      984.931   3.6166539e+14
      985.028   3.6205491e+14
      985.125   3.6203275e+14
      985.222   3.6159611e+14
      985.319   3.6116264e+14
      985.416   3.6097033e+14
      985.513   3.6094283e+14
      985.610   3.6099305e+14
      985.707   3.6105273e+14
      985.804   3.6127934e+14
      985.902   3.6132805e+14
      985.999   3.6067380e+14
      986.096   3.5930343e+14
      986.193   3.5819213e+14
      986.291   3.5713889e+14
      986.388   3.5604900e+14
      986.485   3.5556415e+14
      986.582   3.5641029e+14
      986.680   3.5754073e+14
      986.777   3.5873270e+14
      986.875   3.6004051e+14
      986.972   3.6119971e+14
      987.069   3.6091042e+14
      987.167   3.5961661e+14
      987.264   3.5841331e+14
      987.362   3.5716835e+14
      987.459   3.5608985e+14
      987.557   3.5571767e+14
      987.654   3.5670134e+14
      987.752   3.5803045e+14
      987.849   3.5942020e+14
      987.947   3.6055175e+14
      988.045   3.6144543e+14
      988.142   3.6157582e+14
      988.240   3.6110550e+14
      988.338   3.6048013e+14
      988.435   3.6006145e+14
      988.533   3.6010468e+14
      988.631   3.5999290e+14
      988.729   3.5907714e+14
      988.826   3.5717128e+14
      988.924   3.5488212e+14
      989.022   3.5239707e+14
      989.120   3.5015050e+14
      989.218   3.4877009e+14
      989.315   3.4923357e+14
      989.413   3.5116901e+14
      989.511   3.5380618e+14
      989.609   3.5634777e+14
      989.707   3.5810026e+14
      989.805   3.5811206e+14
      989.903   3.5727130e+14
      990.001   3.5570672e+14
      990.099   3.5401524e+14
      990.197   3.5276864e+14
      990.295   3.5332078e+14
      990.393   3.5426643e+14
      990.491   3.5534328e+14
      990.589   3.5666512e+14
      990.688   3.5831868e+14
      990.786   3.5911655e+14
      990.884   3.5931988e+14
      990.982   3.5956474e+14
      991.080   3.5912612e+14
      991.179   3.5780624e+14
      991.277   3.5664155e+14
      991.375   3.5551766e+14
      991.473   3.5424859e+14
      991.572   3.5330769e+14
      991.670   3.5404763e+14
      991.768   3.5530655e+14
      991.867   3.5676213e+14
      991.965   3.5830689e+14
      992.063   3.5992059e+14
      992.162   3.6051494e+14
      992.260   3.6030978e+14
      992.359   3.5979389e+14
      992.457   3.5917005e+14
      992.556   3.5860233e+14
      992.654   3.5828137e+14
      992.753   3.5824433e+14
      992.852   3.5840245e+14
      992.950   3.5832921e+14
      993.049   3.5805629e+14
      993.147   3.5782459e+14
      993.246   3.5740454e+14
      993.345   3.5680043e+14
      993.443   3.5653273e+14
      993.542   3.5685916e+14
      993.641   3.5727930e+14
      993.739   3.5778569e+14
      993.838   3.5852281e+14
      993.937   3.5908901e+14
      994.036   3.5921026e+14
      994.135   3.5909392e+14
      994.233   3.5881614e+14
      994.332   3.5833916e+14
      994.431   3.5797361e+14
      994.530   3.5783415e+14
      994.629   3.5770180e+14
      994.728   3.5756368e+14
      994.827   3.5758533e+14
      994.926   3.5752417e+14
      995.025   3.5716175e+14
      995.124   3.5675699e+14
      995.223   3.5647369e+14
      995.322   3.5627556e+14
      995.421   3.5609364e+14
      995.520   3.5623622e+14
      995.619   3.5652729e+14
      995.718   3.5688110e+14
      995.818   3.5705819e+14
      995.917   3.5718894e+14
      996.016   3.5705630e+14
      996.115   3.5697198e+14
      996.214   3.5683207e+14
      996.314   3.5672034e+14
      996.413   3.5667424e+14
      996.512   3.5690995e+14
      996.612   3.5706028e+14
      996.711   3.5718153e+14
      996.810   3.5724758e+14
      996.910   3.5740036e+14
      997.009   3.5738786e+14
      997.108   3.5738737e+14
      997.208   3.5733976e+14
      997.307   3.5739008e+14
      997.407   3.5740817e+14
      997.506   3.5734097e+14
      997.606   3.5715179e+14
      997.705   3.5697754e+14
      997.805   3.5685159e+14
      997.904   3.5664223e+14
      998.004   3.5662520e+14
      998.104   3.5656873e+14
      998.203   3.5654264e+14
      998.303   3.5650921e+14
      998.403   3.5644266e+14
      998.502   3.5598106e+14
      998.602   3.5565598e+14
      998.702   3.5550863e+14
      998.801   3.5536567e+14
      998.901   3.5521579e+14
      999.001   3.5557131e+14
      999.101   3.5581294e+14
      999.201   3.5554719e+14
      999.300   3.5535451e+14
      999.400   3.5524150e+14
      999.500   3.5474630e+14
      999.600   3.5394090e+14
      999.700   3.5391324e+14
      999.800   3.5396296e+14
      999.900   3.5392328e+14
      1000.00   3.5387296e+14
      1000.10   3.5442335e+14
      1000.20   3.5469439e+14
      1000.30   3.5477111e+14
      1000.40   3.5498984e+14
      1000.50   3.5555788e+14
      1000.60   3.5593499e+14
      1000.70   3.5611282e+14
      1000.80   3.5624556e+14
      1000.90   3.5631284e+14
      1001.00   3.5617020e+14
      1001.10   3.5594713e+14
      1001.20   3.5585936e+14
      1001.30   3.5589660e+14
      1001.40   3.5599515e+14
      1001.50   3.5617707e+14
      1001.60   3.5639023e+14
      1001.70   3.5651336e+14
      1001.80   3.5644572e+14
      1001.90   3.5627633e+14
      1002.00   3.5598749e+14
      1002.10   3.5574478e+14
      1002.20   3.5550192e+14
      1002.30   3.5519355e+14
      1002.41   3.5463918e+14
      1002.51   3.5423214e+14
      1002.61   3.5383140e+14
      1002.71   3.5333942e+14
      1002.81   3.5282512e+14
      1002.91   3.5260748e+14
      1003.01   3.5218508e+14
      1003.11   3.5178094e+14
      1003.21   3.5152935e+14
      1003.31   3.5135035e+14
      1003.41   3.5069356e+14
      1003.51   3.4997110e+14
      1003.61   3.4955680e+14
      1003.71   3.4909027e+14
      1003.81   3.4856638e+14
      1003.91   3.4827436e+14
      1004.02   3.4855857e+14
      1004.12   3.4864433e+14
      1004.22   3.4855759e+14
      1004.32   3.4830560e+14
      1004.42   3.4786675e+14
      1004.52   3.4649213e+14
      1004.62   3.4379061e+14
      1004.72   3.3939024e+14
      1004.82   3.3363743e+14
      1004.92   3.2802842e+14
      1005.03   3.2299600e+14
      1005.13   3.1921090e+14
      1005.23   3.1799518e+14
      1005.33   3.2029612e+14
      1005.43   3.2443349e+14
      1005.53   3.2924748e+14
      1005.63   3.3392927e+14
      1005.73   3.3806063e+14
      1005.83   3.4072480e+14
      1005.93   3.4212984e+14
      1006.04   3.4287412e+14
      1006.14   3.4395672e+14
      1006.24   3.4542548e+14
      1006.34   3.4680542e+14
      1006.44   3.4803754e+14
      1006.54   3.4924801e+14
      1006.64   3.4998267e+14
      1006.74   3.5013837e+14
      1006.85   3.5028279e+14
      1006.95   3.5037411e+14
      1007.05   3.5048472e+14
      1007.15   3.5076778e+14
      1007.25   3.5141691e+14
      1007.35   3.5193365e+14
      1007.45   3.5243513e+14
      1007.56   3.5286631e+14
      1007.66   3.5325644e+14
      1007.76   3.5322707e+14
      1007.86   3.5296999e+14
      1007.96   3.5254054e+14
      1008.07   3.5215999e+14
      1008.17   3.5171548e+14
      1008.27   3.5124256e+14
      1008.37   3.5073971e+14
      1008.47   3.5044318e+14
      1008.57   3.5025099e+14
      1008.67   3.5021592e+14
      1008.78   3.5038723e+14
      1008.88   3.5081180e+14
      1008.98   3.5129268e+14
      1009.08   3.5167316e+14
      1009.18   3.5198724e+14
      1009.28   3.5217725e+14
      1009.39   3.5228166e+14
      1009.49   3.5224188e+14
      1009.59   3.5217632e+14
      1009.69   3.5205391e+14
      1009.80   3.5213065e+14
      1009.90   3.5218886e+14
      1010.00   3.5222387e+14
      1010.10   3.5225195e+14
      1010.20   3.5233506e+14
      1010.30   3.5205315e+14
      1010.41   3.5141496e+14
      1010.51   3.5093893e+14
      1010.61   3.5046675e+14
      1010.71   3.4998505e+14
      1010.82   3.4978641e+14
      1010.92   3.5028549e+14
      1011.02   3.5073987e+14
      1011.12   3.5111407e+14
      1011.22   3.5127568e+14
      1011.33   3.5137425e+14
      1011.43   3.5109724e+14
      1011.53   3.5077542e+14
      1011.63   3.5052143e+14
      1011.74   3.5067835e+14
      1011.84   3.5100737e+14
      1011.94   3.5128990e+14
      1012.04   3.5146976e+14
      1012.15   3.5131356e+14
      1012.25   3.5036683e+14
      1012.35   3.4938082e+14
      1012.45   3.4857643e+14
      1012.56   3.4778233e+14
      1012.66   3.4713358e+14
      1012.76   3.4771346e+14
      1012.86   3.4855035e+14
      1012.97   3.4922990e+14
      1013.07   3.4996267e+14
      1013.17   3.5100759e+14
      1013.27   3.5142391e+14
      1013.38   3.5137877e+14
      1013.48   3.5133419e+14
      1013.58   3.5121438e+14
      1013.68   3.5103951e+14
      1013.79   3.5085577e+14
      1013.89   3.5078530e+14
      1013.99   3.5061222e+14
      1014.10   3.5040841e+14
      1014.20   3.5007188e+14
      1014.30   3.4924884e+14
      1014.41   3.4732703e+14
      1014.51   3.4576891e+14
      1014.61   3.4448406e+14
      1014.71   3.4343130e+14
      1014.82   3.4250961e+14
      1014.92   3.4371980e+14
      1015.02   3.4524406e+14
      1015.12   3.4652994e+14
      1015.23   3.4739909e+14
      1015.33   3.4855207e+14
      1015.43   3.4845006e+14
      1015.54   3.4753014e+14
      1015.64   3.4676386e+14
      1015.74   3.4649914e+14
      1015.85   3.4646586e+14
      1015.95   3.4670870e+14
      1016.05   3.4742148e+14
      1016.16   3.4763561e+14
      1016.26   3.4660585e+14
      1016.36   3.4564424e+14
      1016.47   3.4449869e+14
      1016.57   3.4282446e+14
      1016.67   3.4136987e+14
      1016.78   3.4203806e+14
      1016.88   3.4307434e+14
      1016.98   3.4418205e+14
      1017.09   3.4577143e+14
      1017.19   3.4765843e+14
      1017.29   3.4853662e+14
      1017.40   3.4883604e+14
      1017.50   3.4910621e+14
      1017.60   3.4924840e+14
      1017.71   3.4938042e+14
      1017.81   3.4939000e+14
      1017.91   3.4941139e+14
      1018.02   3.4936266e+14
      1018.12   3.4864654e+14
      1018.23   3.4653775e+14
      1018.33   3.4450423e+14
      1018.43   3.4255848e+14
      1018.54   3.4037929e+14
      1018.64   3.3857527e+14
      1018.74   3.3899914e+14
      1018.85   3.4032562e+14
      1018.95   3.4136866e+14
      1019.06   3.4203420e+14
      1019.16   3.4255901e+14
      1019.26   3.4237219e+14
      1019.37   3.4100578e+14
      1019.47   3.3954247e+14
      1019.58   3.3914001e+14
      1019.68   3.4010222e+14
      1019.78   3.4101164e+14
      1019.89   3.4250445e+14
      1019.99   3.4434781e+14
      1020.10   3.4557731e+14
      1020.20   3.4558829e+14
      1020.30   3.4571213e+14
      1020.41   3.4559600e+14
      1020.51   3.4527368e+14
      1020.62   3.4517320e+14
      1020.72   3.4540386e+14
      1020.83   3.4561754e+14
      1020.93   3.4571342e+14
      1021.03   3.4582406e+14
      1021.14   3.4592765e+14
      1021.24   3.4614980e+14
      1021.35   3.4570052e+14
      1021.45   3.4416937e+14
      1021.55   3.4255914e+14
      1021.66   3.4072957e+14
      1021.76   3.3867491e+14
      1021.87   3.3686472e+14
      1021.97   3.3695825e+14
      1022.08   3.3793695e+14
      1022.18   3.3984317e+14
      1022.29   3.4216453e+14
      1022.39   3.4464638e+14
      1022.49   3.4624931e+14
      1022.60   3.4715244e+14
      1022.70   3.4740832e+14
      1022.81   3.4720872e+14
      1022.91   3.4701810e+14
      1023.02   3.4709297e+14
      1023.12   3.4717816e+14
      1023.23   3.4716362e+14
      1023.33   3.4720849e+14
      1023.44   3.4732918e+14
      1023.54   3.4719650e+14
      1023.65   3.4681793e+14
      1023.75   3.4648806e+14
      1023.86   3.4631914e+14
      1023.96   3.4603740e+14
      1024.07   3.4581221e+14
      1024.17   3.4588119e+14
      1024.28   3.4609387e+14
      1024.38   3.4590800e+14
      1024.48   3.4591872e+14
      1024.59   3.4600281e+14
      1024.69   3.4592381e+14
      1024.80   3.4559641e+14
      1024.91   3.4577908e+14
      1025.01   3.4586909e+14
      1025.11   3.4586594e+14
      1025.22   3.4597966e+14
      1025.33   3.4629199e+14
      1025.43   3.4636429e+14
      1025.54   3.4639424e+14
      1025.64   3.4650651e+14
      1025.75   3.4660106e+14
      1025.85   3.4667641e+14
      1025.96   3.4667757e+14
      1026.06   3.4654169e+14
      1026.17   3.4629968e+14
      1026.27   3.4598582e+14
      1026.38   3.4550181e+14
      1026.48   3.4506900e+14
      1026.59   3.4482505e+14
      1026.69   3.4471649e+14
      1026.80   3.4465088e+14
      1026.91   3.4487255e+14
      1027.01   3.4519816e+14
      1027.12   3.4539962e+14
      1027.22   3.4538095e+14
      1027.33   3.4547681e+14
      1027.43   3.4549812e+14
      1027.54   3.4544360e+14
      1027.64   3.4541317e+14
      1027.75   3.4566162e+14
      1027.85   3.4591589e+14
      1027.96   3.4610698e+14
      1028.07   3.4624082e+14
      1028.17   3.4632559e+14
      1028.28   3.4629759e+14
      1028.38   3.4620796e+14
      1028.49   3.4608498e+14
      1028.59   3.4557605e+14
      1028.70   3.4414184e+14
      1028.81   3.4251777e+14
      1028.91   3.4106475e+14
      1029.02   3.3962906e+14
      1029.12   3.3828767e+14
      1029.23   3.3854044e+14
      1029.34   3.3981561e+14
      1029.44   3.4117072e+14
      1029.55   3.4252661e+14
      1029.65   3.4411608e+14
      1029.76   3.4493020e+14
      1029.87   3.4488162e+14
      1029.97   3.4431634e+14
      1030.08   3.4363549e+14
      1030.18   3.4308330e+14
      1030.29   3.4281630e+14
      1030.40   3.4250873e+14
      1030.50   3.4243358e+14
      1030.61   3.4261515e+14
      1030.71   3.4290182e+14
      1030.82   3.4306696e+14
      1030.93   3.4335126e+14
      1031.03   3.4340109e+14
      1031.14   3.4311347e+14
      1031.25   3.4285671e+14
      1031.35   3.4262918e+14
      1031.46   3.4228332e+14
      1031.57   3.4196588e+14
      1031.67   3.4226314e+14
      1031.78   3.4258460e+14
      1031.89   3.4286013e+14
      1031.99   3.4307348e+14
      1032.10   3.4355263e+14
      1032.20   3.4367675e+14
      1032.31   3.4357513e+14
      1032.42   3.4325034e+14
      1032.52   3.4251919e+14
      1032.63   3.4079241e+14
      1032.74   3.3910754e+14
      1032.84   3.3677816e+14
      1032.95   3.3465186e+14
      1033.06   3.3278594e+14
      1033.17   3.3288895e+14
      1033.27   3.3318446e+14
      1033.38   3.3483375e+14
      1033.48   3.3678606e+14
      1033.59   3.3922692e+14
      1033.70   3.4075048e+14
      1033.81   3.4177966e+14
      1033.91   3.4143571e+14
      1034.02   3.4095129e+14
      1034.13   3.3977937e+14
      1034.23   3.3735478e+14
      1034.34   3.3529776e+14
      1034.45   3.3456625e+14
      1034.55   3.3371811e+14
      1034.66   3.3260709e+14
      1034.77   3.3390002e+14
      1034.88   3.3558743e+14
      1034.98   3.3667787e+14
      1035.09   3.3756188e+14
      1035.20   3.3931868e+14
      1035.30   3.4003828e+14
      1035.41   3.4025914e+14
      1035.52   3.4038635e+14
      1035.63   3.4062949e+14
      1035.73   3.4095803e+14
      1035.84   3.4121832e+14
      1035.95   3.4147176e+14
      1036.06   3.4178781e+14
      1036.16   3.4211155e+14
      1036.27   3.4202124e+14
      1036.38   3.4171836e+14
      1036.48   3.4139621e+14
      1036.59   3.4102242e+14
      1036.70   3.4068812e+14
      1036.81   3.4046975e+14
      1036.91   3.3949203e+14
      1037.02   3.3733095e+14
      1037.13   3.3565397e+14
      1037.24   3.3414453e+14
      1037.34   3.3245387e+14
      1037.45   3.3141279e+14
      1037.56   3.3279641e+14
      1037.67   3.3379139e+14
      1037.78   3.3449498e+14
      1037.88   3.3561703e+14
      1037.99   3.3689813e+14
      1038.10   3.3678902e+14
      1038.21   3.3690104e+14
      1038.31   3.3777257e+14
      1038.42   3.3863383e+14
      1038.53   3.3952841e+14
      1038.64   3.4047387e+14
      1038.74   3.4097702e+14
      1038.85   3.4085023e+14
      1038.96   3.4038707e+14
      1039.07   3.3990733e+14
      1039.18   3.3949599e+14
      1039.29   3.3902204e+14
      1039.39   3.3762915e+14
      1039.50   3.3645949e+14
      1039.61   3.3553905e+14
      1039.72   3.3460886e+14
      1039.82   3.3360647e+14
      1039.93   3.3419340e+14
      1040.04   3.3535099e+14
      1040.15   3.3641547e+14
      1040.26   3.3755823e+14
      1040.37   3.3881426e+14
      1040.47   3.3923139e+14
      1040.58   3.3878006e+14
      1040.69   3.3835534e+14
      1040.80   3.3791795e+14
      1040.91   3.3773465e+14
      1041.02   3.3779334e+14
      1041.12   3.3845279e+14
      1041.23   3.3904590e+14
      1041.34   3.3957001e+14
      1041.45   3.3987717e+14
      1041.56   3.4007937e+14
      1041.67   3.3994572e+14
      1041.78   3.3968693e+14
      1041.88   3.3946000e+14
      1041.99   3.3935994e+14
      1042.10   3.3903414e+14
      1042.21   3.3820814e+14
      1042.32   3.3746403e+14
      1042.43   3.3636168e+14
      1042.54   3.3469234e+14
      1042.64   3.3345870e+14
      1042.75   3.3336637e+14
      1042.86   3.3331917e+14
      1042.97   3.3373112e+14
      1043.08   3.3525088e+14
      1043.19   3.3680104e+14
      1043.30   3.3759176e+14
      1043.41   3.3802574e+14
      1043.52   3.3843673e+14
      1043.62   3.3832842e+14
      1043.73   3.3802359e+14
      1043.84   3.3773975e+14
      1043.95   3.3790531e+14
      1044.06   3.3811257e+14
      1044.17   3.3833642e+14
      1044.28   3.3860256e+14
      1044.39   3.3894307e+14
      1044.49   3.3903743e+14
      1044.60   3.3882665e+14
      1044.71   3.3810292e+14
      1044.82   3.3745589e+14
      1044.93   3.3687808e+14
      1045.04   3.3624284e+14
      1045.15   3.3562788e+14
      1045.26   3.3559776e+14
      1045.37   3.3455381e+14
      1045.48   3.3329643e+14
      1045.59   3.3215877e+14
      1045.70   3.3088075e+14
      1045.81   3.2814045e+14
      1045.92   3.2703961e+14
      1046.03   3.2708345e+14
      1046.14   3.2739130e+14
      1046.24   3.2783630e+14
      1046.35   3.3038066e+14
      1046.46   3.3295643e+14
      1046.57   3.3470409e+14
      1046.68   3.3576814e+14
      1046.79   3.3586461e+14
      1046.90   3.3541076e+14
      1047.01   3.3432254e+14
      1047.12   3.3299148e+14
      1047.23   3.3164783e+14
      1047.34   3.3246130e+14
      1047.45   3.3360667e+14
      1047.56   3.3472143e+14
      1047.67   3.3589755e+14
      1047.78   3.3747414e+14
      1047.89   3.3804433e+14
      1048.00   3.3801894e+14
      1048.11   3.3782395e+14
      1048.22   3.3771965e+14
      1048.33   3.3753512e+14
      1048.44   3.3697130e+14
      1048.55   3.3658086e+14
      1048.66   3.3643198e+14
      1048.77   3.3621896e+14
      1048.88   3.3593933e+14
      1048.99   3.3637970e+14
      1049.10   3.3680755e+14
      1049.21   3.3702551e+14
      1049.32   3.3707237e+14
      1049.43   3.3684107e+14
      1049.54   3.3639719e+14
      1049.65   3.3585319e+14
      1049.76   3.3539024e+14
      1049.87   3.3485916e+14
      1049.98   3.3491236e+14
      1050.09   3.3492617e+14
      1050.20   3.3505564e+14
      1050.31   3.3514813e+14
      1050.42   3.3528066e+14
      1050.53   3.3542820e+14
      1050.64   3.3568212e+14
      1050.75   3.3585973e+14
      1050.86   3.3583097e+14
      1050.97   3.3600104e+14
      1051.08   3.3606021e+14
      1051.19   3.3593701e+14
      1051.30   3.3573220e+14
      1051.41   3.3584108e+14
      1051.53   3.3579607e+14
      1051.64   3.3518712e+14
      1051.75   3.3481919e+14
      1051.86   3.3452811e+14
      1051.97   3.3397395e+14
      1052.08   3.3344027e+14
      1052.19   3.3401110e+14
      1052.30   3.3447450e+14
      1052.41   3.3487780e+14
      1052.52   3.3556006e+14
      1052.63   3.3633849e+14
      1052.74   3.3632422e+14
      1052.85   3.3588887e+14
      1052.96   3.3532674e+14
      1053.07   3.3383900e+14
      1053.19   3.3257389e+14
      1053.30   3.3144574e+14
      1053.41   3.3061535e+14
      1053.52   3.2983145e+14
      1053.63   3.3074272e+14
      1053.74   3.3171655e+14
      1053.85   3.3265511e+14
      1053.96   3.3366126e+14
      1054.07   3.3487601e+14
      1054.19   3.3520157e+14
      1054.30   3.3518328e+14
      1054.41   3.3518122e+14
      1054.52   3.3512371e+14
      1054.63   3.3509372e+14
      1054.74   3.3507034e+14
      1054.85   3.3503882e+14
      1054.96   3.3514970e+14
      1055.07   3.3536227e+14
      1055.19   3.3545819e+14
      1055.30   3.3549396e+14
      1055.41   3.3560004e+14
      1055.52   3.3568680e+14
      1055.63   3.3553069e+14
      1055.74   3.3536962e+14
      1055.85   3.3521747e+14
      1055.97   3.3501670e+14
      1056.08   3.3483092e+14
      1056.19   3.3482112e+14
      1056.30   3.3482330e+14
      1056.41   3.3474787e+14
      1056.52   3.3485168e+14
      1056.64   3.3494175e+14
      1056.75   3.3494511e+14
      1056.86   3.3494423e+14
      1056.97   3.3509936e+14
      1057.08   3.3509768e+14
      1057.19   3.3510739e+14
      1057.31   3.3512126e+14
      1057.42   3.3499012e+14
      1057.53   3.3458951e+14
      1057.64   3.3435172e+14
      1057.75   3.3408929e+14
      1057.86   3.3370364e+14
      1057.98   3.3307061e+14
      1058.09   3.3248367e+14
      1058.20   3.3116265e+14
      1058.31   3.2744755e+14
      1058.43   3.2376731e+14
      1058.54   3.2095445e+14
      1058.65   3.1860238e+14
      1058.76   3.1626096e+14
      1058.87   3.1831030e+14
      1058.98   3.2192034e+14
      1059.10   3.2530885e+14
      1059.21   3.2845267e+14
      1059.32   3.3226375e+14
      1059.43   3.3406148e+14
      1059.55   3.3431510e+14
      1059.66   3.3434976e+14
      1059.77   3.3445727e+14
      1059.88   3.3447309e+14
      1060.00   3.3429030e+14
      1060.11   3.3321479e+14
      1060.22   3.3025903e+14
      1060.33   3.2728875e+14
      1060.44   3.2461179e+14
      1060.56   3.2188970e+14
      1060.67   3.1984943e+14
      1060.78   3.2138252e+14
      1060.90   3.2381336e+14
      1061.01   3.2583308e+14
      1061.12   3.2826642e+14
      1061.23   3.3103291e+14
      1061.35   3.3197164e+14
      1061.46   3.3147853e+14
      1061.57   3.3146360e+14
      1061.68   3.3153086e+14
      1061.80   3.3154348e+14
      1061.91   3.3157214e+14
      1062.02   3.3224687e+14
      1062.14   3.3280271e+14
      1062.25   3.3314761e+14
      1062.36   3.3346207e+14
      1062.47   3.3329137e+14
      1062.59   3.3132469e+14
      1062.70   3.2961831e+14
      1062.81   3.2801384e+14
      1062.93   3.2623928e+14
      1063.04   3.2441214e+14
      1063.15   3.2551872e+14
      1063.26   3.2680868e+14
      1063.38   3.2803235e+14
      1063.49   3.2943592e+14
      1063.60   3.3143770e+14
      1063.72   3.3232405e+14
      1063.83   3.3258668e+14
      1063.94   3.3275986e+14
      1064.06   3.3299856e+14
      1064.17   3.3328185e+14
      1064.28   3.3331206e+14
      1064.40   3.3331947e+14
      1064.51   3.3334167e+14
      1064.62   3.3321827e+14
      1064.74   3.3308830e+14
      1064.85   3.3291888e+14
      1064.96   3.3274872e+14
      1065.08   3.3252441e+14
      1065.19   3.3249914e+14
      1065.30   3.3247511e+14
      1065.42   3.3251495e+14
      1065.53   3.3251604e+14
      1065.64   3.3245591e+14
      1065.76   3.3188421e+14
      1065.87   3.3002465e+14
      1065.98   3.2675615e+14
      1066.10   3.2415092e+14
      1066.21   3.2173386e+14
      1066.32   3.1947751e+14
      1066.44   3.1862831e+14
      1066.55   3.2093814e+14
      1066.67   3.2327872e+14
      1066.78   3.2562158e+14
      1066.89   3.2811816e+14
      1067.01   3.3027190e+14
      1067.12   3.3095672e+14
      1067.24   3.3105796e+14
      1067.35   3.3104265e+14
      1067.46   3.3106118e+14
      1067.58   3.3142610e+14
      1067.69   3.3158693e+14
      1067.81   3.3163277e+14
      1067.92   3.3155374e+14
      1068.03   3.3084322e+14
      1068.15   3.2834673e+14
      1068.26   3.2583686e+14
      1068.38   3.2213967e+14
      1068.49   3.1890019e+14
      1068.60   3.1592839e+14
      1068.72   3.1567717e+14
      1068.83   3.1348700e+14
      1068.95   3.1239688e+14
      1069.06   3.1201219e+14
      1069.18   3.1173624e+14
      1069.29   3.0847517e+14
      1069.40   3.0823807e+14
      1069.52   3.1058939e+14
      1069.63   3.1263369e+14
      1069.75   3.1474664e+14
      1069.86   3.2018739e+14
      1069.98   3.2485710e+14
      1070.09   3.2714243e+14
      1070.20   3.2873187e+14
      1070.32   3.3057471e+14
      1070.44   3.3064388e+14
      1070.55   3.2906042e+14
      1070.66   3.2782620e+14
      1070.78   3.2680466e+14
      1070.89   3.2573426e+14
      1071.01   3.2452710e+14
      1071.12   3.2576431e+14
      1071.24   3.2702727e+14
      1071.35   3.2807174e+14
      1071.47   3.2897415e+14
      1071.58   3.2973908e+14
      1071.70   3.2954054e+14
      1071.81   3.2888837e+14
      1071.93   3.2826315e+14
      1072.04   3.2764401e+14
      1072.16   3.2832874e+14
      1072.27   3.2883919e+14
      1072.39   3.2891176e+14
      1072.50   3.2816752e+14
      1072.62   3.2618344e+14
      1072.73   3.2314046e+14
      1072.85   3.1962401e+14
      1072.96   3.1675726e+14
      1073.08   3.1456594e+14
      1073.19   3.1518780e+14
      1073.31   3.1719209e+14
      1073.42   3.2037527e+14
      1073.54   3.2352144e+14
      1073.65   3.2700013e+14
      1073.77   3.2919917e+14
      1073.88   3.3026627e+14
      1074.00   3.3030628e+14
      1074.11   3.3015284e+14
      1074.23   3.2966312e+14
      1074.34   3.2846141e+14
      1074.46   3.2733869e+14
      1074.58   3.2664929e+14
      1074.69   3.2516009e+14
      1074.81   3.2178300e+14
      1074.92   3.2021485e+14
      1075.04   3.1900196e+14
      1075.15   3.1660611e+14
      1075.27   3.1453339e+14
      1075.39   3.1681060e+14
      1075.50   3.1850282e+14
      1075.62   3.1971084e+14
      1075.73   3.2245874e+14
      1075.85   3.2630829e+14
      1075.96   3.2794348e+14
      1076.08   3.2896504e+14
      1076.19   3.3020170e+14
      1076.31   3.3077141e+14
      1076.43   3.3029439e+14
      1076.54   3.2957750e+14
      1076.66   3.2865790e+14
      1076.77   3.2771018e+14
      1076.89   3.2675288e+14
      1077.01   3.2653683e+14
      1077.12   3.2657460e+14
      1077.24   3.2715709e+14
      1077.35   3.2787802e+14
      1077.47   3.2878313e+14
      1077.59   3.2943116e+14
      1077.70   3.2993610e+14
      1077.82   3.3005903e+14
      1077.94   3.2983846e+14
      1078.05   3.2921251e+14
      1078.17   3.2766989e+14
      1078.28   3.2562692e+14
      1078.40   3.2319368e+14
      1078.52   3.1897428e+14
      1078.63   3.1575596e+14
      1078.75   3.1420208e+14
      1078.86   3.1385940e+14
      1078.98   3.1354517e+14
      1079.10   3.1737110e+14
      1079.21   3.2117887e+14
      1079.33   3.2414709e+14
      1079.45   3.2613474e+14
      1079.56   3.2860082e+14
      1079.68   3.2874659e+14
      1079.80   3.2821890e+14
      1079.91   3.2761471e+14
      1080.03   3.2747722e+14
      1080.15   3.2711238e+14
      1080.26   3.2712787e+14
      1080.38   3.2727089e+14
      1080.50   3.2757222e+14
      1080.61   3.2753988e+14
      1080.73   3.2732817e+14
      1080.85   3.2597335e+14
      1080.96   3.2201851e+14
      1081.08   3.1877587e+14
      1081.20   3.1572906e+14
      1081.31   3.1312584e+14
      1081.43   3.1095280e+14
      1081.55   3.1365470e+14
      1081.67   3.1596540e+14
      1081.78   3.1824117e+14
      1081.90   3.1912005e+14
      1082.02   3.2041549e+14
      1082.13   3.1946975e+14
      1082.25   3.1866645e+14
      1082.37   3.1681700e+14
      1082.48   3.1492183e+14
      1082.60   3.1287711e+14
      1082.72   3.1135937e+14
      1082.84   3.0905899e+14
      1082.95   3.0708257e+14
      1083.07   3.0807310e+14
      1083.19   3.1113261e+14
      1083.31   3.1357479e+14
      1083.42   3.1690221e+14
      1083.54   3.2110309e+14
      1083.66   3.2357575e+14
      1083.78   3.2395615e+14
      1083.89   3.2496720e+14
      1084.01   3.2551413e+14
      1084.13   3.2543668e+14
      1084.25   3.2423544e+14
      1084.36   3.2391630e+14
      1084.48   3.2305684e+14
      1084.60   3.2191080e+14
      1084.72   3.2080803e+14
      1084.83   3.2224566e+14
      1084.95   3.2335121e+14
      1085.07   3.2440179e+14
      1085.19   3.2563933e+14
      1085.31   3.2723531e+14
      1085.42   3.2759200e+14
      1085.54   3.2769291e+14
      1085.66   3.2773085e+14
      1085.78   3.2768606e+14
      1085.89   3.2762822e+14
      1086.01   3.2718265e+14
      1086.13   3.2565497e+14
      1086.25   3.2435843e+14
      1086.37   3.2321151e+14
      1086.48   3.2188355e+14
      1086.60   3.1970431e+14
      1086.72   3.1622384e+14
      1086.84   3.1213984e+14
      1086.96   3.0861210e+14
      1087.07   3.0505552e+14
      1087.19   3.0175184e+14
      1087.31   3.0312626e+14
      1087.43   3.0731899e+14
      1087.55   3.1145828e+14
      1087.67   3.1606854e+14
      1087.78   3.2166814e+14
      1087.90   3.2488859e+14
      1088.02   3.2516988e+14
      1088.14   3.2406656e+14
      1088.26   3.2204651e+14
      1088.38   3.1887202e+14
      1088.49   3.1604065e+14
      1088.61   3.1381948e+14
      1088.73   3.1279923e+14
      1088.85   3.1266895e+14
      1088.97   3.1481404e+14
      1089.09   3.1721294e+14
      1089.21   3.1942932e+14
      1089.32   3.2081857e+14
      1089.44   3.2128262e+14
      1089.56   3.2123174e+14
      1089.68   3.2072990e+14
      1089.80   3.2026568e+14
      1089.92   3.2024417e+14
      1090.04   3.2170481e+14
      1090.16   3.2279858e+14
      1090.28   3.2374206e+14
      1090.39   3.2437981e+14
      1090.51   3.2509904e+14
      1090.63   3.2508490e+14
      1090.75   3.2468368e+14
      1090.87   3.2420413e+14
      1090.99   3.2437187e+14
      1091.11   3.2433145e+14
      1091.23   3.2352974e+14
      1091.35   3.2185266e+14
      1091.46   3.2074990e+14
      1091.58   3.1934689e+14
      1091.70   3.1761983e+14
      1091.82   3.1658181e+14
      1091.94   3.1780173e+14
      1092.06   3.1881245e+14
      1092.18   3.1967776e+14
      1092.30   3.2088763e+14
      1092.42   3.2165012e+14
      1092.54   3.2107282e+14
      1092.66   3.1997291e+14
      1092.78   3.1872941e+14
      1092.90   3.1715771e+14
      1093.02   3.1603576e+14
      1093.14   3.1477343e+14
      1093.26   3.1329427e+14
      1093.37   3.1139469e+14
      1093.49   3.0823293e+14
      1093.61   3.0283134e+14
      1093.73   2.9702313e+14
      1093.85   2.9166923e+14
      1093.97   2.8700854e+14
      1094.09   2.8435751e+14
      1094.21   2.8607652e+14
      1094.33   2.9019920e+14
      1094.45   2.9541247e+14
      1094.57   3.0113499e+14
      1094.69   3.0671479e+14
      1094.81   3.1054494e+14
      1094.93   3.1276465e+14
      1095.05   3.1345174e+14
      1095.17   3.1308316e+14
      1095.29   3.1308920e+14
      1095.41   3.1266990e+14
      1095.53   3.1051948e+14
      1095.65   3.0949891e+14
      1095.77   3.1029380e+14
      1095.89   3.1063753e+14
      1096.01   3.1024966e+14
      1096.13   3.1272758e+14
      1096.25   3.1414329e+14
      1096.37   3.1256756e+14
      1096.49   3.1093616e+14
      1096.61   3.1029043e+14
      1096.73   3.0830632e+14
      1096.85   3.0603827e+14
      1096.97   3.0745724e+14
      1097.09   3.0931895e+14
      1097.21   3.1109104e+14
      1097.33   3.1297534e+14
      1097.45   3.1601154e+14
      1097.57   3.1669382e+14
      1097.69   3.1522837e+14
      1097.81   3.1333885e+14
      1097.94   3.1141858e+14
      1098.06   3.0776891e+14
      1098.18   3.0422121e+14
      1098.30   3.0246674e+14
      1098.42   3.0260676e+14
      1098.54   3.0249978e+14
      1098.66   3.0506461e+14
      1098.78   3.0798166e+14
      1098.90   3.1128651e+14
      1099.02   3.1339103e+14
      1099.14   3.1608920e+14
      1099.26   3.1726626e+14
      1099.38   3.1803028e+14
      1099.51   3.1838597e+14
      1099.63   3.1827840e+14
      1099.75   3.1782380e+14
      1099.87   3.1743261e+14
      1099.99   3.1732063e+14
      1100.11   3.1694198e+14
      1100.23   3.1712626e+14
      1100.35   3.1692108e+14
      1100.47   3.1675499e+14
      1100.59   3.1661533e+14
      1100.72   3.1698626e+14
      1100.84   3.1667399e+14
      1100.96   3.1696107e+14
      1101.08   3.1687218e+14
      1101.20   3.1614134e+14
      1101.32   3.1495086e+14
      1101.44   3.1386102e+14
      1101.56   3.1065806e+14
      1101.69   3.0767354e+14
      1101.81   3.0611354e+14
      1101.93   3.0476840e+14
      1102.05   3.0308085e+14
      1102.17   3.0458535e+14
      1102.29   3.0725411e+14
      1102.41   3.0962415e+14
      1102.54   3.1204693e+14
      1102.66   3.1471608e+14
      1102.78   3.1599603e+14
      1102.90   3.1650866e+14
      1103.02   3.1642593e+14
      1103.14   3.1591213e+14
      1103.27   3.1567833e+14
      1103.39   3.1619774e+14
      1103.51   3.1639329e+14
      1103.63   3.1615202e+14
      1103.75   3.1605564e+14
      1103.88   3.1628358e+14
      1104.00   3.1560865e+14
      1104.12   3.1495188e+14
      1104.24   3.1501087e+14
      1104.36   3.1503908e+14
      1104.48   3.1473367e+14
      1104.61   3.1442072e+14
      1104.73   3.1419487e+14
      1104.85   3.1394345e+14
      1104.97   3.1420800e+14
      1105.09   3.1451244e+14
      1105.22   3.1540045e+14
      1105.34   3.1617877e+14
      1105.46   3.1653515e+14
      1105.58   3.1627686e+14
      1105.70   3.1568023e+14
      1105.83   3.1482262e+14
      1105.95   3.1418686e+14
      1106.07   3.1408352e+14
      1106.19   3.1410917e+14
      1106.32   3.1467252e+14
      1106.44   3.1506566e+14
      1106.56   3.1525644e+14
      1106.68   3.1455262e+14
      1106.81   3.1420674e+14
      1106.93   3.1376139e+14
      1107.05   3.1326037e+14
      1107.18   3.1268145e+14
      1107.30   3.1299101e+14
      1107.42   3.1352413e+14
      1107.54   3.1393492e+14
      1107.67   3.1428885e+14
      1107.79   3.1446320e+14
      1107.91   3.1480711e+14
      1108.03   3.1456505e+14
      1108.16   3.1404393e+14
      1108.28   3.1379188e+14
      1108.40   3.1404035e+14
      1108.53   3.1403995e+14
      1108.65   3.1419540e+14
      1108.77   3.1474163e+14
      1108.89   3.1446919e+14
      1109.02   3.1424099e+14
      1109.14   3.1389642e+14
      1109.26   3.1386228e+14
      1109.39   3.1344071e+14
      1109.51   3.1383801e+14
      1109.63   3.1427352e+14
      1109.76   3.1501449e+14
      1109.88   3.1500553e+14
      1110.00   3.1475359e+14
      1110.12   3.1498914e+14
      1110.25   3.1505201e+14
      1110.37   3.1440740e+14
      1110.49   3.1429255e+14
      1110.62   3.1481745e+14
      1110.74   3.1460105e+14
      1110.86   3.1387330e+14
      1110.99   3.1350314e+14
      1111.11   3.1290278e+14
      1111.23   3.1208208e+14
      1111.36   3.1161055e+14
      1111.48   3.1186013e+14
      1111.60   3.1207631e+14
      1111.73   3.1173721e+14
      1111.85   3.1128705e+14
      1111.98   3.1103761e+14
      1112.10   3.0999053e+14
      1112.22   3.0911196e+14
      1112.35   3.0912866e+14
      1112.47   3.1007164e+14
      1112.59   3.1073943e+14
      1112.72   3.1206175e+14
      1112.84   3.1203353e+14
      1112.97   3.1152021e+14
      1113.09   3.1053347e+14
      1113.21   3.0915830e+14
      1113.34   3.0730022e+14
      1113.46   3.0761743e+14
      1113.59   3.0886995e+14
      1113.71   3.1016023e+14
      1113.83   3.1178624e+14
      1113.96   3.1400794e+14
      1114.08   3.1536947e+14
      1114.21   3.1575955e+14
      1114.33   3.1523735e+14
      1114.45   3.1444380e+14
      1114.58   3.1358437e+14
      1114.70   3.1213142e+14
      1114.83   3.1108944e+14
      1114.95   3.1076888e+14
      1115.08   3.1101442e+14
      1115.20   3.1077660e+14
      1115.32   3.1140606e+14
      1115.45   3.1174992e+14
      1115.57   3.1121751e+14
      1115.70   3.1020436e+14
      1115.82   3.0949448e+14
      1115.95   3.0884914e+14
      1116.07   3.0834832e+14
      1116.20   3.0923032e+14
      1116.32   3.1060120e+14
      1116.44   3.1246350e+14
      1116.57   3.1366103e+14
      1116.69   3.1496893e+14
      1116.82   3.1535331e+14
      1116.94   3.1489551e+14
      1117.07   3.1391849e+14
      1117.19   3.1322714e+14
      1117.32   3.1238646e+14
      1117.44   3.1182060e+14
      1117.57   3.1211559e+14
      1117.69   3.1214965e+14
      1117.82   3.1236923e+14
      1117.94   3.1272007e+14
      1118.07   3.1305543e+14
      1118.19   3.1290667e+14
      1118.32   3.1262662e+14
      1118.44   3.1164005e+14
      1118.57   3.0965825e+14
      1118.69   3.0737626e+14
      1118.82   3.0500869e+14
      1118.94   3.0322330e+14
      1119.07   3.0249025e+14
      1119.19   3.0432471e+14
      1119.32   3.0668676e+14
      1119.44   3.0833333e+14
      1119.57   3.0943227e+14
      1119.69   3.0953007e+14
      1119.82   3.0795871e+14
      1119.95   3.0573581e+14
      1120.07   3.0518038e+14
      1120.20   3.0495870e+14
      1120.32   3.0536294e+14
      1120.45   3.0609526e+14
      1120.57   3.0747870e+14
      1120.70   3.0791545e+14
      1120.82   3.0842261e+14
      1120.95   3.0880538e+14
      1121.08   3.0899212e+14
      1121.20   3.0881779e+14
      1121.33   3.0904316e+14
      1121.45   3.0917064e+14
      1121.58   3.0940037e+14
      1121.70   3.0982928e+14
      1121.83   3.1067118e+14
      1121.96   3.1113540e+14
      1122.08   3.1141724e+14
      1122.21   3.1139118e+14
      1122.33   3.1131728e+14
      1122.46   3.1106846e+14
      1122.59   3.1079865e+14
      1122.71   3.1024646e+14
      1122.84   3.0993129e+14
      1122.96   3.0971435e+14
      1123.09   3.0944658e+14
      1123.22   3.0958785e+14
      1123.34   3.1045055e+14
      1123.47   3.1124857e+14
      1123.59   3.1176301e+14
      1123.72   3.1186914e+14
      1123.85   3.1150948e+14
      1123.97   3.1079611e+14
      1124.10   3.0994922e+14
      1124.23   3.0871901e+14
      1124.35   3.0779760e+14
      1124.48   3.0726684e+14
      1124.61   3.0692477e+14
      1124.73   3.0670356e+14
      1124.86   3.0677153e+14
      1124.99   3.0634943e+14
      1125.11   3.0440733e+14
      1125.24   3.0098993e+14
      1125.37   2.9711831e+14
      1125.49   2.9433441e+14
      1125.62   2.9288880e+14
      1125.75   2.9386642e+14
      1125.87   2.9687458e+14
      1126.00   3.0039995e+14
      1126.13   3.0306360e+14
      1126.25   3.0491623e+14
      1126.38   3.0590762e+14
      1126.51   3.0667974e+14
      1126.63   3.0757345e+14
      1126.76   3.0834703e+14
      1126.89   3.0897273e+14
      1127.02   3.0901902e+14
      1127.14   3.0832891e+14
      1127.27   3.0727748e+14
      1127.40   3.0627784e+14
      1127.52   3.0504280e+14
      1127.65   3.0388790e+14
      1127.78   3.0315584e+14
      1127.90   3.0292670e+14
      1128.03   3.0304288e+14
      1128.16   3.0412656e+14
      1128.29   3.0598288e+14
      1128.41   3.0753402e+14
      1128.54   3.0852712e+14
      1128.67   3.0898851e+14
      1128.80   3.0765981e+14
      1128.92   3.0547013e+14
      1129.05   3.0351111e+14
      1129.18   3.0163279e+14
      1129.31   2.9996732e+14
      1129.43   3.0018348e+14
      1129.56   3.0066842e+14
      1129.69   3.0044662e+14
      1129.82   3.0052725e+14
      1129.94   3.0102842e+14
      1130.07   3.0112982e+14
      1130.20   3.0155202e+14
      1130.33   3.0337585e+14
      1130.45   3.0503116e+14
      1130.58   3.0592670e+14
      1130.71   3.0652427e+14
      1130.84   3.0670580e+14
      1130.97   3.0581038e+14
      1131.09   3.0496759e+14
      1131.22   3.0463948e+14
      1131.35   3.0419698e+14
      1131.48   3.0411096e+14
      1131.61   3.0454321e+14
      1131.73   3.0505456e+14
      1131.86   3.0574089e+14
      1131.99   3.0658364e+14
      1132.12   3.0687149e+14
      1132.25   3.0683198e+14
      1132.38   3.0665432e+14
      1132.50   3.0613953e+14
      1132.63   3.0548870e+14
      1132.76   3.0485464e+14
      1132.89   3.0374697e+14
      1133.02   3.0231115e+14
      1133.15   3.0041512e+14
      1133.27   2.9873923e+14
      1133.40   2.9802662e+14
      1133.53   2.9832968e+14
      1133.66   2.9886814e+14
      1133.79   3.0026020e+14
      1133.92   3.0177231e+14
      1134.04   3.0277101e+14
      1134.17   3.0347853e+14
      1134.30   3.0472457e+14
      1134.43   3.0574630e+14
      1134.56   3.0654110e+14
      1134.69   3.0704868e+14
      1134.82   3.0722464e+14
      1134.94   3.0686821e+14
      1135.07   3.0602349e+14
      1135.20   3.0488689e+14
      1135.33   3.0388169e+14
      1135.46   3.0299289e+14
      1135.59   3.0226810e+14
      1135.72   3.0212232e+14
      1135.85   3.0251644e+14
      1135.98   3.0319645e+14
      1136.10   3.0414336e+14
      1136.23   3.0513474e+14
      1136.36   3.0609653e+14
      1136.49   3.0674276e+14
      1136.62   3.0709547e+14
      1136.75   3.0721637e+14
      1136.88   3.0695387e+14
      1137.01   3.0612816e+14
      1137.14   3.0461321e+14
      1137.27   3.0258690e+14
      1137.40   3.0054509e+14
      1137.53   2.9897538e+14
      1137.66   2.9805152e+14
      1137.79   2.9829805e+14
      1137.92   2.9846111e+14
      1138.05   2.9833706e+14
      1138.17   2.9807464e+14
      1138.30   2.9759782e+14
      1138.43   2.9730351e+14
      1138.56   2.9863301e+14
      1138.69   3.0011727e+14
      1138.82   3.0076608e+14
      1138.95   3.0108215e+14
      1139.08   3.0066940e+14
      1139.21   2.9932531e+14
      1139.34   2.9861542e+14
      1139.47   2.9916267e+14
      1139.60   2.9986632e+14
      1139.73   3.0066062e+14
      1139.86   3.0146769e+14
      1139.99   3.0167053e+14
      1140.12   3.0032268e+14
      1140.25   2.9874022e+14
      1140.38   2.9708386e+14
      1140.51   2.9518460e+14
      1140.64   2.9372830e+14
      1140.77   2.9411801e+14
      1140.90   2.9515561e+14
      1141.03   2.9650082e+14
      1141.16   2.9789328e+14
      1141.29   2.9892779e+14
      1141.42   2.9976319e+14
      1141.55   3.0035898e+14
      1141.68   3.0091239e+14
      1141.81   3.0195482e+14
      1141.94   3.0296101e+14
      1142.07   3.0241362e+14
      1142.20   3.0147040e+14
      1142.33   3.0012213e+14
      1142.46   2.9825050e+14
      1142.60   2.9672496e+14
      1142.73   2.9711396e+14
      1142.86   2.9823961e+14
      1142.99   2.9989595e+14
      1143.12   3.0187858e+14
      1143.25   3.0363856e+14
      1143.38   3.0423536e+14
      1143.51   3.0414286e+14
      1143.64   3.0276627e+14
      1143.77   3.0048098e+14
      1143.90   2.9828820e+14
      1144.03   2.9652431e+14
      1144.17   2.9536168e+14
      1144.30   2.9599209e+14
      1144.43   2.9764191e+14
      1144.56   2.9906301e+14
      1144.69   3.0009228e+14
      1144.82   3.0052298e+14
      1144.95   3.0034999e+14
      1145.08   3.0035989e+14
      1145.21   3.0057307e+14
      1145.34   3.0116108e+14
      1145.47   3.0223421e+14
      1145.61   3.0285645e+14
      1145.74   3.0295202e+14
      1145.87   3.0306139e+14
      1146.00   3.0307483e+14
      1146.13   3.0299426e+14
      1146.26   3.0337499e+14
      1146.40   3.0392712e+14
      1146.53   3.0435881e+14
      1146.66   3.0471945e+14
      1146.79   3.0501692e+14
      1146.92   3.0486584e+14
      1147.05   3.0422536e+14
      1147.18   3.0347466e+14
      1147.31   3.0272346e+14
      1147.45   3.0207563e+14
      1147.58   3.0194235e+14
      1147.71   3.0235556e+14
      1147.84   3.0282546e+14
      1147.97   3.0303803e+14
      1148.11   3.0293079e+14
      1148.24   3.0216743e+14
      1148.37   3.0117040e+14
      1148.50   3.0029193e+14
      1148.63   2.9984273e+14
      1148.77   2.9975988e+14
      1148.90   3.0054000e+14
      1149.03   3.0158129e+14
      1149.16   3.0240709e+14
      1149.29   3.0246107e+14
      1149.43   3.0211022e+14
      1149.56   3.0126911e+14
      1149.69   3.0032964e+14
      1149.82   2.9988878e+14
      1149.95   3.0047146e+14
      1150.09   3.0101276e+14
      1150.22   3.0127218e+14
      1150.35   3.0129777e+14
      1150.48   3.0086334e+14
      1150.62   3.0013006e+14
      1150.75   3.0001045e+14
      1150.88   3.0029952e+14
      1151.01   3.0086635e+14
      1151.15   3.0156386e+14
      1151.28   3.0202124e+14
      1151.41   3.0191451e+14
      1151.54   3.0143726e+14
      1151.68   3.0052984e+14
      1151.81   2.9955377e+14
      1151.94   2.9857275e+14
      1152.07   2.9773948e+14
      1152.21   2.9738539e+14
      1152.34   2.9757597e+14
      1152.47   2.9786864e+14
      1152.60   2.9833066e+14
      1152.74   2.9896967e+14
      1152.87   2.9943400e+14
      1153.00   2.9972648e+14
      1153.14   3.0004314e+14
      1153.27   3.0047363e+14
      1153.40   3.0092446e+14
      1153.54   3.0138931e+14
      1153.67   3.0186199e+14
      1153.80   3.0212767e+14
      1153.94   3.0200644e+14
      1154.07   3.0168294e+14
      1154.20   3.0128387e+14
      1154.33   3.0087272e+14
      1154.47   3.0080453e+14
      1154.60   3.0118132e+14
      1154.73   3.0163159e+14
      1154.87   3.0195385e+14
      1155.00   3.0215472e+14
      1155.14   3.0191120e+14
      1155.27   3.0083070e+14
      1155.40   2.9961264e+14
      1155.54   2.9859418e+14
      1155.67   2.9756347e+14
      1155.80   2.9704450e+14
      1155.94   2.9762123e+14
      1156.07   2.9842641e+14
      1156.20   2.9921260e+14
      1156.34   3.0002675e+14
      1156.47   3.0055034e+14
      1156.60   3.0056451e+14
      1156.74   3.0043229e+14
      1156.87   3.0010401e+14
      1157.01   2.9989762e+14
      1157.14   2.9975855e+14
      1157.27   2.9951838e+14
      1157.41   2.9929678e+14
      1157.54   2.9931651e+14
      1157.68   2.9932545e+14
      1157.81   2.9930479e+14
      1157.94   2.9948982e+14
      1158.08   2.9985398e+14
      1158.21   3.0019293e+14
      1158.35   3.0011827e+14
      1158.48   2.9986802e+14
      1158.61   2.9937464e+14
      1158.75   2.9843698e+14
      1158.88   2.9701923e+14
      1159.02   2.9560280e+14
      1159.15   2.9321907e+14
      1159.29   2.9052879e+14
      1159.42   2.8851469e+14
      1159.56   2.8754323e+14
      1159.69   2.8784920e+14
      1159.82   2.9024907e+14
      1159.96   2.9321802e+14
      1160.09   2.9563189e+14
      1160.23   2.9729067e+14
      1160.36   2.9791094e+14
      1160.50   2.9648176e+14
      1160.63   2.9437283e+14
      1160.77   2.9201176e+14
      1160.90   2.8844511e+14
      1161.04   2.8502064e+14
      1161.17   2.8385731e+14
      1161.31   2.8349038e+14
      1161.44   2.8443702e+14
      1161.57   2.8775118e+14
      1161.71   2.9107115e+14
      1161.84   2.9323173e+14
      1161.98   2.9536096e+14
      1162.11   2.9666967e+14
      1162.25   2.9712859e+14
      1162.39   2.9781916e+14
      1162.52   2.9851499e+14
      1162.66   2.9859021e+14
      1162.79   2.9823039e+14
      1162.93   2.9764271e+14
      1163.06   2.9680915e+14
      1163.20   2.9614837e+14
      1163.33   2.9641646e+14
      1163.47   2.9707853e+14
      1163.60   2.9654407e+14
      1163.74   2.9531749e+14
      1163.87   2.9362100e+14
      1164.01   2.9100619e+14
      1164.14   2.8889532e+14
      1164.28   2.8922544e+14
      1164.42   2.9054698e+14
      1164.55   2.9235053e+14
      1164.69   2.9463907e+14
      1164.82   2.9639085e+14
      1164.96   2.9685101e+14
      1165.09   2.9667033e+14
      1165.23   2.9608870e+14
      1165.36   2.9533048e+14
      1165.50   2.9439287e+14
      1165.64   2.9308644e+14
      1165.77   2.9177016e+14
      1165.91   2.9068815e+14
      1166.05   2.8994645e+14
      1166.18   2.8978550e+14
      1166.32   2.9086282e+14
      1166.45   2.9280657e+14
      1166.59   2.9456497e+14
      1166.72   2.9539330e+14
      1166.86   2.9547602e+14
      1167.00   2.9478591e+14
      1167.13   2.9348192e+14
      1167.27   2.9270542e+14
      1167.41   2.9330364e+14
      1167.54   2.9442420e+14
      1167.68   2.9564438e+14
      1167.81   2.9695058e+14
      1167.95   2.9768935e+14
      1168.09   2.9763246e+14
      1168.22   2.9720754e+14
      1168.36   2.9657529e+14
      1168.50   2.9594206e+14
      1168.63   2.9524087e+14
      1168.77   2.9313914e+14
      1168.91   2.9051281e+14
      1169.04   2.8820322e+14
      1169.18   2.8579045e+14
      1169.32   2.8436162e+14
      1169.45   2.8608782e+14
      1169.59   2.8882258e+14
      1169.73   2.9119746e+14
      1169.86   2.9361646e+14
      1170.00   2.9537098e+14
      1170.14   2.9546000e+14
      1170.28   2.9533278e+14
      1170.41   2.9558346e+14
      1170.55   2.9590464e+14
      1170.69   2.9613238e+14
      1170.82   2.9640574e+14
      1170.96   2.9639799e+14
      1171.10   2.9612980e+14
      1171.23   2.9597374e+14
      1171.37   2.9579982e+14
      1171.51   2.9569554e+14
      1171.65   2.9595942e+14
      1171.78   2.9625723e+14
      1171.92   2.9645551e+14
      1172.06   2.9662139e+14
      1172.20   2.9642994e+14
      1172.33   2.9586235e+14
      1172.47   2.9525060e+14
      1172.61   2.9460475e+14
      1172.74   2.9416073e+14
      1172.88   2.9431183e+14
      1173.02   2.9484462e+14
      1173.16   2.9537949e+14
      1173.30   2.9595433e+14
      1173.43   2.9633303e+14
      1173.57   2.9633930e+14
      1173.71   2.9619131e+14
      1173.85   2.9590489e+14
      1173.98   2.9555200e+14
      1174.12   2.9534620e+14
      1174.26   2.9510760e+14
      1174.40   2.9480953e+14
      1174.54   2.9427119e+14
      1174.67   2.9332729e+14
      1174.81   2.9221804e+14
      1174.95   2.9085065e+14
      1175.09   2.8871487e+14
      1175.23   2.8632400e+14
      1175.36   2.8409325e+14
      1175.50   2.8196628e+14
      1175.64   2.8085482e+14
      1175.78   2.8195984e+14
      1175.92   2.8482757e+14
      1176.06   2.8839478e+14
      1176.19   2.9203843e+14
      1176.33   2.9495145e+14
      1176.47   2.9637044e+14
      1176.61   2.9661045e+14
      1176.75   2.9604448e+14
      1176.89   2.9508210e+14
      1177.03   2.9361815e+14
      1177.16   2.9184586e+14
      1177.30   2.9043096e+14
      1177.44   2.8953404e+14
      1177.58   2.8905414e+14
      1177.72   2.8968988e+14
      1177.86   2.9066394e+14
      1177.99   2.9093939e+14
      1178.13   2.9007167e+14
      1178.27   2.8867291e+14
      1178.41   2.8698716e+14
      1178.55   2.8546012e+14
      1178.69   2.8525056e+14
      1178.83   2.8732809e+14
      1178.97   2.9001326e+14
      1179.11   2.9244019e+14
      1179.24   2.9478313e+14
      1179.38   2.9614739e+14
      1179.52   2.9616255e+14
      1179.66   2.9593211e+14
      1179.80   2.9543051e+14
      1179.94   2.9463291e+14
      1180.08   2.9392085e+14
      1180.22   2.9333025e+14
      1180.36   2.9292263e+14
      1180.50   2.9311408e+14
      1180.64   2.9377794e+14
      1180.78   2.9430822e+14
      1180.92   2.9410485e+14
      1181.06   2.9327019e+14
      1181.19   2.9213833e+14
      1181.33   2.9080806e+14
      1181.47   2.9000374e+14
      1181.61   2.9055117e+14
      1181.75   2.9172376e+14
      1181.89   2.9263300e+14
      1182.03   2.9337262e+14
      1182.17   2.9367091e+14
      1182.31   2.9304406e+14
      1182.45   2.9145464e+14
      1182.59   2.8775495e+14
      1182.73   2.8270979e+14
      1182.87   2.7775559e+14
      1183.01   2.7321808e+14
      1183.15   2.7138066e+14
      1183.29   2.7432513e+14
      1183.43   2.7946641e+14
      1183.57   2.8454803e+14
      1183.71   2.8875360e+14
      1183.85   2.9059346e+14
      1183.99   2.8999551e+14
      1184.13   2.8863576e+14
      1184.27   2.8777978e+14
      1184.41   2.8844158e+14
      1184.55   2.8972324e+14
      1184.69   2.9088684e+14
      1184.83   2.9212690e+14
      1184.97   2.9277441e+14
      1185.11   2.9251147e+14
      1185.26   2.9228381e+14
      1185.40   2.9233934e+14
      1185.54   2.9243626e+14
      1185.68   2.9270639e+14
      1185.82   2.9297713e+14
      1185.96   2.9281843e+14
      1186.10   2.9223233e+14
      1186.24   2.9150850e+14
      1186.38   2.9087275e+14
      1186.52   2.9062654e+14
      1186.66   2.9094517e+14
      1186.80   2.9170023e+14
      1186.94   2.9249435e+14
      1187.08   2.9296983e+14
      1187.22   2.9304572e+14
      1187.37   2.9280473e+14
      1187.51   2.9244011e+14
      1187.65   2.9211954e+14
      1187.79   2.9177685e+14
      1187.93   2.9119135e+14
      1188.07   2.8887247e+14
      1188.21   2.8432940e+14
      1188.35   2.7939345e+14
      1188.49   2.7480182e+14
      1188.64   2.7141304e+14
      1188.78   2.7158452e+14
      1188.92   2.7506081e+14
      1189.06   2.7875911e+14
      1189.20   2.8183697e+14
      1189.34   2.8404567e+14
      1189.48   2.8454734e+14
      1189.63   2.8440555e+14
      1189.77   2.8491335e+14
      1189.91   2.8627924e+14
      1190.05   2.8818879e+14
      1190.19   2.8992544e+14
      1190.33   2.9112082e+14
      1190.48   2.9193051e+14
      1190.62   2.9223096e+14
      1190.76   2.9207005e+14
      1190.90   2.9206936e+14
      1191.04   2.9209814e+14
      1191.19   2.9201457e+14
      1191.33   2.9199974e+14
      1191.47   2.9200957e+14
      1191.61   2.9189778e+14
      1191.75   2.9177857e+14
      1191.90   2.9160532e+14
      1192.04   2.9132648e+14
      1192.18   2.9098614e+14
      1192.32   2.9057058e+14
      1192.46   2.9016545e+14
      1192.61   2.8995802e+14
      1192.75   2.8989237e+14
      1192.89   2.8988062e+14
      1193.03   2.9017345e+14
      1193.18   2.9069126e+14
      1193.32   2.9109371e+14
      1193.46   2.9130807e+14
      1193.60   2.9141195e+14
      1193.74   2.9128680e+14
      1193.89   2.9086774e+14
      1194.03   2.9054712e+14
      1194.17   2.9051125e+14
      1194.31   2.9053018e+14
      1194.46   2.9062043e+14
      1194.60   2.9079610e+14
      1194.74   2.9026941e+14
      1194.89   2.8914043e+14
      1195.03   2.8810498e+14
      1195.17   2.8679663e+14
      1195.31   2.8550501e+14
      1195.46   2.8526042e+14
      1195.60   2.8562338e+14
      1195.74   2.8575338e+14
      1195.89   2.8635819e+14
      1196.03   2.8736778e+14
      1196.17   2.8797691e+14
      1196.31   2.8842035e+14
      1196.46   2.8898657e+14
      1196.60   2.8920994e+14
      1196.74   2.8882087e+14
      1196.89   2.8801126e+14
      1197.03   2.8564904e+14
      1197.18   2.8195394e+14
      1197.32   2.7846864e+14
      1197.46   2.7518774e+14
      1197.60   2.7364723e+14
      1197.75   2.7552378e+14
      1197.89   2.7923410e+14
      1198.04   2.8240435e+14
      1198.18   2.8353328e+14
      1198.32   2.8184007e+14
      1198.47   2.7843024e+14
      1198.61   2.7432511e+14
      1198.75   2.7173882e+14
      1198.90   2.7152451e+14
      1199.04   2.7189181e+14
      1199.19   2.7224940e+14
      1199.33   2.7281053e+14
      1199.47   2.7351925e+14
      1199.62   2.7569621e+14
      1199.76   2.7943556e+14
      1199.90   2.8319142e+14
      1200.05   2.8692971e+14
      1200.19   2.8921282e+14
      1200.34   2.8953932e+14
      1200.48   2.8926619e+14
      1200.62   2.8885778e+14
      1200.77   2.8845851e+14
      1200.91   2.8828245e+14
      1201.06   2.8826798e+14
      1201.20   2.8816387e+14
      1201.35   2.8817618e+14
      1201.49   2.8832759e+14
      1201.63   2.8847095e+14
      1201.78   2.8864119e+14
      1201.92   2.8887656e+14
      1202.07   2.8887621e+14
      1202.21   2.8862911e+14
      1202.36   2.8831218e+14
      1202.50   2.8774831e+14
      1202.65   2.8702693e+14
      1202.79   2.8572012e+14
      1202.94   2.8216985e+14
      1203.08   2.7716615e+14
      1203.22   2.7261067e+14
      1203.37   2.6839555e+14
      1203.51   2.6688353e+14
      1203.66   2.6970028e+14
      1203.80   2.7414396e+14
      1203.95   2.7826368e+14
      1204.09   2.8219544e+14
      1204.24   2.8413783e+14
      1204.38   2.8443913e+14
      1204.53   2.8492832e+14
      1204.67   2.8556603e+14
      1204.82   2.8622824e+14
      1204.96   2.8683901e+14
      1205.11   2.8688172e+14
      1205.26   2.8634591e+14
      1205.40   2.8568114e+14
      1205.55   2.8492534e+14
      1205.69   2.8446565e+14
      1205.84   2.8452120e+14
      1205.98   2.8501810e+14
      1206.13   2.8571686e+14
      1206.27   2.8651473e+14
      1206.42   2.8706463e+14
      1206.56   2.8729783e+14
      1206.71   2.8736357e+14
      1206.85   2.8731629e+14
      1207.00   2.8726841e+14
      1207.15   2.8713953e+14
      1207.29   2.8701433e+14
      1207.44   2.8681063e+14
      1207.58   2.8618884e+14
      1207.73   2.8527033e+14
      1207.88   2.8392220e+14
      1208.02   2.8058416e+14
      1208.17   2.7496701e+14
      1208.31   2.6902627e+14
      1208.46   2.6356268e+14
      1208.60   2.5985622e+14
      1208.75   2.6083964e+14
      1208.90   2.6586251e+14
      1209.04   2.7185576e+14
      1209.19   2.7767804e+14
      1209.34   2.8232600e+14
      1209.48   2.8436071e+14
      1209.63   2.8471705e+14
      1209.78   2.8475936e+14
      1209.92   2.8447500e+14
      1210.07   2.8279583e+14
      1210.21   2.8001565e+14
      1210.36   2.7748724e+14
      1210.51   2.7500745e+14
      1210.65   2.7391364e+14
      1210.80   2.7512426e+14
      1210.95   2.7731233e+14
      1211.09   2.7921238e+14
      1211.24   2.8106196e+14
      1211.39   2.8207372e+14
      1211.53   2.8247283e+14
      1211.68   2.8291402e+14
      1211.83   2.8326232e+14
      1211.97   2.8372936e+14
      1212.12   2.8398004e+14
      1212.27   2.8400612e+14
      1212.42   2.8425749e+14
      1212.56   2.8462757e+14
      1212.71   2.8482730e+14
      1212.86   2.8494125e+14
      1213.00   2.8474052e+14
      1213.15   2.8426956e+14
      1213.30   2.8377020e+14
      1213.44   2.8335307e+14
      1213.59   2.8313565e+14
      1213.74   2.8322395e+14
      1213.89   2.8347564e+14
      1214.03   2.8385891e+14
      1214.18   2.8432664e+14
      1214.33   2.8465979e+14
      1214.48   2.8477639e+14
      1214.62   2.8480913e+14
      1214.77   2.8475554e+14
      1214.92   2.8466136e+14
      1215.07   2.8459605e+14
      1215.21   2.8455096e+14
      1215.36   2.8448735e+14
      1215.51   2.8434589e+14
      1215.66   2.8418390e+14
      1215.81   2.8411495e+14
      1215.95   2.8414581e+14
      1216.10   2.8424948e+14
      1216.25   2.8441294e+14
      1216.40   2.8456117e+14
      1216.55   2.8451268e+14
      1216.69   2.8432298e+14
      1216.84   2.8412150e+14
      1216.99   2.8392702e+14
      1217.14   2.8375826e+14
      1217.29   2.8369084e+14
      1217.43   2.8370097e+14
      1217.58   2.8361100e+14
      1217.73   2.8349440e+14
      1217.88   2.8344989e+14
      1218.03   2.8332234e+14
      1218.18   2.8310889e+14
      1218.32   2.8300000e+14
      1218.47   2.8291784e+14
      1218.62   2.8274059e+14
      1218.77   2.8250077e+14
      1218.92   2.8221333e+14
      1219.07   2.8187630e+14
      1219.21   2.8147717e+14
      1219.36   2.8132135e+14
      1219.51   2.8149562e+14
      1219.66   2.8190717e+14
      1219.81   2.8238808e+14
      1219.96   2.8297518e+14
      1220.11   2.8339641e+14
      1220.26   2.8357514e+14
      1220.41   2.8352769e+14
      1220.55   2.8338209e+14
      1220.70   2.8313891e+14
      1220.85   2.8287863e+14
      1221.00   2.8258708e+14
      1221.15   2.8231255e+14
      1221.30   2.8209081e+14
      1221.45   2.8181694e+14
      1221.60   2.8157510e+14
      1221.75   2.8149435e+14
      1221.90   2.8159886e+14
      1222.05   2.8166482e+14
      1222.19   2.8181933e+14
      1222.34   2.8192923e+14
      1222.49   2.8162384e+14
      1222.64   2.8097244e+14
      1222.79   2.8044357e+14
      1222.94   2.7983605e+14
      1223.09   2.7941936e+14
      1223.24   2.7964500e+14
      1223.39   2.8023391e+14
      1223.54   2.8081432e+14
      1223.69   2.8154332e+14
      1223.84   2.8208490e+14
      1223.99   2.8226441e+14
      1224.14   2.8228725e+14
      1224.29   2.8211911e+14
      1224.44   2.8181591e+14
      1224.59   2.8143956e+14
      1224.74   2.8099352e+14
      1224.89   2.8067000e+14
      1225.04   2.8047617e+14
      1225.19   2.8046864e+14
      1225.34   2.8061447e+14
      1225.49   2.8091196e+14
      1225.64   2.8119774e+14
      1225.79   2.8147434e+14
      1225.94   2.8145924e+14
      1226.09   2.8119913e+14
      1226.24   2.8079103e+14
      1226.39   2.8020193e+14
      1226.54   2.7975499e+14
      1226.69   2.7932408e+14
      1226.84   2.7800041e+14
      1226.99   2.7577465e+14
      1227.15   2.7383248e+14
      1227.30   2.7166213e+14
      1227.45   2.7076724e+14
      1227.60   2.7209548e+14
      1227.75   2.7463732e+14
      1227.90   2.7701782e+14
      1228.05   2.7948522e+14
      1228.20   2.8077813e+14
      1228.35   2.8084921e+14
      1228.50   2.8070507e+14
      1228.65   2.8055199e+14
      1228.80   2.8042549e+14
      1228.95   2.8034096e+14
      1229.10   2.8035105e+14
      1229.26   2.8032329e+14
      1229.41   2.8027596e+14
      1229.56   2.8020518e+14
      1229.71   2.8006960e+14
      1229.86   2.7973504e+14
      1230.01   2.7932461e+14
      1230.16   2.7897941e+14
      1230.31   2.7859837e+14
      1230.47   2.7845653e+14
      1230.62   2.7863010e+14
      1230.77   2.7895694e+14
      1230.92   2.7923723e+14
      1231.07   2.7937098e+14
      1231.22   2.7911732e+14
      1231.38   2.7867602e+14
      1231.53   2.7813463e+14
      1231.68   2.7755159e+14
      1231.83   2.7711937e+14
      1231.98   2.7692814e+14
      1232.13   2.7671960e+14
      1232.29   2.7664625e+14
      1232.44   2.7685177e+14
      1232.59   2.7720427e+14
      1232.74   2.7755550e+14
      1232.89   2.7798815e+14
      1233.05   2.7830097e+14
      1233.20   2.7840664e+14
      1233.35   2.7832825e+14
      1233.50   2.7822250e+14
      1233.65   2.7818624e+14
      1233.81   2.7807392e+14
      1233.96   2.7771619e+14
      1234.11   2.7726175e+14
      1234.26   2.7685627e+14
      1234.42   2.7628394e+14
      1234.57   2.7592636e+14
      1234.72   2.7598601e+14
      1234.87   2.7623199e+14
      1235.03   2.7633212e+14
      1235.18   2.7662157e+14
      1235.33   2.7679848e+14
      1235.48   2.7688406e+14
      1235.64   2.7705885e+14
      1235.79   2.7740123e+14
      1235.94   2.7769335e+14
      1236.09   2.7793733e+14
      1236.25   2.7807540e+14
      1236.40   2.7807186e+14
      1236.55   2.7795911e+14
      1236.70   2.7780367e+14
      1236.86   2.7768216e+14
      1237.01   2.7761359e+14
      1237.16   2.7762897e+14
      1237.32   2.7770037e+14
      1237.47   2.7774040e+14
      1237.62   2.7777517e+14
      1237.78   2.7781755e+14
      1237.93   2.7784328e+14
      1238.08   2.7780879e+14
      1238.24   2.7772682e+14
      1238.39   2.7760880e+14
      1238.54   2.7735540e+14
      1238.70   2.7684513e+14
      1238.85   2.7606907e+14
      1239.00   2.7538788e+14
      1239.16   2.7460726e+14
      1239.31   2.7376403e+14
      1239.46   2.7299732e+14
      1239.62   2.7275345e+14
      1239.77   2.7238057e+14
      1239.93   2.7263203e+14
      1240.08   2.7351853e+14
      1240.23   2.7467478e+14
      1240.39   2.7557212e+14
      1240.54   2.7646910e+14
      1240.69   2.7685493e+14
      1240.85   2.7675761e+14
      1241.00   2.7660826e+14
      1241.16   2.7658671e+14
      1241.31   2.7662434e+14
      1241.46   2.7645397e+14
      1241.62   2.7611679e+14
      1241.77   2.7577408e+14
      1241.93   2.7528125e+14
      1242.08   2.7460554e+14
      1242.24   2.7388871e+14
      1242.39   2.7330334e+14
      1242.55   2.7250537e+14
      1242.70   2.7225750e+14
      1242.85   2.7251602e+14
      1243.01   2.7253083e+14
      1243.16   2.7190003e+14
      1243.32   2.7152385e+14
      1243.47   2.7052281e+14
      1243.63   2.6993854e+14
      1243.78   2.7055263e+14
      1243.94   2.7200530e+14
      1244.09   2.7341758e+14
      1244.24   2.7497020e+14
      1244.40   2.7589793e+14
      1244.56   2.7617276e+14
      1244.71   2.7625646e+14
      1244.86   2.7624372e+14
      1245.02   2.7608168e+14
      1245.18   2.7585009e+14
      1245.33   2.7553143e+14
      1245.48   2.7523911e+14
      1245.64   2.7490471e+14
      1245.80   2.7455606e+14
      1245.95   2.7421188e+14
      1246.11   2.7384298e+14
      1246.26   2.7368161e+14
      1246.42   2.7383307e+14
      1246.57   2.7412241e+14
      1246.73   2.7419090e+14
      1246.88   2.7405369e+14
      1247.04   2.7378952e+14
      1247.19   2.7328111e+14
      1247.35   2.7311044e+14
      1247.51   2.7344389e+14
      1247.66   2.7411688e+14
      1247.82   2.7470268e+14
      1247.97   2.7533873e+14
      1248.13   2.7559451e+14
      1248.28   2.7552940e+14
      1248.44   2.7537627e+14
      1248.59   2.7525576e+14
      1248.75   2.7521163e+14
      1248.91   2.7526245e+14
      1249.06   2.7536020e+14
      1249.22   2.7540322e+14
      1249.38   2.7534039e+14
      1249.53   2.7519028e+14
      1249.69   2.7491518e+14
      1249.84   2.7466808e+14
      1250.00   2.7453346e+14
      1250.16   2.7443912e+14
      1250.31   2.7442444e+14
      1250.47   2.7452209e+14
      1250.62   2.7456079e+14
      1250.78   2.7434132e+14
      1250.94   2.7389630e+14
      1251.09   2.7336524e+14
      1251.25   2.7266274e+14
      1251.41   2.7211872e+14
      1251.56   2.7187082e+14
      1251.72   2.7179183e+14
      1251.88   2.7147474e+14
      1252.04   2.7092305e+14
      1252.19   2.7054883e+14
      1252.35   2.7007704e+14
      1252.51   2.7009543e+14
      1252.66   2.7075795e+14
      1252.82   2.7179704e+14
      1252.98   2.7244122e+14
      1253.13   2.7302646e+14
      1253.29   2.7321231e+14
      1253.45   2.7303668e+14
      1253.60   2.7286461e+14
      1253.76   2.7280357e+14
      1253.92   2.7278863e+14
      1254.08   2.7280427e+14
      1254.23   2.7284765e+14
      1254.39   2.7297379e+14
      1254.55   2.7311467e+14
      1254.70   2.7311277e+14
      1254.86   2.7292925e+14
      1255.02   2.7278289e+14
      1255.18   2.7254361e+14
      1255.33   2.7237718e+14
      1255.49   2.7230830e+14
      1255.65   2.7234313e+14
      1255.81   2.7226086e+14
      1255.97   2.7210601e+14
      1256.12   2.7184950e+14
      1256.28   2.7172877e+14
      1256.44   2.7152537e+14
      1256.60   2.7140117e+14
      1256.76   2.7125635e+14
      1256.91   2.7120345e+14
      1257.07   2.7103678e+14
      1257.23   2.7119453e+14
      1257.39   2.7152484e+14
      1257.55   2.7207665e+14
      1257.70   2.7258063e+14
      1257.86   2.7297111e+14
      1258.02   2.7289193e+14
      1258.18   2.7246314e+14
      1258.34   2.7162893e+14
      1258.49   2.7085828e+14
      1258.65   2.7053393e+14
      1258.81   2.7065524e+14
      1258.97   2.7119284e+14
      1259.13   2.7210184e+14
      1259.29   2.7288957e+14
      1259.45   2.7340237e+14
      1259.60   2.7372823e+14
      1259.76   2.7376139e+14
      1259.92   2.7353067e+14
      1260.08   2.7311421e+14
      1260.24   2.7271036e+14
      1260.40   2.7236080e+14
      1260.56   2.7227542e+14
      1260.72   2.7254209e+14
      1260.88   2.7303230e+14
      1261.03   2.7331978e+14
      1261.19   2.7315914e+14
      1261.35   2.7229329e+14
      1261.51   2.7096551e+14
      1261.67   2.6974558e+14
      1261.83   2.6893926e+14
      1261.99   2.6904166e+14
      1262.15   2.6983510e+14
      1262.31   2.7096973e+14
      1262.47   2.7203192e+14
      1262.63   2.7286409e+14
      1262.79   2.7318833e+14
      1262.94   2.7321441e+14
      1263.10   2.7318600e+14
      1263.26   2.7312329e+14
      1263.42   2.7303882e+14
      1263.58   2.7252947e+14
      1263.74   2.7147982e+14
      1263.90   2.7051447e+14
      1264.06   2.6940220e+14
      1264.22   2.6891907e+14
      1264.38   2.6935310e+14
      1264.54   2.7011201e+14
      1264.70   2.7026759e+14
      1264.86   2.7061508e+14
      1265.02   2.7022431e+14
      1265.18   2.6977928e+14
      1265.34   2.6999031e+14
      1265.50   2.7076015e+14
      1265.66   2.7148651e+14
      1265.82   2.7236768e+14
      1265.98   2.7282051e+14
      1266.14   2.7281860e+14
      1266.30   2.7253157e+14
      1266.46   2.7179298e+14
      1266.62   2.7065553e+14
      1266.79   2.6959808e+14
      1266.94   2.6862333e+14
      1267.11   2.6838435e+14
      1267.27   2.6884988e+14
      1267.43   2.6967639e+14
      1267.59   2.6993907e+14
      1267.75   2.6939224e+14
      1267.91   2.6826688e+14
      1268.07   2.6663034e+14
      1268.23   2.6548256e+14
      1268.39   2.6546739e+14
      1268.55   2.6646964e+14
      1268.71   2.6766440e+14
      1268.88   2.6920870e+14
      1269.04   2.7028473e+14
      1269.20   2.7073459e+14
      1269.36   2.7103238e+14
      1269.52   2.7116641e+14
      1269.68   2.7115984e+14
      1269.84   2.7122355e+14
      1270.00   2.7125918e+14
      1270.16   2.7137267e+14
      1270.32   2.7157897e+14
      1270.49   2.7178736e+14
      1270.65   2.7190257e+14
      1270.81   2.7196356e+14
      1270.97   2.7183094e+14
      1271.13   2.7151733e+14
      1271.29   2.7122604e+14
      1271.46   2.7091776e+14
      1271.62   2.7071348e+14
      1271.78   2.7067916e+14
      1271.94   2.7073937e+14
      1272.10   2.7081674e+14
      1272.27   2.7095661e+14
      1272.43   2.7100826e+14
      1272.59   2.7091758e+14
      1272.75   2.7077672e+14
      1272.91   2.7052694e+14
      1273.07   2.7022679e+14
      1273.24   2.6987653e+14
      1273.40   2.6956827e+14
      1273.56   2.6926048e+14
      1273.72   2.6891643e+14
      1273.89   2.6860849e+14
      1274.05   2.6845160e+14
      1274.21   2.6835027e+14
      1274.37   2.6848886e+14
      1274.54   2.6883333e+14
      1274.70   2.6922309e+14
      1274.86   2.6957755e+14
      1275.02   2.6994228e+14
      1275.19   2.7014341e+14
      1275.35   2.7028435e+14
      1275.51   2.7037720e+14
      1275.67   2.7040085e+14
      1275.84   2.7038214e+14
      1276.00   2.7034349e+14
      1276.16   2.7029706e+14
      1276.32   2.7025984e+14
      1276.49   2.7025457e+14
      1276.65   2.7022777e+14
      1276.81   2.7021140e+14
      1276.98   2.7016179e+14
      1277.14   2.7008083e+14
      1277.30   2.6996782e+14
      1277.46   2.6981475e+14
      1277.63   2.6965607e+14
      1277.79   2.6947932e+14
      1277.95   2.6933947e+14
      1278.12   2.6922443e+14
      1278.28   2.6912571e+14
      1278.44   2.6898264e+14
      1278.61   2.6873443e+14
      1278.77   2.6826537e+14
      1278.94   2.6781121e+14
      1279.10   2.6729136e+14
      1279.26   2.6688986e+14
      1279.43   2.6663559e+14
      1279.59   2.6653075e+14
      1279.75   2.6631518e+14
      1279.92   2.6616114e+14
      1280.08   2.6587265e+14
      1280.25   2.6544217e+14
      1280.41   2.6465626e+14
      1280.57   2.6330250e+14
      1280.74   2.6160468e+14
      1280.90   2.5949711e+14
      1281.07   2.5718469e+14
      1281.23   2.5471967e+14
      1281.39   2.5126734e+14
      1281.56   2.4587193e+14
      1281.72   2.3927457e+14
      1281.89   2.3294927e+14
      1282.05   2.2807515e+14
      1282.22   2.2714975e+14
      1282.38   2.3037034e+14
      1282.55   2.3625897e+14
      1282.71   2.4294408e+14
      1282.87   2.4909300e+14
      1283.04   2.5317137e+14
      1283.20   2.5580210e+14
      1283.37   2.5770435e+14
      1283.53   2.5924131e+14
      1283.70   2.6060684e+14
      1283.86   2.6167513e+14
      1284.03   2.6253393e+14
      1284.19   2.6314481e+14
      1284.36   2.6355224e+14
      1284.52   2.6376584e+14
      1284.69   2.6406650e+14
      1284.85   2.6411576e+14
      1285.02   2.6414395e+14
      1285.18   2.6423901e+14
      1285.35   2.6427155e+14
      1285.51   2.6424585e+14
      1285.68   2.6442658e+14
      1285.84   2.6461894e+14
      1286.01   2.6478159e+14
      1286.17   2.6518231e+14
      1286.34   2.6570377e+14
      1286.51   2.6615551e+14
      1286.67   2.6656937e+14
      1286.84   2.6676531e+14
      1287.00   2.6683401e+14
      1287.17   2.6679939e+14
      1287.33   2.6680877e+14
      1287.50   2.6689114e+14
      1287.66   2.6677348e+14
      1287.83   2.6621983e+14
      1288.00   2.6578639e+14
      1288.16   2.6514065e+14
      1288.33   2.6478513e+14
      1288.49   2.6491288e+14
      1288.66   2.6549683e+14
      1288.83   2.6600270e+14
      1288.99   2.6668805e+14
      1289.16   2.6707002e+14
      1289.32   2.6698637e+14
      1289.49   2.6655080e+14
      1289.66   2.6562797e+14
      1289.82   2.6383590e+14
      1289.99   2.6238956e+14
      1290.16   2.6119369e+14
      1290.32   2.6100934e+14
      1290.49   2.6170352e+14
      1290.66   2.6314701e+14
      1290.82   2.6390314e+14
      1290.99   2.6474234e+14
      1291.16   2.6487040e+14
      1291.32   2.6480988e+14
      1291.49   2.6499833e+14
      1291.66   2.6546671e+14
      1291.82   2.6579271e+14
      1291.99   2.6616923e+14
      1292.16   2.6637656e+14
      1292.32   2.6649182e+14
      1292.49   2.6669611e+14
      1292.66   2.6687065e+14
      1292.82   2.6693761e+14
      1292.99   2.6677978e+14
      1293.16   2.6616298e+14
      1293.33   2.6518161e+14
      1293.49   2.6424565e+14
      1293.66   2.6343260e+14
      1293.83   2.6306106e+14
      1294.00   2.6331404e+14
      1294.16   2.6396324e+14
      1294.33   2.6463217e+14
      1294.50   2.6534966e+14
      1294.67   2.6579384e+14
      1294.83   2.6588641e+14
      1295.00   2.6593452e+14
      1295.17   2.6595914e+14
      1295.34   2.6598316e+14
      1295.51   2.6610259e+14
      1295.67   2.6634666e+14
      1295.84   2.6650611e+14
      1296.01   2.6657322e+14
      1296.18   2.6651611e+14
      1296.34   2.6635660e+14
      1296.51   2.6624510e+14
      1296.68   2.6608490e+14
      1296.85   2.6576305e+14
      1297.02   2.6546901e+14
      1297.19   2.6492437e+14
      1297.35   2.6416152e+14
      1297.52   2.6330232e+14
      1297.69   2.6276330e+14
      1297.86   2.6225372e+14
      1298.03   2.6245955e+14
      1298.19   2.6309370e+14
      1298.36   2.6395960e+14
      1298.53   2.6479377e+14
      1298.70   2.6557670e+14
      1298.87   2.6587523e+14
      1299.04   2.6588851e+14
      1299.21   2.6584908e+14
      1299.38   2.6577099e+14
      1299.55   2.6566787e+14
      1299.71   2.6553463e+14
      1299.88   2.6535316e+14
      1300.05   2.6514657e+14
      1300.22   2.6490862e+14
      1300.39   2.6474453e+14
      1300.56   2.6463860e+14
      1300.73   2.6465357e+14
      1300.90   2.6464176e+14
      1301.07   2.6446621e+14
      1301.24   2.6394466e+14
      1301.41   2.6339875e+14
      1301.57   2.6274342e+14
      1301.74   2.6225403e+14
      1301.91   2.6220924e+14
      1302.08   2.6244081e+14
      1302.25   2.6265569e+14
      1302.42   2.6279951e+14
      1302.59   2.6277950e+14
      1302.76   2.6209966e+14
      1302.93   2.6145354e+14
      1303.10   2.6082084e+14
      1303.27   2.6015992e+14
      1303.44   2.5987420e+14
      1303.61   2.6008500e+14
      1303.78   2.6026008e+14
      1303.95   2.6055954e+14
      1304.12   2.6116744e+14
      1304.29   2.6156193e+14
      1304.46   2.6210039e+14
      1304.63   2.6264460e+14
      1304.80   2.6307293e+14
      1304.97   2.6321771e+14
      1305.14   2.6335935e+14
      1305.31   2.6339562e+14
      1305.48   2.6335500e+14
      1305.65   2.6326152e+14
      1305.82   2.6337007e+14
      1305.99   2.6338936e+14
      1306.17   2.6340844e+14
      1306.34   2.6356171e+14
      1306.51   2.6368209e+14
      1306.68   2.6355978e+14
      1306.85   2.6323413e+14
      1307.02   2.6278815e+14
      1307.19   2.6226017e+14
      1307.36   2.6182191e+14
      1307.53   2.6163284e+14
      1307.70   2.6168184e+14
      1307.87   2.6179067e+14
      1308.04   2.6206394e+14
      1308.22   2.6230724e+14
      1308.39   2.6239664e+14
      1308.56   2.6241672e+14
      1308.73   2.6237506e+14
      1308.90   2.6230075e+14
      1309.07   2.6226847e+14
      1309.24   2.6234402e+14
      1309.42   2.6241471e+14
      1309.59   2.6239189e+14
      1309.76   2.6203428e+14
      1309.93   2.6158425e+14
      1310.10   2.6084281e+14
      1310.27   2.6020594e+14
      1310.44   2.5985207e+14
      1310.62   2.5983974e+14
      1310.79   2.6008877e+14
      1310.96   2.6069519e+14
      1311.13   2.6121634e+14
      1311.30   2.6152938e+14
      1311.47   2.6157661e+14
      1311.65   2.6121514e+14
      1311.82   2.6058257e+14
      1311.99   2.5883858e+14
      1312.16   2.5548070e+14
      1312.34   2.5268255e+14
      1312.51   2.4973329e+14
      1312.68   2.4873569e+14
      1312.85   2.5001245e+14
      1313.03   2.5312076e+14
      1313.20   2.5571973e+14
      1313.37   2.5831031e+14
      1313.54   2.5932667e+14
      1313.71   2.5915302e+14
      1313.89   2.5916430e+14
      1314.06   2.5950131e+14
      1314.23   2.6011451e+14
      1314.41   2.6023603e+14
      1314.58   2.5986694e+14
      1314.75   2.5826157e+14
      1314.92   2.5464158e+14
      1315.10   2.5131195e+14
      1315.27   2.4814294e+14
      1315.44   2.4675197e+14
      1315.62   2.4768276e+14
      1315.79   2.5082597e+14
      1315.96   2.5398609e+14
      1316.14   2.5729767e+14
      1316.31   2.5921039e+14
      1316.48   2.5970152e+14
      1316.66   2.5975924e+14
      1316.83   2.5971655e+14
      1317.00   2.5974890e+14
      1317.18   2.5992124e+14
      1317.35   2.5967553e+14
      1317.52   2.5870343e+14
      1317.70   2.5773774e+14
      1317.87   2.5643771e+14
      1318.04   2.5595196e+14
      1318.22   2.5632381e+14
      1318.39   2.5756750e+14
      1318.56   2.5864496e+14
      1318.74   2.5993633e+14
      1318.91   2.6041050e+14
      1319.09   2.6039942e+14
      1319.26   2.6029745e+14
      1319.44   2.6014843e+14
      1319.61   2.6001207e+14
      1319.78   2.5981358e+14
      1319.96   2.5954168e+14
      1320.13   2.5926020e+14
      1320.31   2.5890613e+14
      1320.48   2.5860683e+14
      1320.66   2.5824939e+14
      1320.83   2.5804704e+14
      1321.00   2.5767561e+14
      1321.18   2.5755902e+14
      1321.35   2.5737132e+14
      1321.53   2.5740124e+14
      1321.70   2.5750226e+14
      1321.88   2.5786071e+14
      1322.05   2.5804861e+14
      1322.23   2.5832253e+14
      1322.40   2.5847721e+14
      1322.58   2.5849396e+14
      1322.75   2.5845586e+14
      1322.93   2.5839228e+14
      1323.10   2.5817823e+14
      1323.28   2.5805593e+14
      1323.45   2.5802303e+14
      1323.63   2.5811102e+14
      1323.80   2.5832340e+14
      1323.98   2.5867100e+14
      1324.15   2.5895507e+14
      1324.33   2.5912742e+14
      1324.50   2.5913839e+14
      1324.68   2.5889242e+14
      1324.85   2.5848347e+14
      1325.03   2.5807078e+14
      1325.20   2.5764497e+14
      1325.38   2.5749886e+14
      1325.56   2.5754555e+14
      1325.73   2.5768525e+14
      1325.91   2.5754671e+14
      1326.08   2.5739856e+14
      1326.26   2.5665055e+14
      1326.44   2.5594643e+14
      1326.61   2.5537116e+14
      1326.79   2.5514080e+14
      1326.96   2.5527468e+14
      1327.14   2.5590910e+14
      1327.32   2.5659802e+14
      1327.49   2.5719949e+14
      1327.67   2.5760952e+14
      1327.84   2.5748738e+14
      1328.02   2.5687908e+14
      1328.20   2.5619467e+14
      1328.37   2.5488223e+14
      1328.55   2.5279790e+14
      1328.73   2.5132848e+14
      1328.90   2.4994397e+14
      1329.08   2.4935521e+14
      1329.26   2.4964298e+14
      1329.43   2.5105074e+14
      1329.61   2.5186888e+14
      1329.79   2.5340541e+14
      1329.96   2.5434082e+14
      1330.14   2.5507468e+14
      1330.32   2.5564661e+14
      1330.49   2.5635517e+14
      1330.67   2.5647683e+14
      1330.85   2.5635495e+14
      1331.03   2.5621762e+14
      1331.20   2.5616874e+14
      1331.38   2.5588981e+14
      1331.56   2.5485445e+14
      1331.73   2.5314721e+14
      1331.91   2.5146983e+14
      1332.09   2.5003112e+14
      1332.27   2.4985894e+14
      1332.44   2.5101885e+14
      1332.62   2.5293149e+14
      1332.80   2.5479884e+14
      1332.98   2.5635672e+14
      1333.16   2.5690880e+14
      1333.33   2.5706140e+14
      1333.51   2.5702920e+14
      1333.69   2.5706508e+14
      1333.87   2.5701423e+14
      1334.05   2.5699100e+14
      1334.22   2.5696968e+14
      1334.40   2.5703767e+14
      1334.58   2.5704526e+14
      1334.76   2.5709076e+14
      1334.94   2.5681157e+14
      1335.11   2.5601993e+14
      1335.29   2.5531020e+14
      1335.47   2.5450444e+14
      1335.65   2.5421825e+14
      1335.83   2.5448942e+14
      1336.01   2.5532672e+14
      1336.18   2.5601125e+14
      1336.36   2.5679044e+14
      1336.54   2.5692361e+14
      1336.72   2.5662351e+14
      1336.90   2.5609386e+14
      1337.08   2.5561387e+14
      1337.26   2.5514852e+14
      1337.44   2.5493434e+14
      1337.61   2.5482025e+14
      1337.79   2.5485072e+14
      1337.97   2.5482900e+14
      1338.15   2.5471439e+14
      1338.33   2.5454883e+14
      1338.51   2.5428977e+14
      1338.69   2.5370624e+14
      1338.87   2.5281619e+14
      1339.05   2.5126499e+14
      1339.23   2.4985184e+14
      1339.41   2.4865959e+14
      1339.58   2.4850025e+14
      1339.76   2.4923454e+14
      1339.94   2.5087864e+14
      1340.12   2.5251074e+14
      1340.30   2.5403239e+14
      1340.48   2.5482482e+14
      1340.66   2.5487972e+14
      1340.84   2.5472881e+14
      1341.02   2.5439307e+14
      1341.20   2.5404175e+14
      1341.38   2.5368576e+14
      1341.56   2.5360823e+14
      1341.74   2.5353001e+14
      1341.92   2.5361856e+14
      1342.10   2.5385970e+14
      1342.28   2.5410863e+14
      1342.46   2.5417205e+14
      1342.64   2.5434346e+14
      1342.82   2.5418953e+14
      1343.00   2.5384842e+14
      1343.18   2.5366247e+14
      1343.36   2.5356595e+14
      1343.54   2.5360450e+14
      1343.72   2.5390928e+14
      1343.91   2.5427286e+14
      1344.09   2.5455447e+14
      1344.27   2.5485818e+14
      1344.45   2.5500374e+14
      1344.63   2.5498759e+14
      1344.81   2.5480944e+14
      1344.99   2.5454444e+14
      1345.17   2.5407201e+14
      1345.35   2.5368237e+14
      1345.53   2.5321611e+14
      1345.71   2.5278542e+14
      1345.90   2.5238572e+14
      1346.08   2.5220507e+14
      1346.26   2.5208789e+14
      1346.44   2.5235484e+14
      1346.62   2.5279166e+14
      1346.80   2.5327659e+14
      1346.98   2.5367487e+14
      1347.16   2.5379528e+14
      1347.35   2.5367514e+14
      1347.53   2.5345359e+14
      1347.71   2.5334556e+14
      1347.89   2.5336088e+14
      1348.07   2.5353963e+14
      1348.25   2.5370109e+14
      1348.44   2.5372942e+14
      1348.62   2.5346865e+14
      1348.80   2.5316101e+14
      1348.98   2.5281147e+14
      1349.16   2.5245247e+14
      1349.35   2.5186632e+14
      1349.53   2.5144447e+14
      1349.71   2.5076635e+14
      1349.89   2.5016148e+14
      1350.07   2.4949269e+14
      1350.26   2.4937814e+14
      1350.44   2.4934529e+14
      1350.62   2.4991561e+14
      1350.80   2.5036261e+14
      1350.99   2.5100676e+14
      1351.17   2.5144097e+14
      1351.35   2.5205613e+14
      1351.53   2.5241771e+14
      1351.72   2.5280475e+14
      1351.90   2.5306471e+14
      1352.08   2.5331840e+14
      1352.27   2.5330051e+14
      1352.45   2.5314900e+14
      1352.63   2.5295034e+14
      1352.81   2.5279104e+14
      1353.00   2.5261342e+14
      1353.18   2.5241817e+14
      1353.36   2.5216938e+14
      1353.55   2.5198116e+14
      1353.73   2.5181766e+14
      1353.91   2.5182776e+14
      1354.10   2.5192186e+14
      1354.28   2.5185109e+14
      1354.46   2.5118240e+14
      1354.65   2.5055530e+14
      1354.83   2.4948438e+14
      1355.01   2.4838316e+14
      1355.20   2.4791013e+14
      1355.38   2.4791118e+14
      1355.56   2.4813227e+14
      1355.75   2.4880263e+14
      1355.93   2.4937335e+14
      1356.12   2.4907471e+14
      1356.30   2.4823500e+14
      1356.48   2.4731988e+14
      1356.67   2.4616009e+14
      1356.85   2.4586280e+14
      1357.04   2.4649957e+14
      1357.22   2.4771316e+14
      1357.41   2.4858069e+14
      1357.59   2.4973444e+14
      1357.77   2.5002099e+14
      1357.96   2.5007949e+14
      1358.14   2.5030856e+14
      1358.33   2.5066811e+14
      1358.51   2.5083317e+14
      1358.70   2.5083941e+14
      1358.88   2.5039312e+14
      1359.06   2.4916385e+14
      1359.25   2.4824464e+14
      1359.43   2.4714552e+14
      1359.62   2.4676217e+14
      1359.80   2.4656341e+14
      1359.99   2.4725037e+14
      1360.17   2.4761055e+14
      1360.36   2.4851670e+14
      1360.54   2.4910453e+14
      1360.73   2.4987412e+14
      1360.92   2.5041137e+14
      1361.10   2.5089278e+14
      1361.29   2.5099994e+14
      1361.47   2.5093850e+14
      1361.66   2.5081230e+14
      1361.84   2.5059271e+14
      1362.03   2.5025580e+14
      1362.21   2.4935753e+14
      1362.40   2.4806342e+14
      1362.58   2.4670067e+14
      1362.77   2.4563142e+14
      1362.95   2.4525519e+14
      1363.14   2.4588030e+14
      1363.33   2.4687798e+14
      1363.51   2.4790593e+14
      1363.70   2.4874647e+14
      1363.88   2.4895847e+14
      1364.07   2.4844827e+14
      1364.26   2.4820610e+14
      1364.44   2.4787397e+14
      1364.63   2.4795377e+14
      1364.81   2.4832747e+14
      1365.00   2.4895050e+14
      1365.19   2.4931804e+14
      1365.37   2.4972495e+14
      1365.56   2.4964138e+14
      1365.75   2.4919768e+14
      1365.93   2.4883366e+14
      1366.12   2.4842987e+14
      1366.31   2.4820253e+14
      1366.49   2.4767364e+14
      1366.68   2.4712924e+14
      1366.87   2.4661776e+14
      1367.05   2.4637751e+14
      1367.24   2.4646914e+14
      1367.43   2.4692380e+14
      1367.61   2.4767034e+14
      1367.80   2.4819070e+14
      1367.99   2.4841266e+14
      1368.18   2.4760113e+14
      1368.36   2.4674319e+14
      1368.55   2.4531221e+14
      1368.74   2.4473856e+14
      1368.93   2.4433556e+14
      1369.11   2.4466876e+14
      1369.30   2.4515625e+14
      1369.49   2.4569551e+14
      1369.68   2.4540127e+14
      1369.86   2.4516915e+14
      1370.05   2.4480890e+14
      1370.24   2.4468600e+14
      1370.43   2.4499973e+14
      1370.61   2.4540598e+14
      1370.80   2.4522713e+14
      1370.99   2.4523254e+14
      1371.18   2.4493800e+14
      1371.37   2.4504510e+14
      1371.55   2.4557253e+14
      1371.74   2.4661830e+14
      1371.93   2.4744821e+14
      1372.12   2.4819191e+14
      1372.31   2.4858648e+14
      1372.49   2.4853278e+14
      1372.68   2.4830389e+14
      1372.87   2.4814020e+14
      1373.06   2.4792306e+14
      1373.25   2.4791939e+14
      1373.44   2.4798339e+14
      1373.63   2.4822658e+14
      1373.81   2.4827472e+14
      1374.00   2.4791705e+14
      1374.19   2.4689647e+14
      1374.38   2.4584909e+14
      1374.57   2.4487212e+14
      1374.76   2.4455153e+14
      1374.95   2.4476478e+14
      1375.14   2.4526051e+14
      1375.33   2.4498353e+14
      1375.52   2.4471177e+14
      1375.70   2.4339524e+14
      1375.89   2.4266377e+14
      1376.08   2.4206152e+14
      1376.27   2.4240521e+14
      1376.46   2.4282927e+14
      1376.65   2.4391886e+14
      1376.84   2.4470823e+14
      1377.03   2.4559716e+14
      1377.22   2.4621509e+14
      1377.41   2.4620650e+14
      1377.60   2.4593178e+14
      1377.79   2.4535013e+14
      1377.98   2.4492363e+14
      1378.17   2.4499039e+14
      1378.36   2.4558116e+14
      1378.55   2.4634676e+14
      1378.74   2.4709198e+14
      1378.93   2.4758493e+14
      1379.12   2.4758162e+14
      1379.31   2.4732976e+14
      1379.50   2.4670840e+14
      1379.69   2.4622900e+14
      1379.88   2.4574673e+14
      1380.07   2.4561498e+14
      1380.26   2.4562196e+14
      1380.45   2.4602890e+14
      1380.64   2.4623750e+14
      1380.83   2.4651289e+14
      1381.03   2.4656874e+14
      1381.21   2.4638348e+14
      1381.41   2.4567652e+14
      1381.60   2.4498934e+14
      1381.79   2.4398033e+14
      1381.98   2.4327137e+14
      1382.17   2.4281064e+14
      1382.36   2.4295452e+14
      1382.55   2.4323074e+14
      1382.74   2.4387337e+14
      1382.94   2.4408117e+14
      1383.13   2.4437815e+14
      1383.32   2.4451126e+14
      1383.51   2.4487187e+14
      1383.70   2.4528106e+14
      1383.89   2.4576640e+14
      1384.08   2.4601528e+14
      1384.28   2.4619483e+14
      1384.47   2.4570985e+14
      1384.66   2.4511014e+14
      1384.85   2.4421266e+14
      1385.04   2.4364996e+14
      1385.23   2.4334187e+14
      1385.43   2.4361463e+14
      1385.62   2.4411640e+14
      1385.81   2.4501296e+14
      1386.00   2.4545229e+14
      1386.19   2.4519112e+14
      1386.39   2.4481581e+14
      1386.58   2.4403069e+14
      1386.77   2.4363823e+14
      1386.96   2.4349375e+14
      1387.16   2.4381557e+14
      1387.35   2.4401580e+14
      1387.54   2.4440844e+14
      1387.73   2.4452683e+14
      1387.93   2.4460330e+14
      1388.12   2.4483761e+14
      1388.31   2.4512531e+14
      1388.50   2.4538717e+14
      1388.70   2.4551596e+14
      1388.89   2.4564140e+14
      1389.08   2.4564040e+14
      1389.28   2.4516009e+14
      1389.47   2.4393718e+14
      1389.66   2.4276479e+14
      1389.85   2.4154651e+14
      1390.05   2.4114301e+14
      1390.24   2.4149649e+14
      1390.43   2.4256811e+14
      1390.63   2.4353013e+14
      1390.82   2.4454622e+14
      1391.01   2.4485864e+14
      1391.21   2.4492462e+14
      1391.40   2.4499043e+14
      1391.59   2.4497396e+14
      1391.79   2.4487950e+14
      1391.98   2.4458060e+14
      1392.18   2.4412731e+14
      1392.37   2.4371079e+14
      1392.56   2.4348841e+14
      1392.76   2.4338278e+14
      1392.95   2.4347511e+14
      1393.15   2.4362785e+14
      1393.34   2.4365643e+14
      1393.53   2.4336540e+14
      1393.73   2.4284254e+14
      1393.92   2.4224970e+14
      1394.12   2.4186778e+14
      1394.31   2.4195859e+14
      1394.51   2.4232371e+14
      1394.70   2.4232451e+14
      1394.90   2.4219241e+14
      1395.09   2.4177169e+14
      1395.28   2.4135169e+14
      1395.48   2.4136190e+14
      1395.67   2.4196711e+14
      1395.87   2.4261438e+14
      1396.06   2.4331831e+14
      1396.26   2.4353198e+14
      1396.45   2.4341929e+14
      1396.65   2.4321979e+14
      1396.84   2.4327398e+14
      1397.04   2.4335372e+14
      1397.23   2.4358180e+14
      1397.43   2.4372355e+14
      1397.62   2.4379165e+14
      1397.82   2.4374304e+14
      1398.02   2.4362790e+14
      1398.21   2.4353073e+14
      1398.41   2.4337305e+14
      1398.60   2.4335060e+14
      1398.80   2.4333034e+14
      1398.99   2.4331344e+14
      1399.19   2.4294980e+14
      1399.38   2.4158691e+14
      1399.58   2.3987632e+14
      1399.78   2.3805532e+14
      1399.97   2.3671074e+14
      1400.17   2.3656329e+14
      1400.36   2.3724983e+14
      1400.56   2.3762678e+14
      1400.76   2.3844590e+14
      1400.95   2.3855460e+14
      1401.15   2.3870233e+14
      1401.34   2.3930515e+14
      1401.54   2.4028449e+14
      1401.74   2.4096335e+14
      1401.94   2.4182023e+14
      1402.13   2.4189615e+14
      1402.33   2.4166347e+14
      1402.53   2.4110845e+14
      1402.72   2.4050920e+14
      1402.92   2.3957535e+14
      1403.11   2.3911987e+14
      1403.31   2.3879070e+14
      1403.51   2.3927026e+14
      1403.71   2.3951320e+14
      1403.90   2.4019859e+14
      1404.10   2.4024146e+14
      1404.30   2.4033239e+14
      1404.49   2.3973980e+14
      1404.69   2.3966567e+14
      1404.89   2.3939163e+14
      1405.09   2.3982232e+14
      1405.28   2.4038329e+14
      1405.48   2.4114942e+14
      1405.68   2.4124811e+14
      1405.88   2.4131210e+14
      1406.07   2.4062287e+14
      1406.27   2.3989481e+14
      1406.47   2.3956705e+14
      1406.67   2.3972178e+14
      1406.86   2.4003434e+14
      1407.06   2.4029428e+14
      1407.26   2.4048780e+14
      1407.46   2.4033077e+14
      1407.66   2.4031734e+14
      1407.86   2.4013661e+14
      1408.05   2.4023265e+14
      1408.25   2.4015702e+14
      1408.45   2.4034149e+14
      1408.65   2.4046471e+14
      1408.85   2.4073136e+14
      1409.05   2.4094697e+14
      1409.24   2.4124636e+14
      1409.44   2.4133102e+14
      1409.64   2.4115300e+14
      1409.84   2.4092669e+14
      1410.04   2.4057650e+14
      1410.24   2.4021551e+14
      1410.44   2.4011469e+14
      1410.64   2.4002742e+14
      1410.83   2.3953361e+14
      1411.03   2.3764252e+14
      1411.23   2.3591817e+14
      1411.43   2.3341002e+14
      1411.63   2.3231986e+14
      1411.83   2.3225794e+14
      1412.03   2.3384188e+14
      1412.23   2.3528321e+14
      1412.43   2.3665006e+14
      1412.63   2.3659875e+14
      1412.83   2.3596239e+14
      1413.03   2.3567392e+14
      1413.23   2.3582390e+14
      1413.43   2.3674956e+14
      1413.63   2.3758065e+14
      1413.83   2.3843939e+14
      1414.03   2.3833157e+14
      1414.23   2.3805406e+14
      1414.43   2.3761150e+14
      1414.63   2.3780000e+14
      1414.83   2.3818351e+14
      1415.03   2.3907250e+14
      1415.23   2.3967861e+14
      1415.43   2.4002228e+14
      1415.63   2.3938876e+14
      1415.83   2.3854474e+14
      1416.03   2.3756472e+14
      1416.23   2.3708541e+14
      1416.43   2.3714450e+14
      1416.63   2.3775358e+14
      1416.83   2.3845655e+14
      1417.03   2.3921634e+14
      1417.23   2.3959602e+14
      1417.43   2.3974269e+14
      1417.64   2.3988779e+14
      1417.84   2.3978371e+14
      1418.04   2.3934202e+14
      1418.24   2.3881222e+14
      1418.44   2.3819324e+14
      1418.64   2.3757956e+14
      1418.84   2.3730412e+14
      1419.04   2.3728308e+14
      1419.24   2.3725438e+14
      1419.45   2.3685427e+14
      1419.65   2.3667650e+14
      1419.85   2.3604631e+14
      1420.05   2.3631039e+14
      1420.25   2.3662721e+14
      1420.45   2.3755447e+14
      1420.66   2.3817617e+14
      1420.86   2.3850090e+14
      1421.06   2.3689619e+14
      1421.26   2.3542250e+14
      1421.46   2.3371211e+14
      1421.67   2.3313423e+14
      1421.87   2.3306861e+14
      1422.07   2.3391102e+14
      1422.27   2.3335479e+14
      1422.47   2.3364970e+14
      1422.68   2.3281685e+14
      1422.88   2.3312814e+14
      1423.08   2.3389323e+14
      1423.29   2.3528617e+14
      1423.49   2.3489009e+14
      1423.69   2.3468030e+14
      1423.89   2.3337225e+14
      1424.10   2.3290710e+14
      1424.30   2.3339360e+14
      1424.50   2.3484712e+14
      1424.70   2.3601563e+14
      1424.91   2.3632287e+14
      1425.11   2.3528170e+14
      1425.31   2.3367044e+14
      1425.52   2.3241841e+14
      1425.72   2.3099022e+14
      1425.92   2.3066833e+14
      1426.13   2.3057669e+14
      1426.33   2.3143590e+14
      1426.53   2.3246325e+14
      1426.74   2.3291051e+14
      1426.94   2.3307964e+14
      1427.14   2.3266767e+14
      1427.35   2.3242968e+14
      1427.55   2.3224475e+14
      1427.76   2.3348324e+14
      1427.96   2.3472330e+14
      1428.16   2.3596322e+14
      1428.37   2.3525528e+14
      1428.57   2.3429591e+14
      1428.78   2.3258263e+14
      1428.98   2.3068618e+14
      1429.18   2.2930146e+14
      1429.39   2.2876683e+14
      1429.59   2.2869787e+14
      1429.80   2.2987492e+14
      1430.00   2.3155530e+14
      1430.21   2.3333767e+14
      1430.41   2.3479386e+14
      1430.61   2.3468831e+14
      1430.82   2.3360111e+14
      1431.03   2.3227845e+14
      1431.23   2.3202898e+14
      1431.43   2.3259489e+14
      1431.64   2.3414331e+14
      1431.84   2.3574188e+14
      1432.05   2.3728296e+14
      1432.25   2.3783686e+14
      1432.46   2.3796156e+14
      1432.67   2.3795394e+14
      1432.87   2.3754740e+14
      1433.07   2.3649087e+14
      1433.28   2.3528365e+14
      1433.49   2.3400958e+14
      1433.69   2.3347385e+14
      1433.90   2.3350438e+14
      1434.10   2.3405410e+14
      1434.31   2.3472768e+14
      1434.51   2.3533009e+14
      1434.72   2.3550693e+14
      1434.93   2.3545700e+14
      1435.13   2.3549903e+14
      1435.34   2.3558396e+14
      1435.54   2.3579133e+14
      1435.75   2.3550337e+14
      1435.96   2.3519803e+14
      1436.16   2.3498753e+14
      1436.37   2.3493603e+14
      1436.57   2.3526319e+14
      1436.78   2.3563628e+14
      1436.99   2.3600724e+14
      1437.19   2.3630368e+14
      1437.40   2.3632777e+14
      1437.61   2.3571795e+14
      1437.81   2.3542008e+14
      1438.02   2.3505992e+14
      1438.23   2.3523889e+14
      1438.44   2.3546435e+14
      1438.64   2.3607877e+14
      1438.85   2.3635017e+14
      1439.06   2.3670622e+14
      1439.26   2.3636736e+14
      1439.47   2.3496566e+14
      1439.68   2.3235908e+14
      1439.89   2.2808720e+14
      1440.09   2.2415120e+14
      1440.30   2.2101035e+14
      1440.51   2.2081812e+14
      1440.71   2.2284153e+14
      1440.92   2.2701808e+14
      1441.13   2.3086956e+14
      1441.34   2.3384416e+14
      1441.55   2.3379810e+14
      1441.75   2.3176086e+14
      1441.96   2.2930744e+14
      1442.17   2.2700620e+14
      1442.38   2.2606601e+14
      1442.58   2.2629221e+14
      1442.79   2.2768598e+14
      1443.00   2.2934231e+14
      1443.21   2.3109877e+14
      1443.42   2.3187262e+14
      1443.63   2.3196487e+14
      1443.83   2.3164886e+14
      1444.04   2.3004928e+14
      1444.25   2.2901942e+14
      1444.46   2.2802617e+14
      1444.67   2.2875703e+14
      1444.88   2.3006832e+14
      1445.09   2.3239400e+14
      1445.30   2.3369084e+14
      1445.50   2.3458176e+14
      1445.71   2.3425238e+14
      1445.92   2.3324625e+14
      1446.13   2.3225879e+14
      1446.34   2.3098997e+14
      1446.55   2.3039912e+14
      1446.76   2.3000677e+14
      1446.97   2.3039691e+14
      1447.18   2.3095856e+14
      1447.39   2.3182383e+14
      1447.60   2.3237041e+14
      1447.81   2.3296710e+14
      1448.02   2.3317436e+14
      1448.23   2.3313894e+14
      1448.44   2.3317265e+14
      1448.65   2.3298360e+14
      1448.85   2.3287396e+14
      1449.06   2.3288871e+14
      1449.28   2.3309768e+14
      1449.48   2.3278900e+14
      1449.70   2.3258175e+14
      1449.91   2.3142180e+14
      1450.12   2.3021189e+14
      1450.33   2.2923231e+14
      1450.54   2.2894813e+14
      1450.75   2.2877628e+14
      1450.96   2.2792417e+14
      1451.17   2.2731499e+14
      1451.38   2.2614342e+14
      1451.59   2.2644115e+14
      1451.80   2.2704699e+14
      1452.01   2.2882023e+14
      1452.22   2.2978002e+14
      1452.43   2.3102425e+14
      1452.64   2.3070924e+14
      1452.85   2.3021569e+14
      1453.07   2.2995729e+14
      1453.28   2.2978566e+14
      1453.49   2.2957057e+14
      1453.70   2.2935202e+14
      1453.91   2.2835975e+14
      1454.12   2.2725786e+14
      1454.33   2.2654408e+14
      1454.55   2.2622406e+14
      1454.76   2.2674291e+14
      1454.97   2.2771079e+14
      1455.18   2.2762553e+14
      1455.39   2.2747794e+14
      1455.60   2.2674040e+14
      1455.82   2.2621945e+14
      1456.03   2.2657395e+14
      1456.24   2.2773130e+14
      1456.45   2.2831490e+14
      1456.66   2.2905444e+14
      1456.88   2.2878260e+14
      1457.09   2.2850987e+14
      1457.30   2.2874084e+14
      1457.51   2.2938902e+14
      1457.73   2.3021392e+14
      1457.94   2.3097846e+14
      1458.15   2.3139628e+14
      1458.36   2.3167579e+14
      1458.58   2.3215203e+14
      1458.79   2.3227562e+14
      1459.00   2.3199639e+14
      1459.21   2.3138797e+14
      1459.43   2.3060351e+14
      1459.64   2.3015926e+14
      1459.85   2.2985908e+14
      1460.07   2.2962423e+14
      1460.28   2.2952090e+14
      1460.49   2.2946346e+14
      1460.71   2.2943750e+14
      1460.92   2.2954812e+14
      1461.13   2.2984341e+14
      1461.35   2.2954490e+14
      1461.56   2.2918586e+14
      1461.78   2.2840257e+14
      1461.99   2.2777386e+14
      1462.20   2.2715995e+14
      1462.42   2.2721461e+14
      1462.63   2.2681315e+14
      1462.84   2.2681839e+14
      1463.06   2.2659797e+14
      1463.27   2.2647128e+14
      1463.49   2.2602500e+14
      1463.70   2.2641458e+14
      1463.92   2.2652290e+14
      1464.13   2.2731063e+14
      1464.34   2.2828630e+14
      1464.56   2.2929984e+14
      1464.77   2.2944160e+14
      1464.99   2.2855905e+14
      1465.20   2.2708515e+14
      1465.42   2.2525753e+14
      1465.63   2.2466074e+14
      1465.85   2.2501965e+14
      1466.06   2.2658832e+14
      1466.28   2.2807830e+14
      1466.49   2.2969450e+14
      1466.71   2.3017450e+14
      1466.92   2.3010525e+14
      1467.14   2.2957849e+14
      1467.35   2.2837265e+14
      1467.57   2.2737816e+14
      1467.78   2.2644910e+14
      1468.00   2.2622317e+14
      1468.21   2.2650295e+14
      1468.43   2.2729815e+14
      1468.65   2.2813253e+14
      1468.86   2.2891954e+14
      1469.08   2.2938623e+14
      1469.29   2.2963349e+14
      1469.51   2.2979513e+14
      1469.72   2.2915285e+14
      1469.94   2.2802153e+14
      1470.16   2.2606090e+14
      1470.37   2.2448871e+14
      1470.59   2.2334418e+14
      1470.81   2.2336124e+14
      1471.02   2.2412961e+14
      1471.24   2.2551866e+14
      1471.45   2.2632530e+14
      1471.67   2.2627028e+14
      1471.89   2.2584931e+14
      1472.10   2.2471381e+14
      1472.32   2.2441368e+14
      1472.54   2.2389741e+14
      1472.75   2.2436166e+14
      1472.97   2.2433622e+14
      1473.19   2.2378392e+14
      1473.41   2.2226218e+14
      1473.62   2.2054745e+14
      1473.84   2.1948714e+14
      1474.06   2.1961095e+14
      1474.27   2.2124239e+14
      1474.49   2.2285511e+14
      1474.71   2.2389136e+14
      1474.93   2.2386503e+14
      1475.14   2.2265647e+14
      1475.36   2.2203683e+14
      1475.58   2.2188372e+14
      1475.80   2.2248878e+14
      1476.02   2.2334945e+14
      1476.23   2.2436759e+14
      1476.45   2.2451929e+14
      1476.67   2.2411156e+14
      1476.89   2.2330010e+14
      1477.10   2.2270197e+14
      1477.32   2.2246540e+14
      1477.54   2.2268503e+14
      1477.76   2.2263699e+14
      1477.98   2.2277398e+14
      1478.20   2.2253494e+14
      1478.42   2.2262135e+14
      1478.63   2.2292743e+14
      1478.85   2.2396906e+14
      1479.07   2.2554010e+14
      1479.29   2.2693052e+14
      1479.51   2.2750693e+14
      1479.73   2.2737529e+14
      1479.95   2.2659802e+14
      1480.17   2.2578270e+14
      1480.39   2.2466387e+14
      1480.60   2.2408992e+14
      1480.82   2.2343443e+14
      1481.04   2.2364479e+14
      1481.26   2.2366656e+14
      1481.48   2.2437386e+14
      1481.70   2.2487085e+14
      1481.92   2.2555366e+14
      1482.14   2.2552855e+14
      1482.36   2.2445397e+14
      1482.58   2.2353384e+14
      1482.80   2.2215713e+14
      1483.02   2.2123388e+14
      1483.24   2.2069132e+14
      1483.46   2.2147003e+14
      1483.68   2.2213468e+14
      1483.90   2.2371338e+14
      1484.12   2.2455074e+14
      1484.34   2.2548775e+14
      1484.56   2.2645880e+14
      1484.78   2.2712655e+14
      1485.00   2.2699575e+14
      1485.22   2.2680712e+14
      1485.44   2.2623466e+14
      1485.66   2.2568341e+14
      1485.88   2.2456358e+14
      1486.10   2.2389817e+14
      1486.33   2.2308648e+14
      1486.55   2.2305540e+14
      1486.77   2.2289961e+14
      1486.99   2.2265566e+14
      1487.21   2.2092957e+14
      1487.43   2.1591166e+14
      1487.65   2.0915974e+14
      1487.87   2.0251709e+14
      1488.09   1.9932152e+14
      1488.32   2.0036168e+14
      1488.54   2.0612504e+14
      1488.76   2.1319768e+14
      1488.98   2.2034138e+14
      1489.20   2.2457516e+14
      1489.43   2.2573233e+14
      1489.65   2.2534126e+14
      1489.87   2.2483445e+14
      1490.09   2.2423263e+14
      1490.31   2.2415930e+14
      1490.54   2.2430146e+14
      1490.76   2.2463118e+14
      1490.98   2.2456215e+14
      1491.20   2.2452992e+14
      1491.42   2.2378576e+14
      1491.65   2.2301781e+14
      1491.87   2.2266221e+14
      1492.09   2.2272093e+14
      1492.31   2.2320407e+14
      1492.54   2.2400455e+14
      1492.76   2.2465873e+14
      1492.98   2.2491293e+14
      1493.21   2.2516862e+14
      1493.43   2.2497803e+14
      1493.65   2.2494362e+14
      1493.88   2.2516556e+14
      1494.10   2.2557844e+14
      1494.32   2.2588637e+14
      1494.55   2.2591545e+14
      1494.77   2.2530970e+14
      1494.99   2.2459941e+14
      1495.21   2.2339935e+14
      1495.44   2.2149694e+14
      1495.66   2.1997175e+14
      1495.89   2.1814166e+14
      1496.11   2.1758694e+14
      1496.33   2.1767404e+14
      1496.56   2.1892622e+14
      1496.78   2.1967443e+14
      1497.01   2.2125778e+14
      1497.23   2.2138440e+14
      1497.45   2.2188280e+14
      1497.68   2.2214215e+14
      1497.90   2.2277805e+14
      1498.13   2.2298080e+14
      1498.35   2.2246011e+14
      1498.58   2.2163504e+14
      1498.80   2.2065889e+14
      1499.03   2.2058777e+14
      1499.25   2.2109092e+14
      1499.47   2.2226785e+14
      1499.70   2.2311334e+14
      1499.93   2.2392074e+14
      1500.15   2.2376172e+14
      1500.38   2.2350435e+14
      1500.60   2.2333800e+14
      1500.82   2.2318462e+14
      1501.05   2.2320637e+14
      1501.28   2.2315928e+14
      1501.50   2.2286409e+14
      1501.73   2.2243126e+14
      1501.95   2.2075514e+14
      1502.18   2.1575498e+14
      1502.40   2.1035484e+14
      1502.63   2.0485961e+14
      1502.85   2.0243538e+14
      1503.08   2.0332805e+14
      1503.31   2.0758983e+14
      1503.53   2.1143719e+14
      1503.76   2.1256509e+14
      1503.98   2.1127364e+14
      1504.21   2.0706962e+14
      1504.44   2.0353169e+14
      1504.66   2.0181607e+14
      1504.89   2.0145536e+14
      1505.12   2.0220334e+14
      1505.34   2.0437059e+14
      1505.57   2.0619975e+14
      1505.80   2.0834865e+14
      1506.02   2.1203561e+14
      1506.25   2.1459208e+14
      1506.48   2.1675519e+14
      1506.70   2.1831705e+14
      1506.93   2.1901372e+14
      1507.16   2.1986606e+14
      1507.39   2.1974514e+14
      1507.61   2.1939197e+14
      1507.84   2.1814085e+14
      1508.07   2.1624663e+14
      1508.30   2.1462165e+14
      1508.52   2.1389391e+14
      1508.75   2.1437620e+14
      1508.98   2.1601348e+14
      1509.21   2.1795842e+14
      1509.43   2.1950453e+14
      1509.66   2.2070697e+14
      1509.89   2.2089302e+14
      1510.12   2.2091025e+14
      1510.35   2.2093839e+14
      1510.57   2.2117114e+14
      1510.80   2.2133987e+14
      1511.03   2.2154814e+14
      1511.26   2.2143721e+14
      1511.49   2.2084242e+14
      1511.72   2.1960842e+14
      1511.94   2.1773756e+14
      1512.17   2.1631969e+14
      1512.40   2.1531691e+14
      1512.63   2.1552367e+14
      1512.86   2.1582813e+14
      1513.09   2.1649378e+14
      1513.32   2.1633371e+14
      1513.55   2.1616995e+14
      1513.78   2.1560474e+14
      1514.01   2.1564458e+14
      1514.23   2.1582956e+14
      1514.46   2.1657240e+14
      1514.69   2.1715935e+14
      1514.92   2.1762070e+14
      1515.15   2.1799523e+14
      1515.38   2.1815157e+14
      1515.61   2.1781841e+14
      1515.84   2.1744931e+14
      1516.07   2.1645427e+14
      1516.30   2.1584871e+14
      1516.53   2.1521149e+14
      1516.76   2.1536970e+14
      1516.99   2.1557402e+14
      1517.22   2.1668396e+14
      1517.45   2.1733203e+14
      1517.68   2.1834603e+14
      1517.91   2.1873810e+14
      1518.14   2.1867662e+14
      1518.37   2.1781339e+14
      1518.60   2.1696542e+14
      1518.83   2.1623053e+14
      1519.06   2.1608950e+14
      1519.30   2.1649268e+14
      1519.53   2.1721389e+14
      1519.76   2.1764516e+14
      1519.99   2.1808169e+14
      1520.22   2.1763955e+14
      1520.45   2.1608965e+14
      1520.68   2.1497185e+14
      1520.91   2.1373492e+14
      1521.14   2.1347605e+14
      1521.38   2.1339222e+14
      1521.61   2.1322052e+14
      1521.84   2.1282773e+14
      1522.07   2.1276885e+14
      1522.30   2.1276058e+14
      1522.53   2.1310923e+14
      1522.77   2.1428988e+14
      1523.00   2.1505620e+14
      1523.23   2.1583670e+14
      1523.46   2.1577718e+14
      1523.69   2.1584251e+14
      1523.93   2.1583600e+14
      1524.16   2.1488213e+14
      1524.39   2.1407201e+14
      1524.62   2.1282955e+14
      1524.85   2.1248934e+14
      1525.09   2.1276752e+14
      1525.32   2.1432673e+14
      1525.55   2.1576741e+14
      1525.79   2.1732183e+14
      1526.02   2.1728086e+14
      1526.25   2.1676890e+14
      1526.48   2.1611609e+14
      1526.72   2.1579973e+14
      1526.95   2.1571355e+14
      1527.18   2.1617589e+14
      1527.42   2.1664943e+14
      1527.65   2.1704850e+14
      1527.88   2.1706947e+14
      1528.12   2.1682003e+14
      1528.35   2.1649252e+14
      1528.58   2.1612719e+14
      1528.82   2.1571025e+14
      1529.05   2.1420945e+14
      1529.29   2.1173265e+14
      1529.52   2.0862896e+14
      1529.75   2.0599635e+14
      1529.99   2.0488995e+14
      1530.22   2.0574799e+14
      1530.46   2.0813896e+14
      1530.69   2.1114913e+14
      1530.93   2.1385260e+14
      1531.16   2.1522709e+14
      1531.39   2.1567843e+14
      1531.63   2.1563716e+14
      1531.86   2.1514696e+14
      1532.10   2.1451016e+14
      1532.33   2.1393833e+14
      1532.57   2.1348458e+14
      1532.80   2.1339143e+14
      1533.04   2.1344090e+14
      1533.27   2.1262759e+14
      1533.51   2.1203809e+14
      1533.74   2.1099359e+14
      1533.98   2.1012935e+14
      1534.21   2.0969450e+14
      1534.45   2.1001492e+14
      1534.68   2.1048947e+14
      1534.92   2.1154871e+14
      1535.16   2.1232863e+14
      1535.39   2.1295551e+14
      1535.63   2.1368476e+14
      1535.86   2.1390607e+14
      1536.10   2.1384168e+14
      1536.33   2.1378242e+14
      1536.57   2.1380833e+14
      1536.81   2.1406711e+14
      1537.04   2.1412788e+14
      1537.28   2.1334144e+14
      1537.52   2.1203063e+14
      1537.75   2.1051751e+14
      1537.99   2.0956741e+14
      1538.22   2.0935144e+14
      1538.46   2.1007758e+14
      1538.70   2.1103080e+14
      1538.94   2.1173962e+14
      1539.17   2.1057228e+14
      1539.41   2.0911730e+14
      1539.65   2.0718293e+14
      1539.88   2.0628754e+14
      1540.12   2.0583969e+14
      1540.36   2.0663964e+14
      1540.59   2.0740801e+14
      1540.83   2.0855917e+14
      1541.07   2.0908123e+14
      1541.31   2.0943112e+14
      1541.55   2.1012610e+14
      1541.78   2.1044562e+14
      1542.02   2.1039878e+14
      1542.26   2.1017711e+14
      1542.50   2.1009745e+14
      1542.73   2.1023528e+14
      1542.97   2.1067746e+14
      1543.21   2.1151792e+14
      1543.45   2.1213608e+14
      1543.69   2.1261818e+14
      1543.93   2.1245575e+14
      1544.16   2.1236159e+14
      1544.40   2.1228828e+14
      1544.64   2.1249295e+14
      1544.88   2.1268796e+14
      1545.12   2.1296486e+14
      1545.36   2.1301690e+14
      1545.59   2.1302049e+14
      1545.83   2.1276763e+14
      1546.07   2.1247964e+14
      1546.31   2.1220050e+14
      1546.55   2.1178923e+14
      1546.79   2.1058188e+14
      1547.03   2.0946534e+14
      1547.27   2.0757299e+14
      1547.51   2.0626588e+14
      1547.75   2.0523033e+14
      1547.99   2.0564717e+14
      1548.23   2.0639552e+14
      1548.47   2.0794098e+14
      1548.71   2.0862355e+14
      1548.95   2.0917783e+14
      1549.19   2.0907479e+14
      1549.43   2.0850400e+14
      1549.67   2.0797187e+14
      1549.91   2.0715257e+14
      1550.15   2.0700729e+14
      1550.39   2.0673349e+14
      1550.63   2.0712799e+14
      1550.87   2.0767902e+14
      1551.11   2.0885464e+14
      1551.35   2.0960430e+14
      1551.59   2.1051792e+14
      1551.83   2.1067615e+14
      1552.07   2.1068098e+14
      1552.31   2.1058770e+14
      1552.55   2.1028821e+14
      1552.80   2.0934389e+14
      1553.04   2.0810269e+14
      1553.28   2.0669629e+14
      1553.52   2.0549408e+14
      1553.76   2.0494098e+14
      1554.00   2.0441026e+14
      1554.24   2.0463028e+14
      1554.48   2.0508285e+14
      1554.73   2.0593429e+14
      1554.97   2.0603704e+14
      1555.21   2.0636776e+14
      1555.45   2.0551122e+14
      1555.69   2.0503170e+14
      1555.94   2.0425116e+14
      1556.18   2.0445120e+14
      1556.42   2.0522476e+14
      1556.66   2.0684471e+14
      1556.91   2.0795000e+14
      1557.15   2.0877926e+14
      1557.39   2.0857396e+14
      1557.63   2.0824478e+14
      1557.88   2.0750954e+14
      1558.12   2.0723017e+14
      1558.36   2.0703337e+14
      1558.60   2.0725216e+14
      1558.85   2.0686946e+14
      1559.09   2.0652675e+14
      1559.33   2.0577169e+14
      1559.58   2.0547669e+14
      1559.82   2.0557950e+14
      1560.06   2.0632864e+14
      1560.31   2.0751155e+14
      1560.55   2.0875715e+14
      1560.79   2.0950122e+14
      1561.04   2.0963271e+14
      1561.28   2.0968652e+14
      1561.52   2.0961699e+14
      1561.77   2.0908493e+14
      1562.01   2.0857381e+14
      1562.26   2.0791713e+14
      1562.50   2.0778768e+14
      1562.74   2.0753966e+14
      1562.99   2.0680083e+14
      1563.23   2.0612296e+14
      1563.48   2.0525699e+14
      1563.72   2.0508543e+14
      1563.97   2.0529605e+14
      1564.21   2.0661730e+14
      1564.46   2.0729236e+14
      1564.70   2.0837872e+14
      1564.94   2.0800672e+14
      1565.19   2.0781422e+14
      1565.44   2.0671647e+14
      1565.68   2.0607820e+14
      1565.93   2.0497389e+14
      1566.17   2.0449980e+14
      1566.42   2.0413204e+14
      1566.66   2.0434442e+14
      1566.91   2.0496807e+14
      1567.15   2.0573084e+14
      1567.40   2.0577662e+14
      1567.64   2.0490898e+14
      1567.89   2.0376321e+14
      1568.14   2.0273036e+14
      1568.38   2.0249149e+14
      1568.63   2.0308771e+14
      1568.87   2.0346184e+14
      1569.12   2.0385406e+14
      1569.37   2.0371434e+14
      1569.61   2.0345876e+14
      1569.86   2.0348029e+14
      1570.10   2.0423774e+14
      1570.35   2.0551284e+14
      1570.60   2.0678288e+14
      1570.84   2.0763449e+14
      1571.09   2.0777339e+14
      1571.34   2.0780089e+14
      1571.59   2.0789056e+14
      1571.83   2.0782405e+14
      1572.08   2.0711987e+14
      1572.33   2.0647310e+14
      1572.57   2.0566570e+14
      1572.82   2.0544771e+14
      1573.07   2.0562933e+14
      1573.32   2.0637792e+14
      1573.56   2.0656578e+14
      1573.81   2.0478358e+14
      1574.06   2.0281480e+14
      1574.31   1.9961881e+14
      1574.56   1.9626864e+14
      1574.80   1.9427831e+14
      1575.05   1.9385800e+14
      1575.30   1.9507667e+14
      1575.55   1.9736220e+14
      1575.80   1.9981631e+14
      1576.04   2.0024901e+14
      1576.29   1.9895599e+14
      1576.54   1.9444848e+14
      1576.79   1.8947077e+14
      1577.04   1.8644700e+14
      1577.29   1.8665246e+14
      1577.54   1.8977786e+14
      1577.79   1.9400404e+14
      1578.03   1.9888439e+14
      1578.28   2.0157065e+14
      1578.53   2.0257455e+14
      1578.78   2.0314344e+14
      1579.03   2.0375376e+14
      1579.28   2.0412885e+14
      1579.53   2.0481481e+14
      1579.78   2.0487959e+14
      1580.03   2.0517201e+14
      1580.28   2.0555917e+14
      1580.53   2.0592739e+14
      1580.78   2.0559757e+14
      1581.03   2.0565257e+14
      1581.28   2.0443579e+14
      1581.53   2.0242466e+14
      1581.78   1.9990250e+14
      1582.03   1.9760524e+14
      1582.28   1.9665009e+14
      1582.53   1.9666905e+14
      1582.78   1.9824825e+14
      1583.03   1.9970520e+14
      1583.28   2.0060676e+14
      1583.53   2.0019036e+14
      1583.78   1.9970213e+14
      1584.03   1.9932681e+14
      1584.28   1.9977425e+14
      1584.54   2.0134442e+14
      1584.79   2.0304274e+14
      1585.04   2.0357661e+14
      1585.29   2.0317721e+14
      1585.54   2.0254205e+14
      1585.79   2.0215750e+14
      1586.04   2.0165822e+14
      1586.29   2.0170182e+14
      1586.55   2.0115561e+14
      1586.80   2.0048671e+14
      1587.05   1.9909347e+14
      1587.30   1.9842248e+14
      1587.55   1.9719406e+14
      1587.81   1.9656007e+14
      1588.06   1.9499445e+14
      1588.31   1.9318703e+14
      1588.56   1.8867359e+14
      1588.81   1.8512668e+14
      1589.07   1.8247146e+14
      1589.32   1.8268781e+14
      1589.57   1.8358338e+14
      1589.82   1.8637101e+14
      1590.08   1.8881366e+14
      1590.33   1.9018780e+14
      1590.58   1.8996205e+14
      1590.84   1.8988509e+14
      1591.09   1.9087476e+14
      1591.34   1.9266143e+14
      1591.60   1.9506504e+14
      1591.85   1.9744803e+14
      1592.10   1.9965811e+14
      1592.36   2.0140051e+14
      1592.61   2.0247732e+14
      1592.86   2.0289618e+14
      1593.12   2.0298248e+14
      1593.37   2.0296656e+14
      1593.62   2.0292515e+14
      1593.88   2.0291703e+14
      1594.13   2.0326475e+14
      1594.39   2.0380095e+14
      1594.64   2.0427269e+14
      1594.90   2.0416846e+14
      1595.15   2.0313114e+14
      1595.41   2.0154241e+14
      1595.66   1.9861659e+14
      1595.91   1.9597064e+14
      1596.17   1.9359727e+14
      1596.42   1.9343435e+14
      1596.68   1.9422776e+14
      1596.93   1.9696069e+14
      1597.19   1.9966057e+14
      1597.44   2.0238054e+14
      1597.70   2.0355799e+14
      1597.95   2.0409754e+14
      1598.21   2.0383857e+14
      1598.46   2.0253339e+14
      1598.72   2.0110837e+14
      1598.98   1.9988571e+14
      1599.23   1.9961658e+14
      1599.49   1.9965991e+14
      1599.74   2.0043314e+14
      1600.00   2.0056302e+14
      1600.26   2.0000601e+14
      1600.51   1.9828628e+14
      1600.77   1.9693577e+14
      1601.03   1.9576410e+14
      1601.28   1.9572875e+14
      1601.54   1.9631907e+14
      1601.79   1.9733696e+14
      1602.05   1.9779417e+14
      1602.31   1.9822283e+14
      1602.56   1.9822811e+14
      1602.82   1.9831925e+14
      1603.08   1.9851630e+14
      1603.33   1.9909391e+14
      1603.59   1.9917515e+14
      1603.85   1.9889663e+14
      1604.11   1.9825217e+14
      1604.36   1.9759343e+14
      1604.62   1.9688182e+14
      1604.88   1.9673677e+14
      1605.14   1.9725730e+14
      1605.39   1.9809553e+14
      1605.65   1.9797904e+14
      1605.91   1.9701349e+14
      1606.17   1.9554242e+14
      1606.43   1.9469468e+14
      1606.68   1.9432407e+14
      1606.94   1.9512383e+14
      1607.20   1.9646733e+14
      1607.46   1.9802774e+14
      1607.72   1.9875326e+14
      1607.98   1.9893923e+14
      1608.23   1.9877451e+14
      1608.49   1.9859353e+14
      1608.75   1.9831700e+14
      1609.01   1.9683482e+14
      1609.27   1.9412255e+14
      1609.53   1.9104053e+14
      1609.79   1.8849488e+14
      1610.05   1.8680910e+14
      1610.31   1.8661574e+14
      1610.56   1.8816507e+14
      1610.82   1.9032739e+14
      1611.08   1.9192293e+14
      1611.34   1.9245099e+14
      1611.60   1.9265968e+14
      1611.86   1.9265368e+14
      1612.12   1.9294488e+14
      1612.38   1.9345477e+14
      1612.64   1.9441605e+14
      1612.90   1.9542435e+14
      1613.16   1.9601425e+14
      1613.42   1.9569294e+14
      1613.68   1.9520557e+14
      1613.94   1.9496888e+14
      1614.20   1.9513072e+14
      1614.47   1.9540801e+14
      1614.73   1.9524508e+14
      1614.99   1.9428357e+14
      1615.25   1.9217522e+14
      1615.51   1.8964830e+14
      1615.77   1.8773097e+14
      1616.03   1.8674479e+14
      1616.29   1.8663554e+14
      1616.55   1.8732811e+14
      1616.81   1.8872438e+14
      1617.08   1.9018505e+14
      1617.34   1.9187800e+14
      1617.60   1.9345741e+14
      1617.86   1.9484697e+14
      1618.12   1.9540715e+14
      1618.39   1.9532178e+14
      1618.65   1.9493809e+14
      1618.91   1.9474015e+14
      1619.17   1.9481317e+14
      1619.43   1.9366202e+14
      1619.70   1.9156205e+14
      1619.96   1.8883531e+14
      1620.22   1.8705738e+14
      1620.48   1.8571209e+14
      1620.74   1.8643110e+14
      1621.01   1.8801843e+14
      1621.27   1.8998007e+14
      1621.53   1.9078544e+14
      1621.80   1.9158085e+14
      1622.06   1.9205025e+14
      1622.32   1.9269113e+14
      1622.59   1.9360773e+14
      1622.85   1.9489811e+14
      1623.11   1.9586150e+14
      1623.38   1.9634763e+14
      1623.64   1.9661373e+14
      1623.90   1.9623692e+14
      1624.17   1.9527475e+14
      1624.43   1.9416106e+14
      1624.69   1.9345205e+14
      1624.96   1.9307682e+14
      1625.22   1.9337630e+14
      1625.49   1.9399682e+14
      1625.75   1.9433913e+14
      1626.02   1.9433960e+14
      1626.28   1.9436765e+14
      1626.55   1.9460112e+14
      1626.81   1.9483243e+14
      1627.07   1.9533287e+14
      1627.34   1.9587050e+14
      1627.60   1.9619947e+14
      1627.87   1.9624663e+14
      1628.13   1.9626395e+14
      1628.40   1.9632525e+14
      1628.67   1.9624685e+14
      1628.93   1.9563319e+14
      1629.19   1.9470728e+14
      1629.46   1.9373090e+14
      1629.73   1.9303863e+14
      1629.99   1.9261514e+14
      1630.26   1.9293312e+14
      1630.52   1.9360581e+14
      1630.79   1.9396416e+14
      1631.06   1.9388120e+14
      1631.32   1.9373289e+14
      1631.59   1.9373342e+14
      1631.85   1.9364561e+14
      1632.12   1.9339402e+14
      1632.39   1.9308495e+14
      1632.65   1.9266932e+14
      1632.92   1.9149429e+14
      1633.19   1.8986804e+14
      1633.45   1.8886940e+14
      1633.72   1.8890212e+14
      1633.99   1.8926670e+14
      1634.25   1.9001456e+14
      1634.52   1.9121213e+14
      1634.79   1.9229653e+14
      1635.06   1.9259199e+14
      1635.32   1.9251647e+14
      1635.59   1.9238960e+14
      1635.86   1.9187057e+14
      1636.13   1.9013019e+14
      1636.39   1.8795959e+14
      1636.66   1.8628741e+14
      1636.93   1.8568161e+14
      1637.20   1.8536945e+14
      1637.46   1.8577690e+14
      1637.73   1.8498024e+14
      1638.00   1.8306668e+14
      1638.27   1.8052232e+14
      1638.54   1.7942701e+14
      1638.81   1.7899093e+14
      1639.08   1.8009373e+14
      1639.34   1.8169908e+14
      1639.61   1.8299260e+14
      1639.88   1.8285193e+14
      1640.15   1.8254739e+14
      1640.42   1.8212638e+14
      1640.69   1.8179386e+14
      1640.96   1.8131394e+14
      1641.23   1.8098841e+14
      1641.50   1.8080676e+14
      1641.77   1.8118137e+14
      1642.04   1.8192283e+14
      1642.31   1.8292700e+14
      1642.58   1.8396003e+14
      1642.84   1.8495763e+14
      1643.11   1.8529199e+14
      1643.39   1.8479768e+14
      1643.66   1.8418512e+14
      1643.93   1.8388955e+14
      1644.20   1.8320823e+14
      1644.47   1.8259254e+14
      1644.74   1.8281338e+14
      1645.01   1.8364855e+14
      1645.28   1.8413399e+14
      1645.55   1.8480941e+14
      1645.82   1.8582096e+14
      1646.09   1.8651023e+14
      1646.36   1.8664133e+14
      1646.63   1.8664443e+14
      1646.90   1.8686687e+14
      1647.18   1.8697492e+14
      1647.45   1.8705606e+14
      1647.72   1.8705918e+14
      1647.99   1.8709261e+14
      1648.26   1.8619060e+14
      1648.53   1.8496542e+14
      1648.81   1.8416554e+14
      1649.08   1.8414031e+14
      1649.35   1.8423786e+14
      1649.62   1.8518929e+14
      1649.89   1.8651061e+14
      1650.17   1.8661799e+14
      1650.44   1.8557947e+14
      1650.71   1.8471510e+14
      1650.98   1.8446695e+14
      1651.26   1.8427697e+14
      1651.53   1.8506861e+14
      1651.80   1.8632354e+14
      1652.07   1.8678163e+14
      1652.35   1.8638935e+14
      1652.62   1.8613409e+14
      1652.89   1.8618985e+14
      1653.17   1.8608362e+14
      1653.44   1.8647111e+14
      1653.71   1.8689550e+14
      1653.99   1.8683316e+14
      1654.26   1.8620110e+14
      1654.53   1.8573155e+14
      1654.81   1.8555973e+14
      1655.08   1.8574615e+14
      1655.36   1.8624305e+14
      1655.63   1.8675369e+14
      1655.90   1.8713746e+14
      1656.18   1.8739592e+14
      1656.45   1.8746916e+14
      1656.73   1.8731935e+14
      1657.00   1.8723514e+14
      1657.28   1.8728748e+14
      1657.55   1.8733515e+14
      1657.82   1.8728684e+14
      1658.10   1.8717212e+14
      1658.38   1.8678695e+14
      1658.65   1.8615842e+14
      1658.93   1.8557447e+14
      1659.20   1.8534649e+14
      1659.48   1.8549480e+14
      1659.75   1.8605056e+14
      1660.03   1.8683325e+14
      1660.30   1.8749272e+14
      1660.58   1.8786892e+14
      1660.85   1.8806339e+14
      1661.13   1.8805919e+14
      1661.41   1.8788584e+14
      1661.68   1.8753130e+14
      1661.96   1.8708521e+14
      1662.23   1.8663495e+14
      1662.51   1.8628480e+14
      1662.79   1.8587043e+14
      1663.06   1.8558500e+14
      1663.34   1.8549858e+14
      1663.62   1.8553887e+14
      1663.89   1.8543862e+14
      1664.17   1.8525657e+14
      1664.45   1.8510572e+14
      1664.72   1.8484239e+14
      1665.00   1.8434537e+14
      1665.28   1.8370933e+14
      1665.56   1.8331648e+14
      1665.83   1.8320807e+14
      1666.11   1.8320802e+14
      1666.39   1.8337287e+14
      1666.67   1.8365352e+14
      1666.94   1.8370738e+14
      1667.22   1.8337210e+14
      1667.50   1.8265780e+14
      1667.78   1.8132777e+14
      1668.06   1.8000462e+14
      1668.33   1.7960565e+14
      1668.61   1.8009121e+14
      1668.89   1.8099487e+14
      1669.17   1.8246966e+14
      1669.45   1.8398851e+14
      1669.73   1.8475636e+14
      1670.01   1.8468413e+14
      1670.29   1.8440073e+14
      1670.56   1.8409226e+14
      1670.84   1.8376756e+14
      1671.12   1.8299771e+14
      1671.40   1.8118335e+14
      1671.68   1.7901523e+14
      1671.96   1.7718504e+14
      1672.24   1.7611829e+14
      1672.52   1.7593476e+14
      1672.80   1.7727231e+14
      1673.08   1.7921498e+14
      1673.36   1.8067719e+14
      1673.64   1.8127831e+14
      1673.92   1.8148473e+14
      1674.20   1.8141988e+14
      1674.48   1.8096550e+14
      1674.76   1.7961650e+14
      1675.04   1.7801601e+14
      1675.32   1.7696740e+14
      1675.60   1.7659820e+14
      1675.88   1.7609474e+14
      1676.17   1.7647179e+14
      1676.45   1.7752197e+14
      1676.73   1.7847300e+14
      1677.01   1.7862654e+14
      1677.29   1.7901073e+14
      1677.57   1.7931023e+14
      1677.85   1.7909556e+14
      1678.13   1.7837889e+14
      1678.42   1.7767005e+14
      1678.70   1.7701267e+14
      1678.98   1.7636891e+14
      1679.26   1.7563660e+14
      1679.54   1.7431639e+14
      1679.82   1.7246068e+14
      1680.11   1.7042594e+14
      1680.39   1.6833214e+14
      1680.67   1.6643297e+14
      1680.95   1.6560480e+14
      1681.24   1.6582211e+14
      1681.52   1.6650861e+14
      1681.80   1.6781548e+14
      1682.09   1.6974063e+14
      1682.37   1.7135542e+14
      1682.65   1.7253472e+14
      1682.94   1.7372097e+14
      1683.22   1.7486696e+14
      1683.50   1.7562101e+14
      1683.78   1.7630453e+14
      1684.07   1.7700222e+14
      1684.35   1.7758133e+14
      1684.64   1.7797211e+14
      1684.92   1.7818656e+14
      1685.20   1.7796728e+14
      1685.49   1.7747979e+14
      1685.77   1.7715562e+14
      1686.06   1.7715936e+14
      1686.34   1.7712246e+14
      1686.62   1.7727431e+14
      1686.91   1.7738556e+14
      1687.19   1.7737220e+14
      1687.48   1.7723345e+14
      1687.76   1.7750768e+14
      1688.05   1.7794813e+14
      1688.33   1.7829910e+14
      1688.62   1.7765840e+14
      1688.90   1.7641601e+14
      1689.19   1.7532891e+14
      1689.47   1.7511798e+14
      1689.76   1.7533992e+14
      1690.05   1.7641099e+14
      1690.33   1.7781750e+14
      1690.62   1.7878237e+14
      1690.90   1.7888756e+14
      1691.19   1.7884508e+14
      1691.47   1.7894211e+14
      1691.76   1.7913469e+14
      1692.05   1.7926773e+14
      1692.33   1.7927348e+14
      1692.62   1.7918685e+14
      1692.91   1.7903332e+14
      1693.19   1.7885267e+14
      1693.48   1.7866471e+14
      1693.77   1.7856247e+14
      1694.05   1.7859178e+14
      1694.34   1.7863090e+14
      1694.63   1.7860544e+14
      1694.92   1.7859385e+14
      1695.20   1.7860429e+14
      1695.49   1.7849426e+14
      1695.78   1.7831061e+14
      1696.06   1.7804987e+14
      1696.35   1.7781536e+14
      1696.64   1.7757090e+14
      1696.93   1.7747935e+14
      1697.22   1.7742890e+14
      1697.51   1.7751018e+14
      1697.79   1.7758982e+14
      1698.08   1.7772520e+14
      1698.37   1.7771648e+14
      1698.66   1.7756920e+14
      1698.95   1.7726457e+14
      1699.23   1.7673841e+14
      1699.52   1.7610967e+14
      1699.81   1.7549463e+14
      1700.10   1.7511396e+14
      1700.39   1.7483816e+14
      1700.68   1.7461968e+14
      1700.97   1.7438562e+14
      1701.26   1.7447474e+14
      1701.55   1.7472805e+14
      1701.84   1.7454806e+14
      1702.13   1.7415778e+14
      1702.42   1.7383295e+14
      1702.71   1.7347854e+14
      1703.00   1.7291285e+14
      1703.29   1.7299446e+14
      1703.58   1.7373447e+14
      1703.87   1.7463161e+14
      1704.16   1.7522322e+14
      1704.45   1.7570988e+14
      1704.74   1.7598605e+14
      1705.03   1.7578454e+14
      1705.32   1.7525629e+14
      1705.61   1.7484130e+14
      1705.90   1.7462294e+14
      1706.19   1.7424977e+14
      1706.48   1.7394487e+14
      1706.78   1.7374680e+14
      1707.07   1.7295740e+14
      1707.36   1.7152460e+14
      1707.65   1.7058050e+14
      1707.94   1.7063555e+14
      1708.23   1.7085706e+14
      1708.53   1.7123770e+14
      1708.82   1.7196550e+14
      1709.11   1.7265221e+14
      1709.40   1.7289900e+14
      1709.69   1.7315402e+14
      1709.99   1.7356171e+14
      1710.28   1.7311742e+14
      1710.57   1.7055062e+14
      1710.86   1.6717673e+14
      1711.16   1.6512319e+14
      1711.45   1.6491405e+14
      1711.74   1.6591119e+14
      1712.04   1.6868665e+14
      1712.33   1.7201232e+14
      1712.62   1.7402888e+14
      1712.92   1.7440107e+14
      1713.21   1.7446521e+14
      1713.50   1.7454745e+14
      1713.80   1.7461248e+14
      1714.09   1.7461381e+14
      1714.38   1.7464078e+14
      1714.68   1.7466858e+14
      1714.97   1.7462855e+14
      1715.27   1.7446055e+14
      1715.56   1.7402368e+14
      1715.85   1.7339375e+14
      1716.15   1.7293013e+14
      1716.44   1.7283135e+14
      1716.74   1.7286596e+14
      1717.03   1.7276305e+14
      1717.33   1.7263112e+14
      1717.62   1.7254638e+14
      1717.92   1.7249140e+14
      1718.21   1.7244139e+14
      1718.51   1.7268728e+14
      1718.80   1.7280482e+14
      1719.10   1.7253422e+14
      1719.39   1.7211347e+14
      1719.69   1.7188574e+14
      1719.99   1.7134528e+14
      1720.28   1.7067511e+14
      1720.58   1.7031677e+14
      1720.87   1.7022729e+14
      1721.17   1.7011869e+14
      1721.47   1.7050419e+14
      1721.76   1.7134407e+14
      1722.06   1.7118832e+14
      1722.36   1.6977689e+14
      1722.65   1.6792382e+14
      1722.95   1.6622800e+14
      1723.25   1.6493474e+14
      1723.54   1.6529982e+14
      1723.84   1.6687167e+14
      1724.14   1.6861374e+14
      1724.44   1.6979240e+14
      1724.73   1.7038494e+14
      1725.03   1.7024556e+14
      1725.33   1.6998646e+14
      1725.62   1.6978711e+14
      1725.92   1.6988172e+14
      1726.22   1.7025950e+14
      1726.52   1.7074657e+14
      1726.82   1.7085896e+14
      1727.12   1.7048212e+14
      1727.41   1.6966504e+14
      1727.71   1.6884527e+14
      1728.01   1.6835105e+14
      1728.31   1.6817534e+14
      1728.61   1.6851168e+14
      1728.91   1.6934528e+14
      1729.21   1.7018015e+14
      1729.51   1.7047784e+14
      1729.81   1.7051946e+14
      1730.10   1.7042651e+14
      1730.40   1.7016737e+14
      1730.70   1.6980964e+14
      1731.00   1.6956278e+14
      1731.30   1.6915465e+14
      1731.60   1.6861010e+14
      1731.90   1.6772179e+14
      1732.20   1.6568346e+14
      1732.50   1.6282648e+14
      1732.80   1.6077553e+14
      1733.10   1.5998617e+14
      1733.40   1.5944175e+14
      1733.70   1.5967700e+14
      1734.00   1.6087593e+14
      1734.31   1.6188022e+14
      1734.61   1.6165129e+14
      1734.91   1.6106389e+14
      1735.21   1.6033440e+14
      1735.51   1.5908240e+14
      1735.81   1.5709508e+14
      1736.11   1.5514395e+14
      1736.41   1.5408744e+14
      1736.71   1.5415159e+14
      1737.02   1.5502148e+14
      1737.32   1.5658854e+14
      1737.62   1.5865260e+14
      1737.92   1.6060491e+14
      1738.22   1.6202502e+14
      1738.53   1.6298573e+14
      1738.83   1.6362361e+14
      1739.13   1.6405353e+14
      1739.43   1.6444081e+14
      1739.74   1.6490546e+14
      1740.04   1.6527526e+14
      1740.34   1.6491624e+14
      1740.64   1.6411355e+14
      1740.95   1.6364160e+14
      1741.25   1.6367622e+14
      1741.55   1.6378815e+14
      1741.86   1.6449951e+14
      1742.16   1.6549684e+14
      1742.46   1.6593373e+14
      1742.77   1.6582495e+14
      1743.07   1.6592045e+14
      1743.38   1.6620446e+14
      1743.68   1.6654410e+14
      1743.98   1.6689813e+14
      1744.29   1.6679022e+14
      1744.59   1.6588608e+14
      1744.90   1.6477279e+14
      1745.20   1.6389856e+14
      1745.51   1.6329280e+14
      1745.81   1.6320490e+14
      1746.11   1.6334778e+14
      1746.42   1.6285034e+14
      1746.72   1.6227769e+14
      1747.03   1.6225611e+14
      1747.33   1.6244188e+14
      1747.64   1.6309324e+14
      1747.95   1.6464961e+14
      1748.25   1.6601260e+14
      1748.56   1.6620755e+14
      1748.86   1.6574706e+14
      1749.17   1.6528722e+14
      1749.47   1.6472510e+14
      1749.78   1.6392555e+14
      1750.09   1.6317648e+14
      1750.39   1.6272768e+14
      1750.70   1.6259880e+14
      1751.01   1.6283918e+14
      1751.31   1.6306512e+14
      1751.62   1.6323971e+14
      1751.93   1.6351833e+14
      1752.23   1.6372684e+14
      1752.54   1.6363527e+14
      1752.85   1.6393096e+14
      1753.16   1.6464383e+14
      1753.46   1.6509800e+14
      1753.77   1.6513441e+14
      1754.08   1.6492275e+14
      1754.39   1.6436919e+14
      1754.69   1.6382557e+14
      1755.00   1.6362636e+14
      1755.31   1.6359665e+14
      1755.62   1.6380065e+14
      1755.93   1.6434359e+14
      1756.23   1.6480630e+14
      1756.54   1.6502670e+14
      1756.85   1.6508793e+14
      1757.16   1.6479217e+14
      1757.47   1.6428272e+14
      1757.78   1.6401391e+14
      1758.09   1.6393163e+14
      1758.40   1.6376786e+14
      1758.71   1.6379756e+14
      1759.02   1.6396378e+14
      1759.32   1.6391956e+14
      1759.63   1.6367254e+14
      1759.94   1.6333539e+14
      1760.25   1.6284773e+14
      1760.56   1.6239817e+14
      1760.87   1.6202407e+14
      1761.18   1.6106525e+14
      1761.49   1.5980531e+14
      1761.80   1.5892905e+14
      1762.11   1.5845040e+14
      1762.43   1.5828865e+14
      1762.74   1.5912362e+14
      1763.05   1.6039780e+14
      1763.36   1.6099511e+14
      1763.67   1.6080480e+14
      1763.98   1.6054900e+14
      1764.29   1.6040704e+14
      1764.60   1.6040551e+14
      1764.91   1.6087064e+14
      1765.22   1.6165847e+14
      1765.54   1.6208030e+14
      1765.85   1.6191361e+14
      1766.16   1.6165216e+14
      1766.47   1.6143077e+14
      1766.78   1.6097573e+14
      1767.10   1.6041404e+14
      1767.41   1.6013344e+14
      1767.72   1.6007532e+14
      1768.03   1.5999425e+14
      1768.35   1.6017675e+14
      1768.66   1.6054434e+14
      1768.97   1.6059554e+14
      1769.28   1.6015168e+14
      1769.60   1.5962399e+14
      1769.91   1.5917550e+14
      1770.22   1.5876368e+14
      1770.54   1.5853353e+14
      1770.85   1.5870322e+14
      1771.17   1.5902411e+14
      1771.48   1.5930415e+14
      1771.79   1.5959799e+14
      1772.11   1.5988763e+14
      1772.42   1.6006193e+14
      1772.73   1.6015331e+14
      1773.05   1.6014045e+14
      1773.36   1.6005906e+14
      1773.68   1.5995290e+14
      1773.99   1.5972934e+14
      1774.31   1.5934830e+14
      1774.62   1.5896112e+14
      1774.94   1.5853267e+14
      1775.25   1.5806955e+14
      1775.57   1.5774597e+14
      1775.88   1.5744892e+14
      1776.20   1.5708740e+14
      1776.52   1.5647557e+14
      1776.83   1.5549996e+14
      1777.15   1.5470243e+14
      1777.46   1.5469608e+14
      1777.78   1.5515196e+14
      1778.09   1.5589711e+14
      1778.41   1.5666827e+14
      1778.73   1.5691794e+14
      1779.04   1.5662278e+14
      1779.36   1.5634285e+14
      1779.68   1.5628443e+14
      1779.99   1.5662528e+14
      1780.31   1.5724200e+14
      1780.63   1.5770595e+14
      1780.94   1.5761246e+14
      1781.26   1.5710042e+14
      1781.58   1.5663630e+14
      1781.90   1.5627097e+14
      1782.21   1.5577824e+14
      1782.53   1.5553032e+14
      1782.85   1.5574947e+14
      1783.17   1.5588092e+14
      1783.48   1.5572587e+14
      1783.80   1.5569469e+14
      1784.12   1.5554899e+14
      1784.44   1.5501247e+14
      1784.76   1.5459194e+14
      1785.08   1.5463533e+14
      1785.40   1.5487812e+14
      1785.71   1.5536298e+14
      1786.03   1.5607384e+14
      1786.35   1.5668756e+14
      1786.67   1.5704980e+14
      1786.99   1.5725532e+14
      1787.31   1.5728319e+14
      1787.63   1.5720763e+14
      1787.95   1.5710348e+14
      1788.27   1.5697524e+14
      1788.59   1.5674424e+14
      1788.91   1.5641042e+14
      1789.23   1.5612743e+14
      1789.55   1.5600320e+14
      1789.87   1.5594624e+14
      1790.19   1.5595845e+14
      1790.51   1.5604487e+14
      1790.83   1.5605450e+14
      1791.15   1.5585756e+14
      1791.47   1.5560007e+14
      1791.79   1.5540988e+14
      1792.11   1.5524905e+14
      1792.44   1.5508984e+14
      1792.76   1.5503611e+14
      1793.08   1.5504470e+14
      1793.40   1.5487498e+14
      1793.72   1.5458239e+14
      1794.04   1.5448528e+14
      1794.37   1.5454830e+14
      1794.69   1.5465461e+14
      1795.01   1.5493157e+14
      1795.33   1.5527224e+14
      1795.66   1.5529257e+14
      1795.98   1.5503466e+14
      1796.30   1.5477501e+14
      1796.62   1.5451949e+14
      1796.94   1.5431859e+14
      1797.27   1.5435258e+14
      1797.59   1.5456524e+14
      1797.91   1.5477794e+14
      1798.24   1.5502293e+14
      1798.56   1.5529390e+14
      1798.89   1.5549132e+14
      1799.21   1.5554459e+14
      1799.53   1.5541913e+14
      1799.86   1.5499139e+14
      1800.18   1.5428214e+14
      1800.50   1.5370550e+14
      1800.83   1.5349267e+14
      1801.15   1.5312344e+14
      1801.48   1.5249060e+14
      1801.80   1.5204368e+14
      1802.13   1.5164525e+14
      1802.45   1.5110309e+14
      1802.78   1.5106964e+14
      1803.10   1.5175994e+14
      1803.43   1.5257152e+14
      1803.75   1.5324665e+14
      1804.08   1.5382802e+14
      1804.40   1.5410064e+14
      1804.73   1.5407461e+14
      1805.05   1.5396901e+14
      1805.38   1.5381197e+14
      1805.71   1.5345533e+14
      1806.03   1.5299570e+14
      1806.36   1.5276424e+14
      1806.69   1.5266703e+14
      1807.01   1.5249117e+14
      1807.34   1.5245402e+14
      1807.67   1.5259390e+14
      1807.99   1.5267527e+14
      1808.32   1.5276550e+14
      1808.64   1.5288105e+14
      1808.97   1.5287016e+14
      1809.30   1.5281812e+14
      1809.63   1.5277564e+14
      1809.95   1.5270440e+14
      1810.28   1.5266101e+14
      1810.61   1.5259582e+14
      1810.94   1.5240647e+14
      1811.27   1.5204832e+14
      1811.59   1.5163667e+14
      1811.92   1.5136217e+14
      1812.25   1.5124856e+14
      1812.58   1.5122756e+14
      1812.91   1.5128189e+14
      1813.24   1.5127061e+14
      1813.57   1.5090559e+14
      1813.89   1.5024962e+14
      1814.22   1.4965134e+14
      1814.55   1.4910441e+14
      1814.88   1.4848803e+14
      1815.21   1.4794481e+14
      1815.54   1.4741074e+14
      1815.87   1.4655827e+14
      1816.20   1.4530039e+14
      1816.53   1.4358009e+14
      1816.86   1.4121356e+14
      1817.19   1.3854814e+14
      1817.52   1.3647573e+14
      1817.85   1.3558813e+14
      1818.18   1.3599304e+14
      1818.51   1.3761198e+14
      1818.84   1.4001814e+14
      1819.17   1.4240400e+14
      1819.51   1.4419082e+14
      1819.84   1.4532824e+14
      1820.17   1.4611900e+14
      1820.50   1.4675809e+14
      1820.83   1.4687440e+14
      1821.16   1.4651271e+14
      1821.49   1.4614649e+14
      1821.83   1.4553131e+14
      1822.16   1.4482090e+14
      1822.49   1.4490897e+14
      1822.82   1.4568752e+14
      1823.15   1.4658684e+14
      1823.49   1.4779091e+14
      1823.82   1.4898048e+14
      1824.15   1.4949618e+14
      1824.48   1.4953399e+14
      1824.82   1.4941155e+14
      1825.15   1.4928283e+14
      1825.48   1.4925985e+14
      1825.82   1.4931351e+14
      1826.15   1.4945794e+14
      1826.48   1.4965095e+14
      1826.82   1.4969064e+14
      1827.15   1.4961126e+14
      1827.48   1.4952573e+14
      1827.82   1.4893305e+14
      1828.15   1.4785688e+14
      1828.49   1.4724781e+14
      1828.82   1.4721648e+14
      1829.16   1.4728228e+14
      1829.49   1.4770817e+14
      1829.83   1.4852713e+14
      1830.16   1.4900200e+14
      1830.50   1.4904605e+14
      1830.83   1.4909013e+14
      1831.17   1.4919787e+14
      1831.50   1.4898658e+14
      1831.84   1.4827764e+14
      1832.17   1.4736960e+14
      1832.51   1.4649308e+14
      1832.84   1.4601414e+14
      1833.18   1.4625672e+14
      1833.52   1.4695582e+14
      1833.85   1.4764013e+14
      1834.19   1.4814413e+14
      1834.53   1.4821206e+14
      1834.86   1.4789928e+14
      1835.20   1.4758045e+14
      1835.54   1.4739446e+14
      1835.87   1.4738467e+14
      1836.21   1.4755731e+14
      1836.55   1.4771586e+14
      1836.89   1.4733662e+14
      1837.22   1.4643865e+14
      1837.56   1.4585072e+14
      1837.90   1.4566232e+14
      1838.23   1.4558393e+14
      1838.57   1.4591082e+14
      1838.91   1.4652169e+14
      1839.25   1.4659162e+14
      1839.59   1.4621866e+14
      1839.93   1.4604881e+14
      1840.27   1.4618436e+14
      1840.60   1.4646466e+14
      1840.94   1.4675751e+14
      1841.28   1.4670394e+14
      1841.62   1.4566971e+14
      1841.96   1.4403883e+14
      1842.30   1.4288634e+14
      1842.64   1.4236373e+14
      1842.98   1.4239472e+14
      1843.32   1.4314069e+14
      1843.66   1.4412525e+14
      1844.00   1.4466899e+14
      1844.34   1.4494868e+14
      1844.68   1.4512523e+14
      1845.02   1.4523523e+14
      1845.36   1.4546213e+14
      1845.70   1.4560818e+14
      1846.04   1.4461523e+14
      1846.38   1.4246053e+14
      1846.72   1.4066045e+14
      1847.06   1.3950475e+14
      1847.40   1.3906693e+14
      1847.75   1.3994819e+14
      1848.09   1.4186481e+14
      1848.43   1.4341122e+14
      1848.77   1.4442848e+14
      1849.11   1.4507939e+14
      1849.45   1.4539514e+14
      1849.80   1.4563615e+14
      1850.14   1.4589231e+14
      1850.48   1.4610035e+14
      1850.82   1.4618267e+14
      1851.17   1.4610149e+14
      1851.51   1.4584617e+14
      1851.85   1.4533880e+14
      1852.19   1.4458818e+14
      1852.54   1.4388462e+14
      1852.88   1.4347581e+14
      1853.22   1.4344954e+14
      1853.57   1.4382648e+14
      1853.91   1.4450237e+14
      1854.26   1.4505596e+14
      1854.60   1.4506743e+14
      1854.94   1.4420016e+14
      1855.29   1.4286019e+14
      1855.63   1.4209247e+14
      1855.98   1.4198795e+14
      1856.32   1.4229454e+14
      1856.67   1.4319952e+14
      1857.01   1.4441846e+14
      1857.36   1.4505002e+14
      1857.70   1.4499975e+14
      1858.05   1.4454070e+14
      1858.39   1.4393270e+14
      1858.74   1.4333962e+14
      1859.08   1.4254281e+14
      1859.43   1.4179406e+14
      1859.77   1.4158614e+14
      1860.12   1.4172004e+14
      1860.47   1.4174359e+14
      1860.81   1.4164413e+14
      1861.16   1.4170543e+14
      1861.50   1.4183404e+14
      1861.85   1.4169146e+14
      1862.20   1.4141132e+14
      1862.54   1.4167476e+14
      1862.89   1.4207940e+14
      1863.24   1.4197449e+14
      1863.59   1.4176893e+14
      1863.93   1.4190939e+14
      1864.28   1.4189701e+14
      1864.63   1.4177855e+14
      1864.98   1.4176798e+14
      1865.32   1.4156887e+14
      1865.67   1.4085409e+14
      1866.02   1.3987880e+14
      1866.37   1.3918677e+14
      1866.72   1.3884578e+14
      1867.06   1.3865410e+14
      1867.41   1.3872370e+14
      1867.76   1.3939076e+14
      1868.11   1.3996530e+14
      1868.46   1.4031648e+14
      1868.81   1.4088250e+14
      1869.16   1.4155144e+14
      1869.51   1.4172901e+14
      1869.86   1.4148085e+14
      1870.21   1.4114232e+14
      1870.56   1.4082521e+14
      1870.91   1.4044937e+14
      1871.26   1.3991272e+14
      1871.61   1.3905419e+14
      1871.96   1.3774994e+14
      1872.31   1.3666388e+14
      1872.66   1.3602376e+14
      1873.01   1.3538164e+14
      1873.36   1.3473562e+14
      1873.71   1.3417527e+14
      1874.06   1.3259616e+14
      1874.41   1.2898901e+14
      1874.77   1.2385665e+14
      1875.12   1.1945766e+14
      1875.47   1.1730961e+14
      1875.82   1.1741338e+14
      1876.17   1.2007979e+14
      1876.53   1.2499593e+14
      1876.88   1.2981957e+14
      1877.23   1.3294252e+14
      1877.58   1.3475180e+14
      1877.93   1.3592991e+14
      1878.29   1.3673864e+14
      1878.64   1.3720315e+14
      1878.99   1.3725432e+14
      1879.35   1.3714495e+14
      1879.70   1.3708361e+14
      1880.05   1.3725005e+14
      1880.41   1.3771590e+14
      1880.76   1.3847151e+14
      1881.11   1.3915836e+14
      1881.47   1.3947413e+14
      1881.82   1.3939317e+14
      1882.18   1.3922318e+14
      1882.53   1.3915212e+14
      1882.89   1.3914288e+14
      1883.24   1.3917082e+14
      1883.59   1.3921974e+14
      1883.95   1.3904595e+14
      1884.30   1.3860570e+14
      1884.66   1.3827167e+14
      1885.01   1.3757559e+14
      1885.37   1.3631630e+14
      1885.72   1.3582346e+14
      1886.08   1.3620046e+14
      1886.44   1.3663310e+14
      1886.79   1.3741991e+14
      1887.15   1.3856771e+14
      1887.51   1.3905382e+14
      1887.86   1.3895805e+14
      1888.22   1.3871931e+14
      1888.57   1.3841661e+14
      1888.93   1.3802821e+14
      1889.29   1.3726136e+14
      1889.64   1.3610132e+14
      1890.00   1.3555176e+14
      1890.36   1.3570150e+14
      1890.72   1.3590880e+14
      1891.07   1.3597195e+14
      1891.43   1.3623230e+14
      1891.79   1.3585204e+14
      1892.15   1.3462362e+14
      1892.51   1.3338378e+14
      1892.86   1.3297445e+14
      1893.22   1.3326093e+14
      1893.58   1.3373481e+14
      1893.94   1.3413937e+14
      1894.30   1.3459623e+14
      1894.66   1.3488870e+14
      1895.02   1.3427084e+14
      1895.38   1.3306876e+14
      1895.73   1.3207014e+14
      1896.09   1.3143066e+14
      1896.45   1.3123830e+14
      1896.81   1.3153991e+14
      1897.17   1.3241830e+14
      1897.53   1.3366590e+14
      1897.89   1.3475559e+14
      1898.25   1.3477892e+14
      1898.61   1.3422879e+14
      1898.97   1.3397069e+14
      1899.33   1.3376568e+14
      1899.70   1.3374755e+14
      1900.06   1.3438571e+14
      1900.42   1.3540274e+14
      1900.78   1.3600569e+14
      1901.14   1.3636772e+14
      1901.50   1.3647752e+14
      1901.86   1.3633880e+14
      1902.23   1.3595224e+14
      1902.59   1.3501939e+14
      1902.95   1.3392364e+14
      1903.31   1.3339402e+14
      1903.67   1.3325268e+14
      1904.04   1.3322884e+14
      1904.40   1.3352112e+14
      1904.76   1.3405885e+14
      1905.12   1.3427584e+14
      1905.49   1.3417543e+14
      1905.85   1.3413288e+14
      1906.21   1.3433221e+14
      1906.58   1.3437617e+14
      1906.94   1.3403372e+14
      1907.31   1.3354028e+14
      1907.67   1.3312760e+14
      1908.03   1.3287036e+14
      1908.40   1.3287999e+14
      1908.76   1.3318891e+14
      1909.13   1.3361129e+14
      1909.49   1.3393979e+14
      1909.86   1.3396074e+14
      1910.22   1.3368675e+14
      1910.58   1.3317026e+14
      1910.95   1.3220457e+14
      1911.31   1.3119331e+14
      1911.68   1.3087525e+14
      1912.05   1.3095928e+14
      1912.41   1.3115036e+14
      1912.78   1.3191265e+14
      1913.14   1.3286635e+14
      1913.51   1.3320189e+14
      1913.88   1.3317291e+14
      1914.24   1.3321679e+14
      1914.61   1.3313696e+14
      1914.97   1.3282422e+14
      1915.34   1.3246629e+14
      1915.71   1.3228657e+14
      1916.08   1.3217795e+14
      1916.44   1.3216081e+14
      1916.81   1.3231567e+14
      1917.18   1.3245769e+14
      1917.55   1.3231391e+14
      1917.91   1.3200341e+14
      1918.28   1.3182616e+14
      1918.65   1.3150348e+14
      1919.02   1.3067333e+14
      1919.39   1.2989941e+14
      1919.75   1.2979474e+14
      1920.12   1.2989016e+14
      1920.49   1.3017184e+14
      1920.86   1.3106889e+14
      1921.23   1.3205635e+14
      1921.60   1.3238307e+14
      1921.97   1.3233161e+14
      1922.34   1.3199456e+14
      1922.71   1.3141424e+14
      1923.08   1.3113806e+14
      1923.45   1.3102883e+14
      1923.82   1.3081187e+14
      1924.19   1.3097173e+14
      1924.56   1.3148072e+14
      1924.93   1.3169838e+14
      1925.30   1.3167825e+14
      1925.67   1.3167670e+14
      1926.04   1.3161198e+14
      1926.41   1.3143199e+14
      1926.78   1.3103810e+14
      1927.15   1.3053070e+14
      1927.53   1.3023782e+14
      1927.90   1.2962680e+14
      1928.27   1.2848707e+14
      1928.64   1.2768193e+14
      1929.01   1.2779035e+14
      1929.39   1.2792400e+14
      1929.76   1.2797013e+14
      1930.13   1.2844275e+14
      1930.50   1.2868274e+14
      1930.88   1.2817109e+14
      1931.25   1.2785488e+14
      1931.62   1.2773888e+14
      1931.99   1.2733855e+14
      1932.37   1.2714968e+14
      1932.74   1.2733752e+14
      1933.11   1.2744328e+14
      1933.49   1.2787095e+14
      1933.86   1.2868318e+14
      1934.24   1.2911403e+14
      1934.61   1.2903357e+14
      1934.98   1.2899047e+14
      1935.36   1.2897413e+14
      1935.73   1.2894485e+14
      1936.11   1.2915190e+14
      1936.48   1.2960936e+14
      1936.86   1.2982222e+14
      1937.23   1.2978566e+14
      1937.61   1.2964989e+14
      1937.98   1.2908764e+14
      1938.36   1.2770959e+14
      1938.74   1.2632720e+14
      1939.11   1.2556928e+14
      1939.49   1.2534076e+14
      1939.86   1.2565230e+14
      1940.24   1.2666160e+14
      1940.62   1.2760288e+14
      1940.99   1.2785050e+14
      1941.37   1.2756696e+14
      1941.75   1.2701716e+14
      1942.12   1.2619995e+14
      1942.50   1.2493140e+14
      1942.88   1.2314561e+14
      1943.26   1.2122028e+14
      1943.64   1.1929786e+14
      1944.01   1.1699356e+14
      1944.39   1.1465641e+14
      1944.77   1.1320358e+14
      1945.15   1.1252883e+14
      1945.53   1.1313812e+14
      1945.90   1.1524304e+14
      1946.28   1.1799975e+14
      1946.66   1.2043137e+14
      1947.04   1.2260271e+14
      1947.42   1.2395700e+14
      1947.80   1.2470628e+14
      1948.18   1.2529597e+14
      1948.56   1.2554550e+14
      1948.94   1.2518458e+14
      1949.32   1.2492232e+14
      1949.70   1.2486794e+14
      1950.08   1.2416032e+14
      1950.46   1.2271537e+14
      1950.84   1.2212672e+14
      1951.22   1.2206426e+14
      1951.60   1.2213451e+14
      1951.98   1.2300464e+14
      1952.36   1.2495204e+14
      1952.74   1.2645915e+14
      1953.12   1.2714200e+14
      1953.51   1.2736700e+14
      1953.89   1.2745997e+14
      1954.27   1.2754363e+14
      1954.65   1.2741602e+14
      1955.03   1.2706006e+14
      1955.42   1.2685255e+14
      1955.80   1.2677230e+14
      1956.18   1.2662504e+14
      1956.56   1.2649090e+14
      1956.95   1.2662774e+14
      1957.33   1.2670041e+14
      1957.71   1.2658797e+14
      1958.10   1.2645755e+14
      1958.48   1.2641681e+14
      1958.86   1.2619463e+14
      1959.25   1.2598275e+14
      1959.63   1.2589276e+14
      1960.02   1.2587082e+14
      1960.40   1.2588764e+14
      1960.78   1.2573700e+14
      1961.17   1.2519272e+14
      1961.55   1.2487444e+14
      1961.94   1.2446886e+14
      1962.32   1.2353017e+14
      1962.71   1.2290746e+14
      1963.09   1.2269454e+14
      1963.48   1.2208936e+14
      1963.86   1.2195110e+14
      1964.25   1.2257468e+14
      1964.64   1.2308571e+14
      1965.02   1.2330690e+14
      1965.41   1.2360009e+14
      1965.80   1.2350363e+14
      1966.18   1.2337491e+14
      1966.57   1.2348706e+14
      1966.95   1.2387258e+14
      1967.34   1.2430192e+14
      1967.73   1.2463459e+14
      1968.12   1.2454587e+14
      1968.50   1.2433835e+14
      1968.89   1.2420765e+14
      1969.28   1.2411591e+14
      1969.67   1.2414101e+14
      1970.06   1.2428110e+14
      1970.44   1.2424917e+14
      1970.83   1.2404712e+14
      1971.22   1.2368894e+14
      1971.61   1.2262113e+14
      1972.00   1.2088888e+14
      1972.39   1.1998374e+14
      1972.78   1.1949034e+14
      1973.17   1.1893105e+14
      1973.55   1.1937025e+14
      1973.94   1.2077907e+14
      1974.33   1.2147029e+14
      1974.72   1.2179501e+14
      1975.11   1.2232869e+14
      1975.50   1.2250661e+14
      1975.89   1.2234810e+14
      1976.28   1.2223055e+14
      1976.68   1.2206237e+14
      1977.07   1.2119600e+14
      1977.46   1.1958712e+14
      1977.85   1.1892122e+14
      1978.24   1.1882955e+14
      1978.63   1.1857659e+14
      1979.02   1.1860891e+14
      1979.41   1.1968598e+14
      1979.81   1.1996310e+14
      1980.20   1.1950187e+14
      1980.59   1.1944462e+14
      1980.98   1.1995125e+14
      1981.38   1.2018272e+14
      1981.77   1.2042101e+14
      1982.16   1.2075216e+14
      1982.55   1.2094086e+14
      1982.95   1.2083511e+14
      1983.34   1.2050439e+14
      1983.73   1.2022902e+14
      1984.13   1.1997945e+14
      1984.52   1.1943106e+14
      1984.92   1.1874454e+14
      1985.31   1.1857948e+14
      1985.70   1.1821215e+14
      1986.10   1.1760512e+14
      1986.49   1.1775405e+14
      1986.89   1.1848577e+14
      1987.28   1.1897910e+14
      1987.68   1.1958865e+14
      1988.07   1.2037786e+14
      1988.47   1.2066078e+14
      1988.86   1.2061279e+14
      1989.26   1.2054562e+14
      1989.65   1.2048898e+14
      1990.05   1.2043231e+14
      1990.45   1.2036984e+14
      1990.84   1.2024011e+14
      1991.24   1.1991439e+14
      1991.64   1.1941169e+14
      1992.03   1.1880889e+14
      1992.43   1.1806262e+14
      1992.83   1.1721605e+14
      1993.22   1.1657685e+14
      1993.62   1.1658370e+14
      1994.02   1.1694175e+14
      1994.42   1.1748371e+14
      1994.81   1.1817785e+14
      1995.21   1.1887260e+14
      1995.61   1.1894880e+14
      1996.01   1.1855311e+14
      1996.41   1.1816979e+14
      1996.81   1.1756092e+14
      1997.20   1.1689977e+14
      1997.60   1.1677131e+14
      1998.00   1.1704279e+14
      1998.40   1.1728933e+14
      1998.80   1.1779349e+14
      1999.20   1.1836915e+14
      1999.60   1.1856212e+14
      2000.00   1.1853225e+14
      2000.40   1.1845024e+14
      2000.80   1.1841646e+14
      2001.20   1.1835952e+14
      2001.60   1.1812675e+14
      2002.00   1.1764667e+14
      2002.40   1.1724849e+14
      2002.80   1.1685594e+14
      2003.20   1.1641005e+14
      2003.61   1.1629950e+14
      2004.01   1.1662972e+14
      2004.41   1.1679668e+14
      2004.81   1.1658938e+14
      2005.21   1.1649113e+14
      2005.62   1.1649622e+14
      2006.02   1.1646260e+14
      2006.42   1.1659359e+14
      2006.82   1.1707312e+14
      2007.23   1.1747543e+14
      2007.63   1.1755921e+14
      2008.03   1.1746473e+14
      2008.44   1.1732375e+14
      2008.84   1.1722046e+14
      2009.24   1.1713363e+14
      2009.65   1.1706613e+14
      2010.05   1.1700444e+14
      2010.45   1.1695145e+14
      2010.86   1.1687521e+14
      2011.26   1.1679304e+14
      2011.67   1.1669148e+14
      2012.07   1.1666068e+14
      2012.48   1.1664545e+14
      2012.88   1.1652435e+14
      2013.29   1.1626627e+14
      2013.69   1.1611394e+14
      2014.10   1.1603932e+14
      2014.50   1.1599476e+14
      2014.91   1.1604061e+14
      2015.32   1.1619313e+14
      2015.72   1.1619673e+14
      2016.13   1.1608943e+14
      2016.54   1.1597823e+14
      2016.94   1.1590100e+14
      2017.35   1.1585881e+14
      2017.76   1.1585166e+14
      2018.16   1.1585519e+14
      2018.57   1.1584319e+14
      2018.98   1.1572008e+14
      2019.39   1.1530661e+14
      2019.79   1.1453142e+14
      2020.20   1.1354733e+14
      2020.61   1.1271981e+14
      2021.02   1.1237370e+14
      2021.43   1.1235604e+14
      2021.84   1.1273839e+14
      2022.24   1.1349844e+14
      2022.65   1.1418757e+14
      2023.06   1.1444163e+14
      2023.47   1.1444978e+14
      2023.88   1.1425194e+14
      2024.29   1.1407256e+14
      2024.70   1.1396240e+14
      2025.11   1.1387870e+14
      2025.52   1.1397988e+14
      2025.93   1.1419842e+14
      2026.34   1.1423027e+14
      2026.75   1.1419569e+14
      2027.16   1.1416300e+14
      2027.57   1.1393274e+14
      2027.99   1.1352525e+14
      2028.40   1.1327816e+14
      2028.81   1.1281359e+14
      2029.22   1.1205322e+14
      2029.63   1.1153343e+14
      2030.05   1.1122986e+14
      2030.46   1.1114950e+14
      2030.87   1.1138853e+14
      2031.28   1.1199030e+14
      2031.69   1.1260597e+14
      2032.11   1.1322293e+14
      2032.52   1.1345375e+14
      2032.93   1.1351989e+14
      2033.35   1.1348605e+14
      2033.76   1.1301353e+14
      2034.17   1.1198245e+14
      2034.59   1.1131413e+14
      2035.00   1.1111089e+14
      2035.42   1.1108183e+14
      2035.83   1.1145747e+14
      2036.24   1.1235583e+14
      2036.66   1.1267095e+14
      2037.07   1.1202598e+14
      2037.49   1.1072997e+14
      2037.91   1.0990537e+14
      2038.32   1.0964201e+14
      2038.74   1.0966469e+14
      2039.15   1.1030234e+14
      2039.57   1.1156117e+14
      2039.98   1.1229296e+14
      2040.40   1.1230837e+14
      2040.82   1.1211108e+14
      2041.23   1.1196794e+14
      2041.65   1.1187003e+14
      2042.07   1.1182134e+14
      2042.48   1.1192832e+14
      2042.90   1.1217135e+14
      2043.32   1.1226955e+14
      2043.74   1.1223965e+14
      2044.15   1.1217522e+14
      2044.57   1.1214527e+14
      2044.99   1.1212024e+14
      2045.41   1.1206903e+14
      2045.83   1.1202369e+14
      2046.24   1.1193594e+14
      2046.66   1.1170989e+14
      2047.08   1.1144523e+14
      2047.50   1.1130984e+14
      2047.92   1.1125841e+14
      2048.34   1.1125640e+14
      2048.76   1.1132351e+14
      2049.18   1.1141146e+14
      2049.60   1.1128585e+14
      2050.02   1.1109000e+14
      2050.44   1.1094642e+14
      2050.86   1.1078796e+14
      2051.28   1.1052059e+14
      2051.70   1.1013431e+14
      2052.12   1.0983798e+14
      2052.54   1.0968907e+14
      2052.97   1.0962533e+14
      2053.39   1.0963778e+14
      2053.81   1.0994361e+14
      2054.23   1.1022574e+14
      2054.65   1.1032461e+14
      2055.08   1.1034016e+14
      2055.50   1.1036549e+14
      2055.92   1.1032140e+14
      2056.34   1.1025250e+14
      2056.77   1.1019447e+14
      2057.19   1.1006693e+14
      2057.61   1.0982815e+14
      2058.04   1.0973925e+14
      2058.46   1.0966911e+14
      2058.88   1.0956423e+14
      2059.31   1.0945036e+14
      2059.73   1.0907804e+14
      2060.16   1.0829805e+14
      2060.58   1.0792539e+14
      2061.01   1.0788071e+14
      2061.43   1.0799015e+14
      2061.85   1.0844775e+14
      2062.28   1.0869569e+14
      2062.71   1.0766289e+14
      2063.13   1.0663469e+14
      2063.56   1.0626116e+14
      2063.98   1.0615725e+14
      2064.41   1.0654536e+14
      2064.84   1.0776748e+14
      2065.26   1.0871743e+14
      2065.69   1.0895152e+14
      2066.12   1.0896043e+14
      2066.54   1.0889058e+14
      2066.97   1.0869303e+14
      2067.40   1.0849440e+14
      2067.82   1.0841544e+14
      2068.25   1.0837929e+14
      2068.68   1.0834019e+14
      2069.11   1.0806047e+14
      2069.54   1.0728637e+14
      2069.97   1.0686355e+14
      2070.39   1.0669819e+14
      2070.82   1.0652081e+14
      2071.25   1.0658719e+14
      2071.68   1.0728028e+14
      2072.11   1.0762874e+14
      2072.54   1.0771143e+14
      2072.97   1.0784813e+14
      2073.40   1.0808187e+14
      2073.83   1.0817966e+14
      2074.26   1.0815546e+14
      2074.69   1.0810615e+14
      2075.12   1.0805371e+14
      2075.55   1.0798003e+14
      2075.98   1.0788726e+14
      2076.41   1.0779545e+14
      2076.84   1.0772263e+14
      2077.27   1.0764982e+14
      2077.71   1.0757693e+14
      2078.14   1.0737570e+14
      2078.57   1.0690963e+14
      2079.00   1.0658076e+14
      2079.43   1.0630394e+14
      2079.87   1.0598086e+14
      2080.30   1.0585638e+14
      2080.73   1.0609320e+14
      2081.17   1.0620872e+14
      2081.60   1.0622680e+14
      2082.03   1.0617355e+14
      2082.47   1.0581489e+14
      2082.90   1.0537360e+14
      2083.33   1.0510808e+14
      2083.77   1.0497012e+14
      2084.20   1.0506644e+14
      2084.64   1.0546248e+14
      2085.07   1.0582345e+14
      2085.51   1.0605140e+14
      2085.94   1.0618983e+14
      2086.38   1.0616324e+14
      2086.81   1.0613864e+14
      2087.25   1.0614127e+14
      2087.68   1.0605827e+14
      2088.12   1.0597723e+14
      2088.55   1.0594252e+14
      2088.99   1.0587955e+14
      2089.43   1.0584378e+14
      2089.86   1.0576164e+14
      2090.30   1.0551710e+14
      2090.74   1.0519680e+14
      2091.18   1.0444050e+14
      2091.61   1.0348515e+14
      2092.05   1.0303904e+14
      2092.49   1.0289061e+14
      2092.93   1.0298647e+14
      2093.36   1.0341663e+14
      2093.80   1.0380051e+14
      2094.24   1.0382589e+14
      2094.68   1.0357540e+14
      2095.12   1.0339881e+14
      2095.56   1.0341298e+14
      2096.00   1.0360114e+14
      2096.44   1.0376301e+14
      2096.88   1.0401401e+14
      2097.31   1.0414161e+14
      2097.75   1.0415900e+14
      2098.20   1.0410356e+14
      2098.64   1.0405410e+14
      2099.08   1.0415652e+14
      2099.52   1.0412837e+14
      2099.96   1.0398164e+14
      2100.40   1.0404157e+14
      2100.84   1.0410558e+14
      2101.28   1.0407739e+14
      2101.72   1.0397206e+14
      2102.17   1.0382110e+14
      2102.61   1.0371570e+14
      2103.05   1.0365292e+14
      2103.49   1.0360629e+14
      2103.93   1.0368957e+14
      2104.38   1.0395061e+14
      2104.82   1.0410310e+14
      2105.26   1.0410898e+14
      2105.71   1.0407811e+14
      2106.15   1.0402376e+14
      2106.59   1.0393896e+14
      2107.04   1.0385308e+14
      2107.48   1.0373762e+14
      2107.93   1.0357034e+14
      2108.37   1.0321880e+14
      2108.81   1.0261480e+14
      2109.26   1.0223240e+14
      2109.71   1.0211042e+14
      2110.15   1.0209427e+14
      2110.59   1.0228688e+14
      2111.04   1.0272916e+14
      2111.49   1.0294335e+14
      2111.93   1.0285916e+14
      2112.38   1.0275753e+14
      2112.82   1.0270276e+14
      2113.27   1.0266834e+14
      2113.72   1.0264516e+14
      2114.17   1.0268726e+14
      2114.61   1.0269162e+14
      2115.06   1.0253779e+14
      2115.51   1.0216458e+14
      2115.95   1.0145627e+14
      2116.40   1.0109083e+14
      2116.85   1.0098975e+14
      2117.30   1.0097340e+14
      2117.75   1.0122891e+14
      2118.20   1.0170420e+14
      2118.64   1.0157455e+14
      2119.09   1.0122501e+14
      2119.54   1.0109110e+14
      2119.99   1.0098883e+14
      2120.44   1.0089474e+14
      2120.89   1.0092955e+14
      2121.34   1.0110459e+14
      2121.79   1.0108722e+14
      2122.24   1.0089269e+14
      2122.69   1.0066840e+14
      2123.14   1.0037535e+14
      2123.59   9.9988936e+13
      2124.04   9.9824753e+13
      2124.50   9.9869676e+13
      2124.95   1.0000169e+14
      2125.40   1.0013879e+14
      2125.85   1.0012211e+14
      2126.30   1.0008899e+14
      2126.75   1.0007540e+14
      2127.21   1.0007509e+14
      2127.66   1.0025447e+14
      2128.11   1.0057867e+14
      2128.56   1.0064318e+14
      2129.02   1.0048178e+14
      2129.47   1.0040962e+14
      2129.93   1.0039710e+14
      2130.38   1.0040917e+14
      2130.83   1.0046550e+14
      2131.29   1.0057841e+14
      2131.74   1.0057305e+14
      2132.20   1.0050191e+14
      2132.65   1.0042865e+14
      2133.11   1.0032757e+14
      2133.56   1.0022645e+14
      2134.02   1.0011806e+14
      2134.47   9.9754239e+13
      2134.93   9.8933872e+13
      2135.38   9.8530545e+13
      2135.84   9.8429017e+13
      2136.30   9.8391376e+13
      2136.75   9.8641324e+13
      2137.21   9.9392592e+13
      2137.67   9.9756335e+13
      2138.12   9.9763282e+13
      2138.58   9.9667035e+13
      2139.04   9.9602732e+13
      2139.50   9.9571477e+13
      2139.95   9.9562893e+13
      2140.41   9.9591490e+13
      2140.87   9.9668645e+13
      2141.33   9.9678709e+13
      2141.79   9.9638087e+13
      2142.25   9.9574746e+13
      2142.70   9.9479314e+13
      2143.16   9.9411754e+13
      2143.62   9.9320408e+13
      2144.08   9.9165856e+13
      2144.54   9.9009214e+13
      2145.00   9.8768658e+13
      2145.46   9.8534309e+13
      2145.92   9.8504929e+13
      2146.38   9.8645314e+13
      2146.84   9.8760932e+13
      2147.30   9.8978137e+13
      2147.77   9.9171607e+13
      2148.23   9.9176524e+13
      2148.69   9.9105698e+13
      2149.15   9.9030739e+13
      2149.61   9.8955748e+13
      2150.07   9.8885890e+13
      2150.54   9.8821235e+13
      2151.00   9.8731574e+13
      2151.46   9.8599352e+13
      2151.93   9.8377770e+13
      2152.39   9.8236047e+13
      2152.85   9.8131707e+13
      2153.32   9.8009598e+13
      2153.78   9.7951905e+13
      2154.24   9.8025156e+13
      2154.71   9.8035006e+13
      2155.17   9.8023768e+13
      2155.64   9.8034618e+13
      2156.10   9.8014268e+13
      2156.57   9.7965782e+13
      2157.03   9.7912070e+13
      2157.50   9.7851039e+13
      2157.96   9.7750424e+13
      2158.43   9.7616437e+13
      2158.90   9.7487584e+13
      2159.36   9.7360735e+13
      2159.83   9.7223392e+13
      2160.29   9.7069346e+13
      2160.76   9.6845339e+13
      2161.23   9.6587828e+13
      2161.70   9.6354194e+13
      2162.16   9.6074509e+13
      2162.63   9.5741471e+13
      2163.10   9.5383226e+13
      2163.57   9.4854557e+13
      2164.03   9.3909843e+13
      2164.50   9.2288607e+13
      2164.97   8.9924557e+13
      2165.44   8.7800143e+13
      2165.91   8.6747407e+13
      2166.38   8.6686698e+13
      2166.85   8.7618598e+13
      2167.32   8.9587655e+13
      2167.79   9.1706050e+13
      2168.26   9.3095782e+13
      2168.73   9.3889367e+13
      2169.20   9.4502118e+13
      2169.67   9.4931884e+13
      2170.14   9.5169084e+13
      2170.61   9.5290095e+13
      2171.08   9.5337788e+13
      2171.55   9.5414873e+13
      2172.02   9.5491942e+13
      2172.50   9.5506179e+13
      2172.97   9.5487933e+13
      2173.44   9.5569238e+13
      2173.91   9.5562526e+13
      2174.39   9.5541110e+13
      2174.86   9.5480848e+13
      2175.33   9.5291837e+13
      2175.80   9.4981543e+13
      2176.28   9.4872771e+13
      2176.75   9.4813266e+13
      2177.23   9.4483783e+13
      2177.70   9.3771664e+13
      2178.18   9.3684620e+13
      2178.65   9.3739385e+13
      2179.12   9.3771097e+13
      2179.60   9.4157215e+13
      2180.07   9.5050490e+13
      2180.55   9.5358132e+13
      2181.02   9.5081867e+13
      2181.50   9.4399201e+13
      2181.98   9.4078395e+13
      2182.45   9.3973300e+13
      2182.93   9.3907136e+13
      2183.41   9.4124350e+13
      2183.88   9.4719926e+13
      2184.36   9.4957419e+13
      2184.84   9.4992597e+13
      2185.31   9.5040885e+13
      2185.79   9.5037663e+13
      2186.27   9.4946929e+13
      2186.75   9.4680993e+13
      2187.23   9.3966467e+13
      2187.71   9.2979237e+13
      2188.18   9.2544836e+13
      2188.66   9.2312996e+13
      2189.14   9.2098992e+13
      2189.62   9.2502929e+13
      2190.10   9.3287499e+13
      2190.58   9.3521744e+13
      2191.06   9.3565774e+13
      2191.54   9.3746229e+13
      2192.02   9.3753302e+13
      2192.50   9.3643995e+13
      2192.98   9.3513512e+13
      2193.46   9.3395722e+13
      2193.95   9.3296864e+13
      2194.43   9.3214894e+13
      2194.91   9.3120215e+13
      2195.39   9.3017377e+13
      2195.87   9.2907989e+13
      2196.35   9.2832436e+13
      2196.84   9.2787595e+13
      2197.32   9.2742764e+13
      2197.80   9.2712749e+13
      2198.28   9.2697556e+13
      2198.77   9.2618746e+13
      2199.25   9.2534539e+13
      2199.74   9.2442906e+13
      2200.22   9.2310881e+13
      2200.70   9.2194727e+13
      2201.19   9.2124165e+13
      2201.67   9.2042996e+13
      2202.16   9.1996827e+13
      2202.64   9.2003783e+13
      2203.13   9.2018168e+13
      2203.61   9.2013454e+13
      2204.10   9.1954501e+13
      2204.58   9.1627438e+13
      2205.07   9.0815387e+13
      2205.56   8.9958292e+13
      2206.04   8.8935852e+13
      2206.53   8.8481395e+13
      2207.02   8.8445232e+13
      2207.50   8.8815894e+13
      2207.99   8.8992880e+13
      2208.48   8.9663294e+13
      2208.97   9.0005727e+13
      2209.46   9.0202267e+13
      2209.95   9.0455409e+13
      2210.43   9.0926219e+13
      2210.92   9.1060180e+13
      2211.41   9.1024528e+13
      2211.90   9.0957905e+13
      2212.39   9.0878436e+13
      2212.88   9.0792559e+13
      2213.37   9.0732267e+13
      2213.86   9.0676209e+13
      2214.35   9.0597678e+13
      2214.84   9.0468869e+13
      2215.33   9.0240924e+13
      2215.82   8.9890606e+13
      2216.31   8.9587180e+13
      2216.80   8.9450489e+13
      2217.29   8.9371537e+13
      2217.79   8.9496951e+13
      2218.28   8.9777610e+13
      2218.77   9.0001639e+13
      2219.26   9.0062989e+13
      2219.76   9.0110473e+13
      2220.25   9.0056193e+13
      2220.74   8.9940803e+13
      2221.24   8.9862879e+13
      2221.73   8.9804231e+13
      2222.22   8.9718707e+13
      2222.72   8.9641762e+13
      2223.21   8.9606601e+13
      2223.71   8.9523180e+13
      2224.20   8.9443968e+13
      2224.69   8.9264933e+13
      2225.19   8.8785328e+13
      2225.68   8.8339068e+13
      2226.18   8.8213788e+13
      2226.68   8.8131429e+13
      2227.17   8.8057577e+13
      2227.67   8.8358852e+13
      2228.16   8.8706519e+13
      2228.66   8.8773661e+13
      2229.16   8.8742923e+13
      2229.65   8.8761686e+13
      2230.15   8.8771876e+13
      2230.65   8.8689448e+13
      2231.15   8.8591956e+13
      2231.65   8.8566558e+13
      2232.14   8.8607918e+13
      2232.64   8.8597575e+13
      2233.14   8.8572163e+13
      2233.64   8.8500352e+13
      2234.14   8.8399441e+13
      2234.64   8.8306066e+13
      2235.14   8.8200712e+13
      2235.64   8.8129827e+13
      2236.14   8.8043790e+13
      2236.64   8.7894037e+13
      2237.14   8.7613595e+13
      2237.64   8.7133322e+13
      2238.14   8.6835327e+13
      2238.64   8.6659239e+13
      2239.14   8.6513327e+13
      2239.64   8.6640789e+13
      2240.14   8.7054675e+13
      2240.65   8.7241781e+13
      2241.15   8.7227756e+13
      2241.65   8.7121857e+13
      2242.15   8.6992074e+13
      2242.66   8.6830868e+13
      2243.16   8.6737764e+13
      2243.66   8.6775649e+13
      2244.17   8.6955349e+13
      2244.67   8.7011683e+13
      2245.17   8.7019441e+13
      2245.68   8.6988408e+13
      2246.18   8.6851154e+13
      2246.69   8.6506821e+13
      2247.19   8.6174232e+13
      2247.70   8.6032374e+13
      2248.20   8.5962030e+13
      2248.71   8.5939441e+13
      2249.21   8.6138216e+13
      2249.72   8.6333825e+13
      2250.23   8.6322131e+13
      2250.73   8.6274577e+13
      2251.24   8.6222688e+13
      2251.75   8.6138172e+13
      2252.25   8.6026433e+13
      2252.76   8.5789668e+13
      2253.27   8.5211348e+13
      2253.77   8.4955771e+13
      2254.28   8.4871955e+13
      2254.79   8.4722837e+13
      2255.30   8.4800632e+13
      2255.81   8.5172103e+13
      2256.32   8.5288952e+13
      2256.83   8.5333961e+13
      2257.34   8.5434542e+13
      2257.85   8.5467652e+13
      2258.36   8.5534542e+13
      2258.87   8.5549145e+13
      2259.38   8.5511405e+13
      2259.89   8.5459514e+13
      2260.40   8.5287602e+13
      2260.91   8.5017430e+13
      2261.42   8.4436136e+13
      2261.93   8.4044527e+13
      2262.44   8.3915835e+13
      2262.96   8.3989022e+13
      2263.47   8.4151877e+13
      2263.98   8.4505916e+13
      2264.49   8.4579331e+13
      2265.01   8.4500889e+13
      2265.52   8.4408787e+13
      2266.03   8.4311162e+13
      2266.55   8.4371013e+13
      2267.06   8.4512923e+13
      2267.57   8.4541056e+13
      2268.09   8.4506890e+13
      2268.60   8.4475988e+13
      2269.12   8.4437361e+13
      2269.63   8.4340705e+13
      2270.15   8.4145401e+13
      2270.66   8.4055231e+13
      2271.18   8.4050471e+13
      2271.70   8.4050105e+13
      2272.21   8.4097960e+13
      2272.73   8.4229174e+13
      2273.24   8.4159741e+13
      2273.76   8.3879629e+13
      2274.28   8.3728855e+13
      2274.79   8.3629603e+13
      2275.31   8.3573777e+13
      2275.83   8.3616440e+13
      2276.35   8.3811798e+13
      2276.87   8.3865496e+13
      2277.39   8.3846698e+13
      2277.90   8.3768557e+13
      2278.42   8.3687085e+13
      2278.94   8.3591296e+13
      2279.46   8.3440428e+13
      2279.98   8.2963903e+13
      2280.50   8.1971091e+13
      2281.02   8.1446679e+13
      2281.54   8.1164214e+13
      2282.06   8.1084242e+13
      2282.58   8.1314799e+13
      2283.10   8.2121571e+13
      2283.63   8.2437284e+13
      2284.15   8.2456710e+13
      2284.67   8.2424331e+13
      2285.19   8.2389522e+13
      2285.71   8.2359890e+13
      2286.24   8.2375482e+13
      2286.76   8.2437409e+13
      2287.28   8.2426528e+13
      2287.81   8.2436604e+13
      2288.33   8.2398139e+13
      2288.85   8.2336421e+13
      2289.38   8.2298997e+13
      2289.90   8.2231768e+13
      2290.43   8.2098162e+13
      2290.95   8.2044090e+13
      2291.48   8.2011008e+13
      2292.00   8.1838572e+13
      2292.53   8.1322140e+13
      2293.05   8.0855279e+13
      2293.58   8.0472288e+13
      2294.10   8.0109047e+13
      2294.63   7.9907273e+13
      2295.16   8.0041337e+13
      2295.68   8.0114707e+13
      2296.21   7.9887936e+13
      2296.74   7.9849433e+13
      2297.27   7.9944951e+13
      2297.79   8.0112582e+13
      2298.32   8.0333510e+13
      2298.85   8.0662131e+13
      2299.38   8.0745722e+13
      2299.91   8.0800554e+13
      2300.44   8.0785477e+13
      2300.97   8.0797069e+13
      2301.50   8.0875232e+13
      2302.03   8.0887926e+13
      2302.56   8.0823989e+13
      2303.09   8.0764454e+13
      2303.62   8.0679353e+13
      2304.15   8.0588612e+13
      2304.68   8.0570119e+13
      2305.21   8.0561437e+13
      2305.74   8.0537892e+13
      2306.27   8.0563312e+13
      2306.80   8.0528650e+13
      2307.34   8.0502859e+13
      2307.87   8.0359064e+13
      2308.40   8.0206285e+13
      2308.94   8.0105782e+13
      2309.47   8.0076532e+13
      2310.00   8.0012700e+13
      2310.54   8.0043628e+13
      2311.07   8.0108012e+13
      2311.60   8.0089890e+13
      2312.14   8.0050584e+13
      2312.67   8.0002334e+13
      2313.21   7.9895971e+13
      2313.74   7.9665714e+13
      2314.28   7.9433089e+13
      2314.81   7.9308701e+13
      2315.35   7.9184036e+13
      2315.89   7.8954692e+13
      2316.42   7.8950994e+13
      2316.96   7.8960712e+13
      2317.50   7.8737905e+13
      2318.03   7.8652521e+13
      2318.57   7.8737147e+13
      2319.11   7.8787075e+13
      2319.65   7.8884050e+13
      2320.19   7.9095240e+13
      2320.72   7.9155360e+13
      2321.26   7.8895323e+13
      2321.80   7.8029336e+13
      2322.34   7.7296269e+13
      2322.88   7.6769019e+13
      2323.42   7.6311046e+13
      2323.96   7.6082645e+13
      2324.50   7.6373156e+13
      2325.04   7.6491384e+13
      2325.58   7.6569875e+13
      2326.12   7.6721340e+13
      2326.66   7.6976144e+13
      2327.21   7.7222054e+13
      2327.75   7.7483824e+13
      2328.29   7.7596371e+13
      2328.83   7.7641576e+13
      2329.37   7.7559842e+13
      2329.92   7.7481452e+13
      2330.46   7.7418758e+13
      2331.00   7.7325671e+13
      2331.55   7.7240429e+13
      2332.09   7.7259756e+13
      2332.63   7.7271209e+13
      2333.18   7.7365930e+13
      2333.72   7.7323357e+13
      2334.27   7.7019564e+13
      2334.81   7.6848505e+13
      2335.36   7.6930265e+13
      2335.90   7.6896866e+13
      2336.45   7.7002078e+13
      2337.00   7.7117477e+13
      2337.54   7.6763815e+13
      2338.09   7.6496860e+13
      2338.63   7.6467793e+13
      2339.18   7.6400358e+13
      2339.73   7.6580113e+13
      2340.28   7.6982318e+13
      2340.82   7.7173577e+13
      2341.37   7.7155956e+13
      2341.92   7.7110063e+13
      2342.47   7.7047233e+13
      2343.02   7.6991138e+13
      2343.57   7.6886382e+13
      2344.12   7.6758962e+13
      2344.67   7.6692588e+13
      2345.22   7.6619476e+13
      2345.77   7.6573014e+13
      2346.32   7.6555949e+13
      2346.87   7.6508340e+13
      2347.42   7.6484475e+13
      2347.97   7.6475326e+13
      2348.52   7.6440125e+13
      2349.07   7.6403752e+13
      2349.62   7.6384382e+13
      2350.18   7.6264111e+13
      2350.73   7.5911390e+13
      2351.28   7.5248904e+13
      2351.83   7.4469337e+13
      2352.39   7.3893680e+13
      2352.94   7.3533335e+13
      2353.50   7.3394181e+13
      2354.05   7.3628433e+13
      2354.60   7.4033087e+13
      2355.16   7.4243641e+13
      2355.71   7.4284264e+13
      2356.27   7.4146520e+13
      2356.82   7.4070061e+13
      2357.38   7.4082235e+13
      2357.94   7.4149052e+13
      2358.49   7.4272695e+13
      2359.05   7.4536401e+13
      2359.60   7.4701217e+13
      2360.16   7.4769356e+13
      2360.72   7.4821593e+13
      2361.27   7.4761089e+13
      2361.83   7.4730207e+13
      2362.39   7.4723233e+13
      2362.95   7.4701412e+13
      2363.51   7.4599811e+13
      2364.07   7.4528905e+13
      2364.62   7.4512728e+13
      2365.19   7.4512110e+13
      2365.74   7.4497985e+13
      2366.30   7.4535248e+13
      2366.86   7.4590799e+13
      2367.42   7.4509319e+13
      2367.99   7.4457515e+13
      2368.55   7.4318843e+13
      2369.11   7.4056681e+13
      2369.67   7.3926978e+13
      2370.23   7.3895567e+13
      2370.79   7.3887016e+13
      2371.35   7.3842979e+13
      2371.92   7.3929385e+13
      2372.48   7.3639261e+13
      2373.04   7.2946065e+13
      2373.60   7.2499854e+13
      2374.17   7.2353520e+13
      2374.73   7.2361764e+13
      2375.30   7.2641693e+13
      2375.86   7.3310480e+13
      2376.43   7.3712479e+13
      2376.99   7.3779838e+13
      2377.56   7.3747447e+13
      2378.12   7.3637041e+13
      2378.69   7.3525451e+13
      2379.25   7.3419550e+13
      2379.82   7.3346884e+13
      2380.39   7.3318974e+13
      2380.95   7.3316280e+13
      2381.52   7.2967901e+13
      2382.09   7.2161019e+13
      2382.65   7.1495095e+13
      2383.22   7.0718568e+13
      2383.79   6.9972741e+13
      2384.36   6.9648580e+13
      2384.93   6.9811859e+13
      2385.50   6.9726584e+13
      2386.06   6.9953551e+13
      2386.64   7.0280800e+13
      2387.21   7.0578287e+13
      2387.77   7.0809128e+13
      2388.34   7.1193284e+13
      2388.92   7.1334560e+13
      2389.49   7.1406731e+13
      2390.06   7.1372889e+13
      2390.63   7.1352908e+13
      2391.20   7.1313258e+13
      2391.77   7.1119013e+13
      2392.34   7.1003130e+13
      2392.92   7.1014183e+13
      2393.49   7.0943257e+13
      2394.06   7.0909235e+13
      2394.64   7.0968770e+13
      2395.21   7.0997397e+13
      2395.78   7.0912416e+13
      2396.36   7.0938370e+13
      2396.93   7.0879939e+13
      2397.51   7.0938309e+13