Solar Flux predicition from Claire et al, 2012
Computed for 1.80000 Ga and 1.00000 AU
wavelength (nm)   flux (photons/cm^2/s/nm)
     0.500000       5402259.0
      1.50000       10803857.
      2.50000   1.7455548e+08
      3.50000   1.5900295e+08
      4.50000   2.8214365e+08
      5.50000   5.9121926e+08
      6.50000   6.1990829e+08
      7.50000   7.4894493e+08
      8.50000   5.1594103e+08
      9.50000   6.4550510e+08
      10.5000   2.4716940e+08
      11.5000   1.9351241e+08
      12.5000   1.3145359e+08
      13.5000   1.3665377e+08
      14.5000   4.6513146e+08
      15.5000   5.9818662e+08
      16.5000   8.6371950e+08
      17.5000   4.0504511e+09
      18.5000   2.1322829e+09
      19.5000   2.3089774e+09
      20.5000   1.1738275e+09
      21.5000   9.4901698e+08
      22.5000   1.3912105e+09
      23.5000   7.2725541e+08
      24.5000   1.9004404e+09
      25.5000   3.2599319e+09
      26.5000   1.1277126e+09
      27.5000   2.0523772e+09
      28.5000   3.7254003e+09
      29.5000   7.6673242e+08
      30.5000   1.9306207e+10
      31.5000   3.3570569e+09
      32.5000   4.7980086e+09
      33.5000   4.8447236e+09
      34.5000   2.1278748e+09
      35.5000   1.8789904e+09
      36.5000   3.9613928e+09
      37.5000   4.4138607e+08
      38.5000   1.9382207e+08
      39.5000   1.9716223e+08
      40.5000   3.3818595e+08
      41.5000   6.7823176e+08
      42.5000   1.7136598e+08
      43.5000   4.0785732e+08
      44.5000   1.6330244e+08
      45.5000   1.8636445e+08
      46.5000   6.8679576e+08
      47.5000   2.7788816e+08
      48.5000   4.7130761e+08
      49.5000   1.7082952e+09
      50.5000   7.0830338e+08
      51.5000   2.4691766e+08
      52.5000   4.4240133e+08
      53.5000   3.3142010e+08
      54.5000   2.1706959e+08
      55.5000   9.8733242e+08
      56.5000   3.0568051e+08
      57.5000   3.0915424e+08
      58.5000   1.7770844e+09
      59.5000   3.7624207e+08
      60.5000   1.5696281e+09
      61.5000   4.8395625e+08
      62.5000   2.1303569e+09
      63.5000   5.4651540e+08
      64.5000   1.2634020e+08
      65.5000   1.0106312e+08
      66.5000       90726500.
      67.5000       94232958.
      68.5000   3.2905102e+08
      69.5000   2.4701669e+08
      70.5000   6.5301416e+08
      71.5000   2.8941683e+08
      72.5000   2.2098461e+08
      73.5000   2.9114775e+08
      74.5000   3.6273554e+08
      75.5000   5.5828725e+08
      76.5000   1.4221842e+09
      77.5000   1.3243216e+09
      78.5000   1.8644068e+09
      79.5000   8.8020506e+08
      80.5000   9.2069415e+08
      81.5000   1.0564582e+09
      82.5000   1.5764931e+09
      83.5000   2.6992294e+09
      84.5000   1.9950961e+09
      85.5000   2.2422496e+09
      86.5000   2.3987409e+09
      87.5000   2.8807562e+09
      88.5000   3.3216186e+09
      89.5000   4.0753521e+09
      90.5000   4.8407502e+09
      91.5000   3.7314369e+09
      92.5000   1.3433881e+09
      93.5000   1.1854339e+09
      94.5000   8.5215870e+08
      95.5000   4.9432803e+08
      96.5000   5.1808517e+08
      97.5000   9.9900409e+09
      98.5000   1.0715436e+09
      99.5000   1.6658132e+09
      100.500   6.7985436e+08
      101.500   7.9148792e+08
      102.500   9.6358813e+09
      103.500   8.9908732e+09
      104.500   1.1160093e+09
      105.500   9.5152519e+08
      106.500   9.1210301e+08
      107.500   9.7455635e+08
      108.500   1.6456887e+09
      109.500   1.1147108e+09
      110.500   1.1964456e+09
      111.500   1.0926983e+09
      112.500   1.2143222e+09
      113.500   9.4160139e+08
      114.500   6.4107476e+08
      115.500   1.0597429e+09
      116.500   1.2054363e+09
      117.500   6.3811232e+09
      118.500   1.3730621e+09
      119.500   4.6300763e+09
      119.750   4.4785011e+09
      119.800   4.6808593e+09
      119.850   4.9276608e+09
      119.900   5.1573617e+09
      119.950   5.3001326e+09
      120.000   5.3008514e+09
      120.050   5.1593941e+09
      120.100   4.9118071e+09
      120.150   4.6369399e+09
      120.200   4.4161993e+09
      120.250   4.3615302e+09
      120.300   4.8911676e+09
      120.350   6.8132282e+09
      120.400   1.0837122e+10
      120.450   1.7059396e+10
      120.500   2.9193105e+10
      120.550   3.7813893e+10
      120.600   4.3489884e+10
      120.650   4.4316868e+10
      120.700   3.9967038e+10
      120.750   2.7139318e+10
      120.800   2.0927483e+10
      120.850   1.4362457e+10
      120.900   1.0048260e+10
      120.950   8.2335316e+09
      121.000   8.3480920e+09
      121.050   9.6229232e+09
      121.100   1.2149688e+10
      121.150   1.9358142e+10
      121.200   4.8428476e+10
      121.250   1.4550324e+11
      121.300   3.7202419e+11
      121.350   7.5497618e+11
      121.400   1.2601294e+12
      121.450   1.7974121e+12
      121.500   2.2270370e+12
      121.550   2.4037983e+12
      121.600   2.2684513e+12
      121.650   1.8734078e+12
      121.700   1.3512742e+12
      121.750   8.3989553e+11
      121.800   4.4192579e+11
      121.850   1.9646272e+11
      121.900   7.9975237e+10
      121.950   3.6969534e+10
      122.000   2.1841355e+10
      122.050   1.5052433e+10
      122.100   1.1128349e+10
      122.150   8.8029479e+09
      122.200   7.3710556e+09
      122.250   6.3995874e+09
      122.300   5.6918321e+09
      122.350   5.1560722e+09
      122.400   4.7367421e+09
      122.450   4.1442795e+09
      122.500   3.9012555e+09
      122.550   3.7239525e+09
      122.600   3.6074227e+09
      122.650   3.5333670e+09
      122.700   3.4817965e+09
      122.750   3.4377073e+09
      122.800   3.3768962e+09
      122.850   3.2876576e+09
      122.900   3.1799916e+09
      122.950   3.0555535e+09
      123.000   2.9226872e+09
      123.050   2.7997776e+09
      123.100   2.7027220e+09
      123.150   2.6323785e+09
      123.200   2.5870960e+09
      123.250   2.5618743e+09
      123.300   2.5450096e+09
      123.350   2.5306469e+09
      123.400   2.5112498e+09
      123.450   2.4817867e+09
      123.500   2.4757738e+09
      123.550   2.5770648e+09
      123.600   2.8805082e+09
      123.650   3.4231806e+09
      123.700   4.1952127e+09
      123.750   5.0667077e+09
      123.800   5.7858957e+09
      123.850   6.1133219e+09
      123.900   5.9873421e+09
      123.950   5.4815167e+09
      124.000   4.8148852e+09
      124.050   4.2756659e+09
      124.100   4.0371910e+09
      124.150   4.0711125e+09
      124.200   4.2169539e+09
      124.250   4.2803980e+09
      124.300   4.1157384e+09
      124.350   3.7059446e+09
      124.400   3.1678946e+09
      124.450   2.6581926e+09
      124.500   2.2796805e+09
      124.550   2.0594429e+09
      124.600   1.9756866e+09
      124.650   1.9661086e+09
      124.700   1.9666490e+09
      124.750   1.9562183e+09
      124.800   1.9440931e+09
      124.850   1.9404046e+09
      124.900   1.9536060e+09
      124.950   1.9777972e+09
      125.000   1.9910153e+09
      125.050   1.9949417e+09
      125.100   2.0115528e+09
      125.150   2.0518543e+09
      125.200   2.1395538e+09
      125.250   2.2839989e+09
      125.300   2.4420658e+09
      125.350   2.5663501e+09
      125.400   2.6381922e+09
      125.450   2.6482296e+09
      125.500   2.6133605e+09
      125.550   2.5776239e+09
      125.600   2.5723900e+09
      125.650   2.6265187e+09
      125.700   2.7799290e+09
      125.750   3.0615524e+09
      125.800   3.4884688e+09
      125.850   4.0268358e+09
      125.900   4.5697401e+09
      125.950   4.9617323e+09
      126.000   5.0820333e+09
      126.050   4.8641275e+09
      126.100   4.3323950e+09
      126.150   3.6796192e+09
      126.200   3.2340399e+09
      126.250   3.2808587e+09
      126.300   3.9055817e+09
      126.350   4.9860884e+09
      126.400   6.2102344e+09
      126.450   7.1352176e+09
      126.500   7.3671764e+09
      126.550   6.8288503e+09
      126.600   5.7531881e+09
      126.650   4.4714516e+09
      126.700   3.2845506e+09
      126.750   2.4084071e+09
      126.800   1.8902065e+09
      126.850   1.6406097e+09
      126.900   1.5351752e+09
      126.950   1.5005701e+09
      127.000   1.5001173e+09
      127.050   1.5056456e+09
      127.100   1.4983554e+09
      127.150   1.4825115e+09
      127.200   1.4863279e+09
      127.250   1.5363392e+09
      127.300   1.6531174e+09
      127.350   1.8367161e+09
      127.400   2.0623614e+09
      127.450   2.2838448e+09
      127.500   2.4754659e+09
      127.550   2.6192084e+09
      127.600   2.6996070e+09
      127.650   2.7294705e+09
      127.700   2.7284799e+09
      127.750   2.6957535e+09
      127.800   2.6449927e+09
      127.850   2.5950623e+09
      127.900   2.5373797e+09
      127.950   2.4539075e+09
      128.000   2.3343194e+09
      128.050   2.1674191e+09
      128.100   1.9583248e+09
      128.150   1.7405242e+09
      128.200   1.5484007e+09
      128.250   1.4034739e+09
      128.300   1.3178241e+09
      128.350   1.2768710e+09
      128.400   1.2556908e+09
      128.450   1.2465516e+09
      128.500   1.2580738e+09
      128.550   1.3143911e+09
      128.600   1.4336314e+09
      128.650   1.6244618e+09
      128.700   1.8688367e+09
      128.750   2.1228243e+09
      128.800   2.3217469e+09
      128.850   2.4189761e+09
      128.900   2.4023510e+09
      128.950   2.2786876e+09
      129.000   2.0867532e+09
      129.050   1.8783096e+09
      129.100   1.6896246e+09
      129.150   1.5449065e+09
      129.200   1.4640685e+09
      129.250   1.4609923e+09
      129.300   1.5340094e+09
      129.350   1.6797194e+09
      129.400   1.8765497e+09
      129.450   2.0821361e+09
      129.500   2.2480107e+09
      129.550   2.3490327e+09
      129.600   2.3886159e+09
      129.650   2.3918346e+09
      129.700   2.4071859e+09
      129.750   2.4780161e+09
      129.800   2.6165060e+09
      129.850   2.8712708e+09
      129.900   3.4557846e+09
      129.950   4.7364479e+09
      130.000   6.9212196e+09
      130.050   9.7573179e+09
      130.100   1.2781567e+10
      130.150   1.5512070e+10
      130.200   1.7522910e+10
      130.250   1.8830905e+10
      130.300   2.2515712e+10
      130.350   2.4807880e+10
      130.400   2.7898913e+10
      130.450   3.0924237e+10
      130.500   3.2638550e+10
      130.550   2.8642471e+10
      130.600   2.5689952e+10
      130.650   2.0898577e+10
      130.700   1.5573433e+10
      130.750   1.1012229e+10
      130.800   7.8264372e+09
      130.850   6.0136305e+09
      130.900   5.2077987e+09
      130.950   4.8620297e+09
      131.000   4.5448698e+09
      131.050   4.1350556e+09
      131.100   3.6691735e+09
      131.150   3.2240040e+09
      131.200   2.8537051e+09
      131.250   2.5723082e+09
      131.300   2.3519245e+09
      131.350   2.1908529e+09
      131.400   2.1144878e+09
      131.450   2.1333866e+09
      131.500   2.2318797e+09
      131.550   2.3899075e+09
      131.600   2.5628903e+09
      131.650   2.6983253e+09
      131.700   2.7830526e+09
      131.750   2.8266660e+09
      131.800   2.8116157e+09
      131.850   2.7229638e+09
      131.900   2.5641593e+09
      131.950   2.3456683e+09
      132.000   2.0937486e+09
      132.050   1.8671343e+09
      132.100   1.7219868e+09
      132.150   1.6811812e+09
      132.200   1.7316319e+09
      132.250   1.8339030e+09
      132.300   1.9388597e+09
      132.350   2.0034657e+09
      132.400   2.0145119e+09
      132.450   1.9842615e+09
      132.500   1.9399316e+09
      132.550   1.9043712e+09
      132.600   1.9092463e+09
      132.650   1.9897734e+09
      132.700   2.1565683e+09
      132.750   2.3956139e+09
      132.800   2.6629489e+09
      132.850   2.8925544e+09
      132.900   3.0086562e+09
      132.950   2.9750504e+09
      133.000   2.8013173e+09
      133.050   2.5666792e+09
      133.100   2.5655566e+09
      133.150   3.6447040e+09
      133.200   6.8590094e+09
      133.250   1.3031482e+10
      133.300   2.2689426e+10
      133.350   3.5044515e+10
      133.400   5.3312544e+10
      133.450   6.3410098e+10
      133.500   6.7215611e+10
      133.550   6.3198773e+10
      133.600   5.2356698e+10
      133.650   3.3894458e+10
      133.700   2.1779537e+10
      133.750   1.2205931e+10
      133.800   6.0664346e+09
      133.850   3.0609579e+09
      133.900   2.0446838e+09
      133.950   1.8397850e+09
      134.000   1.8216423e+09
      134.050   1.8398081e+09
      134.100   1.8721587e+09
      134.150   1.8956625e+09
      134.200   1.9111996e+09
      134.250   1.9143304e+09
      134.300   1.9059329e+09
      134.350   1.9001921e+09
      134.400   1.9059832e+09
      134.450   1.9100019e+09
      134.500   1.9166855e+09
      134.550   1.9358038e+09
      134.600   1.9593720e+09
      134.650   1.9811743e+09
      134.700   2.0100964e+09
      134.750   2.0470318e+09
      134.800   2.1017664e+09
      134.850   2.2250027e+09
      134.900   2.4532605e+09
      134.950   2.7928451e+09
      135.000   3.2180296e+09
      135.050   3.6371902e+09
      135.100   3.9203269e+09
      135.150   3.9916395e+09
      135.200   3.8670081e+09
      135.250   3.6790524e+09
      135.300   3.6122136e+09
      135.350   3.7958422e+09
      135.400   4.2550873e+09
      135.450   4.8617182e+09
      135.500   5.3883528e+09
      135.550   5.6627133e+09
      135.600   5.6355257e+09
      135.650   5.3601362e+09
      135.700   4.9988866e+09
      135.750   4.6785478e+09
      135.800   4.4322061e+09
      135.850   4.2447234e+09
      135.900   4.0589365e+09
      135.950   3.8194161e+09
      136.000   3.5699418e+09
      136.050   3.3158741e+09
      136.100   3.0867348e+09
      136.150   2.9478713e+09
      136.200   2.8823417e+09
      136.250   2.8839313e+09
      136.300   2.8998503e+09
      136.350   2.9175680e+09
      136.400   2.8824294e+09
      136.450   2.8150099e+09
      136.500   2.7260430e+09
      136.550   2.6567592e+09
      136.600   2.6044819e+09
      136.650   2.5997238e+09
      136.700   2.6317521e+09
      136.750   2.7149530e+09
      136.800   2.8242270e+09
      136.850   2.9515116e+09
      136.900   3.0824490e+09
      136.950   3.2251272e+09
      137.000   3.3445101e+09
      137.050   3.4288964e+09
      137.100   3.4620786e+09
      137.150   3.4539118e+09
      137.200   3.3953721e+09
      137.250   3.2972193e+09
      137.300   3.1657243e+09
      137.350   3.0305658e+09
      137.400   2.9070458e+09
      137.450   2.8095814e+09
      137.500   2.7309854e+09
      137.550   2.6856862e+09
      137.600   2.6655971e+09
      137.650   2.6779467e+09
      137.700   2.7164476e+09
      137.750   2.7793146e+09
      137.800   2.8602507e+09
      137.850   2.9682915e+09
      137.900   3.0655528e+09
      137.950   3.1520286e+09
      138.000   3.2204876e+09
      138.050   3.2573707e+09
      138.100   3.2427835e+09
      138.150   3.1983731e+09
      138.200   3.1295416e+09
      138.250   3.0534456e+09
      138.300   2.9845460e+09
      138.350   2.9400312e+09
      138.400   2.9162991e+09
      138.450   2.9260325e+09
      138.500   2.9629192e+09
      138.550   3.0224526e+09
      138.600   3.0892568e+09
      138.650   3.1615251e+09
      138.700   3.2175219e+09
      138.750   3.2590478e+09
      138.800   3.2679675e+09
      138.850   3.2632931e+09
      138.900   3.2459224e+09
      138.950   3.2376124e+09
      139.000   3.4152544e+09
      139.050   4.1745695e+09
      139.100   5.8998497e+09
      139.150   8.7252084e+09
      139.200   1.2366317e+10
      139.250   1.6056345e+10
      139.300   1.8939635e+10
      139.350   2.0325096e+10
      139.400   1.9848158e+10
      139.450   1.7598428e+10
      139.500   1.4329321e+10
      139.550   1.0885901e+10
      139.600   7.8929729e+09
      139.650   5.6756693e+09
      139.700   4.4183650e+09
      139.750   3.9942901e+09
      139.800   4.0735168e+09
      139.850   4.3431154e+09
      139.900   6.0313442e+09
      139.950   7.0147900e+09
      140.000   8.5419969e+09
      140.050   1.0577942e+10
      140.100   1.2960021e+10
      140.150   1.2056112e+10
      140.200   1.3281199e+10
      140.250   1.3731326e+10
      140.300   1.3305570e+10
      140.350   1.2076352e+10
      140.400   1.0408319e+10
      140.450   8.6801598e+09
      140.500   7.1686003e+09
      140.550   6.0071833e+09
      140.600   5.2381865e+09
      140.650   4.8125221e+09
      140.700   4.6161433e+09
      140.750   4.5001480e+09
      140.800   4.4151978e+09
      140.850   4.3805277e+09
      140.900   4.4007465e+09
      140.950   4.4658248e+09
      141.000   4.5611443e+09
      141.050   4.6620011e+09
      141.100   4.7619871e+09
      141.150   4.8180423e+09
      141.200   4.8200572e+09
      141.250   4.7789935e+09
      141.300   4.7232418e+09
      141.350   4.6427050e+09
      141.400   4.5850602e+09
      141.450   4.5512416e+09
      141.500   4.5513585e+09
      141.550   4.5679952e+09
      141.600   4.5974912e+09
      141.650   4.6187348e+09
      141.700   4.6372327e+09
      141.750   4.6355278e+09
      141.800   4.6191194e+09
      141.850   4.5971886e+09
      141.900   4.5734077e+09
      141.950   4.5486964e+09
      142.000   4.5304111e+09
      142.050   4.5231551e+09
      142.100   4.5204960e+09
      142.150   4.5638500e+09
      142.200   4.6744216e+09
      142.250   4.8854021e+09
      142.300   5.1830450e+09
      142.350   5.5204307e+09
      142.400   5.8146629e+09
      142.450   6.0002826e+09
      142.500   6.0173014e+09
      142.550   5.8637620e+09
      142.600   5.5948789e+09
      142.650   5.2825218e+09
      142.700   5.0069277e+09
      142.750   4.8059565e+09
      142.800   4.6842728e+09
      142.850   4.6631647e+09
      142.900   4.7463923e+09
      142.950   4.8961586e+09
      143.000   5.1097352e+09
      143.050   5.4084184e+09
      143.100   5.7358858e+09
      143.150   6.0514798e+09
      143.200   6.2941667e+09
      143.250   6.4241260e+09
      143.300   6.4181572e+09
      143.350   6.3094784e+09
      143.400   6.1257848e+09
      143.450   5.9392323e+09
      143.500   5.7822247e+09
      143.550   5.6668209e+09
      143.600   5.5958274e+09
      143.650   5.5544494e+09
      143.700   5.5167594e+09
      143.750   5.4605133e+09
      143.800   5.4079498e+09
      143.850   5.3553623e+09
      143.900   5.3110976e+09
      143.950   5.2788737e+09
      144.000   5.2856091e+09
      144.050   5.2914177e+09
      144.100   5.3260076e+09
      144.150   5.3633970e+09
      144.200   5.4054465e+09
      144.250   5.4558740e+09
      144.300   5.5341987e+09
      144.350   5.5921101e+09
      144.400   5.6630600e+09
      144.450   5.7275321e+09
      144.500   5.7734317e+09
      144.550   5.7988860e+09
      144.600   5.7992296e+09
      144.650   5.7614166e+09
      144.700   5.7161401e+09
      144.750   5.6559466e+09
      144.800   5.5892070e+09
      144.850   5.5429288e+09
      144.900   5.5124665e+09
      144.950   5.5015589e+09
      145.000   5.5186069e+09
      145.050   5.5505775e+09
      145.100   5.5881558e+09
      145.150   5.6416040e+09
      145.200   5.7100007e+09
      145.250   5.8064181e+09
      145.300   5.9103431e+09
      145.350   6.0143117e+09
      145.400   6.1136563e+09
      145.450   6.1896966e+09
      145.500   6.2125268e+09
      145.550   6.2073378e+09
      145.600   6.1722419e+09
      145.650   6.1455416e+09
      145.700   6.1337869e+09
      145.750   6.1425988e+09
      145.800   6.1813423e+09
      145.850   6.2472309e+09
      145.900   6.2925610e+09
      145.950   6.3135773e+09
      146.000   6.3317931e+09
      146.050   6.3696783e+09
      146.100   6.4544042e+09
      146.150   6.5859999e+09
      146.200   6.7579402e+09
      146.250   6.9280789e+09
      146.300   7.0626717e+09
      146.350   7.1166951e+09
      146.400   7.1182276e+09
      146.450   7.0972496e+09
      146.500   7.1372405e+09
      146.550   7.2870309e+09
      146.600   7.5588930e+09
      146.650   7.8937648e+09
      146.700   8.2306576e+09
      146.750   8.4859895e+09
      146.800   8.5873792e+09
      146.850   8.5328479e+09
      146.900   8.3739809e+09
      146.950   8.2150446e+09
      147.000   8.1782575e+09
      147.050   8.4216744e+09
      147.100   8.9925014e+09
      147.150   9.8495553e+09
      147.200   1.0839648e+10
      147.250   1.1726636e+10
      147.300   1.2293944e+10
      147.350   1.2409550e+10
      147.400   1.2026078e+10
      147.450   1.1275084e+10
      147.500   1.0307074e+10
      147.550   9.3282847e+09
      147.600   8.4697233e+09
      147.650   7.8389394e+09
      147.700   7.4426809e+09
      147.750   7.2292237e+09
      147.800   7.1288764e+09
      147.850   7.1879448e+09
      147.900   7.4169103e+09
      147.950   7.8196596e+09
      148.000   8.4047979e+09
      148.050   9.1205029e+09
      148.100   9.8043947e+09
      148.150   1.0326077e+10
      148.200   1.0583394e+10
      148.250   1.0519469e+10
      148.300   1.0228632e+10
      148.350   9.8242056e+09
      148.400   9.4252807e+09
      148.450   9.1813216e+09
      148.500   9.1094560e+09
      148.550   9.1567975e+09
      148.600   9.2268749e+09
      148.650   9.2543761e+09
      148.700   9.1644680e+09
      148.750   8.9608638e+09
      148.800   8.6775970e+09
      148.850   8.3942100e+09
      148.900   8.1467152e+09
      148.950   8.0100245e+09
      149.000   7.9842067e+09
      149.050   8.0655380e+09
      149.100   8.2151955e+09
      149.150   8.3838890e+09
      149.200   8.5308267e+09
      149.250   8.6322662e+09
      149.300   8.6578020e+09
      149.350   8.6349210e+09
      149.400   8.5768891e+09
      149.450   8.4941345e+09
      149.500   8.4094441e+09
      149.550   8.3522760e+09
      149.600   8.3140933e+09
      149.650   8.3063147e+09
      149.700   8.3108939e+09
      149.750   8.3687361e+09
      149.800   8.4817762e+09
      149.850   8.6348245e+09
      149.900   8.8098229e+09
      149.950   9.0210654e+09
      150.000   9.2171607e+09
      150.050   9.3744677e+09
      150.100   9.4755100e+09
      150.150   9.5070170e+09
      150.200   9.4909222e+09
      150.250   9.4415291e+09
      150.300   9.3598164e+09
      150.350   9.2762193e+09
      150.400   9.2144855e+09
      150.450   9.1565572e+09
      150.500   9.1223634e+09
      150.550   9.1053869e+09
      150.600   9.1292093e+09
      150.650   9.1786175e+09
      150.700   9.2346299e+09
      150.750   9.3095594e+09
      150.800   9.4346599e+09
      150.850   9.5956744e+09
      150.900   9.8010940e+09
      150.950   1.0034786e+10
      151.000   1.0249403e+10
      151.050   1.0416580e+10
      151.100   1.0479613e+10
      151.150   1.0429138e+10
      151.200   1.0293621e+10
      151.250   1.0110338e+10
      151.300   9.9176921e+09
      151.350   9.7723456e+09
      151.400   9.6648110e+09
      151.450   9.6422241e+09
      151.500   9.6478947e+09
      151.550   9.6723683e+09
      151.600   9.6967696e+09
      151.650   9.7210993e+09
      151.700   9.7171158e+09
      151.750   9.7229512e+09
      151.800   9.7099424e+09
      151.850   9.7063264e+09
      151.900   9.7308917e+09
      151.950   9.7648166e+09
      152.000   9.8268780e+09
      152.050   9.9076486e+09
      152.100   1.0035275e+10
      152.150   1.0181544e+10
      152.200   1.0355822e+10
      152.250   1.0501808e+10
      152.300   1.0694519e+10
      152.350   1.1018226e+10
      152.400   1.1650710e+10
      152.450   1.2619695e+10
      152.500   1.3831184e+10
      152.550   1.5091367e+10
      152.600   1.6117262e+10
      152.650   1.6647158e+10
      152.700   1.6503714e+10
      152.750   1.5743397e+10
      152.800   1.4637605e+10
      152.850   1.3466877e+10
      152.900   1.2427431e+10
      152.950   1.1734077e+10
      153.000   1.1526749e+10
      153.050   1.1861243e+10
      153.100   1.2690633e+10
      153.150   1.3940024e+10
      153.200   1.5403893e+10
      153.250   1.6755457e+10
      153.300   1.7714790e+10
      153.350   1.8011402e+10
      153.400   1.7561569e+10
      153.450   1.6580091e+10
      153.500   1.5412332e+10
      153.550   1.4296929e+10
      153.600   1.3424706e+10
      153.650   1.2879275e+10
      153.700   1.2585747e+10
      153.750   1.2441410e+10
      153.800   1.2362311e+10
      153.850   1.2348393e+10
      153.900   1.2483305e+10
      153.950   1.2748258e+10
      154.000   1.3059458e+10
      154.050   1.3333246e+10
      154.100   1.3476764e+10
      154.150   1.3388047e+10
      154.200   1.3123029e+10
      154.250   1.2802530e+10
      154.300   1.2528632e+10
      154.350   1.2356885e+10
      154.400   1.2352049e+10
      154.450   1.2671382e+10
      154.500   1.3999690e+10
      154.550   1.7243704e+10
      154.600   2.2308261e+10
      154.650   2.8645762e+10
      154.700   3.5496691e+10
      154.750   4.1566474e+10
      154.800   4.5737876e+10
      154.850   4.7634092e+10
      154.900   6.8263243e+10
      154.950   6.4632657e+10
      155.000   5.9642969e+10
      155.050   5.3736299e+10
      155.100   4.7315023e+10
      155.150   2.8206011e+10
      155.200   2.4178734e+10
      155.250   2.0393747e+10
      155.300   1.7090180e+10
      155.350   1.4543710e+10
      155.400   1.3057190e+10
      155.450   1.2519152e+10
      155.500   1.2496404e+10
      155.550   1.2683688e+10
      155.600   1.3128022e+10
      155.650   1.3902479e+10
      155.700   1.5061655e+10
      155.750   1.6742654e+10
      155.800   1.8999717e+10
      155.850   2.1731225e+10
      155.900   2.4579214e+10
      155.950   2.7039819e+10
      156.000   2.8665167e+10
      156.050   2.9099663e+10
      156.100   2.8244416e+10
      156.150   2.6329777e+10
      156.200   2.3841475e+10
      156.250   2.1282503e+10
      156.300   1.9063630e+10
      156.350   1.7321211e+10
      156.400   1.6163910e+10
      156.450   1.5518029e+10
      156.500   1.5237050e+10
      156.550   1.5214010e+10
      156.600   1.5345720e+10
      156.650   1.5613851e+10
      156.700   1.6027368e+10
      156.750   1.6540671e+10
      156.800   1.7108202e+10
      156.850   1.7666312e+10
      156.900   1.8105980e+10
      156.950   1.8391019e+10
      157.000   1.8412580e+10
      157.050   1.8243562e+10
      157.100   1.7974844e+10
      157.150   1.7815165e+10
      157.200   1.7954852e+10
      157.250   1.8457081e+10
      157.300   1.9203720e+10
      157.350   1.9995238e+10
      157.400   2.0577976e+10
      157.450   2.0671453e+10
      157.500   2.0230828e+10
      157.550   1.9352323e+10
      157.600   1.8239493e+10
      157.650   1.7100635e+10
      157.700   1.6143548e+10
      157.750   1.5476329e+10
      157.800   1.5152698e+10
      157.850   1.5136058e+10
      157.900   1.5371826e+10
      157.950   1.5688443e+10
      158.000   1.5968692e+10
      158.050   1.6131572e+10
      158.100   1.6087338e+10
      158.150   1.5881236e+10
      158.200   1.5630385e+10
      158.250   1.5505522e+10
      158.300   1.5578315e+10
      158.350   1.5803553e+10
      158.400   1.6145139e+10
      158.450   1.6477348e+10
      158.500   1.6728576e+10
      158.550   1.6925661e+10
      158.600   1.7104626e+10
      158.650   1.7301230e+10
      158.700   1.7560204e+10
      158.750   1.7800985e+10
      158.800   1.7952164e+10
      158.850   1.7960310e+10
      158.900   1.7798889e+10
      158.950   1.7486047e+10
      159.000   1.7155679e+10
      159.050   1.6861291e+10
      159.100   1.6673995e+10
      159.150   1.6629238e+10
      159.200   1.6771231e+10
      159.250   1.7001955e+10
      159.300   1.7285659e+10
      159.350   1.7542376e+10
      159.400   1.7701176e+10
      159.450   1.7691307e+10
      159.500   1.7468679e+10
      159.550   1.7060433e+10
      159.600   1.6581789e+10
      159.650   1.6112486e+10
      159.700   1.5705585e+10
      159.750   1.5449354e+10
      159.800   1.5378907e+10
      159.850   1.5485040e+10
      159.900   1.5741082e+10
      159.950   1.6217231e+10
      160.000   1.6842690e+10
      160.050   1.7564242e+10
      160.100   1.8276212e+10
      160.150   1.8855356e+10
      160.200   1.9196372e+10
      160.250   1.9220570e+10
      160.300   1.8963646e+10
      160.350   1.8522644e+10
      160.400   1.8020733e+10
      160.450   1.7554391e+10
      160.500   1.7263832e+10
      160.550   1.7192067e+10
      160.600   1.7382965e+10
      160.650   1.7766027e+10
      160.700   1.8253442e+10
      160.750   1.8749013e+10
      160.800   1.9261390e+10
      160.850   1.9720757e+10
      160.900   2.0144649e+10
      160.950   2.0567940e+10
      161.000   2.1077803e+10
      161.050   2.1656616e+10
      161.100   2.2347767e+10
      161.150   2.3037996e+10
      161.200   2.3597016e+10
      161.250   2.3886106e+10
      161.300   2.3819040e+10
      161.350   2.3318373e+10
      161.400   2.2480410e+10
      161.450   2.1530827e+10
      161.500   2.0617010e+10
      161.550   1.9911993e+10
      161.600   1.9553670e+10
      161.650   1.9532691e+10
      161.700   1.9744796e+10
      161.750   2.0086004e+10
      161.800   2.0392209e+10
      161.850   2.0654944e+10
      161.900   2.0925954e+10
      161.950   2.1248205e+10
      162.000   2.1698939e+10
      162.050   2.2338216e+10
      162.100   2.3019529e+10
      162.150   2.3614192e+10
      162.200   2.4096418e+10
      162.250   2.4406536e+10
      162.300   2.4587716e+10
      162.350   2.4717267e+10
      162.400   2.4846616e+10
      162.450   2.5052658e+10
      162.500   2.5241349e+10
      162.550   2.5321918e+10
      162.600   2.5257266e+10
      162.650   2.5064723e+10
      162.700   2.4812671e+10
      162.750   2.4586499e+10
      162.800   2.4420162e+10
      162.850   2.4305051e+10
      162.900   2.4232580e+10
      162.950   2.4160198e+10
      163.000   2.4147438e+10
      163.050   2.4211052e+10
      163.100   2.4512415e+10
      163.150   2.5076433e+10
      163.200   2.5699266e+10
      163.250   2.6253606e+10
      163.300   2.6612575e+10
      163.350   2.6573059e+10
      163.400   2.6203469e+10
      163.450   2.5749739e+10
      163.500   2.5288010e+10
      163.550   2.5054485e+10
      163.600   2.5116856e+10
      163.650   2.5466082e+10
      163.700   2.6253582e+10
      163.750   2.7672690e+10
      163.800   2.9587375e+10
      163.850   3.1836883e+10
      163.900   6.3683292e+10
      163.950   6.7253106e+10
      164.000   6.9112210e+10
      164.050   6.8897496e+10
      164.100   6.6842920e+10
      164.150   3.3890192e+10
      164.200   3.1933535e+10
      164.250   3.0289293e+10
      164.300   2.9091021e+10
      164.350   2.8354782e+10
      164.400   2.7937407e+10
      164.450   2.7436883e+10
      164.500   2.6803066e+10
      164.550   2.6171818e+10
      164.600   2.5666395e+10
      164.650   2.5395308e+10
      164.700   2.5408358e+10
      164.750   2.5529808e+10
      164.800   2.5667854e+10
      164.850   2.5730792e+10
      164.900   2.5635366e+10
      164.950   2.5381804e+10
      165.000   2.5028590e+10
      165.050   2.4634191e+10
      165.100   2.4389880e+10
      165.150   2.4436658e+10
      165.200   2.4782469e+10
      165.250   2.5509987e+10
      165.300   2.6834524e+10
      165.350   2.9153343e+10
      165.400   3.2854847e+10
      165.450   3.8277022e+10
      165.500   4.5483774e+10
      165.550   5.3851302e+10
      165.600   8.8205577e+10
      165.650   9.7932695e+10
      165.700   1.0347183e+11
      165.750   1.0367932e+11
      165.800   9.8656128e+10
      165.850   6.2762614e+10
      165.900   5.4825756e+10
      165.950   4.7065837e+10
      166.000   4.0600450e+10
      166.050   3.5935611e+10
      166.100   3.3067396e+10
      166.150   3.1630624e+10
      166.200   3.0999139e+10
      166.250   3.0728761e+10
      166.300   3.0606037e+10
      166.350   3.0524229e+10
      166.400   3.0401790e+10
      166.450   3.0352902e+10
      166.500   3.0369238e+10
      166.550   3.0354291e+10
      166.600   3.0306894e+10
      166.650   3.0186251e+10
      166.700   3.0008927e+10
      166.750   3.0148448e+10
      166.800   3.1018403e+10
      166.850   3.2706284e+10
      166.900   3.5064320e+10
      166.950   3.7701985e+10
      167.000   3.9922897e+10
      167.050   4.1145706e+10
      167.100   4.1065615e+10
      167.150   3.9830823e+10
      167.200   3.7984583e+10
      167.250   3.6155548e+10
      167.300   3.4738511e+10
      167.350   3.3926813e+10
      167.400   3.3671796e+10
      167.450   3.3723365e+10
      167.500   3.3758813e+10
      167.550   3.3601033e+10
      167.600   3.3314515e+10
      167.650   3.3076426e+10
      167.700   3.2951420e+10
      167.750   3.2932117e+10
      167.800   3.3049609e+10
      167.850   3.3327778e+10
      167.900   3.3686100e+10
      167.950   3.4068074e+10
      168.000   3.4409501e+10
      168.050   3.4613941e+10
      168.100   3.4673913e+10
      168.150   3.4557546e+10
      168.200   3.4313201e+10
      168.250   3.4133067e+10
      168.300   3.4233048e+10
      168.350   3.4804771e+10
      168.400   3.5911337e+10
      168.450   3.7471723e+10
      168.500   3.9253665e+10
      168.550   4.0956941e+10
      168.600   4.2291113e+10
      168.650   4.3089871e+10
      168.700   4.3329987e+10
      168.750   4.3188199e+10
      168.800   4.2903365e+10
      168.850   4.2785728e+10
      168.900   4.2977712e+10
      168.950   4.3494626e+10
      169.000   4.4280189e+10
      169.050   4.5135829e+10
      169.100   4.5824078e+10
      169.150   4.6352968e+10
      169.200   4.6833933e+10
      169.250   4.7282318e+10
      169.300   4.7746093e+10
      169.350   4.8295638e+10
      169.400   4.8994146e+10
      169.450   4.9833442e+10
      169.500   5.0726296e+10
      169.550   5.1583388e+10
      169.600   5.2384030e+10
      169.650   5.3018287e+10
      169.700   5.3455557e+10
      169.750   5.3594019e+10
      169.800   5.3528591e+10
      169.850   5.3525898e+10
      169.900   5.3827803e+10
      169.950   5.4496622e+10
      170.000   5.5648504e+10
      170.050   5.7202254e+10
      170.100   5.8732566e+10
      170.150   5.9778760e+10
      170.200   6.0169223e+10
      170.250   5.9856938e+10
      170.300   5.8935622e+10
      170.350   5.7647597e+10
      170.400   5.6359411e+10
      170.450   5.5266405e+10
      170.500   5.4556006e+10
      170.550   5.4322161e+10
      170.600   5.4611415e+10
      170.650   5.5345038e+10
      170.700   5.6429491e+10
      170.750   5.7731490e+10
      170.800   5.9087599e+10
      170.850   6.0224592e+10
      170.900   6.0807767e+10
      170.950   6.0775439e+10
      171.000   6.0236959e+10
      171.050   5.9356396e+10
      171.100   5.8250304e+10
      171.150   5.7176367e+10
      171.200   5.6235057e+10
      171.250   5.5434362e+10
      171.300   5.4758441e+10
      171.350   5.4277176e+10
      171.400   5.4130217e+10
      171.450   5.4472811e+10
      171.500   5.5405502e+10
      171.550   5.6878460e+10
      171.600   5.8624784e+10
      171.650   6.0333217e+10
      171.700   6.1778787e+10
      171.750   6.2649577e+10
      171.800   6.3023221e+10
      171.850   6.3194714e+10
      171.900   6.3249333e+10
      171.950   6.3241817e+10
      172.000   6.3179717e+10
      172.050   6.2876018e+10
      172.100   6.2228703e+10
      172.150   6.1315904e+10
      172.200   6.0394293e+10
      172.250   5.9855074e+10
      172.300   5.9916774e+10
      172.350   6.0619495e+10
      172.400   6.1854014e+10
      172.450   6.3308912e+10
      172.500   6.4662898e+10
      172.550   6.5597403e+10
      172.600   6.5984029e+10
      172.650   6.5901745e+10
      172.700   6.5373146e+10
      172.750   6.4328896e+10
      172.800   6.2924698e+10
      172.850   6.1356450e+10
      172.900   5.9765238e+10
      172.950   5.8369696e+10
      173.000   5.7435624e+10
      173.050   5.7119145e+10
      173.100   5.7365850e+10
      173.150   5.8050414e+10
      173.200   5.8984884e+10
      173.250   5.9973646e+10
      173.300   6.0876901e+10
      173.350   6.1670314e+10
      173.400   6.2331072e+10
      173.450   6.2866415e+10
      173.500   6.3331672e+10
      173.550   6.3748866e+10
      173.600   6.4111641e+10
      173.650   6.4505473e+10
      173.700   6.4931214e+10
      173.750   6.5419318e+10
      173.800   6.5970505e+10
      173.850   6.6670347e+10
      173.900   6.7558207e+10
      173.950   6.8626550e+10
      174.000   6.9891116e+10
      174.050   7.1367326e+10
      174.100   7.2922524e+10
      174.150   7.4415609e+10
      174.200   7.5823058e+10
      174.250   7.7043173e+10
      174.300   7.7989268e+10
      174.350   7.8763066e+10
      174.400   7.9247694e+10
      174.450   7.9340710e+10
      174.500   7.9119875e+10
      174.550   7.8476984e+10
      174.600   7.7497845e+10
      174.650   7.6370524e+10
      174.700   7.5329618e+10
      174.750   7.4664736e+10
      174.800   7.4611190e+10
      174.850   7.5278650e+10
      174.900   7.6642468e+10
      174.950   7.8514370e+10
      175.000   8.0690773e+10
      175.050   8.2788256e+10
      175.100   8.4572214e+10
      175.150   8.6042360e+10
      175.200   8.7199111e+10
      175.250   8.8433801e+10
      175.300   8.9590053e+10
      175.350   9.0901928e+10
      175.400   9.2213282e+10
      175.450   9.3445991e+10
      175.500   9.4366213e+10
      175.550   9.5058081e+10
      175.600   9.5594637e+10
      175.650   9.5896780e+10
      175.700   9.6277631e+10
      175.750   9.6737824e+10
      175.800   9.7355502e+10
      175.850   9.8052233e+10
      175.900   9.8906979e+10
      175.950   9.9841765e+10
      176.000   1.0069910e+11
      176.050   1.0140013e+11
      176.100   1.0162963e+11
      176.150   1.0138634e+11
      176.200   1.0059012e+11
      176.250   9.9319259e+10
      176.300   9.7572482e+10
      176.350   9.5665278e+10
      176.400   9.3913276e+10
      176.450   9.2950707e+10
      176.500   9.3175157e+10
      176.550   9.4571747e+10
      176.600   9.7392895e+10
      176.650   1.0092440e+11
      176.700   1.0437453e+11
      176.750   1.0711073e+11
      176.800   1.0897555e+11
      176.850   1.1012734e+11
      176.900   1.1112001e+11
      176.950   1.1250762e+11
      177.000   1.1484181e+11
      177.050   1.1835915e+11
      177.100   1.2274282e+11
      177.150   1.2728119e+11
      177.200   1.3102817e+11
      177.250   1.3295828e+11
      177.300   1.3244420e+11
      177.350   1.2964420e+11
      177.400   1.2495501e+11
      177.450   1.1932447e+11
      177.500   1.1424794e+11
      177.550   1.1040887e+11
      177.600   1.0853760e+11
      177.650   1.0879214e+11
      177.700   1.1085946e+11
      177.750   1.1426749e+11
      177.800   1.1862223e+11
      177.850   1.2321525e+11
      177.900   1.2741532e+11
      177.950   1.3090708e+11
      178.000   1.3290179e+11
      178.050   1.3355607e+11
      178.100   1.3310600e+11
      178.150   1.3186657e+11
      178.200   1.3054777e+11
      178.250   1.2970249e+11
      178.300   1.2964643e+11
      178.350   1.3038007e+11
      178.400   1.3158750e+11
      178.450   1.3287505e+11
      178.500   1.3408365e+11
      178.550   1.3462229e+11
      178.600   1.3484470e+11
      178.650   1.3482937e+11
      178.700   1.3528730e+11
      178.750   1.3605970e+11
      178.800   1.3745956e+11
      178.850   1.3940839e+11
      178.900   1.4151074e+11
      178.950   1.4337471e+11
      179.000   1.4445159e+11
      179.050   1.4442943e+11
      179.100   1.4291687e+11
      179.150   1.3991997e+11
      179.200   1.3590957e+11
      179.250   1.3151395e+11
      179.300   1.2751402e+11
      179.350   1.2453488e+11
      179.400   1.2304345e+11
      179.450   1.2287848e+11
      179.500   1.2380433e+11
      179.550   1.2543220e+11
      179.600   1.2729856e+11
      179.650   1.2901302e+11
      179.700   1.3041809e+11
      179.750   1.3206030e+11
      179.800   1.3386371e+11
      179.850   1.3606384e+11
      179.900   1.3850549e+11
      179.950   1.4095154e+11
      180.000   1.4379759e+11
      180.050   1.4601889e+11
      180.100   1.4777100e+11
      180.150   1.4897305e+11
      180.200   1.4970238e+11
      180.250   1.5011549e+11
      180.300   1.5045060e+11
      180.350   1.5134258e+11
      180.400   1.5271299e+11
      180.450   1.5448503e+11
      180.500   1.5657997e+11
      180.550   1.5992851e+11
      180.600   1.6583442e+11
      180.650   1.7542188e+11
      180.700   1.8749580e+11
      180.750   1.9790231e+11
      180.800   2.0191842e+11
      180.850   1.9905458e+11
      180.900   1.9178559e+11
      180.950   1.8282602e+11
      181.000   1.7417870e+11
      181.050   1.6664388e+11
      181.100   1.6118946e+11
      181.150   1.5797765e+11
      181.200   1.5612714e+11
      181.250   1.5435480e+11
      181.300   1.5250062e+11
      181.350   1.5152969e+11
      181.400   1.5474293e+11
      181.450   1.6608827e+11
      181.500   1.8832056e+11
      181.550   2.1964345e+11
      181.600   2.5372675e+11
      181.650   2.8194690e+11
      181.700   2.9784408e+11
      181.750   2.9753533e+11
      181.800   2.8181289e+11
      181.850   2.5607066e+11
      181.900   2.2780728e+11
      181.950   2.0308072e+11
      182.000   1.8569164e+11
      182.050   1.7742580e+11
      182.100   1.7788726e+11
      182.150   1.8336242e+11
      182.200   1.9046060e+11
      182.250   1.9723958e+11
      182.300   2.0305130e+11
      182.350   2.0724653e+11
      182.400   2.0909499e+11
      182.450   2.0810874e+11
      182.500   2.0420296e+11
      182.550   1.9811261e+11
      182.600   1.9194270e+11
      182.650   1.8747407e+11
      182.700   1.8495204e+11
      182.750   1.8421316e+11
      182.800   1.8477096e+11
      182.850   1.8605755e+11
      182.900   1.8766898e+11
      182.950   1.8903625e+11
      183.000   1.9040330e+11
      183.050   1.9209476e+11
      183.100   1.9427255e+11
      183.150   1.9669161e+11
      183.200   1.9903040e+11
      183.250   2.0136893e+11
      183.300   2.0386964e+11
      183.350   2.0685497e+11
      183.400   2.0943552e+11
      183.450   2.1096248e+11
      183.500   2.1062721e+11
      183.550   2.0911751e+11
      183.600   2.0760564e+11
      183.650   2.0730816e+11
      183.700   2.0838982e+11
      183.750   2.0996020e+11
      183.800   2.1145144e+11
      183.850   2.1164323e+11
      183.900   2.0939502e+11
      183.950   2.0405270e+11
      184.000   1.9691484e+11
      184.050   1.8944317e+11
      184.100   1.8302255e+11
      184.150   1.7928604e+11
      184.200   1.7937959e+11
      184.250   1.8265614e+11
      184.300   1.8691553e+11
      184.350   1.8938230e+11
      184.400   1.8972526e+11
      184.450   1.8835244e+11
      184.500   1.8583159e+11
      184.550   1.8168492e+11
      184.600   1.7623267e+11
      184.650   1.7004617e+11
      184.700   1.6468196e+11
      184.750   1.6201715e+11
      184.800   1.6262099e+11
      184.850   1.6575561e+11
      184.900   1.7003022e+11
      184.950   1.7413931e+11
      185.000   1.7620674e+11
      185.050   1.7501031e+11
      185.100   1.7161331e+11
      185.150   1.6870734e+11
      185.200   1.6898108e+11
      185.250   1.7381542e+11
      185.300   1.8296257e+11
      185.350   1.9576601e+11
      185.400   2.1018925e+11
      185.450   2.2313854e+11
      185.500   2.3201456e+11
      185.550   2.3626199e+11
      185.600   2.3611676e+11
      185.650   2.3239787e+11
      185.700   2.2664943e+11
      185.750   2.2041664e+11
      185.800   2.1515983e+11
      185.850   2.1136841e+11
      185.900   2.0912129e+11
      185.950   2.0849682e+11
      186.000   2.0925029e+11
      186.050   2.1122062e+11
      186.100   2.1400139e+11
      186.150   2.1734735e+11
      186.200   2.2101494e+11
      186.250   2.2435475e+11
      186.300   2.2607544e+11
      186.350   2.2568984e+11
      186.400   2.2368682e+11
      186.450   2.2127753e+11
      186.500   2.1943738e+11
      186.550   2.2022424e+11
      186.600   2.2497695e+11
      186.650   2.3402187e+11
      186.700   2.4493382e+11
      186.750   2.5488028e+11
      186.800   2.6223829e+11
      186.850   2.6765598e+11
      186.900   2.7218419e+11
      186.950   2.7598649e+11
      187.000   2.7865398e+11
      187.050   2.7986409e+11
      187.100   2.7977445e+11
      187.150   2.7854982e+11
      187.200   2.7675620e+11
      187.250   2.7471801e+11
      187.300   2.7332581e+11
      187.350   2.7299174e+11
      187.400   2.7322708e+11
      187.450   2.7289144e+11
      187.500   2.7182510e+11
      187.550   2.7022907e+11
      187.600   2.6871471e+11
      187.650   2.6736391e+11
      187.700   2.6609280e+11
      187.750   2.6457737e+11
      187.800   2.6306153e+11
      187.850   2.6162601e+11
      187.900   2.6027353e+11
      187.950   2.5883667e+11
      188.000   2.5707582e+11
      188.050   2.5531328e+11
      188.100   2.5493578e+11
      188.150   2.5756854e+11
      188.200   2.6378787e+11
      188.250   2.7261370e+11
      188.300   2.8168509e+11
      188.350   2.8904906e+11
      188.400   2.9445845e+11
      188.450   2.9766819e+11
      188.500   2.9916787e+11
      188.550   2.9949673e+11
      188.600   2.9909109e+11
      188.650   2.9860288e+11
      188.700   2.9844145e+11
      188.750   2.9844316e+11
      188.800   2.9901696e+11
      188.850   3.0097838e+11
      188.900   3.0506291e+11
      188.950   3.1135717e+11
      189.000   3.1928933e+11
      189.050   3.2755199e+11
      189.100   3.3475622e+11
      189.150   3.3959160e+11
      189.200   3.4140335e+11
      189.250   3.4100569e+11
      189.300   3.3987195e+11
      189.350   3.3873750e+11
      189.400   3.3760071e+11
      189.450   3.3613636e+11
      189.500   3.3401642e+11
      189.550   3.3149893e+11
      189.600   3.2856968e+11
      189.650   3.2440819e+11
      189.700   3.1802867e+11
      189.750   3.0951106e+11
      189.800   3.0123510e+11
      189.850   2.9566331e+11
      189.900   2.9452359e+11
      189.950   2.9658813e+11
      190.000   2.9964115e+11
      190.050   3.0228415e+11
      190.100   3.0525701e+11
      190.150   3.0971268e+11
      190.200   3.1614819e+11
      190.250   3.2390413e+11
      190.300   3.3207593e+11
      190.350   3.3967518e+11
      190.400   3.4513723e+11
      190.450   3.4730596e+11
      190.500   3.4625741e+11
      190.550   3.4393305e+11
      190.600   3.4276429e+11
      190.650   3.4373777e+11
      190.700   3.4702316e+11
      190.750   3.5228992e+11
      190.800   3.5805497e+11
      190.850   3.6241844e+11
      190.900   3.6405539e+11
      190.950   3.6263919e+11
      191.000   3.5841241e+11
      191.050   3.5286089e+11
      191.100   3.4829909e+11
      191.150   3.4695867e+11
      191.200   3.4942383e+11
      191.250   3.5387211e+11
      191.300   3.5815743e+11
      191.350   3.6169798e+11
      191.400   3.6664736e+11
      191.450   3.7449610e+11
      191.500   3.8383592e+11
      191.550   3.9089663e+11
      191.600   3.9274379e+11
      191.650   3.8978112e+11
      191.700   3.8490584e+11
      191.750   3.8018961e+11
      191.800   3.7787720e+11
      191.850   3.7921931e+11
      191.900   3.8481007e+11
      191.950   3.9348821e+11
      192.000   4.0317939e+11
      192.050   4.1196517e+11
      192.100   4.1784031e+11
      192.150   4.1896542e+11
      192.200   4.1557510e+11
      192.250   4.0983903e+11
      192.300   4.0442747e+11
      192.350   4.0018188e+11
      192.400   3.9710450e+11
      192.450   3.9494327e+11
      192.500   3.9344825e+11
      192.550   3.9229801e+11
      192.600   3.9148208e+11
      192.650   3.9142246e+11
      192.700   3.9287237e+11
      192.750   3.9550045e+11
      192.800   3.9569299e+11
      192.850   3.9008266e+11
      192.900   3.7731981e+11
      192.950   3.5899453e+11
      193.000   3.3763240e+11
      193.050   3.1600452e+11
      193.100   2.9773310e+11
      193.150   2.8551665e+11
      193.200   2.7994830e+11
      193.250   2.7960160e+11
      193.300   2.8279423e+11
      193.350   2.8649501e+11
      193.400   2.8749689e+11
      193.450   2.8369306e+11
      193.500   2.7701764e+11
      193.550   2.7038430e+11
      193.600   2.6738144e+11
      193.650   2.7087134e+11
      193.700   2.8404043e+11
      193.750   3.0704288e+11
      193.800   3.3548821e+11
      193.850   3.6373785e+11
      193.900   3.8868190e+11
      193.950   4.0990352e+11
      194.000   4.2883432e+11
      194.050   4.4623274e+11
      194.100   4.6395269e+11
      194.150   4.8282524e+11
      194.200   5.0084140e+11
      194.250   5.1456287e+11
      194.300   5.2149288e+11
      194.350   5.2130504e+11
      194.400   5.1551651e+11
      194.450   5.0655565e+11
      194.500   4.9726847e+11
      194.550   4.9116238e+11
      194.600   4.8973060e+11
      194.650   4.9389766e+11
      194.700   5.0374734e+11
      194.750   5.1719262e+11
      194.800   5.2905472e+11
      194.850   5.3448135e+11
      194.900   5.3196599e+11
      194.950   5.2292426e+11
      195.000   5.0911509e+11
      195.050   4.9354533e+11
      195.100   4.7872153e+11
      195.150   4.6757414e+11
      195.200   4.6220153e+11
      195.250   4.6393831e+11
      195.300   4.7254080e+11
      195.350   4.8449338e+11
      195.400   4.9418578e+11
      195.450   4.9885988e+11
      195.500   4.9993139e+11
      195.550   5.0042281e+11
      195.600   5.0183302e+11
      195.650   5.0357796e+11
      195.700   5.0390043e+11
      195.750   5.0355036e+11
      195.800   5.0437387e+11
      195.850   5.0795934e+11
      195.900   5.1254934e+11
      195.950   5.1470824e+11
      196.000   5.1218070e+11
      196.050   5.0563283e+11
      196.100   4.9740971e+11
      196.150   4.9010678e+11
      196.200   4.8632299e+11
      196.250   4.8772864e+11
      196.300   4.9532759e+11
      196.350   5.0819959e+11
      196.400   5.2508698e+11
      196.450   5.4389691e+11
      196.500   5.6245671e+11
      196.550   5.7883753e+11
      196.600   5.9195149e+11
      196.650   6.0188382e+11
      196.700   6.0880131e+11
      196.750   6.1359749e+11
      196.800   6.1571817e+11
      196.850   6.1524223e+11
      196.900   6.1157480e+11
      196.950   6.0454866e+11
      197.000   5.9423736e+11
      197.050   5.8365864e+11
      197.100   5.7576073e+11
      197.150   5.7247581e+11
      197.200   5.7162954e+11
      197.250   5.7069911e+11
      197.300   5.6833189e+11
      197.350   5.6562432e+11
      197.400   5.6358559e+11
      197.450   5.6196914e+11
      197.500   5.6034922e+11
      197.550   5.5839053e+11
      197.600   5.5591770e+11
      197.650   5.5361789e+11
      197.700   5.5241435e+11
      197.750   5.5188728e+11
      197.800   5.5110485e+11
      197.850   5.4956204e+11
      197.900   5.4945479e+11
      197.950   5.5341245e+11
      198.000   5.6227765e+11
      198.050   5.7368420e+11
      198.100   5.8475476e+11
      198.150   5.9320004e+11
      198.200   5.9792411e+11
      198.250   5.9764962e+11
      198.300   5.9322499e+11
      198.350   5.8769506e+11
      198.400   5.8360851e+11
      198.450   5.8032486e+11
      198.500   5.7534910e+11
      198.550   5.6614047e+11
      198.600   5.5363459e+11
      198.650   5.4139293e+11
      198.700   5.3211654e+11
      198.750   5.2707036e+11
      198.800   5.2574250e+11
      198.850   5.2729526e+11
      198.900   5.3121006e+11
      198.950   5.3655866e+11
      199.000   5.4291222e+11
      199.050   5.5205212e+11
      199.100   5.6506652e+11
      199.150   5.8178912e+11
      199.200   5.9967744e+11
      199.250   6.1587035e+11
      199.300   6.2834781e+11
      199.350   6.3601060e+11
      199.400   6.3751296e+11
      199.450   6.3362806e+11
      199.500   6.2612224e+11
      199.550   6.1743813e+11
      199.600   6.0968265e+11
      199.650   6.0420041e+11
      199.700   6.0225472e+11
      199.750   6.0409610e+11
      199.800   6.0887992e+11
      199.850   6.1517642e+11
      199.900   6.2096444e+11
      199.950   6.2397560e+11
      200.000   6.2403949e+11
      200.050   6.2452684e+11
      200.100   6.2904211e+11
      200.150   6.3784795e+11
      200.225   6.4911304e+11
      200.275   6.5345451e+11
      200.325   6.5737617e+11
      200.375   6.5902417e+11
      200.425   6.5639271e+11
      200.475   6.5426259e+11
      200.525   6.5938879e+11
      200.575   6.7084844e+11
      200.625   6.7861739e+11
      200.675   6.7924866e+11
      200.725   6.7349738e+11
      200.775   6.6884093e+11
      200.825   6.7056159e+11
      200.875   6.7605414e+11
      200.925   6.8314162e+11
      200.975   6.9064573e+11
      201.025   6.9445450e+11
      201.075   6.9113858e+11
      201.125   6.8454679e+11
      201.175   6.8500213e+11
      201.225   6.9811829e+11
      201.275   7.1516815e+11
      201.325   7.2601611e+11
      201.375   7.2914740e+11
      201.425   7.2464594e+11
      201.475   7.1796900e+11
      201.525   7.1577655e+11
      201.575   7.1573172e+11
      201.625   7.1744541e+11
      201.675   7.2586466e+11
      201.725   7.3964667e+11
      201.775   7.5125753e+11
      201.825   7.5816644e+11
      201.875   7.5744907e+11
      201.925   7.5085420e+11
      201.975   7.4694404e+11
      202.025   7.4614024e+11
      202.075   7.4357143e+11
      202.125   7.3613427e+11
      202.175   7.2509171e+11
      202.225   7.1891126e+11
      202.275   7.2464317e+11
      202.325   7.3943316e+11
      202.375   7.5077925e+11
      202.425   7.4988024e+11
      202.475   7.3858039e+11
      202.525   7.1813984e+11
      202.575   6.9192249e+11
      202.625   6.7545536e+11
      202.675   6.8086173e+11
      202.725   7.0711218e+11
      202.775   7.4362858e+11
      202.825   7.6832054e+11
      202.875   7.7710055e+11
      202.925   7.7985231e+11
      202.975   7.8201820e+11
      203.025   7.9027425e+11
      203.075   8.0486446e+11
      203.125   8.2019422e+11
      203.175   8.3125444e+11
      203.225   8.3171290e+11
      203.275   8.1967560e+11
      203.325   8.0073365e+11
      203.375   7.8371896e+11
      203.425   7.7512181e+11
      203.475   7.7801413e+11
      203.525   7.9238179e+11
      203.575   8.1247852e+11
      203.625   8.3023663e+11
      203.675   8.3900830e+11
      203.725   8.3831034e+11
      203.775   8.3412431e+11
      203.825   8.2670008e+11
      203.875   8.2151211e+11
      203.925   8.1400711e+11
      203.975   8.1355757e+11
      204.025   8.2298250e+11
      204.075   8.4416342e+11
      204.125   8.6882581e+11
      204.175   8.9040249e+11
      204.225   9.0741287e+11
      204.275   9.1844509e+11
      204.325   9.1861999e+11
      204.375   9.0952360e+11
      204.425   8.9910739e+11
      204.475   8.9514644e+11
      204.525   9.0334243e+11
      204.575   9.2147860e+11
      204.625   9.3779890e+11
      204.675   9.4137107e+11
      204.725   9.3168970e+11
      204.775   9.1802298e+11
      204.825   9.1288654e+11
      204.875   9.1877039e+11
      204.925   9.2565492e+11
      204.975   9.2872470e+11
      205.025   9.3428301e+11
      205.075   9.4084049e+11
      205.125   9.4316490e+11
      205.175   9.4366344e+11
      205.225   9.4773185e+11
      205.275   9.5487418e+11
      205.325   9.6044369e+11
      205.375   9.6085938e+11
      205.425   9.5386969e+11
      205.475   9.4214017e+11
      205.525   9.2880727e+11
      205.575   9.1589076e+11
      205.625   9.1502872e+11
      205.675   9.2664201e+11
      205.725   9.3724983e+11
      205.775   9.3688190e+11
      205.825   9.2412901e+11
      205.875   9.1735872e+11
      205.925   9.2746116e+11
      205.975   9.4337479e+11
      206.025   9.5612233e+11
      206.075   9.5856639e+11
      206.125   9.4623098e+11
      206.175   9.2583665e+11
      206.225   9.1325286e+11
      206.275   9.2067763e+11
      206.325   9.4154267e+11
      206.375   9.5867159e+11
      206.425   9.6882251e+11
      206.475   9.7929758e+11
      206.525   9.8417629e+11
      206.575   9.7905737e+11
      206.625   9.7700840e+11
      206.675   9.8815066e+11
      206.725   1.0057562e+12
      206.775   1.0175460e+12
      206.825   1.0196366e+12
      206.875   1.0181613e+12
      206.925   1.0186737e+12
      206.975   1.0263114e+12
      207.025   1.0394225e+12
      207.075   1.0513659e+12
      207.125   1.0621470e+12
      207.175   1.0686189e+12
      207.225   1.0696143e+12
      207.275   1.0757451e+12
      207.325   1.0883334e+12
      207.375   1.1020852e+12
      207.425   1.1133087e+12
      207.475   1.1194786e+12
      207.525   1.1235254e+12
      207.575   1.1307241e+12
      207.625   1.1397407e+12
      207.675   1.1463110e+12
      207.725   1.1471311e+12
      207.775   1.1407920e+12
      207.825   1.1350383e+12
      207.875   1.1334092e+12
      207.925   1.1395469e+12
      207.975   1.1527817e+12
      208.025   1.1610936e+12
      208.075   1.1575239e+12
      208.125   1.1480506e+12
      208.175   1.1440724e+12
      208.225   1.1455793e+12
      208.275   1.1529022e+12
      208.325   1.1723997e+12
      208.375   1.1859181e+12
      208.425   1.1816779e+12
      208.475   1.1856699e+12
      208.525   1.2212493e+12
      208.575   1.2758727e+12
      208.625   1.3225294e+12
      208.675   1.3509229e+12
      208.725   1.3689714e+12
      208.775   1.4061624e+12
      208.825   1.4508018e+12
      208.875   1.4696334e+12
      208.925   1.4548007e+12
      208.975   1.4303771e+12
      209.025   1.4318269e+12
      209.075   1.4551288e+12
      209.125   1.4897509e+12
      209.175   1.5259288e+12
      209.225   1.5908599e+12
      209.275   1.6932457e+12
      209.325   1.7643199e+12
      209.375   1.7443572e+12
      209.425   1.6730630e+12
      209.475   1.6620486e+12
      209.525   1.7312961e+12
      209.575   1.8188364e+12
      209.625   1.8709158e+12
      209.675   1.8805076e+12
      209.725   1.9111374e+12
      209.775   1.9768511e+12
      209.825   2.0324508e+12
      209.875   2.0275472e+12
      209.925   1.9673832e+12
      209.975   1.9057308e+12
      210.025   1.8923736e+12
      210.075   1.9790393e+12
      210.125   2.1696220e+12
      210.175   2.3424623e+12
      210.225   2.4040705e+12
      210.275   2.3009321e+12
      210.325   2.1109721e+12
      210.375   2.0441111e+12
      210.425   2.1230847e+12
      210.475   2.3069292e+12
      210.525   2.5250021e+12
      210.575   2.6544698e+12
      210.625   2.6520726e+12
      210.675   2.5957334e+12
      210.725   2.5485443e+12
      210.775   2.4982897e+12
      210.825   2.3941126e+12
      210.875   2.2517387e+12
      210.925   2.1474781e+12
      210.975   2.1176377e+12
      211.025   2.1705365e+12
      211.075   2.2789227e+12
      211.125   2.4666020e+12
      211.175   2.7081859e+12
      211.225   2.8563111e+12
      211.275   2.8463273e+12
      211.325   2.7417132e+12
      211.375   2.6349979e+12
      211.425   2.5669344e+12
      211.475   2.5163329e+12
      211.525   2.5207780e+12
      211.575   2.6625361e+12
      211.625   2.8965356e+12
      211.675   3.1042998e+12
      211.725   3.2099282e+12
      211.775   3.1978269e+12
      211.825   3.0719038e+12
      211.875   2.9612301e+12
      211.925   3.0129306e+12
      211.975   3.1774309e+12
      212.025   3.3394376e+12
      212.075   3.3235973e+12
      212.125   3.1256136e+12
      212.175   2.9055759e+12
      212.225   2.7145021e+12
      212.275   2.5461370e+12
      212.325   2.3530320e+12
      212.375   2.1444455e+12
      212.425   2.0022619e+12
      212.475   1.9686784e+12
      212.525   2.0684112e+12
      212.575   2.2518311e+12
      212.625   2.4481943e+12
      212.675   2.6177773e+12
      212.725   2.7098283e+12
      212.775   2.7401865e+12
      212.825   2.7461203e+12
      212.875   2.7375720e+12
      212.925   2.6930112e+12
      212.975   2.5779380e+12
      213.025   2.4396598e+12
      213.075   2.3685663e+12
      213.125   2.3955951e+12
      213.175   2.4736093e+12
      213.225   2.5113801e+12
      213.275   2.5173863e+12
      213.325   2.5566231e+12
      213.375   2.6099576e+12
      213.425   2.6014907e+12
      213.475   2.5307002e+12
      213.525   2.4914295e+12
      213.575   2.5430455e+12
      213.625   2.6885609e+12
      213.675   2.8768513e+12
      213.725   3.0400025e+12
      213.775   3.0693828e+12
      213.825   2.8739505e+12
      213.875   2.6557379e+12
      213.925   2.6196612e+12
      213.975   2.6976569e+12
      214.025   2.8836457e+12
      214.075   3.2101906e+12
      214.125   3.5482687e+12
      214.175   3.7076263e+12
      214.225   3.6784135e+12
      214.275   3.6279506e+12
      214.325   3.6432778e+12
      214.375   3.6702273e+12
      214.425   3.6509427e+12
      214.475   3.5579452e+12
      214.525   3.4077937e+12
      214.575   3.2515274e+12
      214.625   3.1520726e+12
      214.675   3.1198684e+12
      214.725   3.1379187e+12
      214.775   3.1888516e+12
      214.825   3.2637383e+12
      214.875   3.3542967e+12
      214.925   3.4395544e+12
      214.975   3.4690472e+12
      215.025   3.3663588e+12
      215.075   3.1617547e+12
      215.125   2.9838423e+12
      215.175   2.9732621e+12
      215.225   3.0709843e+12
      215.275   3.1845584e+12
      215.325   3.3269524e+12
      215.375   3.4344268e+12
      215.425   3.4172188e+12
      215.475   3.3015526e+12
      215.525   3.1791140e+12
      215.575   3.0658167e+12
      215.625   2.9378416e+12
      215.675   2.7920791e+12
      215.725   2.6338919e+12
      215.775   2.4943427e+12
      215.825   2.4127245e+12
      215.875   2.3901518e+12
      215.925   2.4359997e+12
      215.975   2.5858754e+12
      216.025   2.8251460e+12
      216.075   3.0296582e+12
      216.125   3.1250605e+12
      216.175   3.1108770e+12
      216.225   3.0461152e+12
      216.275   3.0197684e+12
      216.325   3.0257565e+12
      216.375   3.0126105e+12
      216.425   2.9515823e+12
      216.475   2.8838698e+12
      216.525   2.8116205e+12
      216.575   2.6750459e+12
      216.625   2.4720549e+12
      216.675   2.2884528e+12
      216.725   2.2317516e+12
      216.775   2.3150321e+12
      216.825   2.4489085e+12
      216.875   2.5477337e+12
      216.925   2.5339816e+12
      216.975   2.4876436e+12
      217.025   2.5298341e+12
      217.075   2.6522949e+12
      217.125   2.7771733e+12
      217.175   2.8401361e+12
      217.225   2.8961467e+12
      217.275   2.9514169e+12
      217.325   2.9392689e+12
      217.375   2.8327764e+12
      217.425   2.7103401e+12
      217.475   2.6240558e+12
      217.525   2.5957652e+12
      217.575   2.6852806e+12
      217.625   2.8359352e+12
      217.675   2.9313484e+12
      217.725   2.9299975e+12
      217.775   2.8479098e+12
      217.825   2.8243058e+12
      217.875   2.9834817e+12
      217.925   3.2841168e+12
      217.975   3.6160505e+12
      218.025   3.8670145e+12
      218.075   3.9925628e+12
      218.125   4.0573520e+12
      218.175   4.1523005e+12
      218.225   4.2699961e+12
      218.275   4.3173014e+12
      218.325   4.2276226e+12
      218.375   4.0369506e+12
      218.425   3.8143507e+12
      218.475   3.7393927e+12
      218.525   3.8506238e+12
      218.575   3.9586175e+12
      218.625   3.9221891e+12
      218.675   3.6609769e+12
      218.725   3.3648677e+12
      218.775   3.2972554e+12
      218.825   3.4361371e+12
      218.875   3.6032556e+12
      218.925   3.6438183e+12
      218.975   3.6375944e+12
      219.025   3.6988451e+12
      219.075   3.7828144e+12
      219.125   3.7770040e+12
      219.175   3.7204124e+12
      219.225   3.7365811e+12
      219.275   3.9358614e+12
      219.325   4.2890042e+12
      219.375   4.5177260e+12
      219.425   4.4790993e+12
      219.475   4.2634714e+12
      219.525   3.9797949e+12
      219.575   3.7364400e+12
      219.625   3.6491869e+12
      219.675   3.7349831e+12
      219.725   3.9503075e+12
      219.775   4.2280513e+12
      219.825   4.4642851e+12
      219.875   4.5837204e+12
      219.925   4.5689352e+12
      219.975   4.4142945e+12
      220.025   4.1327417e+12
      220.075   3.8298993e+12
      220.125   3.6877875e+12
      220.175   3.8004139e+12
      220.225   4.1229475e+12
      220.275   4.4556463e+12
      220.325   4.6831873e+12
      220.375   4.8237511e+12
      220.425   4.8147199e+12
      220.475   4.6702215e+12
      220.525   4.5528303e+12
      220.575   4.4995257e+12
      220.625   4.3409366e+12
      220.675   4.0906941e+12
      220.725   3.8809930e+12
      220.775   3.7039276e+12
      220.825   3.5243189e+12
      220.875   3.4045117e+12
      220.925   3.4040058e+12
      220.975   3.3752147e+12
      221.025   3.1943846e+12
      221.075   2.9358674e+12
      221.125   2.7430625e+12
      221.175   2.7079015e+12
      221.225   2.8209578e+12
      221.275   3.0760856e+12
      221.325   3.4009765e+12
      221.375   3.6126145e+12
      221.425   3.6419934e+12
      221.475   3.6098650e+12
      221.525   3.6069308e+12
      221.575   3.5620341e+12
      221.625   3.3901989e+12
      221.675   3.1440752e+12
      221.725   2.9610001e+12
      221.775   2.9305150e+12
      221.825   3.0380078e+12
      221.875   3.2659158e+12
      221.925   3.5962942e+12
      221.975   3.9113368e+12
      222.025   4.0973968e+12
      222.075   4.1955957e+12
      222.125   4.2806775e+12
      222.175   4.3785555e+12
      222.225   4.3992761e+12
      222.275   4.3078428e+12
      222.325   4.2044068e+12
      222.375   4.2037911e+12
      222.425   4.2944957e+12
      222.475   4.3335577e+12
      222.525   4.3409617e+12
      222.575   4.3739313e+12
      222.625   4.3910774e+12
      222.675   4.3533208e+12
      222.725   4.2905578e+12
      222.775   4.2848056e+12
      222.825   4.4026367e+12
      222.875   4.6225604e+12
      222.925   4.7890938e+12
      222.975   4.8363909e+12
      223.025   4.8056433e+12
      223.075   4.7059051e+12
      223.125   4.6420992e+12
      223.175   4.7497436e+12
      223.225   5.0245903e+12
      223.275   5.4612803e+12
      223.325   5.9480291e+12
      223.375   6.2357201e+12
      223.425   6.2570247e+12
      223.475   6.1729303e+12
      223.525   6.1700646e+12
      223.575   6.2486225e+12
      223.625   6.2542976e+12
      223.675   6.1409203e+12
      223.725   5.9607174e+12
      223.775   5.7447310e+12
      223.825   5.5376371e+12
      223.875   5.4117000e+12
      223.925   5.4538029e+12
      223.975   5.6503880e+12
      224.025   5.7651483e+12
      224.075   5.6570898e+12
      224.125   5.4477605e+12
      224.175   5.2421492e+12
      224.225   5.1130797e+12
      224.275   5.0520082e+12
      224.325   4.9897109e+12
      224.375   4.9205602e+12
      224.425   4.8427605e+12
      224.475   4.8352777e+12
      224.525   4.9467547e+12
      224.575   5.1772829e+12
      224.625   5.3847973e+12
      224.675   5.4793844e+12
      224.725   5.5601852e+12
      224.775   5.6430759e+12
      224.825   5.6919187e+12
      224.875   5.5085974e+12
      224.925   5.1906388e+12
      224.975   4.9877739e+12
      225.025   4.9003466e+12
      225.075   4.8704460e+12
      225.125   4.8051055e+12
      225.175   4.7829527e+12
      225.225   4.8707102e+12
      225.275   4.9618504e+12
      225.325   4.8917535e+12
      225.375   4.6859142e+12
      225.425   4.5350726e+12
      225.475   4.5527589e+12
      225.525   4.6334905e+12
      225.575   4.5840542e+12
      225.625   4.4372572e+12
      225.675   4.3541770e+12
      225.725   4.4138445e+12
      225.775   4.4849362e+12
      225.825   4.4747994e+12
      225.875   4.4600494e+12
      225.925   4.4612929e+12
      225.975   4.3099938e+12
      226.025   4.0332149e+12
      226.075   3.8479967e+12
      226.125   3.8257881e+12
      226.175   3.9368964e+12
      226.225   4.0383730e+12
      226.275   4.0237926e+12
      226.325   3.9012868e+12
      226.375   3.7078684e+12
      226.425   3.5396270e+12
      226.475   3.3927896e+12
      226.525   3.2495054e+12
      226.575   3.1590532e+12
      226.625   3.1251561e+12
      226.675   3.1100772e+12
      226.725   3.0629567e+12
      226.775   3.0108544e+12
      226.825   2.9773935e+12
      226.875   2.9404736e+12
      226.925   2.9021356e+12
      226.975   2.8699343e+12
      227.025   2.8569263e+12
      227.075   2.8765745e+12
      227.125   2.9063790e+12
      227.175   2.9447186e+12
      227.225   2.9992925e+12
      227.275   3.0766869e+12
      227.325   3.1455585e+12
      227.375   3.1763023e+12
      227.425   3.1820696e+12
      227.475   3.2394918e+12
      227.525   3.3417397e+12
      227.575   3.3846056e+12
      227.625   3.4010275e+12
      227.675   3.5024857e+12
      227.725   3.6763011e+12
      227.775   3.8224586e+12
      227.825   3.9207324e+12
      227.875   4.0204437e+12
      227.925   4.1045027e+12
      227.975   4.1356232e+12
      228.025   4.1844634e+12
      228.075   4.3305399e+12
      228.125   4.5882293e+12
      228.175   4.8522440e+12
      228.225   5.0032327e+12
      228.275   5.0340334e+12
      228.325   4.9095600e+12
      228.375   4.7365107e+12
      228.425   4.7256685e+12
      228.475   4.8612715e+12
      228.525   5.0093592e+12
      228.575   5.0783293e+12
      228.625   4.9461550e+12
      228.675   4.6407024e+12
      228.725   4.3449125e+12
      228.775   4.2133266e+12
      228.825   4.3385120e+12
      228.875   4.5347332e+12
      228.925   4.5813561e+12
      228.975   4.4661878e+12
      229.025   4.2849553e+12
      229.075   4.1867709e+12
      229.125   4.1950191e+12
      229.175   4.2313682e+12
      229.225   4.2808416e+12
      229.275   4.3418747e+12
      229.325   4.3982136e+12
      229.375   4.4303332e+12
      229.425   4.4246885e+12
      229.475   4.4231901e+12
      229.525   4.5260149e+12
      229.575   4.6885195e+12
      229.625   4.7359268e+12
      229.675   4.4573170e+12
      229.725   4.0490254e+12
      229.775   3.7971349e+12
      229.825   3.6848509e+12
      229.875   3.6835766e+12
      229.925   3.7722964e+12
      229.975   3.8758093e+12
      230.025   3.9392629e+12
      230.075   4.0031952e+12
      230.125   4.1200854e+12
      230.175   4.2892089e+12
      230.225   4.4419606e+12
      230.275   4.4859286e+12
      230.325   4.3807774e+12
      230.375   4.3245603e+12
      230.425   4.4388566e+12
      230.475   4.6228893e+12
      230.525   4.9224481e+12
      230.575   5.3678558e+12
      230.625   5.7160769e+12
      230.675   5.8133434e+12
      230.725   5.7457940e+12
      230.775   5.5638278e+12
      230.825   5.3497563e+12
      230.875   5.1792820e+12
      230.925   4.9436258e+12
      230.975   4.6537787e+12
      231.025   4.4535647e+12
      231.075   4.3117046e+12
      231.125   4.1479271e+12
      231.175   4.0002575e+12
      231.225   3.9066402e+12
      231.275   3.8729718e+12
      231.325   3.8792418e+12
      231.375   3.9157642e+12
      231.425   4.0755926e+12
      231.475   4.4390694e+12
      231.525   4.8334597e+12
      231.575   5.0548305e+12
      231.625   5.0640301e+12
      231.675   4.9459425e+12
      231.725   4.8682603e+12
      231.775   4.8690324e+12
      231.825   4.9218593e+12
      231.875   4.9861886e+12
      231.925   4.9427667e+12
      231.975   4.7341037e+12
      232.025   4.4567786e+12
      232.075   4.2505078e+12
      232.125   4.2307741e+12
      232.175   4.3165828e+12
      232.225   4.4887470e+12
      232.275   4.8543693e+12
      232.325   5.4163586e+12
      232.375   5.8795424e+12
      232.425   6.0062215e+12
      232.475   5.8363123e+12
      232.525   5.3857494e+12
      232.575   4.8288164e+12
      232.625   4.4410643e+12
      232.675   4.2767545e+12
      232.725   4.2394602e+12
      232.775   4.2878544e+12
      232.825   4.4445150e+12
      232.875   4.6969564e+12
      232.925   4.9153229e+12
      232.975   4.9940040e+12
      233.025   4.9220471e+12
      233.075   4.7590858e+12
      233.125   4.5489781e+12
      233.175   4.3039113e+12
      233.225   4.1022390e+12
      233.275   3.9808322e+12
      233.325   3.9237881e+12
      233.375   3.9572392e+12
      233.425   4.1386515e+12
      233.475   4.3554274e+12
      233.525   4.5027449e+12
      233.575   4.6487894e+12
      233.625   4.7627649e+12
      233.675   4.6794424e+12
      233.725   4.3591456e+12
      233.775   3.9860524e+12
      233.825   3.6834590e+12
      233.875   3.4918476e+12
      233.925   3.4547997e+12
      233.975   3.5224781e+12
      234.025   3.6655042e+12
      234.075   3.8334878e+12
      234.125   3.9841541e+12
      234.175   4.1082425e+12
      234.225   4.1616076e+12
      234.275   4.0771115e+12
      234.325   3.8177362e+12
      234.375   3.4989908e+12
      234.425   3.2503150e+12
      234.475   3.1411206e+12
      234.525   3.1999758e+12
      234.575   3.3026232e+12
      234.625   3.3737625e+12
      234.675   3.4521020e+12
      234.725   3.5539167e+12
      234.775   3.6019046e+12
      234.825   3.5478218e+12
      234.875   3.5220704e+12
      234.925   3.6643958e+12
      234.975   4.0017476e+12
      235.025   4.3674816e+12
      235.075   4.5877461e+12
      235.125   4.7077082e+12
      235.175   4.8311679e+12
      235.225   5.0211180e+12
      235.275   5.2278311e+12
      235.325   5.3456510e+12
      235.375   5.3015270e+12
      235.425   5.1445143e+12
      235.475   4.9599044e+12
      235.525   4.8244614e+12
      235.575   4.8602543e+12
      235.625   5.1067017e+12
      235.675   5.3898147e+12
      235.725   5.5264691e+12
      235.775   5.5302748e+12
      235.825   5.4441635e+12
      235.875   5.2006333e+12
      235.925   4.8405065e+12
      235.975   4.4781016e+12
      236.025   4.1927174e+12
      236.075   4.1172976e+12
      236.125   4.2379928e+12
      236.175   4.3912223e+12
      236.225   4.5362040e+12
      236.275   4.7641820e+12
      236.325   5.0237713e+12
      236.375   5.1150328e+12
      236.425   4.9766584e+12
      236.475   4.7186856e+12
      236.525   4.5000481e+12
      236.575   4.4300629e+12
      236.625   4.4507403e+12
      236.675   4.4534727e+12
      236.725   4.4096152e+12
      236.775   4.4110368e+12
      236.825   4.4902815e+12
      236.875   4.5799095e+12
      236.925   4.7120098e+12
      236.975   4.9144754e+12
      237.025   5.0844073e+12
      237.075   5.1890359e+12
      237.125   5.3222344e+12
      237.175   5.4999369e+12
      237.225   5.5738192e+12
      237.275   5.4266916e+12
      237.325   5.0632503e+12
      237.375   4.5980888e+12
      237.425   4.3247364e+12
      237.475   4.3237114e+12
      237.525   4.4084940e+12
      237.575   4.5303811e+12
      237.625   4.7820844e+12
      237.675   5.0968790e+12
      237.725   5.3004772e+12
      237.775   5.3244497e+12
      237.825   5.1214129e+12
      237.875   4.7899258e+12
      237.925   4.4853491e+12
      237.975   4.2386501e+12
      238.025   4.0835735e+12
      238.075   3.9647236e+12
      238.125   3.7937324e+12
      238.175   3.5907468e+12
      238.225   3.4271828e+12
      238.275   3.3257216e+12
      238.325   3.3161218e+12
      238.375   3.4031717e+12
      238.425   3.5785549e+12
      238.475   3.8318677e+12
      238.525   4.1179765e+12
      238.575   4.3813118e+12
      238.625   4.5881332e+12
      238.675   4.7193231e+12
      238.725   4.7155480e+12
      238.775   4.5530093e+12
      238.825   4.2995705e+12
      238.875   4.0624721e+12
      238.925   3.9673230e+12
      238.975   4.1060074e+12
      239.025   4.4224547e+12
      239.075   4.7836750e+12
      239.125   5.0536980e+12
      239.175   5.1166484e+12
      239.225   5.0615399e+12
      239.275   5.0403206e+12
      239.325   5.0185302e+12
      239.375   4.9204566e+12
      239.425   4.6977394e+12
      239.475   4.3601946e+12
      239.525   3.9939744e+12
      239.575   3.7189505e+12
      239.625   3.6124537e+12
      239.675   3.6427989e+12
      239.725   3.7930164e+12
      239.775   4.0173763e+12
      239.825   4.1899352e+12
      239.875   4.2038238e+12
      239.925   4.0694282e+12
      239.975   3.9262529e+12
      240.025   3.9692953e+12
      240.075   4.1972229e+12
      240.125   4.4158915e+12
      240.175   4.5164915e+12
      240.225   4.5030027e+12
      240.275   4.4294944e+12
      240.325   4.3585286e+12
      240.375   4.2858257e+12
      240.425   4.1303367e+12
      240.475   3.8599526e+12
      240.525   3.5929191e+12
      240.575   3.4787219e+12
      240.625   3.5065142e+12
      240.675   3.5760822e+12
      240.725   3.6150236e+12
      240.775   3.6858336e+12
      240.825   3.8723939e+12
      240.875   4.1141829e+12
      240.925   4.2884944e+12
      240.975   4.3261320e+12
      241.025   4.2302677e+12
      241.075   4.0199366e+12
      241.125   3.7881739e+12
      241.175   3.6906406e+12
      241.225   3.7942627e+12
      241.275   4.0187602e+12
      241.325   4.1951821e+12
      241.375   4.2558702e+12
      241.425   4.3330992e+12
      241.475   4.5327890e+12
      241.525   4.8233836e+12
      241.575   5.0934411e+12
      241.625   5.3215892e+12
      241.675   5.5264260e+12
      241.725   5.6840259e+12
      241.775   5.7997704e+12
      241.825   5.9194955e+12
      241.875   6.0897157e+12
      241.925   6.2619670e+12
      241.975   6.3853078e+12
      242.025   6.5142261e+12
      242.075   6.6915523e+12
      242.125   6.8469306e+12
      242.175   6.9709208e+12
      242.225   7.0912961e+12
      242.275   7.1402267e+12
      242.325   6.9811554e+12
      242.375   6.7321364e+12
      242.425   6.5529669e+12
      242.475   6.4764199e+12
      242.525   6.5137247e+12
      242.575   6.6318276e+12
      242.625   6.8232065e+12
      242.675   7.0976473e+12
      242.725   7.3426310e+12
      242.775   7.3981665e+12
      242.825   7.2810472e+12
      242.875   7.0190558e+12
      242.925   6.7684811e+12
      242.975   6.7154790e+12
      243.025   6.8113472e+12
      243.075   6.9439967e+12
      243.125   7.0161925e+12
      243.175   6.9357267e+12
      243.225   6.7676756e+12
      243.275   6.5820124e+12
      243.325   6.4375895e+12
      243.375   6.4190104e+12
      243.425   6.4659547e+12
      243.475   6.4296345e+12
      243.525   6.2431824e+12
      243.575   6.0541390e+12
      243.625   6.0305593e+12
      243.675   6.1088747e+12
      243.725   6.2335089e+12
      243.775   6.4140107e+12
      243.825   6.5829347e+12
      243.875   6.6037056e+12
      243.925   6.4523947e+12
      243.975   6.2552128e+12
      244.025   6.1265356e+12
      244.075   6.1684163e+12
      244.125   6.3519663e+12
      244.175   6.5715573e+12
      244.225   6.7505883e+12
      244.275   6.8236129e+12
      244.325   6.7599116e+12
      244.375   6.5877841e+12
      244.425   6.3488324e+12
      244.475   6.1845731e+12
      244.525   6.1329520e+12
      244.575   6.0996035e+12
      244.625   6.0466547e+12
      244.675   5.9238297e+12
      244.725   5.7683589e+12
      244.775   5.6251523e+12
      244.825   5.4705051e+12
      244.875   5.3448654e+12
      244.925   5.3362605e+12
      244.975   5.3650624e+12
      245.025   5.3280332e+12
      245.075   5.2227374e+12
      245.125   5.1035128e+12
      245.175   5.0213930e+12
      245.225   4.9450799e+12
      245.275   4.8758233e+12
      245.325   4.8476459e+12
      245.375   4.8410212e+12
      245.425   4.8293125e+12
      245.475   4.8413787e+12
      245.525   4.9103203e+12
      245.575   4.9621925e+12
      245.625   4.9233518e+12
      245.675   4.8657228e+12
      245.725   4.8514349e+12
      245.775   4.9189217e+12
      245.825   5.0257033e+12
      245.875   5.0648937e+12
      245.925   5.0089961e+12
      245.975   4.9070039e+12
      246.025   4.8533253e+12
      246.075   4.8122070e+12
      246.125   4.7226053e+12
      246.175   4.6257316e+12
      246.225   4.5336595e+12
      246.275   4.4588437e+12
      246.325   4.4194834e+12
      246.375   4.4758291e+12
      246.425   4.6371542e+12
      246.475   4.7980761e+12
      246.525   4.9121849e+12
      246.575   4.9604376e+12
      246.625   4.9704730e+12
      246.675   4.9909504e+12
      246.725   5.0408384e+12
      246.775   5.1327854e+12
      246.825   5.2372888e+12
      246.875   5.3161225e+12
      246.925   5.3459068e+12
      246.975   5.3606503e+12
      247.025   5.3902451e+12
      247.075   5.4182130e+12
      247.125   5.4507816e+12
      247.175   5.5067339e+12
      247.225   5.5416073e+12
      247.275   5.4481628e+12
      247.325   5.2181461e+12
      247.375   5.1280383e+12
      247.425   5.3181659e+12
      247.475   5.6049173e+12
      247.525   5.7739202e+12
      247.575   5.7857471e+12
      247.625   5.7505802e+12
      247.675   5.6939571e+12
      247.725   5.6033266e+12
      247.775   5.5157925e+12
      247.825   5.4134261e+12
      247.875   5.2537787e+12
      247.925   5.0654525e+12
      247.975   4.8896015e+12
      248.025   4.8497212e+12
      248.075   4.9608549e+12
      248.125   5.0712260e+12
      248.175   5.0963841e+12
      248.225   4.9681647e+12
      248.275   4.6489142e+12
      248.325   4.2851852e+12
      248.375   4.0042423e+12
      248.425   3.8968693e+12
      248.475   3.9848870e+12
      248.525   4.1681307e+12
      248.575   4.3917753e+12
      248.625   4.5809496e+12
      248.675   4.6196714e+12
      248.725   4.5354548e+12
      248.775   4.4033643e+12
      248.825   4.2205676e+12
      248.875   4.0442673e+12
      248.925   3.9744513e+12
      248.975   3.9721537e+12
      249.025   3.9539116e+12
      249.075   3.9174165e+12
      249.125   3.9187778e+12
      249.175   4.0285005e+12
      249.225   4.2374630e+12
      249.275   4.5523198e+12
      249.325   4.8987002e+12
      249.375   5.1729885e+12
      249.425   5.4371224e+12
      249.475   5.7170324e+12
      249.525   5.9970579e+12
      249.575   6.2047206e+12
      249.625   6.2678985e+12
      249.675   6.1993572e+12
      249.725   6.1801598e+12
      249.775   6.2642531e+12
      249.825   6.3392872e+12
      249.875   6.3589525e+12
      249.925   6.3825352e+12
      249.975   6.4952108e+12
      250.025   6.5975849e+12
      250.075   6.5752492e+12
      250.125   6.3430853e+12
      250.175   5.9458498e+12
      250.225   5.6946122e+12
      250.275   5.7354513e+12
      250.325   5.9123272e+12
      250.375   6.0955291e+12
      250.425   6.2233393e+12
      250.475   6.2961307e+12
      250.525   6.2527167e+12
      250.575   6.0314949e+12
      250.625   5.6959571e+12
      250.675   5.3552127e+12
      250.725   5.1015421e+12
      250.775   5.0045086e+12
      250.825   5.1576903e+12
      250.875   5.4894696e+12
      250.925   5.7581029e+12
      250.975   5.8864915e+12
      251.025   5.9269825e+12
      251.075   5.8033843e+12
      251.125   5.5481200e+12
      251.175   5.3439396e+12
      251.225   5.2574319e+12
      251.275   5.2182831e+12
      251.325   5.1462379e+12
      251.375   5.0133499e+12
      251.425   4.8008162e+12
      251.475   4.5551035e+12
      251.525   4.3877119e+12
      251.575   4.3135828e+12
      251.625   4.2436120e+12
      251.675   4.1388841e+12
      251.725   4.0899480e+12
      251.775   4.1274495e+12
      251.825   4.1562788e+12
      251.875   4.1553093e+12
      251.925   4.1445899e+12
      251.975   4.1620249e+12
      252.025   4.2405525e+12
      252.075   4.3981928e+12
      252.125   4.5259974e+12
      252.175   4.5025558e+12
      252.225   4.3869578e+12
      252.275   4.2480583e+12
      252.325   4.0837643e+12
      252.375   3.9607589e+12
      252.425   3.9294164e+12
      252.475   3.9620770e+12
      252.525   4.0536841e+12
      252.575   4.2281949e+12
      252.625   4.4038263e+12
      252.675   4.4876916e+12
      252.725   4.4886974e+12
      252.775   4.3840046e+12
      252.825   4.2206936e+12
      252.875   4.1069838e+12
      252.925   4.0825104e+12
      252.975   4.1671774e+12
      253.025   4.3810412e+12
      253.075   4.6803240e+12
      253.125   4.9805921e+12
      253.175   5.2333446e+12
      253.225   5.3841265e+12
      253.275   5.4167538e+12
      253.325   5.4024328e+12
      253.375   5.3976548e+12
      253.425   5.4081800e+12
      253.475   5.4299046e+12
      253.525   5.4393489e+12
      253.575   5.4218751e+12
      253.625   5.3643801e+12
      253.675   5.3307869e+12
      253.725   5.3711827e+12
      253.775   5.4658937e+12
      253.825   5.5730810e+12
      253.875   5.6242211e+12
      253.925   5.6055263e+12
      253.975   5.6473831e+12
      254.025   5.7863393e+12
      254.075   5.8782284e+12
      254.125   5.8173131e+12
      254.175   5.7159256e+12
      254.225   5.7419373e+12
      254.275   5.8535252e+12
      254.325   6.0230786e+12
      254.375   6.2047774e+12
      254.425   6.2942395e+12
      254.475   6.2833400e+12
      254.525   6.2485281e+12
      254.575   6.2058747e+12
      254.625   6.1297299e+12
      254.675   6.0628872e+12
      254.725   6.0610283e+12
      254.775   6.1582428e+12
      254.825   6.2540307e+12
      254.875   6.2563916e+12
      254.925   6.2197539e+12
      254.975   6.1801490e+12
      255.025   6.2529573e+12
      255.075   6.5314097e+12
      255.125   6.9614355e+12
      255.175   7.4457254e+12
      255.225   7.9353189e+12
      255.275   8.2463619e+12
      255.325   8.2746713e+12
      255.375   8.2300627e+12
      255.425   8.3676971e+12
      255.475   8.6539080e+12
      255.525   8.7807453e+12
      255.575   8.6855590e+12
      255.625   8.5566770e+12
      255.675   8.5570030e+12
      255.725   8.6124260e+12
      255.775   8.6401923e+12
      255.825   8.7230586e+12
      255.875   8.9961408e+12
      255.925   9.3895443e+12
      255.975   9.7011865e+12
      256.025   9.8299983e+12
      256.075   9.7539485e+12
      256.125   9.6436022e+12
      256.175   9.5611780e+12
      256.225   9.3923410e+12
      256.275   9.0991815e+12
      256.325   8.8540881e+12
      256.375   8.8555547e+12
      256.425   9.1219280e+12
      256.475   9.5396771e+12
      256.525   1.0101359e+13
      256.575   1.0829943e+13
      256.625   1.1470804e+13
      256.675   1.1868528e+13
      256.725   1.2082620e+13
      256.775   1.2129285e+13
      256.825   1.2174356e+13
      256.875   1.2318796e+13
      256.925   1.2531566e+13
      256.975   1.2844943e+13
      257.025   1.3231266e+13
      257.075   1.3496554e+13
      257.125   1.3547066e+13
      257.175   1.3495485e+13
      257.225   1.3581412e+13
      257.275   1.3772372e+13
      257.325   1.3952570e+13
      257.375   1.4213922e+13
      257.425   1.4367476e+13
      257.475   1.4032966e+13
      257.525   1.3271218e+13
      257.575   1.2360322e+13
      257.625   1.1611996e+13
      257.675   1.1353524e+13
      257.725   1.1556806e+13
      257.775   1.1995182e+13
      257.825   1.2557726e+13
      257.875   1.3224518e+13
      257.925   1.3871757e+13
      257.975   1.4454232e+13
      258.025   1.4999888e+13
      258.075   1.5494142e+13
      258.125   1.5989837e+13
      258.175   1.6398194e+13
      258.225   1.6378572e+13
      258.275   1.5566287e+13
      258.325   1.4363135e+13
      258.375   1.3724900e+13
      258.425   1.3607098e+13
      258.475   1.3364095e+13
      258.525   1.2602752e+13
      258.575   1.1722395e+13
      258.625   1.1249696e+13
      258.675   1.1121581e+13
      258.725   1.1473361e+13
      258.775   1.2234996e+13
      258.825   1.2955431e+13
      258.875   1.3473980e+13
      258.925   1.4128778e+13
      258.975   1.5147677e+13
      259.025   1.5814068e+13
      259.075   1.5656437e+13
      259.125   1.4887912e+13
      259.175   1.3801421e+13
      259.225   1.2946718e+13
      259.275   1.2603936e+13
      259.325   1.2377917e+13
      259.375   1.1789914e+13
      259.425   1.1050634e+13
      259.475   1.0834122e+13
      259.525   1.1189801e+13
      259.575   1.1624079e+13
      259.625   1.1760600e+13
      259.675   1.1525560e+13
      259.725   1.1142164e+13
      259.775   1.0621102e+13
      259.825   9.7998111e+12
      259.875   8.9089476e+12
      259.925   8.2602055e+12
      259.975   7.9030134e+12
      260.025   7.8597050e+12
      260.075   8.2657168e+12
      260.125   8.9734091e+12
      260.175   9.6833443e+12
      260.225   1.0412680e+13
      260.275   1.0981991e+13
      260.325   1.1206387e+13
      260.375   1.1184273e+13
      260.425   1.1024119e+13
      260.475   1.0731866e+13
      260.525   1.0312512e+13
      260.575   9.8047963e+12
      260.625   9.2396651e+12
      260.675   8.7023742e+12
      260.725   8.3323617e+12
      260.775   8.2486249e+12
      260.825   8.4533844e+12
      260.875   8.8931016e+12
      260.925   9.4177299e+12
      260.975   9.7969797e+12
      261.025   9.9451329e+12
      261.075   9.8869356e+12
      261.125   9.5770033e+12
      261.175   8.9894274e+12
      261.225   8.4416037e+12
      261.275   8.1808909e+12
      261.325   8.2300039e+12
      261.375   8.4437313e+12
      261.425   8.6201101e+12
      261.475   8.8988551e+12
      261.525   9.4145117e+12
      261.575   1.0154479e+13
      261.625   1.0882247e+13
      261.675   1.1251192e+13
      261.725   1.1270165e+13
      261.775   1.0988162e+13
      261.825   1.0517631e+13
      261.875   1.0377967e+13
      261.925   1.0752302e+13
      261.975   1.1366852e+13
      262.025   1.1989815e+13
      262.075   1.2239070e+13
      262.125   1.2079112e+13
      262.175   1.1911816e+13
      262.225   1.1873046e+13
      262.275   1.2145387e+13
      262.325   1.2594703e+13
      262.375   1.2811788e+13
      262.425   1.2832686e+13
      262.475   1.2818837e+13
      262.525   1.2534253e+13
      262.575   1.1891964e+13
      262.625   1.1247880e+13
      262.675   1.0928522e+13
      262.725   1.0996090e+13
      262.775   1.1121958e+13
      262.825   1.1037646e+13
      262.875   1.0830356e+13
      262.925   1.0844331e+13
      262.975   1.1072559e+13
      263.025   1.1194557e+13
      263.075   1.1065719e+13
      263.125   1.0851439e+13
      263.175   1.0810755e+13
      263.225   1.1173902e+13
      263.275   1.1887889e+13
      263.325   1.2906144e+13
      263.375   1.4188959e+13
      263.425   1.5607259e+13
      263.475   1.6913127e+13
      263.525   1.8002842e+13
      263.575   1.8833317e+13
      263.625   1.9591154e+13
      263.675   2.0620630e+13
      263.725   2.1873688e+13
      263.775   2.3253725e+13
      263.825   2.4831764e+13
      263.875   2.6321712e+13
      263.925   2.7301199e+13
      263.975   2.7547894e+13
      264.025   2.7096234e+13
      264.075   2.6665585e+13
      264.125   2.6623329e+13
      264.175   2.6922947e+13
      264.225   2.7603064e+13
      264.275   2.8997204e+13
      264.325   3.0803720e+13
      264.375   3.2006497e+13
      264.425   3.1944434e+13
      264.475   3.0771376e+13
      264.525   2.9580280e+13
      264.575   2.8863363e+13
      264.625   2.8238181e+13
      264.675   2.7547357e+13
      264.725   2.6997784e+13
      264.775   2.6561185e+13
      264.825   2.5993718e+13
      264.875   2.5166324e+13
      264.925   2.4548871e+13
      264.975   2.4707958e+13
      265.025   2.5277490e+13
      265.075   2.5678764e+13
      265.125   2.5907759e+13
      265.175   2.6152231e+13
      265.225   2.6486749e+13
      265.275   2.7065833e+13
      265.325   2.7800546e+13
      265.375   2.8413228e+13
      265.425   2.8961098e+13
      265.475   2.9810119e+13
      265.525   3.0984808e+13
      265.575   3.1745578e+13
      265.625   3.1520408e+13
      265.675   3.0914526e+13
      265.725   3.0819828e+13
      265.775   3.1021471e+13
      265.825   3.0749187e+13
      265.875   3.0171575e+13
      265.925   2.9891222e+13
      265.975   3.0220621e+13
      266.025   3.0694493e+13
      266.075   3.0694710e+13
      266.125   3.0279481e+13
      266.175   2.9469173e+13
      266.225   2.8515321e+13
      266.275   2.8131581e+13
      266.325   2.8114749e+13
      266.375   2.7771209e+13
      266.425   2.7043430e+13
      266.475   2.6961735e+13
      266.525   2.7915100e+13
      266.575   2.8665367e+13
      266.625   2.8522403e+13
      266.675   2.7602137e+13
      266.725   2.7069089e+13
      266.775   2.7591470e+13
      266.825   2.8477161e+13
      266.875   2.8804113e+13
      266.925   2.8360965e+13
      266.975   2.7730882e+13
      267.025   2.7343346e+13
      267.075   2.7577454e+13
      267.125   2.8532586e+13
      267.175   2.9284605e+13
      267.225   2.9151573e+13
      267.275   2.8017589e+13
      267.325   2.6508433e+13
      267.375   2.6222983e+13
      267.425   2.7249232e+13
      267.475   2.9027446e+13
      267.525   3.0934487e+13
      267.575   3.1756455e+13
      267.625   3.1664543e+13
      267.675   3.1307054e+13
      267.725   3.0587273e+13
      267.775   2.9438889e+13
      267.825   2.8461235e+13
      267.875   2.7809589e+13
      267.925   2.7219062e+13
      267.975   2.6867910e+13
      268.025   2.7057326e+13
      268.075   2.7644645e+13
      268.125   2.8242423e+13
      268.175   2.8752027e+13
      268.225   2.9099844e+13
      268.275   2.9192647e+13
      268.325   2.9104127e+13
      268.375   2.8834129e+13
      268.425   2.8441948e+13
      268.475   2.8136201e+13
      268.525   2.7985667e+13
      268.575   2.8153250e+13
      268.625   2.8729805e+13
      268.675   2.9329642e+13
      268.725   2.9463016e+13
      268.775   2.9196535e+13
      268.825   2.8628740e+13
      268.875   2.7890123e+13
      268.925   2.7248178e+13
      268.975   2.6656582e+13
      269.025   2.6017762e+13
      269.075   2.5639841e+13
      269.125   2.5830954e+13
      269.175   2.6364526e+13
      269.225   2.7086923e+13
      269.275   2.7708017e+13
      269.325   2.7906727e+13
      269.375   2.7980872e+13
      269.425   2.8121267e+13
      269.475   2.8182978e+13
      269.525   2.7516633e+13
      269.575   2.6334030e+13
      269.625   2.5457158e+13
      269.675   2.5232663e+13
      269.725   2.5880840e+13
      269.775   2.6969378e+13
      269.825   2.7752446e+13
      269.875   2.8067395e+13
      269.925   2.8152910e+13
      269.975   2.8750516e+13
      270.025   3.0460450e+13
      270.075   3.2339718e+13
      270.125   3.3184067e+13
      270.175   3.2343933e+13
      270.225   3.0798059e+13
      270.275   3.0277504e+13
      270.325   3.1005466e+13
      270.375   3.1937724e+13
      270.425   3.2245589e+13
      270.475   3.2549067e+13
      270.525   3.3222676e+13
      270.575   3.3454709e+13
      270.625   3.2528230e+13
      270.675   3.1021053e+13
      270.725   3.0081146e+13
      270.775   2.9852396e+13
      270.825   3.0008295e+13
      270.875   2.9892003e+13
      270.925   2.9470556e+13
      270.975   2.9324408e+13
      271.025   2.9526729e+13
      271.075   2.9639629e+13
      271.125   2.9365979e+13
      271.175   2.8953873e+13
      271.225   2.8734543e+13
      271.275   2.9265172e+13
      271.325   3.0188079e+13
      271.375   3.0175173e+13
      271.425   2.8764086e+13
      271.475   2.6478645e+13
      271.525   2.4791266e+13
      271.575   2.4485174e+13
      271.625   2.4774167e+13
      271.675   2.5240371e+13
      271.725   2.5537862e+13
      271.775   2.5227691e+13
      271.825   2.4161563e+13
      271.875   2.2525773e+13
      271.925   2.0358872e+13
      271.975   1.8650562e+13
      272.025   1.8209858e+13
      272.075   1.8272421e+13
      272.125   1.8464138e+13
      272.175   1.9220108e+13
      272.225   2.0360768e+13
      272.275   2.1217920e+13
      272.325   2.1581905e+13
      272.375   2.1465545e+13
      272.425   2.1154544e+13
      272.475   2.1129208e+13
      272.525   2.1541073e+13
      272.575   2.2121506e+13
      272.625   2.2637882e+13
      272.675   2.2935796e+13
      272.725   2.3050462e+13
      272.775   2.3011554e+13
      272.825   2.3107003e+13
      272.875   2.4009430e+13
      272.925   2.5681731e+13
      272.975   2.7405835e+13
      273.025   2.8700886e+13
      273.075   2.8802456e+13
      273.125   2.7762704e+13
      273.175   2.6710842e+13
      273.225   2.6271337e+13
      273.275   2.6133551e+13
      273.325   2.5594890e+13
      273.375   2.4543193e+13
      273.425   2.3318281e+13
      273.475   2.2623887e+13
      273.525   2.2498078e+13
      273.575   2.2386193e+13
      273.625   2.2128560e+13
      273.675   2.1663317e+13
      273.725   2.0628431e+13
      273.775   1.9201617e+13
      273.825   1.8272355e+13
      273.875   1.8306456e+13
      273.925   1.8370889e+13
      273.975   1.7669098e+13
      274.025   1.6731117e+13
      274.075   1.6281726e+13
      274.125   1.6493326e+13
      274.175   1.6717295e+13
      274.225   1.6409068e+13
      274.275   1.5652793e+13
      274.325   1.4692104e+13
      274.375   1.4099560e+13
      274.425   1.4225196e+13
      274.475   1.4727987e+13
      274.525   1.5349763e+13
      274.575   1.6101421e+13
      274.625   1.6462731e+13
      274.675   1.6029637e+13
      274.725   1.5236235e+13
      274.775   1.4635614e+13
      274.825   1.4980801e+13
      274.875   1.5672675e+13
      274.925   1.5704052e+13
      274.975   1.5151079e+13
      275.025   1.4643594e+13
      275.075   1.4945589e+13
      275.125   1.6198261e+13
      275.175   1.7909453e+13
      275.225   1.9776158e+13
      275.275   2.1419421e+13
      275.325   2.2304283e+13
      275.375   2.2281433e+13
      275.425   2.1524656e+13
      275.475   2.0710001e+13
      275.525   2.0075062e+13
      275.575   1.9407711e+13
      275.625   1.8730392e+13
      275.675   1.8569652e+13
      275.725   1.9372352e+13
      275.775   2.0848859e+13
      275.825   2.2926632e+13
      275.875   2.5708792e+13
      275.925   2.8328768e+13
      275.975   2.9438385e+13
      276.025   2.9205117e+13
      276.075   2.8744048e+13
      276.125   2.8529715e+13
      276.175   2.8107927e+13
      276.225   2.7108985e+13
      276.275   2.6237332e+13
      276.325   2.6235833e+13
      276.375   2.7301133e+13
      276.425   2.8681895e+13
      276.475   2.9890830e+13
      276.525   3.0989850e+13
      276.575   3.1802591e+13
      276.625   3.1774381e+13
      276.675   3.1008313e+13
      276.725   3.0210721e+13
      276.775   2.9642582e+13
      276.825   2.9323778e+13
      276.875   2.8954614e+13
      276.925   2.8522363e+13
      276.975   2.8370046e+13
      277.025   2.8802186e+13
      277.075   2.9673101e+13
      277.125   3.0398807e+13
      277.175   3.0737451e+13
      277.225   3.0376193e+13
      277.275   2.9663811e+13
      277.325   2.9547349e+13
      277.375   3.0013074e+13
      277.425   3.0536387e+13
      277.475   3.0505559e+13
      277.525   2.9868373e+13
      277.575   2.9094180e+13
      277.625   2.8240417e+13
      277.675   2.7199816e+13
      277.725   2.6291300e+13
      277.775   2.5777909e+13
      277.825   2.5137049e+13
      277.875   2.4026791e+13
      277.925   2.2980440e+13
      277.975   2.2353776e+13
      278.025   2.1849293e+13
      278.075   2.1437467e+13
      278.125   2.1154813e+13
      278.175   2.0915578e+13
      278.225   2.0752012e+13
      278.275   2.0680495e+13
      278.325   2.0451051e+13
      278.375   1.9965708e+13
      278.425   1.9604591e+13
      278.475   1.9494759e+13
      278.525   1.9562387e+13
      278.575   1.9555234e+13
      278.625   1.9352655e+13
      278.675   1.9083134e+13
      278.725   1.8689715e+13
      278.775   1.8041415e+13
      278.825   1.7187408e+13
      278.875   1.6381056e+13
      278.925   1.5769963e+13
      278.975   1.5249909e+13
      279.025   1.4631058e+13
      279.075   1.3985615e+13
      279.125   1.3387228e+13
      279.175   1.2819051e+13
      279.225   1.2204503e+13
      279.275   1.1635242e+13
      279.325   1.1130561e+13
      279.375   1.0627771e+13
      279.425   1.0142328e+13
      279.475   9.7215973e+12
      279.525   9.7078815e+12
      279.575   1.0095092e+13
      279.625   1.0458128e+13
      279.675   1.0137304e+13
      279.725   9.3524273e+12
      279.775   8.8194396e+12
      279.825   8.6122959e+12
      279.875   8.6265021e+12
      279.925   8.7814436e+12
      279.975   8.9853320e+12
      280.025   9.1640426e+12
      280.075   9.2325149e+12
      280.125   9.1711176e+12
      280.175   9.0976187e+12
      280.225   9.1468593e+12
      280.275   9.5723949e+12
      280.325   1.0145926e+13
      280.375   1.0364110e+13
      280.425   1.0282836e+13
      280.475   1.0306399e+13
      280.525   1.0675043e+13
      280.575   1.1306774e+13
      280.625   1.1995660e+13
      280.675   1.2680318e+13
      280.725   1.3382524e+13
      280.775   1.4145847e+13
      280.825   1.4974237e+13
      280.875   1.5845940e+13
      280.925   1.6782901e+13
      280.975   1.7757692e+13
      281.025   1.8619128e+13
      281.075   1.9231048e+13
      281.125   1.9670672e+13
      281.175   2.0099828e+13
      281.225   2.0592743e+13
      281.275   2.1209611e+13
      281.325   2.1863760e+13
      281.375   2.2600280e+13
      281.425   2.3832866e+13
      281.475   2.5431608e+13
      281.525   2.6754018e+13
      281.575   2.7591427e+13
      281.625   2.7926423e+13
      281.675   2.8016329e+13
      281.725   2.8160158e+13
      281.775   2.8447687e+13
      281.825   2.8910681e+13
      281.875   2.9768113e+13
      281.925   3.0717970e+13
      281.975   3.1437126e+13
      282.025   3.2119827e+13
      282.075   3.2806511e+13
      282.125   3.3226791e+13
      282.175   3.3319298e+13
      282.225   3.3383210e+13
      282.275   3.3545584e+13
      282.325   3.3792975e+13
      282.375   3.4389986e+13
      282.425   3.5380417e+13
      282.475   3.6314349e+13
      282.525   3.6412330e+13
      282.575   3.5673198e+13
      282.625   3.4827878e+13
      282.675   3.4457278e+13
      282.725   3.5032995e+13
      282.775   3.5775951e+13
      282.825   3.6057680e+13
      282.875   3.6314397e+13
      282.925   3.6916866e+13
      282.975   3.7784391e+13
      283.025   3.8506003e+13
      283.075   3.8755513e+13
      283.125   3.8642207e+13
      283.175   3.8601812e+13
      283.225   3.8444272e+13
      283.275   3.7976602e+13
      283.325   3.7650690e+13
      283.375   3.7865401e+13
      283.425   3.7979417e+13
      283.475   3.7353136e+13
      283.525   3.6328739e+13
      283.575   3.5009120e+13
      283.625   3.3860936e+13
      283.675   3.3972983e+13
      283.725   3.5250806e+13
      283.775   3.6807405e+13
      283.825   3.7693200e+13
      283.875   3.7543233e+13
      283.925   3.7089405e+13
      283.975   3.6549047e+13
      284.025   3.5772568e+13
      284.075   3.4705257e+13
      284.125   3.3698440e+13
      284.175   3.3206465e+13
      284.225   3.3255242e+13
      284.275   3.3143075e+13
      284.325   3.2021559e+13
      284.375   3.0190320e+13
      284.425   2.8621771e+13
      284.475   2.8219589e+13
      284.525   2.8617716e+13
      284.575   2.8613680e+13
      284.625   2.7682608e+13
      284.675   2.6077075e+13
      284.725   2.4526108e+13
      284.775   2.3252155e+13
      284.825   2.1989599e+13
      284.875   2.0574808e+13
      284.925   1.9096408e+13
      284.975   1.7858357e+13
      285.025   1.6758461e+13
      285.075   1.5688082e+13
      285.125   1.4678096e+13
      285.175   1.3709734e+13
      285.225   1.2966849e+13
      285.275   1.2504710e+13
      285.325   1.2447036e+13
      285.375   1.2903537e+13
      285.425   1.3761509e+13
      285.475   1.4850741e+13
      285.525   1.5956892e+13
      285.575   1.7206046e+13
      285.625   1.8478876e+13
      285.675   1.9706088e+13
      285.725   2.0999186e+13
      285.775   2.2437134e+13
      285.825   2.3943999e+13
      285.875   2.5353263e+13
      285.925   2.6659123e+13
      285.975   2.8263552e+13
      286.025   3.0364230e+13
      286.075   3.2263196e+13
      286.125   3.3363158e+13
      286.175   3.3983776e+13
      286.225   3.4738676e+13
      286.275   3.5523037e+13
      286.325   3.6080433e+13
      286.375   3.6735099e+13
      286.425   3.7567375e+13
      286.475   3.8671693e+13
      286.525   3.9493886e+13
      286.575   3.9701534e+13
      286.625   3.9973517e+13
      286.675   4.0444935e+13
      286.725   4.0258647e+13
      286.775   3.9485364e+13
      286.825   3.8977097e+13
      286.875   3.8994573e+13
      286.925   3.8965679e+13
      286.975   3.8878980e+13
      287.025   3.9470821e+13
      287.075   4.1135616e+13
      287.125   4.3479139e+13
      287.175   4.5501778e+13
      287.225   4.6486059e+13
      287.275   4.6578046e+13
      287.325   4.5968977e+13
      287.375   4.4793589e+13
      287.425   4.3374172e+13
      287.475   4.2359053e+13
      287.525   4.2066546e+13
      287.575   4.1869666e+13
      287.625   4.1224046e+13
      287.675   4.0185534e+13
      287.725   3.9504664e+13
      287.775   3.9504722e+13
      287.825   3.9724418e+13
      287.875   3.9239820e+13
      287.925   3.7767656e+13
      287.975   3.5787127e+13
      288.025   3.3862768e+13
      288.075   3.2290872e+13
      288.125   3.0852749e+13
      288.175   2.9319684e+13
      288.225   2.8236019e+13
      288.275   2.8495940e+13
      288.325   3.0127341e+13
      288.375   3.2591717e+13
      288.425   3.5435903e+13
      288.475   3.8405012e+13
      288.525   4.1368608e+13
      288.575   4.3869819e+13
      288.625   4.5309854e+13
      288.675   4.5771975e+13
      288.725   4.5879409e+13
      288.775   4.6193580e+13
      288.825   4.6548907e+13
      288.875   4.6888078e+13
      288.925   4.7520444e+13
      288.975   4.8173176e+13
      289.025   4.8571987e+13
      289.075   4.9143395e+13
      289.125   5.0028731e+13
      289.175   5.0782715e+13
      289.225   5.1537538e+13
      289.275   5.2427585e+13
      289.325   5.2981030e+13
      289.375   5.3462222e+13
      289.425   5.4294075e+13
      289.475   5.5438627e+13
      289.525   5.6689064e+13
      289.575   5.8641102e+13
      289.625   6.1415358e+13
      289.675   6.3590394e+13
      289.725   6.4553060e+13
      289.775   6.5076658e+13
      289.825   6.5611727e+13
      289.875   6.6499804e+13
      289.925   6.7811963e+13
      289.975   6.9707986e+13
      290.025   7.2148943e+13
      290.075   7.4601404e+13
      290.125   7.6348051e+13
      290.175   7.5982610e+13
      290.225   7.4143056e+13
      290.275   7.3137273e+13
      290.325   7.4324866e+13
      290.375   7.6746140e+13
      290.425   7.8493497e+13
      290.475   7.9070710e+13
      290.525   7.9189448e+13
      290.575   7.8905832e+13
      290.625   7.7827728e+13
      290.675   7.6631637e+13
      290.725   7.5878849e+13
      290.775   7.5649869e+13
      290.825   7.5256469e+13
      290.875   7.4358486e+13
      290.925   7.3854348e+13
      290.975   7.3831973e+13
      291.025   7.3769566e+13
      291.075   7.3553501e+13
      291.125   7.3404193e+13
      291.175   7.3515369e+13
      291.225   7.3865349e+13
      291.275   7.4958411e+13
      291.325   7.7269179e+13
      291.375   7.9050216e+13
      291.425   7.8607532e+13
      291.475   7.6333458e+13
      291.525   7.3809766e+13
      291.575   7.2047526e+13
      291.625   7.1014475e+13
      291.675   7.0807748e+13
      291.725   7.1201686e+13
      291.775   7.0970218e+13
      291.825   6.9839755e+13
      291.875   6.8982891e+13
      291.925   6.9047840e+13
      291.975   6.9776879e+13
      292.025   7.0290504e+13
      292.075   7.0008625e+13
      292.125   6.9632296e+13
      292.175   6.9819640e+13
      292.225   6.9935077e+13
      292.275   6.9649008e+13
      292.325   6.8767337e+13
      292.375   6.6945156e+13
      292.425   6.4550910e+13
      292.475   6.3117605e+13
      292.525   6.3179482e+13
      292.575   6.3329853e+13
      292.625   6.2376662e+13
      292.675   6.1120898e+13
      292.725   6.0828798e+13
      292.775   6.1857510e+13
      292.825   6.3140284e+13
      292.875   6.2507626e+13
      292.925   6.0849717e+13
      292.975   6.0751425e+13
      293.025   6.4061808e+13
      293.075   6.9008824e+13
      293.125   7.2106719e+13
      293.175   7.2878951e+13
      293.225   7.3374627e+13
      293.275   7.3856221e+13
      293.325   7.2898140e+13
      293.375   7.1549384e+13
      293.425   7.1199316e+13
      293.475   7.2337154e+13
      293.525   7.4115909e+13
      293.575   7.4431308e+13
      293.625   7.2250506e+13
      293.675   6.7341092e+13
      293.725   6.1555518e+13
      293.775   5.8923893e+13
      293.825   5.9721979e+13
      293.875   6.1207817e+13
      293.925   6.2050523e+13
      293.975   6.2699514e+13
      294.025   6.3955154e+13
      294.075   6.4895377e+13
      294.125   6.4496827e+13
      294.175   6.3187416e+13
      294.225   6.3052981e+13
      294.275   6.4770327e+13
      294.325   6.6999394e+13
      294.375   6.8196153e+13
      294.425   6.6889911e+13
      294.475   6.5157559e+13
      294.525   6.5168147e+13
      294.575   6.7225203e+13
      294.625   6.9910264e+13
      294.675   7.0367652e+13
      294.725   6.7832777e+13
      294.775   6.3091051e+13
      294.825   5.7853703e+13
      294.875   5.5358578e+13
      294.925   5.5882384e+13
      294.975   5.7667095e+13
      295.025   6.0665680e+13
      295.075   6.4558278e+13
      295.125   6.8079126e+13
      295.175   7.0441424e+13
      295.225   7.2471387e+13
      295.275   7.3772247e+13
      295.325   7.2782126e+13
      295.375   6.9724893e+13
      295.425   6.6436778e+13
      295.475   6.5617246e+13
      295.525   6.8397552e+13
      295.575   7.1553705e+13
      295.625   7.2630533e+13
      295.675   7.1473137e+13
      295.725   6.9364125e+13
      295.775   6.8461653e+13
      295.825   6.9626416e+13
      295.875   7.2627569e+13
      295.925   7.5136461e+13
      295.975   7.5051889e+13
      296.025   7.3179546e+13
      296.075   7.1608303e+13
      296.125   7.1188651e+13
      296.175   7.1809756e+13
      296.225   7.3088208e+13
      296.275   7.4662961e+13
      296.325   7.5801171e+13
      296.375   7.5317839e+13
      296.425   7.2876149e+13
      296.475   6.8766150e+13
      296.525   6.3697662e+13
      296.575   5.8653490e+13
      296.625   5.4933318e+13
      296.675   5.2651849e+13
      296.725   5.1303510e+13
      296.775   5.1991409e+13
      296.825   5.4979745e+13
      296.875   5.7499512e+13
      296.925   5.7785916e+13
      296.975   5.6203696e+13
      297.025   5.3960808e+13
      297.075   5.3524774e+13
      297.125   5.5744365e+13
      297.175   5.9025220e+13
      297.225   6.0802604e+13
      297.275   5.9637048e+13
      297.325   5.7500806e+13
      297.375   5.6827540e+13
      297.425   5.9307361e+13
      297.475   6.4363978e+13
      297.525   6.8601988e+13
      297.575   7.0703003e+13
      297.625   7.1223238e+13
      297.675   7.2120046e+13
      297.725   7.4992429e+13
      297.775   7.8286569e+13
      297.825   7.9763526e+13
      297.875   7.8426558e+13
      297.925   7.4507284e+13
      297.975   7.0803833e+13
      298.025   6.8595110e+13
      298.075   6.6756206e+13
      298.125   6.4012616e+13
      298.175   6.0285134e+13
      298.225   5.7191437e+13
      298.275   5.6090107e+13
      298.325   5.5683483e+13
      298.375   5.3667714e+13
      298.425   5.1077364e+13
      298.475   4.9695377e+13
      298.525   4.9526631e+13
      298.575   5.0015978e+13
      298.625   5.0948564e+13
      298.675   5.2665662e+13
      298.725   5.4385508e+13
      298.775   5.5213916e+13
      298.825   5.6272134e+13
      298.875   5.8523546e+13
      298.925   6.1539499e+13
      298.975   6.4926489e+13
      299.025   6.8509535e+13
      299.075   7.1128058e+13
      299.125   7.2019072e+13
      299.175   7.1225617e+13
      299.225   6.9169105e+13
      299.275   6.7457834e+13
      299.325   6.6299413e+13
      299.375   6.4791346e+13
      299.425   6.1614316e+13
      299.475   5.7465189e+13
      299.525   5.5466893e+13
      299.575   5.6708206e+13
      299.625   6.0357207e+13
      299.675   6.4265163e+13
      299.725   6.6750976e+13
      299.775   6.8209566e+13
      299.825   6.8254705e+13
      299.875   6.5825382e+13
      299.925   6.1189297e+13
      299.975   5.6327396e+13
      300.025   5.3257897e+13
      300.075   5.0217941e+13
      300.125   4.8189876e+13
      300.175   4.7257860e+13
      300.225   4.7175655e+13
      300.275   4.7030285e+13
      300.325   4.6473689e+13
      300.375   4.6717625e+13
      300.425   4.8466915e+13
      300.475   5.2212214e+13
      300.525   5.6247743e+13
      300.575   5.8168521e+13
      300.625   5.8450673e+13
      300.675   5.7663274e+13
      300.725   5.5876076e+13
      300.775   5.3900137e+13
      300.825   5.2460043e+13
      300.875   5.1961979e+13
      300.925   5.2564070e+13
      300.975   5.3939088e+13
      301.025   5.6068901e+13
      301.075   5.9203583e+13
      301.125   6.2407107e+13
      301.175   6.3299534e+13
      301.225   6.1615307e+13
      301.275   6.0681094e+13
      301.325   6.1727705e+13
      301.375   6.3238626e+13
      301.425   6.3843433e+13
      301.475   6.3479708e+13
      301.525   6.3047248e+13
      301.575   6.2682628e+13
      301.625   6.2257283e+13
      301.675   6.1666399e+13
      301.725   6.0677927e+13
      301.775   5.8858267e+13
      301.825   5.6304181e+13
      301.875   5.4055720e+13
      301.925   5.2443352e+13
      301.975   5.0873541e+13
      302.025   4.9107017e+13
      302.075   4.7017418e+13
      302.125   4.5404072e+13
      302.175   4.5658762e+13
      302.225   4.8011953e+13
      302.275   5.2586321e+13
      302.325   5.8377583e+13
      302.375   6.2910751e+13
      302.425   6.4679017e+13
      302.475   6.4504939e+13
      302.525   6.4244621e+13
      302.575   6.4165732e+13
      302.625   6.3557835e+13
      302.675   6.3384678e+13
      302.725   6.6228679e+13
      302.775   7.2399151e+13
      302.825   7.8122649e+13
      302.875   8.1290955e+13
      302.925   8.1880963e+13
      302.975   8.0875522e+13
      303.025   7.9915750e+13
      303.075   7.9680951e+13
      303.125   7.9774059e+13
      303.175   7.9020792e+13
      303.225   7.9139875e+13
      303.275   8.2251625e+13
      303.325   8.5933571e+13
      303.375   8.7667256e+13
      303.425   8.7244540e+13
      303.475   8.6605360e+13
      303.525   8.6791618e+13
      303.575   8.7452701e+13
      303.625   8.7319591e+13
      303.675   8.5211001e+13
      303.725   8.1729237e+13
      303.775   7.6543880e+13
      303.825   7.1821445e+13
      303.875   7.1328898e+13
      303.925   7.3879048e+13
      303.975   7.6834067e+13
      304.025   7.8306888e+13
      304.075   7.7652957e+13
      304.125   7.6142838e+13
      304.175   7.4719619e+13
      304.225   7.3236362e+13
      304.275   7.2518429e+13
      304.325   7.3771002e+13
      304.375   7.6885549e+13
      304.425   8.0123632e+13
      304.475   8.2074975e+13
      304.525   8.3039171e+13
      304.575   8.3776112e+13
      304.625   8.4648553e+13
      304.675   8.4842274e+13
      304.725   8.2045456e+13
      304.775   7.7075804e+13
      304.825   7.3373529e+13
      304.875   7.2641328e+13
      304.925   7.5464439e+13
      304.975   7.9859325e+13
      305.025   8.3309939e+13
      305.075   8.4808756e+13
      305.125   8.4071837e+13
      305.175   8.4697441e+13
      305.225   8.8082489e+13
      305.275   9.1206705e+13
      305.325   9.1459731e+13
      305.375   8.8251056e+13
      305.425   8.3621478e+13
      305.475   8.0161606e+13
      305.525   7.8339077e+13
      305.575   7.8232756e+13
      305.625   7.8930081e+13
      305.675   7.8455037e+13
      305.725   7.5850393e+13
      305.775   7.0958290e+13
      305.825   6.6107238e+13
      305.875   6.3739850e+13
      305.925   6.3189477e+13
      305.975   6.3263588e+13
      306.025   6.4876360e+13
      306.075   6.8261320e+13
      306.125   7.2178480e+13
      306.175   7.5648348e+13
      306.225   7.8426327e+13
      306.275   7.9733971e+13
      306.325   7.9650080e+13
      306.375   7.8620655e+13
      306.425   7.6488086e+13
      306.475   7.4126037e+13
      306.525   7.3210382e+13
      306.575   7.4159214e+13
      306.625   7.5236170e+13
      306.675   7.4049332e+13
      306.725   7.1416422e+13
      306.775   7.0010238e+13
      306.825   7.0564296e+13
      306.875   7.3047837e+13
      306.925   7.6859258e+13
      306.975   8.0521540e+13
      307.025   8.2956453e+13
      307.075   8.4409317e+13
      307.125   8.5205820e+13
      307.175   8.5385363e+13
      307.225   8.4969531e+13
      307.275   8.3788150e+13
      307.325   8.2914464e+13
      307.375   8.3552786e+13
      307.425   8.4656165e+13
      307.475   8.4948778e+13
      307.525   8.4254537e+13
      307.575   8.1919115e+13
      307.625   7.9693774e+13
      307.675   8.0018778e+13
      307.725   8.3043117e+13
      307.775   8.5706321e+13
      307.825   8.5087324e+13
      307.875   8.3285248e+13
      307.925   8.2923213e+13
      307.975   8.4695765e+13
      308.025   8.7016314e+13
      308.075   8.7460830e+13
      308.125   8.6345577e+13
      308.175   8.4202749e+13
      308.225   8.1150646e+13
      308.275   7.8994417e+13
      308.325   7.8779709e+13
      308.375   7.9267529e+13
      308.425   8.0159361e+13
      308.475   8.2827154e+13
      308.525   8.6378370e+13
      308.575   8.8587039e+13
      308.625   8.8866724e+13
      308.675   8.7464753e+13
      308.725   8.4977981e+13
      308.775   8.2284156e+13
      308.825   7.9676337e+13
      308.875   7.7994389e+13
      308.925   7.8127966e+13
      308.975   7.8112195e+13
      309.025   7.6701625e+13
      309.075   7.4850075e+13
      309.125   7.2419389e+13
      309.175   6.9434622e+13
      309.225   6.7119294e+13
      309.275   6.5445483e+13
      309.325   6.3262410e+13
      309.375   6.1231486e+13
      309.425   6.1384482e+13
      309.475   6.3979273e+13
      309.525   6.7729364e+13
      309.575   7.0370550e+13
      309.625   7.0815176e+13
      309.675   6.9025821e+13
      309.725   6.5629134e+13
      309.775   6.3333520e+13
      309.825   6.3874459e+13
      309.875   6.5846157e+13
      309.925   6.7318335e+13
      309.975   6.6894505e+13
      310.025   6.4144173e+13
      310.075   6.1255927e+13
      310.125   6.0080965e+13
      310.175   6.1146123e+13
      310.225   6.3563600e+13
      310.275   6.6801270e+13
      310.325   7.1699757e+13
      310.375   7.8352967e+13
      310.425   8.4280830e+13
      310.475   8.7838855e+13
      310.525   9.0017916e+13
      310.575   9.1318528e+13
      310.625   9.2428715e+13
      310.675   9.4287665e+13
      310.725   9.6878552e+13
      310.775   9.9369467e+13
      310.825   1.0159980e+14
      310.875   1.0423369e+14
      310.925   1.0596654e+14
      310.975   1.0630688e+14
      311.025   1.0571520e+14
      311.075   1.0406784e+14
      311.125   1.0296530e+14
      311.175   1.0349557e+14
      311.225   1.0441850e+14
      311.275   1.0514477e+14
      311.325   1.0625692e+14
      311.375   1.0683745e+14
      311.425   1.0547033e+14
      311.475   1.0257760e+14
      311.525   1.0073629e+14
      311.575   1.0131747e+14
      311.625   1.0193194e+14
      311.675   1.0048732e+14
      311.725   9.6653454e+13
      311.775   9.3159981e+13
      311.825   9.1613882e+13
      311.875   9.0553797e+13
      311.925   8.9309844e+13
      311.975   8.8042384e+13
      312.025   8.6738270e+13
      312.075   8.5936446e+13
      312.125   8.5884283e+13
      312.175   8.6065248e+13
      312.225   8.6067126e+13
      312.275   8.6224823e+13
      312.325   8.7392904e+13
      312.375   8.9848957e+13
      312.425   9.2618726e+13
      312.475   9.4148983e+13
      312.525   9.3756048e+13
      312.575   9.1034705e+13
      312.625   8.8350376e+13
      312.675   8.8127499e+13
      312.725   8.9251648e+13
      312.775   9.0831305e+13
      312.825   9.2413721e+13
      312.875   9.3079257e+13
      312.925   9.2722299e+13
      312.975   9.2752404e+13
      313.025   9.3901862e+13
      313.075   9.4282702e+13
      313.125   9.3328973e+13
      313.175   9.2885850e+13
      313.225   9.3322142e+13
      313.275   9.3424943e+13
      313.325   9.3119370e+13
      313.375   9.3224796e+13
      313.425   9.3119378e+13
      313.475   9.2247461e+13
      313.525   9.2540899e+13
      313.575   9.4487368e+13
      313.625   9.6083995e+13
      313.675   9.6541200e+13
      313.725   9.6766072e+13
      313.775   9.8296142e+13
      313.825   1.0056878e+14
      313.875   1.0254416e+14
      313.925   1.0373373e+14
      313.975   1.0373451e+14
      314.025   1.0268158e+14
      314.075   1.0112273e+14
      314.125   1.0033450e+14
      314.175   1.0053894e+14
      314.225   9.9895059e+13
      314.275   9.7530731e+13
      314.325   9.3314234e+13
      314.375   8.7449635e+13
      314.425   8.1409272e+13
      314.475   7.7214038e+13
      314.525   7.6111532e+13
      314.575   7.8292872e+13
      314.625   8.2115590e+13
      314.675   8.5338553e+13
      314.725   8.7418417e+13
      314.775   8.8232795e+13
      314.825   8.9185896e+13
      314.875   9.1575763e+13
      314.925   9.4587876e+13
      314.975   9.6902479e+13
      315.025   9.6998897e+13
      315.075   9.5607794e+13
      315.125   9.4883639e+13
      315.175   9.5075700e+13
      315.225   9.5289618e+13
      315.275   9.4823995e+13
      315.325   9.4502051e+13
      315.375   9.4672369e+13
      315.425   9.4426367e+13
      315.475   9.2849445e+13
      315.525   9.0957065e+13
      315.575   8.9891063e+13
      315.625   8.8988574e+13
      315.675   8.7024694e+13
      315.725   8.3431365e+13
      315.775   7.9112512e+13
      315.825   7.5509500e+13
      315.875   7.3349934e+13
      315.925   7.1815853e+13
      315.975   7.0938193e+13
      316.025   7.1260586e+13
      316.075   7.2332506e+13
      316.125   7.2977191e+13
      316.175   7.3400530e+13
      316.225   7.4696932e+13
      316.275   7.7084858e+13
      316.325   8.0455212e+13
      316.375   8.4184663e+13
      316.425   8.6659368e+13
      316.475   8.7239226e+13
      316.525   8.7209605e+13
      316.575   8.8307267e+13
      316.625   8.9932428e+13
      316.675   9.0912744e+13
      316.725   9.2627449e+13
      316.775   9.6105041e+13
      316.825   9.8253538e+13
      316.875   9.7854405e+13
      316.925   9.7762440e+13
      316.975   9.9709843e+13
      317.025   1.0327819e+14
      317.075   1.0713517e+14
      317.125   1.1053113e+14
      317.175   1.1324247e+14
      317.225   1.1470214e+14
      317.275   1.1544130e+14
      317.325   1.1576527e+14
      317.375   1.1524537e+14
      317.425   1.1424791e+14
      317.475   1.1321435e+14
      317.525   1.1176906e+14
      317.575   1.1045174e+14
      317.625   1.1057620e+14
      317.675   1.1216556e+14
      317.725   1.1271998e+14
      317.775   1.1114225e+14
      317.825   1.0726818e+14
      317.875   1.0131602e+14
      317.925   9.6142210e+13
      317.975   9.2191960e+13
      318.025   8.8262108e+13
      318.075   8.6025944e+13
      318.125   8.5541667e+13
      318.175   8.4781568e+13
      318.225   8.3853067e+13
      318.275   8.3950685e+13
      318.325   8.5111808e+13
      318.375   8.6191819e+13
      318.425   8.7206394e+13
      318.475   8.8442688e+13
      318.525   8.9496486e+13
      318.575   9.0705450e+13
      318.625   9.2574947e+13
      318.675   9.4203076e+13
      318.725   9.4761834e+13
      318.775   9.5348902e+13
      318.825   9.6779100e+13
      318.875   9.8146813e+13
      318.925   9.9979323e+13
      318.975   1.0359842e+14
      319.025   1.0571639e+14
      319.075   1.0373695e+14
      319.125   9.9812304e+13
      319.175   9.5520032e+13
      319.225   9.1748729e+13
      319.275   8.8982868e+13
      319.325   8.7037582e+13
      319.375   8.7056087e+13
      319.425   8.9437470e+13
      319.475   9.2440878e+13
      319.525   9.4545426e+13
      319.575   9.6045503e+13
      319.625   9.7387069e+13
      319.675   9.8254023e+13
      319.725   9.8800183e+13
      319.775   9.9692993e+13
      319.825   1.0230148e+14
      319.875   1.0739327e+14
      319.925   1.1155520e+14
      319.975   1.1277781e+14
      320.025   1.1112353e+14
      320.075   1.0814007e+14
      320.125   1.0751153e+14
      320.175   1.1014777e+14
      320.225   1.1337505e+14
      320.275   1.1398850e+14
      320.325   1.1322461e+14
      320.375   1.1371136e+14
      320.425   1.1582737e+14
      320.475   1.1857774e+14
      320.525   1.1958619e+14
      320.575   1.1839986e+14
      320.625   1.1668809e+14
      320.675   1.1634521e+14
      320.725   1.1683769e+14
      320.775   1.1590332e+14
      320.825   1.1367188e+14
      320.875   1.1044912e+14
      320.925   1.0628696e+14
      320.975   1.0261856e+14
      321.025   1.0016100e+14
      321.075   9.7855171e+13
      321.125   9.5097652e+13
      321.175   9.2546204e+13
      321.225   9.0706808e+13
      321.275   8.9857240e+13
      321.325   9.0037188e+13
      321.375   8.9636958e+13
      321.425   8.8564114e+13
      321.475   8.8534612e+13
      321.525   9.0182050e+13
      321.575   9.2993568e+13
      321.625   9.5719302e+13
      321.675   9.6939726e+13
      321.725   9.6755264e+13
      321.775   9.6916343e+13
      321.825   9.9176456e+13
      321.875   1.0297031e+14
      321.925   1.0619803e+14
      321.975   1.0739479e+14
      322.025   1.0630465e+14
      322.075   1.0619379e+14
      322.125   1.0763095e+14
      322.175   1.0712096e+14
      322.225   1.0323373e+14
      322.275   9.8789748e+13
      322.325   9.7043241e+13
      322.375   9.7157571e+13
      322.425   9.8364799e+13
      322.475   1.0027784e+14
      322.525   1.0009118e+14
      322.575   9.7033387e+13
      322.625   9.3128341e+13
      322.675   9.0533822e+13
      322.725   8.9840157e+13
      322.775   8.9131550e+13
      322.825   8.7630062e+13
      322.875   8.5716344e+13
      322.925   8.4421973e+13
      322.975   8.3982379e+13
      323.025   8.3905895e+13
      323.075   8.5076660e+13
      323.125   8.8032051e+13
      323.175   9.1011322e+13
      323.225   9.3162929e+13
      323.275   9.4462322e+13
      323.325   9.4316230e+13
      323.375   9.3237273e+13
      323.425   9.1944904e+13
      323.475   9.0516160e+13
      323.525   8.9334152e+13
      323.575   9.0706838e+13
      323.625   9.3079178e+13
      323.675   9.3265357e+13
      323.725   9.2783555e+13
      323.775   9.4061051e+13
      323.825   9.7784264e+13
      323.875   1.0103397e+14
      323.925   1.0149183e+14
      323.975   1.0000732e+14
      324.025   1.0047562e+14
      324.075   1.0441419e+14
      324.125   1.0820463e+14
      324.175   1.0976792e+14
      324.225   1.0883713e+14
      324.275   1.0775635e+14
      324.325   1.0841579e+14
      324.375   1.0893287e+14
      324.425   1.0840568e+14
      324.475   1.0861465e+14
      324.525   1.1040755e+14
      324.575   1.1221289e+14
      324.625   1.1358415e+14
      324.675   1.1464010e+14
      324.725   1.1404985e+14
      324.775   1.1129070e+14
      324.825   1.0828115e+14
      324.875   1.0711530e+14
      324.925   1.0742273e+14
      324.975   1.0825881e+14
      325.025   1.0955062e+14
      325.075   1.1060613e+14
      325.125   1.1108479e+14
      325.175   1.1201634e+14
      325.225   1.1381184e+14
      325.275   1.1573548e+14
      325.325   1.1737056e+14
      325.375   1.1883762e+14
      325.425   1.1996248e+14
      325.475   1.2089618e+14
      325.525   1.2418932e+14
      325.575   1.3014332e+14
      325.625   1.3441787e+14
      325.675   1.3598470e+14
      325.725   1.3688675e+14
      325.775   1.3772757e+14
      325.825   1.3799475e+14
      325.875   1.3795139e+14
      325.925   1.3934807e+14
      325.975   1.4201019e+14
      326.025   1.4378933e+14
      326.075   1.4391655e+14
      326.125   1.4358610e+14
      326.175   1.4286829e+14
      326.225   1.4178510e+14
      326.275   1.4187015e+14
      326.325   1.4287874e+14
      326.375   1.4295025e+14
      326.425   1.4113347e+14
      326.475   1.3786060e+14
      326.525   1.3539717e+14
      326.575   1.3441174e+14
      326.625   1.3570469e+14
      326.675   1.3953794e+14
      326.725   1.4259269e+14
      326.775   1.4350227e+14
      326.825   1.4350438e+14
      326.875   1.4357190e+14
      326.925   1.4366872e+14
      326.975   1.4284285e+14
      327.025   1.4134316e+14
      327.075   1.3981510e+14
      327.125   1.3810449e+14
      327.175   1.3576728e+14
      327.225   1.3382495e+14
      327.275   1.3451762e+14
      327.325   1.3771757e+14
      327.375   1.3983697e+14
      327.425   1.3941735e+14
      327.475   1.3835487e+14
      327.525   1.3900794e+14
      327.575   1.4043995e+14
      327.625   1.3995795e+14
      327.675   1.3749462e+14
      327.725   1.3469116e+14
      327.775   1.3360677e+14
      327.825   1.3423339e+14
      327.875   1.3468040e+14
      327.925   1.3346719e+14
      327.975   1.3169510e+14
      328.025   1.3116798e+14
      328.075   1.3183231e+14
      328.125   1.3323978e+14
      328.175   1.3417814e+14
      328.225   1.3367654e+14
      328.275   1.3238987e+14
      328.325   1.3138283e+14
      328.375   1.3228297e+14
      328.425   1.3467385e+14
      328.475   1.3599390e+14
      328.525   1.3532388e+14
      328.575   1.3379833e+14
      328.625   1.3242937e+14
      328.675   1.3045624e+14
      328.725   1.2759571e+14
      328.775   1.2605039e+14
      328.825   1.2787980e+14
      328.875   1.3160277e+14
      328.925   1.3470623e+14
      328.975   1.3846512e+14
      329.025   1.4415085e+14
      329.075   1.4832930e+14
      329.125   1.4930071e+14
      329.175   1.4946373e+14
      329.225   1.4990881e+14
      329.275   1.5052788e+14
      329.325   1.5175598e+14
      329.375   1.5399582e+14
      329.425   1.5675198e+14
      329.475   1.5850890e+14
      329.525   1.5820581e+14
      329.575   1.5708885e+14
      329.625   1.5712534e+14
      329.675   1.5836573e+14
      329.725   1.5991898e+14
      329.775   1.6070746e+14
      329.825   1.6040853e+14
      329.875   1.5921723e+14
      329.925   1.5838934e+14
      329.975   1.5916234e+14
      330.025   1.6100295e+14
      330.075   1.6369513e+14
      330.125   1.6564640e+14
      330.175   1.6385044e+14
      330.225   1.5909444e+14
      330.275   1.5423898e+14
      330.325   1.4977092e+14
      330.375   1.4762885e+14
      330.425   1.4799642e+14
      330.475   1.4772292e+14
      330.525   1.4607474e+14
      330.575   1.4237168e+14
      330.625   1.3750675e+14
      330.675   1.3360786e+14
      330.725   1.3180913e+14
      330.775   1.3307444e+14
      330.825   1.3622826e+14
      330.875   1.3901026e+14
      330.925   1.4049159e+14
      330.975   1.4180864e+14
      331.025   1.4267092e+14
      331.075   1.4257497e+14
      331.125   1.4277784e+14
      331.175   1.4361653e+14
      331.225   1.4355437e+14
      331.275   1.4167824e+14
      331.325   1.4001541e+14
      331.375   1.3979939e+14
      331.425   1.3880939e+14
      331.475   1.3688381e+14
      331.525   1.3558383e+14
      331.575   1.3591875e+14
      331.625   1.3783184e+14
      331.675   1.4068172e+14
      331.725   1.4292810e+14
      331.775   1.4379538e+14
      331.825   1.4454763e+14
      331.875   1.4547182e+14
      331.925   1.4571795e+14
      331.975   1.4509560e+14
      332.025   1.4399426e+14
      332.075   1.4252353e+14
      332.125   1.4127616e+14
      332.175   1.4090603e+14
      332.225   1.4013316e+14
      332.275   1.3728298e+14
      332.325   1.3328765e+14
      332.375   1.3120599e+14
      332.425   1.3202061e+14
      332.475   1.3426618e+14
      332.525   1.3728835e+14
      332.575   1.4121304e+14
      332.625   1.4469635e+14
      332.675   1.4576160e+14
      332.725   1.4341491e+14
      332.775   1.4022316e+14
      332.825   1.3919364e+14
      332.875   1.3926428e+14
      332.925   1.3845427e+14
      332.975   1.3539786e+14
      333.025   1.3290010e+14
      333.075   1.3359146e+14
      333.125   1.3669277e+14
      333.175   1.4007839e+14
      333.225   1.3996747e+14
      333.275   1.3837545e+14
      333.325   1.3858820e+14
      333.375   1.4002027e+14
      333.425   1.3997122e+14
      333.475   1.3713697e+14
      333.525   1.3413963e+14
      333.575   1.3162021e+14
      333.625   1.2810993e+14
      333.675   1.2499008e+14
      333.725   1.2421720e+14
      333.775   1.2579572e+14
      333.825   1.2932590e+14
      333.875   1.3303103e+14
      333.925   1.3535063e+14
      333.975   1.3659428e+14
      334.025   1.3671684e+14
      334.075   1.3635038e+14
      334.125   1.3761353e+14
      334.175   1.3897544e+14
      334.225   1.3837753e+14
      334.275   1.3648285e+14
      334.325   1.3670087e+14
      334.375   1.4036883e+14
      334.425   1.4400841e+14
      334.475   1.4569779e+14
      334.525   1.4626009e+14
      334.575   1.4672183e+14
      334.625   1.4753685e+14
      334.675   1.4803144e+14
      334.725   1.4736274e+14
      334.775   1.4629372e+14
      334.825   1.4541463e+14
      334.875   1.4397189e+14
      334.925   1.3984596e+14
      334.975   1.3363430e+14
      335.025   1.3043936e+14
      335.075   1.3232490e+14
      335.125   1.3811879e+14
      335.175   1.4371354e+14
      335.225   1.4574116e+14
      335.275   1.4638659e+14
      335.325   1.4729274e+14
      335.375   1.4727408e+14
      335.425   1.4581363e+14
      335.475   1.4482422e+14
      335.525   1.4526083e+14
      335.575   1.4691165e+14
      335.625   1.4829977e+14
      335.675   1.4744932e+14
      335.725   1.4532453e+14
      335.775   1.4329245e+14
      335.825   1.4052595e+14
      335.875   1.3534496e+14
      335.925   1.2788773e+14
      335.975   1.1996032e+14
      336.025   1.1324099e+14
      336.075   1.0855895e+14
      336.125   1.0568164e+14
      336.175   1.0410857e+14
      336.225   1.0441649e+14
      336.275   1.0811923e+14
      336.325   1.1460434e+14
      336.375   1.2069494e+14
      336.425   1.2456244e+14
      336.475   1.2721837e+14
      336.525   1.2965260e+14
      336.575   1.3099278e+14
      336.625   1.2989832e+14
      336.675   1.2677661e+14
      336.725   1.2315896e+14
      336.775   1.1986525e+14
      336.825   1.1727944e+14
      336.875   1.1546733e+14
      336.925   1.1400098e+14
      336.975   1.1194348e+14
      337.025   1.1061743e+14
      337.075   1.1110837e+14
      337.125   1.1259869e+14
      337.175   1.1357117e+14
      337.225   1.1333440e+14
      337.275   1.1251587e+14
      337.325   1.1230047e+14
      337.375   1.1539385e+14
      337.425   1.2001254e+14
      337.475   1.2266737e+14
      337.525   1.2527128e+14
      337.575   1.3032263e+14
      337.625   1.3563277e+14
      337.675   1.3862468e+14
      337.725   1.3984265e+14
      337.775   1.4031695e+14
      337.825   1.3978133e+14
      337.875   1.3760193e+14
      337.925   1.3387660e+14
      337.975   1.3000258e+14
      338.025   1.2631929e+14
      338.075   1.2221597e+14
      338.125   1.1999490e+14
      338.175   1.2247390e+14
      338.225   1.2906156e+14
      338.275   1.3416134e+14
      338.325   1.3518928e+14
      338.375   1.3476163e+14
      338.425   1.3398492e+14
      338.475   1.3477139e+14
      338.525   1.3748021e+14
      338.575   1.3984350e+14
      338.625   1.4112399e+14
      338.675   1.4274084e+14
      338.725   1.4477218e+14
      338.775   1.4414082e+14
      338.825   1.4056438e+14
      338.875   1.3719339e+14
      338.925   1.3777554e+14
      338.975   1.4191592e+14
      339.025   1.4549236e+14
      339.075   1.4645419e+14
      339.125   1.4391294e+14
      339.175   1.3964321e+14
      339.225   1.3688843e+14
      339.275   1.3466117e+14
      339.325   1.3091173e+14
      339.375   1.2829762e+14
      339.425   1.2941764e+14
      339.475   1.3219187e+14
      339.525   1.3491762e+14
      339.575   1.3835600e+14
      339.625   1.4138201e+14
      339.675   1.4332137e+14
      339.725   1.4546834e+14
      339.775   1.4823784e+14
      339.825   1.5093674e+14
      339.875   1.5318399e+14
      339.925   1.5457700e+14
      339.975   1.5507688e+14
      340.025   1.5675741e+14
      340.075   1.6028578e+14
      340.125   1.6298120e+14
      340.175   1.6232855e+14
      340.225   1.5871790e+14
      340.275   1.5548621e+14
      340.325   1.5417515e+14
      340.375   1.5354386e+14
      340.425   1.5297955e+14
      340.475   1.5130748e+14
      340.525   1.4861010e+14
      340.575   1.4643955e+14
      340.625   1.4651164e+14
      340.675   1.4732445e+14
      340.725   1.4523721e+14
      340.775   1.4100169e+14
      340.825   1.3836850e+14
      340.875   1.3921126e+14
      340.925   1.4013021e+14
      340.975   1.3886119e+14
      341.025   1.3748985e+14
      341.075   1.3799058e+14
      341.125   1.4017574e+14
      341.175   1.4226769e+14
      341.225   1.4321050e+14
      341.275   1.4211678e+14
      341.325   1.3787126e+14
      341.375   1.3306862e+14
      341.425   1.3005483e+14
      341.475   1.2762152e+14
      341.525   1.2583540e+14
      341.575   1.2661251e+14
      341.625   1.3035726e+14
      341.675   1.3476722e+14
      341.725   1.3824550e+14
      341.775   1.3960533e+14
      341.825   1.4030223e+14
      341.875   1.4194046e+14
      341.925   1.4454415e+14
      341.975   1.4839617e+14
      342.025   1.5213931e+14
      342.075   1.5395064e+14
      342.125   1.5350779e+14
      342.175   1.5180521e+14
      342.225   1.5054526e+14
      342.275   1.4898222e+14
      342.325   1.4602835e+14
      342.375   1.4314850e+14
      342.425   1.4167699e+14
      342.475   1.4257584e+14
      342.525   1.4532246e+14
      342.575   1.4844457e+14
      342.625   1.5098823e+14
      342.675   1.5085212e+14
      342.725   1.4779318e+14
      342.775   1.4590645e+14
      342.825   1.4714366e+14
      342.875   1.4922064e+14
      342.925   1.5129285e+14
      342.975   1.5432705e+14
      343.025   1.5865991e+14
      343.075   1.6169358e+14
      343.125   1.6157347e+14
      343.175   1.5956092e+14
      343.225   1.5602408e+14
      343.275   1.5217428e+14
      343.325   1.4876051e+14
      343.375   1.4520729e+14
      343.425   1.4179734e+14
      343.475   1.4155316e+14
      343.525   1.4600535e+14
      343.575   1.5028764e+14
      343.625   1.5013599e+14
      343.675   1.4724080e+14
      343.725   1.4328581e+14
      343.775   1.3905122e+14
      343.825   1.3540034e+14
      343.875   1.3281504e+14
      343.925   1.3153157e+14
      343.975   1.2960941e+14
      344.025   1.2521172e+14
      344.075   1.1932369e+14
      344.125   1.1098418e+14
      344.175   1.0440547e+14
      344.225   1.0375827e+14
      344.275   1.0487120e+14
      344.325   1.0604705e+14
      344.375   1.0944584e+14
      344.425   1.0964559e+14
      344.475   1.1064669e+14
      344.525   1.1441877e+14
      344.575   1.1924923e+14
      344.625   1.2178664e+14
      344.675   1.2156818e+14
      344.725   1.2197334e+14
      344.775   1.2511493e+14
      344.825   1.3010169e+14
      344.875   1.3427771e+14
      344.925   1.3666100e+14
      344.975   1.3800847e+14
      345.025   1.4006972e+14
      345.075   1.4386901e+14
      345.125   1.4739503e+14
      345.175   1.4910141e+14
      345.225   1.4760278e+14
      345.275   1.4315875e+14
      345.325   1.3953088e+14
      345.375   1.3791068e+14
      345.425   1.3873988e+14
      345.475   1.4377555e+14
      345.525   1.4900764e+14
      345.575   1.5054295e+14
      345.625   1.4923960e+14
      345.675   1.4663347e+14
      345.725   1.4446460e+14
      345.775   1.4324332e+14
      345.825   1.4178794e+14
      345.875   1.3849710e+14
      345.925   1.3446316e+14
      345.975   1.3275469e+14
      346.025   1.3245665e+14
      346.075   1.3104644e+14
      346.125   1.2950769e+14
      346.175   1.2874419e+14
      346.225   1.2846503e+14
      346.275   1.2953804e+14
      346.325   1.3355369e+14
      346.375   1.3886995e+14
      346.425   1.4264356e+14
      346.475   1.4505847e+14
      346.525   1.4678621e+14
      346.575   1.4608994e+14
      346.625   1.4174246e+14
      346.675   1.3761893e+14
      346.725   1.3726695e+14
      346.775   1.4080010e+14
      346.825   1.4525258e+14
      346.875   1.4809030e+14
      346.925   1.4921469e+14
      346.975   1.4815869e+14
      347.025   1.4763118e+14
      347.075   1.4977665e+14
      347.125   1.5220475e+14
      347.175   1.5219724e+14
      347.225   1.4854681e+14
      347.275   1.4335752e+14
      347.325   1.4006998e+14
      347.375   1.3877211e+14
      347.425   1.3757878e+14
      347.475   1.3533531e+14
      347.525   1.3269413e+14
      347.575   1.2971628e+14
      347.625   1.2614307e+14
      347.675   1.2417252e+14
      347.725   1.2437295e+14
      347.775   1.2530665e+14
      347.825   1.2813243e+14
      347.875   1.3402952e+14
      347.925   1.3915418e+14
      347.975   1.4164480e+14
      348.025   1.4317336e+14
      348.075   1.4360589e+14
      348.125   1.4342770e+14
      348.175   1.4333551e+14
      348.225   1.4344948e+14
      348.275   1.4316137e+14
      348.325   1.4150184e+14
      348.375   1.3866109e+14
      348.425   1.3645444e+14
      348.475   1.3640216e+14
      348.525   1.3753136e+14
      348.575   1.3790589e+14
      348.625   1.3815833e+14
      348.675   1.4023682e+14
      348.725   1.4498829e+14
      348.775   1.4964189e+14
      348.825   1.5056123e+14
      348.875   1.4835705e+14
      348.925   1.4348546e+14
      348.975   1.3773672e+14
      349.025   1.3371930e+14
      349.075   1.3077695e+14
      349.125   1.2811310e+14
      349.175   1.2778494e+14
      349.225   1.3123395e+14
      349.275   1.3471668e+14
      349.325   1.3413335e+14
      349.375   1.3144123e+14
      349.425   1.3294002e+14
      349.475   1.3819287e+14
      349.525   1.4188463e+14
      349.575   1.4205387e+14
      349.625   1.3902878e+14
      349.675   1.3564134e+14
      349.725   1.3422832e+14
      349.775   1.3419571e+14
      349.825   1.3497077e+14
      349.875   1.3875921e+14
      349.925   1.4526533e+14
      349.975   1.5277384e+14
      350.025   1.5906266e+14
      350.075   1.6106767e+14
      350.125   1.6066797e+14
      350.175   1.6164522e+14
      350.225   1.6368301e+14
      350.275   1.6425904e+14
      350.325   1.6439286e+14
      350.375   1.6676891e+14
      350.425   1.7052117e+14
      350.475   1.7141178e+14
      350.525   1.6729118e+14
      350.575   1.6309901e+14
      350.625   1.6154620e+14
      350.675   1.6084293e+14
      350.725   1.6005738e+14
      350.775   1.6035918e+14
      350.825   1.6219212e+14
      350.875   1.6346899e+14
      350.925   1.6367003e+14
      350.975   1.6281405e+14
      351.025   1.6027873e+14
      351.075   1.5509791e+14
      351.125   1.5057071e+14
      351.175   1.5078767e+14
      351.225   1.5315076e+14
      351.275   1.5299597e+14
      351.325   1.5026022e+14
      351.375   1.4700860e+14
      351.425   1.4429221e+14
      351.475   1.4267219e+14
      351.525   1.4171916e+14
      351.575   1.4190442e+14
      351.625   1.4577875e+14
      351.675   1.5110995e+14
      351.725   1.5482169e+14
      351.775   1.5837235e+14
      351.825   1.6182323e+14
      351.875   1.6283419e+14
      351.925   1.6153496e+14
      351.975   1.6004434e+14
      352.025   1.5738342e+14
      352.075   1.5392270e+14
      352.125   1.5099524e+14
      352.175   1.4776604e+14
      352.225   1.4440119e+14
      352.275   1.4374577e+14
      352.325   1.4451146e+14
      352.375   1.4341051e+14
      352.425   1.3970058e+14
      352.475   1.3383314e+14
      352.525   1.3003024e+14
      352.575   1.3039419e+14
      352.625   1.3174353e+14
      352.675   1.3003330e+14
      352.725   1.2860856e+14
      352.775   1.3231474e+14
      352.825   1.3831485e+14
      352.875   1.4473673e+14
      352.925   1.5039294e+14
      352.975   1.5346826e+14
      353.025   1.5435439e+14
      353.075   1.5468901e+14
      353.125   1.5628234e+14
      353.175   1.5835981e+14
      353.225   1.5845896e+14
      353.275   1.5624298e+14
      353.325   1.5364559e+14
      353.375   1.5378416e+14
      353.425   1.5737529e+14
      353.475   1.6260621e+14
      353.525   1.6716476e+14
      353.575   1.6855245e+14
      353.625   1.6761603e+14
      353.675   1.6715173e+14
      353.725   1.6726190e+14
      353.775   1.6728506e+14
      353.825   1.6702000e+14
      353.875   1.6717371e+14
      353.925   1.6928427e+14
      353.975   1.7389528e+14
      354.025   1.7789225e+14
      354.075   1.7727752e+14
      354.125   1.7366834e+14
      354.175   1.6993879e+14
      354.225   1.6767679e+14
      354.275   1.6763377e+14
      354.325   1.6898834e+14
      354.375   1.7118611e+14
      354.425   1.7364370e+14
      354.475   1.7581787e+14
      354.525   1.7710456e+14
      354.575   1.7677434e+14
      354.625   1.7508820e+14
      354.675   1.7498787e+14
      354.725   1.7661155e+14
      354.775   1.7682802e+14
      354.825   1.7437748e+14
      354.875   1.7091999e+14
      354.925   1.7054103e+14
      354.975   1.7340861e+14
      355.025   1.7598765e+14
      355.075   1.7635024e+14
      355.125   1.7497105e+14
      355.175   1.7313735e+14
      355.225   1.7156235e+14
      355.275   1.6968836e+14
      355.325   1.6729127e+14
      355.375   1.6454463e+14
      355.425   1.6159630e+14
      355.475   1.5872330e+14
      355.525   1.5603840e+14
      355.575   1.5582908e+14
      355.625   1.5895475e+14
      355.675   1.6245438e+14
      355.725   1.6265504e+14
      355.775   1.6093408e+14
      355.825   1.6066637e+14
      355.875   1.5996183e+14
      355.925   1.5697459e+14
      355.975   1.5454573e+14
      356.025   1.5517855e+14
      356.075   1.5660435e+14
      356.125   1.5691979e+14
      356.175   1.5660844e+14
      356.225   1.5676630e+14
      356.275   1.5781832e+14
      356.325   1.5936844e+14
      356.375   1.6073794e+14
      356.425   1.5999617e+14
      356.475   1.5507550e+14
      356.525   1.4695435e+14
      356.575   1.3768433e+14
      356.625   1.2895972e+14
      356.675   1.2457018e+14
      356.725   1.2536834e+14
      356.775   1.2892233e+14
      356.825   1.3290451e+14
      356.875   1.3418959e+14
      356.925   1.3217624e+14
      356.975   1.2793515e+14
      357.025   1.2209721e+14
      357.075   1.1652223e+14
      357.125   1.1531907e+14
      357.175   1.1798542e+14
      357.225   1.2173311e+14
      357.275   1.2410317e+14
      357.325   1.2609357e+14
      357.375   1.2938878e+14
      357.425   1.3137735e+14
      357.475   1.3137927e+14
      357.525   1.3137860e+14
      357.575   1.3212536e+14
      357.625   1.3281498e+14
      357.675   1.3371358e+14
      357.725   1.3491331e+14
      357.775   1.3561919e+14
      357.825   1.3473539e+14
      357.875   1.3092326e+14
      357.925   1.2511681e+14
      357.975   1.2105093e+14
      358.025   1.1929437e+14
      358.075   1.1677177e+14
      358.125   1.1001385e+14
      358.175   1.0229861e+14
      358.225   9.9179644e+13
      358.275   1.0012738e+14
      358.325   1.0344283e+14
      358.375   1.0781410e+14
      358.425   1.1067748e+14
      358.475   1.1096176e+14
      358.525   1.0891517e+14
      358.575   1.0484847e+14
      358.625   1.0247878e+14
      358.675   1.0384380e+14
      358.725   1.0626721e+14
      358.775   1.0813509e+14
      358.825   1.1130958e+14
      358.875   1.1654880e+14
      358.925   1.2123316e+14
      358.975   1.2454695e+14
      359.025   1.2756963e+14
      359.075   1.3225447e+14
      359.125   1.3882656e+14
      359.175   1.4563186e+14
      359.225   1.5176981e+14
      359.275   1.5511301e+14
      359.325   1.5547209e+14
      359.375   1.5413201e+14
      359.425   1.5306402e+14
      359.475   1.5496484e+14
      359.525   1.5860214e+14
      359.575   1.6179357e+14
      359.625   1.6469277e+14
      359.675   1.6803632e+14
      359.725   1.7115114e+14
      359.775   1.7268592e+14
      359.825   1.7259619e+14
      359.875   1.7192122e+14
      359.925   1.7155950e+14
      359.975   1.7166929e+14
      360.025   1.7233008e+14
      360.075   1.7404830e+14
      360.125   1.7576186e+14
      360.175   1.7517584e+14
      360.225   1.7156198e+14
      360.275   1.6545324e+14
      360.325   1.5892976e+14
      360.375   1.5524150e+14
      360.425   1.5367477e+14
      360.475   1.5252417e+14
      360.525   1.5060919e+14
      360.575   1.4732799e+14
      360.625   1.4519081e+14
      360.675   1.4566458e+14
      360.725   1.4698413e+14
      360.775   1.4818990e+14
      360.825   1.4711515e+14
      360.875   1.4237444e+14
      360.925   1.3611904e+14
      360.975   1.3185435e+14
      361.025   1.3185215e+14
      361.075   1.3364628e+14
      361.125   1.3596905e+14
      361.175   1.3964524e+14
      361.225   1.4455669e+14
      361.275   1.4786664e+14
      361.325   1.4797606e+14
      361.375   1.4597431e+14
      361.425   1.4381134e+14
      361.475   1.4466604e+14
      361.525   1.4776043e+14
      361.575   1.5085573e+14
      361.625   1.5344536e+14
      361.675   1.5422186e+14
      361.725   1.5304095e+14
      361.775   1.5058478e+14
      361.825   1.4634507e+14
      361.875   1.3959510e+14
      361.925   1.3174546e+14
      361.975   1.2721496e+14
      362.025   1.2765097e+14
      362.075   1.3421712e+14
      362.125   1.4235306e+14
      362.175   1.4618188e+14
      362.225   1.4843315e+14
      362.275   1.5217821e+14
      362.325   1.5876703e+14
      362.375   1.6295437e+14
      362.425   1.6248530e+14
      362.475   1.6099296e+14
      362.525   1.6134200e+14
      362.575   1.6560341e+14
      362.625   1.7141169e+14
      362.675   1.7632440e+14
      362.725   1.7988988e+14
      362.775   1.8117262e+14
      362.825   1.8056887e+14
      362.875   1.7943185e+14
      362.925   1.7809872e+14
      362.975   1.7704873e+14
      363.025   1.7410571e+14
      363.075   1.6839860e+14
      363.125   1.6048333e+14
      363.175   1.4921896e+14
      363.225   1.4142770e+14
      363.275   1.4188511e+14
      363.325   1.4577951e+14
      363.375   1.5021156e+14
      363.425   1.5362950e+14
      363.475   1.5447248e+14
      363.525   1.5330785e+14
      363.575   1.5309534e+14
      363.625   1.5666273e+14
      363.675   1.6106918e+14
      363.725   1.6251117e+14
      363.775   1.6294361e+14
      363.825   1.6433876e+14
      363.875   1.6669887e+14
      363.925   1.6963296e+14
      363.975   1.7296334e+14
      364.025   1.7559648e+14
      364.075   1.7681456e+14
      364.125   1.7730640e+14
      364.175   1.7699395e+14
      364.225   1.7565172e+14
      364.275   1.7379233e+14
      364.325   1.7164808e+14
      364.375   1.6910076e+14
      364.425   1.6694173e+14
      364.475   1.6535137e+14
      364.525   1.6248983e+14
      364.575   1.5916236e+14
      364.625   1.5812962e+14
      364.675   1.5995910e+14
      364.725   1.6195896e+14
      364.775   1.5985163e+14
      364.825   1.5474617e+14
      364.875   1.5132840e+14
      364.925   1.5327683e+14
      364.975   1.5818542e+14
      365.025   1.6106406e+14
      365.075   1.6290353e+14
      365.125   1.6715684e+14
      365.175   1.7138892e+14
      365.225   1.7393681e+14
      365.275   1.7765046e+14
      365.325   1.8420863e+14
      365.375   1.8974537e+14
      365.425   1.9128630e+14
      365.475   1.9151409e+14
      365.525   1.9272219e+14
      365.575   1.9388252e+14
      365.625   1.9414229e+14
      365.675   1.9529255e+14
      365.725   1.9816994e+14
      365.775   2.0145664e+14
      365.825   2.0267054e+14
      365.875   2.0264192e+14
      365.925   2.0486238e+14
      365.975   2.0818376e+14
      366.025   2.0887472e+14
      366.075   2.0704286e+14
      366.125   2.0573922e+14
      366.175   2.0622017e+14
      366.225   2.0707261e+14
      366.275   2.0618314e+14
      366.325   2.0383573e+14
      366.375   2.0155135e+14
      366.425   1.9927837e+14
      366.475   1.9706695e+14
      366.525   1.9639809e+14
      366.575   1.9819092e+14
      366.625   2.0140353e+14
      366.675   2.0181060e+14
      366.725   1.9837993e+14
      366.775   1.9647113e+14
      366.825   1.9783877e+14
      366.875   1.9918354e+14
      366.925   1.9738504e+14
      366.975   1.9297082e+14
      367.025   1.9002666e+14
      367.075   1.8948205e+14
      367.125   1.9142371e+14
      367.175   1.9498215e+14
      367.225   1.9882385e+14
      367.275   2.0251630e+14
      367.325   2.0430586e+14
      367.375   2.0284290e+14
      367.425   2.0030408e+14
      367.475   1.9845720e+14
      367.525   1.9769396e+14
      367.575   1.9892047e+14
      367.625   2.0023351e+14
      367.675   1.9955203e+14
      367.725   1.9695301e+14
      367.775   1.9307334e+14
      367.825   1.8730737e+14
      367.875   1.8228206e+14
      367.925   1.8218375e+14
      367.975   1.8328737e+14
      368.025   1.8088109e+14
      368.075   1.7680233e+14
      368.125   1.7484734e+14
      368.175   1.7547415e+14
      368.225   1.7961120e+14
      368.275   1.8333458e+14
      368.325   1.8351788e+14
      368.375   1.8398913e+14
      368.425   1.8623374e+14
      368.475   1.8840447e+14
      368.525   1.8808275e+14
      368.575   1.8544779e+14
      368.625   1.8167652e+14
      368.675   1.7920810e+14
      368.725   1.7892390e+14
      368.775   1.7787641e+14
      368.825   1.7459095e+14
      368.875   1.7360155e+14
      368.925   1.7725651e+14
      368.975   1.8153176e+14
      369.025   1.8490407e+14
      369.075   1.8927699e+14
      369.125   1.9480033e+14
      369.175   1.9989358e+14
      369.225   2.0439447e+14
      369.275   2.0776089e+14
      369.325   2.0801401e+14
      369.375   2.0544092e+14
      369.425   2.0201791e+14
      369.475   1.9844121e+14
      369.525   1.9777914e+14
      369.575   2.0041748e+14
      369.625   2.0230294e+14
      369.675   2.0251769e+14
      369.725   2.0240612e+14
      369.775   2.0273131e+14
      369.825   2.0352028e+14
      369.875   2.0480000e+14
      369.925   2.0676944e+14
      369.975   2.0935473e+14
      370.025   2.1211104e+14
      370.075   2.1377599e+14
      370.125   2.1328211e+14
      370.175   2.1017867e+14
      370.225   2.0661664e+14
      370.275   2.0410685e+14
      370.325   2.0216652e+14
      370.375   1.9973452e+14
      370.425   1.9440175e+14
      370.475   1.8756690e+14
      370.525   1.8240978e+14
      370.575   1.7858823e+14
      370.625   1.7390911e+14
      370.675   1.6981837e+14
      370.725   1.7004210e+14
      370.775   1.7290769e+14
      370.825   1.7422445e+14
      370.875   1.7396647e+14
      370.925   1.7493573e+14
      370.975   1.7588943e+14
      371.025   1.7590082e+14
      371.075   1.7972674e+14
      371.125   1.8677198e+14
      371.175   1.9216317e+14
      371.225   1.9549396e+14
      371.275   1.9829127e+14
      371.325   2.0183007e+14
      371.375   2.0518719e+14
      371.425   2.0826681e+14
      371.475   2.1164882e+14
      371.525   2.1388948e+14
      371.575   2.1317359e+14
      371.625   2.0958247e+14
      371.675   2.0502821e+14
      371.725   2.0184485e+14
      371.775   2.0041032e+14
      371.825   1.9879191e+14
      371.875   1.9456026e+14
      371.925   1.8701688e+14
      371.975   1.7722120e+14
      372.025   1.6644831e+14
      372.075   1.5679418e+14
      372.125   1.5165390e+14
      372.175   1.5150968e+14
      372.225   1.5240657e+14
      372.275   1.5220131e+14
      372.325   1.5326511e+14
      372.375   1.5831297e+14
      372.425   1.6614745e+14
      372.475   1.7259727e+14
      372.525   1.7630854e+14
      372.575   1.7947239e+14
      372.625   1.8329937e+14
      372.675   1.8633812e+14
      372.725   1.8520677e+14
      372.775   1.7755003e+14
      372.825   1.6796462e+14
      372.875   1.6521295e+14
      372.925   1.6906753e+14
      372.975   1.7514621e+14
      373.025   1.7898371e+14
      373.075   1.7674323e+14
      373.125   1.7168782e+14
      373.175   1.6757397e+14
      373.225   1.6543183e+14
      373.275   1.6312559e+14
      373.325   1.5809202e+14
      373.375   1.5076908e+14
      373.425   1.4328058e+14
      373.475   1.3684668e+14
      373.525   1.3101779e+14
      373.575   1.2650324e+14
      373.625   1.2532222e+14
      373.675   1.2777465e+14
      373.725   1.3002804e+14
      373.775   1.2975045e+14
      373.825   1.3064715e+14
      373.875   1.3641024e+14
      373.925   1.4533502e+14
      373.975   1.5271409e+14
      374.025   1.5727907e+14
      374.075   1.6147482e+14
      374.125   1.6669053e+14
      374.175   1.7029456e+14
      374.225   1.7015206e+14
      374.275   1.6812482e+14
      374.325   1.6418508e+14
      374.375   1.5776960e+14
      374.425   1.5132592e+14
      374.475   1.4803944e+14
      374.525   1.4826556e+14
      374.575   1.4642132e+14
      374.625   1.4125306e+14
      374.675   1.3685221e+14
      374.725   1.3629510e+14
      374.775   1.4002354e+14
      374.825   1.4296399e+14
      374.875   1.4152008e+14
      374.925   1.3691868e+14
      374.975   1.3220285e+14
      375.025   1.3084662e+14
      375.075   1.3379923e+14
      375.125   1.4050578e+14
      375.175   1.5074499e+14
      375.225   1.6108415e+14
      375.275   1.6878511e+14
      375.325   1.7397813e+14
      375.375   1.7713578e+14
      375.425   1.8025520e+14
      375.475   1.8511068e+14
      375.525   1.9070913e+14
      375.575   1.9493600e+14
      375.625   1.9754564e+14
      375.675   1.9812982e+14
      375.725   1.9601510e+14
      375.775   1.9134928e+14
      375.825   1.8178691e+14
      375.875   1.6948520e+14
      375.925   1.6201138e+14
      375.975   1.6116922e+14
      376.025   1.6551922e+14
      376.075   1.7148245e+14
      376.125   1.7557176e+14
      376.175   1.7784962e+14
      376.225   1.7810024e+14
      376.275   1.7804880e+14
      376.325   1.7939813e+14
      376.375   1.8005337e+14
      376.425   1.7669467e+14
      376.475   1.7210958e+14
      376.525   1.7365827e+14
      376.575   1.7990819e+14
      376.625   1.8359258e+14
      376.675   1.8380005e+14
      376.725   1.8036587e+14
      376.775   1.7573547e+14
      376.825   1.7433430e+14
      376.875   1.7716829e+14
      376.925   1.8298438e+14
      376.975   1.8853475e+14
      377.025   1.9086831e+14
      377.075   1.9009615e+14
      377.125   1.8838612e+14
      377.175   1.8884767e+14
      377.225   1.9289346e+14
      377.275   1.9837436e+14
      377.325   2.0396247e+14
      377.375   2.0864501e+14
      377.425   2.1179115e+14
      377.475   2.1351378e+14
      377.525   2.1441629e+14
      377.575   2.1512936e+14
      377.625   2.1555416e+14
      377.675   2.1597264e+14
      377.725   2.1735815e+14
      377.775   2.1970761e+14
      377.825   2.2139614e+14
      377.875   2.2122224e+14
      377.925   2.2065636e+14
      377.975   2.2099074e+14
      378.025   2.2354650e+14
      378.075   2.2792562e+14
      378.125   2.3099991e+14
      378.175   2.3161851e+14
      378.225   2.3067044e+14
      378.275   2.2931420e+14
      378.325   2.2867673e+14
      378.375   2.2866565e+14
      378.425   2.2834690e+14
      378.475   2.2836132e+14
      378.525   2.2944709e+14
      378.575   2.2902467e+14
      378.625   2.2410422e+14
      378.675   2.1414289e+14
      378.725   2.0361293e+14
      378.775   1.9860596e+14
      378.825   1.9732869e+14
      378.875   1.9530330e+14
      378.925   1.9291407e+14
      378.975   1.9097758e+14
      379.025   1.8831090e+14
      379.075   1.8514918e+14
      379.125   1.8438641e+14
      379.175   1.8727184e+14
      379.225   1.9040688e+14
      379.275   1.9086636e+14
      379.325   1.8870226e+14
      379.375   1.8480466e+14
      379.425   1.8098445e+14
      379.475   1.7860866e+14
      379.525   1.7651059e+14
      379.575   1.7289493e+14
      379.625   1.7082187e+14
      379.675   1.7208731e+14
      379.725   1.7384289e+14
      379.775   1.7303462e+14
      379.825   1.6897879e+14
      379.875   1.6524065e+14
      379.925   1.6384467e+14
      379.975   1.6475505e+14
      380.025   1.6731855e+14
      380.075   1.7146459e+14
      380.125   1.7816463e+14
      380.175   1.8601955e+14
      380.225   1.9041163e+14
      380.275   1.9143587e+14
      380.325   1.9416612e+14
      380.375   1.9922660e+14
      380.425   2.0475805e+14
      380.475   2.0807866e+14
      380.525   2.0868690e+14
      380.575   2.0772799e+14
      380.625   2.0650550e+14
      380.675   2.0538494e+14
      380.725   2.0257749e+14
      380.775   1.9851732e+14
      380.825   1.9558740e+14
      380.875   1.9626633e+14
      380.925   2.0000664e+14
      380.975   2.0319034e+14
      381.025   2.0453170e+14
      381.075   2.0566103e+14
      381.125   2.0624372e+14
      381.175   2.0492664e+14
      381.225   2.0201175e+14
      381.275   1.9850686e+14
      381.325   1.9402646e+14
      381.375   1.8672179e+14
      381.425   1.7861813e+14
      381.475   1.7291213e+14
      381.525   1.6948844e+14
      381.575   1.6594125e+14
      381.625   1.6067736e+14
      381.675   1.5539771e+14
      381.725   1.5324971e+14
      381.775   1.5683162e+14
      381.825   1.6154537e+14
      381.875   1.6267444e+14
      381.925   1.6167139e+14
      381.975   1.5854221e+14
      382.025   1.5165834e+14
      382.075   1.4308536e+14
      382.125   1.3657079e+14
      382.175   1.3323180e+14
      382.225   1.3456807e+14
      382.275   1.3849179e+14
      382.325   1.4248595e+14
      382.375   1.4534506e+14
      382.425   1.4426593e+14
      382.475   1.3845805e+14
      382.525   1.3150576e+14
      382.575   1.2592516e+14
      382.625   1.2130085e+14
      382.675   1.1740002e+14
      382.725   1.1497606e+14
      382.775   1.1503367e+14
      382.825   1.1572298e+14
      382.875   1.1501501e+14
      382.925   1.1455681e+14
      382.975   1.1544718e+14
      383.025   1.1588667e+14
      383.075   1.1659723e+14
      383.125   1.1861751e+14
      383.175   1.2007930e+14
      383.225   1.1936151e+14
      383.275   1.1553444e+14
      383.325   1.1043042e+14
      383.375   1.0811849e+14
      383.425   1.0866475e+14
      383.475   1.0980764e+14
      383.525   1.1039346e+14
      383.575   1.1180632e+14
      383.625   1.1473425e+14
      383.675   1.1796258e+14
      383.725   1.2036759e+14
      383.775   1.2134361e+14
      383.825   1.2078586e+14
      383.875   1.1879653e+14
      383.925   1.1615765e+14
      383.975   1.1580050e+14
      384.025   1.1861629e+14
      384.075   1.2185079e+14
      384.125   1.2385354e+14
      384.175   1.2574289e+14
      384.225   1.3082562e+14
      384.275   1.3883723e+14
      384.325   1.4741022e+14
      384.375   1.5435182e+14
      384.425   1.5733159e+14
      384.475   1.5975143e+14
      384.525   1.6375856e+14
      384.575   1.6679525e+14
      384.625   1.6797279e+14
      384.675   1.6853055e+14
      384.725   1.6952808e+14
      384.775   1.7113111e+14
      384.825   1.7420066e+14
      384.875   1.7711582e+14
      384.925   1.7792114e+14
      384.975   1.7670171e+14
      385.025   1.7289896e+14
      385.075   1.6779499e+14
      385.125   1.6479158e+14
      385.175   1.6500848e+14
      385.225   1.6898361e+14
      385.275   1.7371748e+14
      385.325   1.7493343e+14
      385.375   1.7341008e+14
      385.425   1.7063876e+14
      385.475   1.6729497e+14
      385.525   1.6479066e+14
      385.575   1.6376760e+14
      385.625   1.6282958e+14
      385.675   1.5958417e+14
      385.725   1.5591801e+14
      385.775   1.5547066e+14
      385.825   1.5719810e+14
      385.875   1.5727475e+14
      385.925   1.5311192e+14
      385.975   1.4761772e+14
      386.025   1.4420307e+14
      386.075   1.4245657e+14
      386.125   1.4315070e+14
      386.175   1.4658533e+14
      386.225   1.5154761e+14
      386.275   1.5826632e+14
      386.325   1.6669675e+14
      386.375   1.7326414e+14
      386.425   1.7563594e+14
      386.475   1.7593085e+14
      386.525   1.7605634e+14
      386.575   1.7545489e+14
      386.625   1.7330719e+14
      386.675   1.7116526e+14
      386.725   1.7129495e+14
      386.775   1.7243411e+14
      386.825   1.7192052e+14
      386.875   1.7046206e+14
      386.925   1.6938845e+14
      386.975   1.6833044e+14
      387.025   1.6619139e+14
      387.075   1.6287588e+14
      387.125   1.5940923e+14
      387.175   1.5578002e+14
      387.225   1.5281496e+14
      387.275   1.5194476e+14
      387.325   1.5236506e+14
      387.375   1.5391885e+14
      387.425   1.5794739e+14
      387.475   1.6428681e+14
      387.525   1.7017545e+14
      387.575   1.7457589e+14
      387.625   1.7745770e+14
      387.675   1.7752054e+14
      387.725   1.7590400e+14
      387.775   1.7379909e+14
      387.825   1.7049709e+14
      387.875   1.6350308e+14
      387.925   1.5708136e+14
      387.975   1.5618031e+14
      388.025   1.5939420e+14
      388.075   1.6370180e+14
      388.125   1.6519937e+14
      388.175   1.6441518e+14
      388.225   1.6332631e+14
      388.275   1.6107198e+14
      388.325   1.5782074e+14
      388.375   1.5762671e+14
      388.425   1.6180859e+14
      388.475   1.6756203e+14
      388.525   1.7177040e+14
      388.575   1.7158219e+14
      388.625   1.6876545e+14
      388.675   1.6480090e+14
      388.725   1.6035488e+14
      388.775   1.6003355e+14
      388.825   1.6335628e+14
      388.875   1.6605853e+14
      388.925   1.6574358e+14
      388.975   1.6412128e+14
      389.025   1.6534354e+14
      389.075   1.7015814e+14
      389.125   1.7680393e+14
      389.175   1.8336958e+14
      389.225   1.8871136e+14
      389.275   1.9306863e+14
      389.325   1.9633610e+14
      389.375   1.9758595e+14
      389.425   1.9768018e+14
      389.475   1.9872320e+14
      389.525   2.0051434e+14
      389.575   2.0103807e+14
      389.625   1.9897087e+14
      389.675   1.9848915e+14
      389.725   2.0293161e+14
      389.775   2.0872750e+14
      389.825   2.1038421e+14
      389.875   2.0807905e+14
      389.925   2.0662519e+14
      389.975   2.0676263e+14
      390.025   2.0514701e+14
      390.075   2.0344365e+14
      390.125   2.0445326e+14
      390.175   2.0727185e+14
      390.225   2.1004091e+14
      390.275   2.0925812e+14
      390.325   2.0511812e+14
      390.375   2.0117981e+14
      390.425   1.9935594e+14
      390.475   2.0065867e+14
      390.525   2.0196201e+14
      390.575   2.0020767e+14
      390.625   1.9730450e+14
      390.675   1.9569789e+14
      390.725   1.9845412e+14
      390.775   2.0404404e+14
      390.825   2.0928265e+14
      390.875   2.1385193e+14
      390.925   2.1726390e+14
      390.975   2.1996415e+14
      391.025   2.2165129e+14
      391.075   2.2212842e+14
      391.125   2.2221834e+14
      391.175   2.2344021e+14
      391.225   2.2597038e+14
      391.275   2.2823867e+14
      391.325   2.2963371e+14
      391.375   2.2928710e+14
      391.425   2.2746237e+14
      391.475   2.2526517e+14
      391.525   2.2436805e+14
      391.575   2.2486502e+14
      391.625   2.2393158e+14
      391.675   2.2088374e+14
      391.725   2.1776002e+14
      391.775   2.1589689e+14
      391.825   2.1518240e+14
      391.875   2.1334054e+14
      391.925   2.0921269e+14
      391.975   2.0479955e+14
      392.025   2.0135700e+14
      392.075   1.9729958e+14
      392.125   1.9210466e+14
      392.175   1.8708429e+14
      392.225   1.8474880e+14
      392.275   1.8474234e+14
      392.325   1.8333804e+14
      392.375   1.8067433e+14
      392.425   1.7949572e+14
      392.475   1.7973146e+14
      392.525   1.7845058e+14
      392.575   1.7466886e+14
      392.625   1.6922855e+14
      392.675   1.6338478e+14
      392.725   1.5872913e+14
      392.775   1.5384132e+14
      392.825   1.4724088e+14
      392.875   1.3956885e+14
      392.925   1.3250872e+14
      392.975   1.2750021e+14
      393.025   1.2280303e+14
      393.075   1.1745755e+14
      393.125   1.1219315e+14
      393.175   1.0763175e+14
      393.225   1.0388272e+14
      393.275   9.9945227e+13
      393.325   9.5945176e+13
      393.375   9.2260986e+13
      393.425   8.9308697e+13
      393.475   8.8359232e+13
      393.525   8.8782742e+13
      393.575   9.0647500e+13
      393.625   9.3882025e+13
      393.675   9.7369799e+13
      393.725   1.0195684e+14
      393.775   1.0756323e+14
      393.825   1.1340961e+14
      393.875   1.1899091e+14
      393.925   1.2438266e+14
      393.975   1.3066913e+14
      394.025   1.3710254e+14
      394.075   1.4267392e+14
      394.125   1.4750645e+14
      394.175   1.5132001e+14
      394.225   1.5459935e+14
      394.275   1.5804810e+14
      394.325   1.6155930e+14
      394.375   1.6447125e+14
      394.425   1.6596720e+14
      394.475   1.6704133e+14
      394.525   1.7014803e+14
      394.575   1.7543460e+14
      394.625   1.8268323e+14
      394.675   1.8994237e+14
      394.725   1.9511862e+14
      394.775   1.9797555e+14
      394.825   1.9858462e+14
      394.875   1.9907741e+14
      394.925   2.0122964e+14
      394.975   2.0407453e+14
      395.025   2.0733105e+14
      395.075   2.1098732e+14
      395.125   2.1359280e+14
      395.175   2.1509023e+14
      395.225   2.1619458e+14
      395.275   2.1586303e+14
      395.325   2.1379955e+14
      395.375   2.1196732e+14
      395.425   2.1241425e+14
      395.475   2.1577589e+14
      395.525   2.1899338e+14
      395.575   2.1922466e+14
      395.625   2.1763723e+14
      395.675   2.1518396e+14
      395.725   2.1176087e+14
      395.775   2.0944611e+14
      395.825   2.0894219e+14
      395.875   2.0844311e+14
      395.925   2.0729685e+14
      395.975   2.0546963e+14
      396.025   2.0211484e+14
      396.075   1.9722004e+14
      396.125   1.9054013e+14
      396.175   1.8113716e+14
      396.225   1.7130923e+14
      396.275   1.6389563e+14
      396.325   1.5897764e+14
      396.375   1.5531996e+14
      396.425   1.5148416e+14
      396.475   1.4716802e+14
      396.525   1.4296664e+14
      396.575   1.3835766e+14
      396.625   1.3292543e+14
      396.675   1.2695712e+14
      396.725   1.2110633e+14
      396.775   1.1721677e+14
      396.825   1.1369533e+14
      396.875   1.1094474e+14
      396.925   1.0968893e+14
      396.975   1.0967295e+14
      397.025   1.1204096e+14
      397.075   1.1590892e+14
      397.125   1.2029564e+14
      397.175   1.2479642e+14
      397.225   1.2990002e+14
      397.275   1.3583625e+14
      397.325   1.4211224e+14
      397.375   1.4813156e+14
      397.425   1.5384653e+14
      397.475   1.5948203e+14
      397.525   1.6573375e+14
      397.575   1.7278938e+14
      397.625   1.8004220e+14
      397.675   1.8682936e+14
      397.725   1.9244081e+14
      397.775   1.9819056e+14
      397.825   2.0477028e+14
      397.875   2.1144003e+14
      397.925   2.1805311e+14
      397.975   2.2430224e+14
      398.025   2.2980712e+14
      398.075   2.3490320e+14
      398.125   2.3957149e+14
      398.175   2.4254059e+14
      398.225   2.4420285e+14
      398.275   2.4557691e+14
      398.325   2.4719540e+14
      398.375   2.4912282e+14
      398.425   2.5021175e+14
      398.475   2.5105921e+14
      398.525   2.5290480e+14
      398.575   2.5575626e+14
      398.625   2.5843658e+14
      398.675   2.6026738e+14
      398.725   2.6085108e+14
      398.775   2.6144357e+14
      398.825   2.6492808e+14
      398.875   2.6996108e+14
      398.925   2.7324307e+14
      398.975   2.7445144e+14
      399.025   2.7382183e+14
      399.075   2.7348055e+14
      399.125   2.7463300e+14
      399.175   2.7676995e+14
      399.225   2.7866613e+14
      399.275   2.7976379e+14
      399.325   2.8083968e+14
      399.375   2.8200770e+14
      399.425   2.8295837e+14
      399.475   2.8303143e+14
      399.525   2.8226731e+14
      399.575   2.8147403e+14
      399.625   2.8108557e+14
      399.675   2.8110726e+14
      399.725   2.8086164e+14
      399.775   2.8008460e+14
      399.825   2.7861926e+14
      399.875   2.7814991e+14
      399.925   2.7997024e+14
      399.975   2.8321907e+14
      400.025   2.8693754e+14
      400.075   2.8976914e+14
      400.125   2.9047231e+14
      400.175   2.9003674e+14
      400.225   2.9017910e+14
      400.275   2.9144207e+14
      400.325   2.9356177e+14
      400.375   2.9466352e+14
      400.425   2.9437495e+14
      400.475   2.9298208e+14
      400.525   2.8911032e+14
      400.575   2.8293099e+14
      400.625   2.7844860e+14
      400.675   2.7813498e+14
      400.725   2.8092980e+14
      400.775   2.8436435e+14
      400.825   2.8778288e+14
      400.875   2.9144847e+14
      400.925   2.9461619e+14
      400.975   2.9628414e+14
      401.025   2.9703860e+14
      401.075   2.9805892e+14
      401.125   2.9922296e+14
      401.175   3.0056504e+14
      401.225   3.0206806e+14
      401.275   3.0283252e+14
      401.325   3.0343292e+14
      401.375   3.0468676e+14
      401.425   3.0578344e+14
      401.475   3.0547065e+14
      401.525   3.0452820e+14
      401.575   3.0471318e+14
      401.625   3.0602747e+14
      401.675   3.0679096e+14
      401.725   3.0651576e+14
      401.775   3.0491576e+14
      401.825   3.0264969e+14
      401.875   3.0246647e+14
      401.925   3.0481689e+14
      401.975   3.0780630e+14
      402.025   3.1020374e+14
      402.075   3.1031217e+14
      402.125   3.0924582e+14
      402.175   3.0931991e+14
      402.225   3.0969033e+14
      402.275   3.0965483e+14
      402.325   3.0972723e+14
      402.375   3.1000523e+14
      402.425   3.0994056e+14
      402.475   3.0894381e+14
      402.525   3.0702328e+14
      402.575   3.0566799e+14
      402.625   3.0564237e+14
      402.675   3.0691762e+14
      402.725   3.0829425e+14
      402.775   3.0870937e+14
      402.825   3.0871656e+14
      402.875   3.0831050e+14
      402.925   3.0746201e+14
      402.975   3.0610926e+14
      403.025   3.0372781e+14
      403.075   2.9953030e+14
      403.125   2.9342495e+14
      403.175   2.8904598e+14
      403.225   2.8864441e+14
      403.275   2.8877283e+14
      403.325   2.8723710e+14
      403.375   2.8555532e+14
      403.425   2.8567839e+14
      403.475   2.8782293e+14
      403.525   2.9016849e+14
      403.575   2.9233937e+14
      403.625   2.9473194e+14
      403.675   2.9771357e+14
      403.725   3.0126730e+14
      403.775   3.0476825e+14
      403.825   3.0771688e+14
      403.875   3.0914471e+14
      403.925   3.0909944e+14
      403.975   3.0839138e+14
      404.025   3.0723838e+14
      404.075   3.0567474e+14
      404.125   3.0409545e+14
      404.175   3.0263442e+14
      404.225   3.0226745e+14
      404.275   3.0350150e+14
      404.325   3.0431824e+14
      404.375   3.0269700e+14
      404.425   2.9841218e+14
      404.475   2.9179665e+14
      404.525   2.8516296e+14
      404.575   2.7940660e+14
      404.625   2.7335376e+14
      404.675   2.7010528e+14
      404.725   2.7272506e+14
      404.775   2.7864759e+14
      404.825   2.8501284e+14
      404.875   2.9077713e+14
      404.925   2.9437914e+14
      404.975   2.9602476e+14
      405.025   2.9772266e+14
      405.075   2.9996479e+14
      405.125   3.0182881e+14
      405.175   3.0243915e+14
      405.225   3.0173881e+14
      405.275   2.9984092e+14
      405.325   2.9726834e+14
      405.375   2.9553331e+14
      405.425   2.9520045e+14
      405.475   2.9508261e+14
      405.525   2.9353633e+14
      405.575   2.9126870e+14
      405.625   2.9007820e+14
      405.675   2.8970687e+14
      405.725   2.8967291e+14
      405.775   2.8854401e+14
      405.825   2.8580338e+14
      405.875   2.8352896e+14
      405.925   2.8302956e+14
      405.975   2.8417993e+14
      406.025   2.8587635e+14
      406.075   2.8756096e+14
      406.125   2.8917691e+14
      406.175   2.8985601e+14
      406.225   2.8822671e+14
      406.275   2.8516717e+14
      406.325   2.8203486e+14
      406.375   2.7723064e+14
      406.425   2.7123666e+14
      406.475   2.6648781e+14
      406.525   2.6860640e+14
      406.575   2.7312973e+14
      406.625   2.7756751e+14
      406.675   2.7968215e+14
      406.725   2.7972834e+14
      406.775   2.8008827e+14
      406.825   2.8218630e+14
      406.875   2.8608831e+14
      406.925   2.9015647e+14
      406.975   2.9332665e+14
      407.025   2.9486638e+14
      407.075   2.9422303e+14
      407.125   2.9151641e+14
      407.175   2.8766817e+14
      407.225   2.8248199e+14
      407.275   2.7898210e+14
      407.325   2.8192556e+14
      407.375   2.8723130e+14
      407.425   2.9064659e+14
      407.475   2.9189432e+14
      407.525   2.9149496e+14
      407.575   2.9062607e+14
      407.625   2.8955034e+14
      407.675   2.8757453e+14
      407.725   2.8387436e+14
      407.775   2.8019241e+14
      407.825   2.7820597e+14
      407.875   2.7810072e+14
      407.925   2.8084545e+14
      407.975   2.8463561e+14
      408.025   2.8803052e+14
      408.075   2.9161887e+14
      408.125   2.9620560e+14
      408.175   3.0097975e+14
      408.225   3.0402997e+14
      408.275   3.0522396e+14
      408.325   3.0485574e+14
      408.375   3.0317787e+14
      408.425   3.0092224e+14
      408.475   2.9958152e+14
      408.525   2.9885678e+14
      408.575   2.9850291e+14
      408.625   2.9947424e+14
      408.675   3.0173031e+14
      408.725   3.0462146e+14
      408.775   3.0798247e+14
      408.825   3.1216660e+14
      408.875   3.1570185e+14
      408.925   3.1719112e+14
      408.975   3.1770756e+14
      409.025   3.1760865e+14
      409.075   3.1669454e+14
      409.125   3.1529889e+14
      409.175   3.1457990e+14
      409.225   3.1382385e+14
      409.275   3.1132738e+14
      409.325   3.0861805e+14
      409.375   3.0801615e+14
      409.425   3.0938278e+14
      409.475   3.1087089e+14
      409.525   3.0711480e+14
      409.575   3.0243006e+14
      409.625   2.9839203e+14
      409.675   2.9484855e+14
      409.725   2.9181224e+14
      409.775   2.8994643e+14
      409.825   2.8834303e+14
      409.836   2.8795568e+14
      409.853   2.8621709e+14
      409.870   2.8427833e+14
      409.886   2.8255743e+14
      409.903   2.8023554e+14
      409.920   2.7722882e+14
      409.937   2.7470785e+14
      409.954   2.7237614e+14
      409.970   2.7001847e+14
      409.987   2.6775634e+14
      410.004   2.6472139e+14
      410.021   2.6045520e+14
      410.038   2.5596544e+14
      410.055   2.5216168e+14
      410.071   2.4920993e+14
      410.088   2.4758297e+14
      410.105   2.4634753e+14
      410.122   2.4453575e+14
      410.139   2.4231966e+14
      410.155   2.4047651e+14
      410.172   2.3899599e+14
      410.189   2.3813027e+14
      410.206   2.3900744e+14
      410.223   2.4001651e+14
      410.240   2.4001351e+14
      410.256   2.3971780e+14
      410.273   2.3949859e+14
      410.290   2.3856920e+14
      410.307   2.3768898e+14
      410.324   2.3734123e+14
      410.341   2.3651348e+14
      410.357   2.3604334e+14
      410.374   2.3690157e+14
      410.391   2.3875526e+14
      410.408   2.4200015e+14
      410.425   2.4729954e+14
      410.442   2.5303409e+14
      410.458   2.5782215e+14
      410.475   2.6200146e+14
      410.492   2.6591573e+14
      410.509   2.6967743e+14
      410.526   2.7425249e+14
      410.543   2.7997893e+14
      410.560   2.8617587e+14
      410.576   2.9121462e+14
      410.593   2.9473643e+14
      410.610   2.9707606e+14
      410.627   2.9907461e+14
      410.644   3.0117721e+14
      410.661   3.0379946e+14
      410.678   3.0635334e+14
      410.694   3.0869858e+14
      410.711   3.1074077e+14
      410.728   3.1165280e+14
      410.745   3.1238015e+14
      410.762   3.1407608e+14
      410.779   3.1567536e+14
      410.796   3.1637665e+14
      410.813   3.1639107e+14
      410.829   3.1627921e+14
      410.846   3.1662127e+14
      410.863   3.1775618e+14
      410.880   3.1901456e+14
      410.897   3.2113832e+14
      410.914   3.2317943e+14
      410.931   3.2293702e+14
      410.948   3.2089351e+14
      410.965   3.1889199e+14
      410.981   3.1796590e+14
      410.998   3.1790637e+14
      411.015   3.1843310e+14
      411.032   3.1933889e+14
      411.049   3.1995556e+14
      411.066   3.1916747e+14
      411.083   3.1821549e+14
      411.100   3.1830696e+14
      411.117   3.1796838e+14
      411.133   3.1676841e+14
      411.150   3.1532136e+14
      411.167   3.1344438e+14
      411.184   3.1137364e+14
      411.201   3.1082377e+14
      411.218   3.1154797e+14
      411.235   3.1332239e+14
      411.252   3.1584033e+14
      411.269   3.1735552e+14
      411.286   3.1739582e+14
      411.303   3.1746082e+14
      411.320   3.1746413e+14
      411.336   3.1706267e+14
      411.353   3.1676822e+14
      411.370   3.1659007e+14
      411.387   3.1639258e+14
      411.404   3.1611048e+14
      411.421   3.1513606e+14
      411.438   3.1486110e+14
      411.455   3.1576817e+14
      411.472   3.1650432e+14
      411.489   3.1690751e+14
      411.506   3.1765769e+14
      411.523   3.1795688e+14
      411.540   3.1766599e+14
      411.557   3.1810964e+14
      411.573   3.1984122e+14
      411.590   3.2201966e+14
      411.607   3.2411521e+14
      411.624   3.2657874e+14
      411.641   3.2955113e+14
      411.658   3.3277877e+14
      411.675   3.3536873e+14
      411.692   3.3657616e+14
      411.709   3.3553822e+14
      411.726   3.3246816e+14
      411.743   3.2850723e+14
      411.760   3.2455000e+14
      411.777   3.2214073e+14
      411.794   3.2209636e+14
      411.811   3.2324927e+14
      411.828   3.2450603e+14
      411.845   3.2574688e+14
      411.862   3.2659151e+14
      411.879   3.2754178e+14
      411.896   3.2887402e+14
      411.913   3.3002839e+14
      411.929   3.3147540e+14
      411.946   3.3302221e+14
      411.963   3.3279622e+14
      411.980   3.3145773e+14
      411.997   3.3010869e+14
      412.014   3.2774581e+14
      412.031   3.2548337e+14
      412.048   3.2496716e+14
      412.065   3.2463579e+14
      412.082   3.2284703e+14
      412.099   3.2063066e+14
      412.116   3.1857633e+14
      412.133   3.1645166e+14
      412.150   3.1449079e+14
      412.167   3.1290136e+14
      412.184   3.1185931e+14
      412.201   3.1035974e+14
      412.218   3.0939519e+14
      412.235   3.1029607e+14
      412.252   3.1244807e+14
      412.269   3.1488498e+14
      412.286   3.1745378e+14
      412.303   3.1916555e+14
      412.320   3.1928305e+14
      412.337   3.1900646e+14
      412.354   3.1985593e+14
      412.371   3.2192287e+14
      412.388   3.2343199e+14
      412.405   3.2391181e+14
      412.422   3.2376708e+14
      412.439   3.2180148e+14
      412.456   3.1804507e+14
      412.473   3.1513503e+14
      412.490   3.1395611e+14
      412.507   3.1364097e+14
      412.524   3.1512187e+14
      412.541   3.1820687e+14
      412.558   3.2063739e+14
      412.575   3.2180844e+14
      412.592   3.2258187e+14
      412.609   3.2243541e+14
      412.626   3.2096455e+14
      412.643   3.1875683e+14
      412.660   3.1658616e+14
      412.677   3.1501004e+14
      412.694   3.1411809e+14
      412.711   3.1464716e+14
      412.729   3.1688681e+14
      412.746   3.1923937e+14
      412.763   3.2033274e+14
      412.780   3.2077361e+14
      412.797   3.2018058e+14
      412.814   3.1886666e+14
      412.831   3.1787452e+14
      412.848   3.1751018e+14
      412.865   3.1710188e+14
      412.882   3.1554549e+14
      412.899   3.1349866e+14
      412.916   3.1221313e+14
      412.933   3.1167841e+14
      412.950   3.1201747e+14
      412.967   3.1423751e+14
      412.984   3.1712200e+14
      413.001   3.1915964e+14
      413.018   3.1969514e+14
      413.035   3.1757972e+14
      413.052   3.1296973e+14
      413.070   3.0718018e+14
      413.087   3.0087175e+14
      413.104   2.9594153e+14
      413.121   2.9366053e+14
      413.138   2.9337838e+14
      413.155   2.9500723e+14
      413.172   2.9803025e+14
      413.189   3.0081075e+14
      413.206   3.0240805e+14
      413.223   3.0320370e+14
      413.240   3.0260340e+14
      413.257   3.0093414e+14
      413.274   2.9831190e+14
      413.291   2.9520611e+14
      413.309   2.9211625e+14
      413.326   2.8932686e+14
      413.343   2.8699978e+14
      413.360   2.8535312e+14
      413.377   2.8406341e+14
      413.394   2.8366331e+14
      413.411   2.8389093e+14
      413.428   2.8423812e+14
      413.445   2.8522358e+14
      413.462   2.8734669e+14
      413.479   2.8883509e+14
      413.497   2.8907697e+14
      413.514   2.8886331e+14
      413.531   2.8813440e+14
      413.548   2.8810008e+14
      413.565   2.8963074e+14
      413.582   2.9263500e+14
      413.599   2.9717625e+14
      413.616   3.0206049e+14
      413.633   3.0634864e+14
      413.650   3.1024298e+14
      413.668   3.1355728e+14
      413.685   3.1529577e+14
      413.702   3.1639769e+14
      413.719   3.1730270e+14
      413.736   3.1849609e+14
      413.753   3.1980735e+14
      413.770   3.2202959e+14
      413.787   3.2598416e+14
      413.805   3.3109440e+14
      413.822   3.3543248e+14
      413.839   3.3937319e+14
      413.856   3.4263337e+14
      413.873   3.4425620e+14
      413.890   3.4413089e+14
      413.907   3.4402143e+14
      413.924   3.4432522e+14
      413.942   3.4452896e+14
      413.959   3.4467275e+14
      413.976   3.4437330e+14
      413.993   3.4395074e+14
      414.010   3.4268565e+14
      414.027   3.4065020e+14
      414.044   3.3933759e+14
      414.062   3.3833294e+14
      414.079   3.3734041e+14
      414.096   3.3665390e+14
      414.113   3.3633498e+14
      414.130   3.3560274e+14
      414.147   3.3535774e+14
      414.164   3.3380572e+14
      414.182   3.3048437e+14
      414.199   3.2587688e+14
      414.216   3.1961759e+14
      414.233   3.1171171e+14
      414.250   3.0399217e+14
      414.267   2.9801748e+14
      414.285   2.9377204e+14
      414.302   2.9106030e+14
      414.319   2.9004085e+14
      414.336   2.9062042e+14
      414.353   2.9142162e+14
      414.370   2.9186929e+14
      414.388   2.9276923e+14
      414.405   2.9418796e+14
      414.422   2.9462332e+14
      414.439   2.9446411e+14
      414.456   2.9460567e+14
      414.473   2.9492671e+14
      414.491   2.9455828e+14
      414.508   2.9438494e+14
      414.525   2.9578443e+14
      414.542   2.9756572e+14
      414.559   2.9908492e+14
      414.577   3.0031927e+14
      414.594   3.0118754e+14
      414.611   3.0050930e+14
      414.628   3.0025859e+14
      414.645   3.0060784e+14
      414.662   3.0118408e+14
      414.680   3.0320498e+14
      414.697   3.0731250e+14
      414.714   3.1216964e+14
      414.731   3.1833950e+14
      414.748   3.2588186e+14
      414.766   3.3175298e+14
      414.783   3.3534715e+14
      414.800   3.3698824e+14
      414.817   3.3585979e+14
      414.834   3.3359287e+14
      414.852   3.3126796e+14
      414.869   3.2820030e+14
      414.886   3.2574145e+14
      414.903   3.2458819e+14
      414.921   3.2321689e+14
      414.938   3.2267948e+14
      414.955   3.2482918e+14
      414.972   3.2740651e+14
      414.989   3.2936444e+14
      415.007   3.3122319e+14
      415.024   3.3199338e+14
      415.041   3.3004085e+14
      415.058   3.2642838e+14
      415.076   3.2317388e+14
      415.093   3.2054965e+14
      415.110   3.2069615e+14
      415.127   3.2396965e+14
      415.144   3.2874539e+14
      415.162   3.3256525e+14
      415.179   3.3506527e+14
      415.196   3.3526738e+14
      415.213   3.3269028e+14
      415.231   3.2776276e+14
      415.248   3.2203173e+14
      415.265   3.1678097e+14
      415.282   3.1185180e+14
      415.300   3.0799607e+14
      415.317   3.0641335e+14
      415.334   3.0669124e+14
      415.351   3.0718403e+14
      415.369   3.0861392e+14
      415.386   3.1177880e+14
      415.403   3.1535132e+14
      415.420   3.1844479e+14
      415.438   3.2186958e+14
      415.455   3.2389735e+14
      415.472   3.2335667e+14
      415.489   3.2083417e+14
      415.507   3.1646810e+14
      415.524   3.1051845e+14
      415.541   3.0607933e+14
      415.559   3.0448558e+14
      415.576   3.0498574e+14
      415.593   3.0689174e+14
      415.610   3.0904146e+14
      415.628   3.0929983e+14
      415.645   3.0683296e+14
      415.662   3.0258032e+14
      415.679   2.9893577e+14
      415.697   2.9620768e+14
      415.714   2.9310752e+14
      415.731   2.9181772e+14
      415.749   2.9293617e+14
      415.766   2.9371309e+14
      415.783   2.9638763e+14
      415.800   3.0160634e+14
      415.818   3.0733537e+14
      415.835   3.1278689e+14
      415.852   3.1871580e+14
      415.870   3.2275213e+14
      415.887   3.2518070e+14
      415.904   3.2619497e+14
      415.921   3.2574878e+14
      415.939   3.2384845e+14
      415.956   3.2135476e+14
      415.973   3.1897381e+14
      415.991   3.1620694e+14
      416.008   3.1472103e+14
      416.025   3.1602133e+14
      416.043   3.1959899e+14
      416.060   3.2347804e+14
      416.077   3.2709604e+14
      416.095   3.2893967e+14
      416.112   3.2880612e+14
      416.129   3.2795495e+14
      416.146   3.2819787e+14
      416.164   3.2996601e+14
      416.181   3.3238901e+14
      416.198   3.3364010e+14
      416.216   3.3482723e+14
      416.233   3.3617412e+14
      416.250   3.3625145e+14
      416.268   3.3657774e+14
      416.285   3.3853699e+14
      416.302   3.3961385e+14
      416.320   3.3918686e+14
      416.337   3.3904151e+14
      416.354   3.3796554e+14
      416.372   3.3580796e+14
      416.389   3.3398671e+14
      416.406   3.3278984e+14
      416.424   3.3176932e+14
      416.441   3.3163226e+14
      416.458   3.3300488e+14
      416.476   3.3474364e+14
      416.493   3.3751328e+14
      416.510   3.4011516e+14
      416.528   3.4223894e+14
      416.545   3.4261416e+14
      416.563   3.4064645e+14
      416.580   3.3647257e+14
      416.597   3.3176329e+14
      416.615   3.2673769e+14
      416.632   3.2279759e+14
      416.649   3.2108161e+14
      416.667   3.1949950e+14
      416.684   3.1807713e+14
      416.701   3.1743229e+14
      416.719   3.1758411e+14
      416.736   3.1699582e+14
      416.754   3.1736562e+14
      416.771   3.1870170e+14
      416.788   3.1952050e+14
      416.806   3.1789135e+14
      416.823   3.1690939e+14
      416.840   3.1618966e+14
      416.858   3.1533101e+14
      416.875   3.1575454e+14
      416.892   3.1808222e+14
      416.910   3.1961716e+14
      416.927   3.1934949e+14
      416.945   3.1860252e+14
      416.962   3.1722636e+14
      416.979   3.1555915e+14
      416.997   3.1370675e+14
      417.014   3.1164430e+14
      417.032   3.0852738e+14
      417.049   3.0404782e+14
      417.066   3.0122307e+14
      417.084   2.9977678e+14
      417.101   2.9890841e+14
      417.119   2.9933342e+14
      417.136   3.0239419e+14
      417.153   3.0384611e+14
      417.171   3.0331330e+14
      417.188   3.0236865e+14
      417.206   3.0241057e+14
      417.223   2.9998102e+14
      417.240   2.9710791e+14
      417.258   2.9591676e+14
      417.275   2.9573834e+14
      417.293   2.9412669e+14
      417.310   2.9432079e+14
      417.327   2.9416720e+14
      417.345   2.9331657e+14
      417.362   2.9268211e+14
      417.380   2.9165930e+14
      417.397   2.8792162e+14
      417.415   2.8422304e+14
      417.432   2.8217607e+14
      417.449   2.8197080e+14
      417.467   2.8253229e+14
      417.484   2.8366669e+14
      417.502   2.8374915e+14
      417.519   2.8328125e+14
      417.537   2.8194766e+14
      417.554   2.8285142e+14
      417.571   2.8432840e+14
      417.589   2.8547204e+14
      417.606   2.8569980e+14
      417.624   2.8631819e+14
      417.641   2.8549006e+14
      417.659   2.8508805e+14
      417.676   2.8688817e+14
      417.693   2.9121381e+14
      417.711   2.9456904e+14
      417.728   2.9582984e+14
      417.746   2.9917460e+14
      417.763   3.0253870e+14
      417.781   3.0362955e+14
      417.798   3.0493675e+14
      417.816   3.0687075e+14
      417.833   3.0832710e+14
      417.851   3.1079725e+14
      417.868   3.1400917e+14
      417.885   3.1625734e+14
      417.903   3.1975550e+14
      417.920   3.2179080e+14
      417.938   3.2372705e+14
      417.955   3.2431044e+14
      417.973   3.2447161e+14
      417.990   3.2215972e+14
      418.008   3.1997758e+14
      418.025   3.1688089e+14
      418.043   3.1558625e+14
      418.060   3.1413330e+14
      418.078   3.1289540e+14
      418.095   3.1312540e+14
      418.113   3.1375864e+14
      418.130   3.1457275e+14
      418.148   3.1724071e+14
      418.165   3.2026531e+14
      418.183   3.2151127e+14
      418.200   3.2290438e+14
      418.218   3.2297675e+14
      418.235   3.2380172e+14
      418.253   3.2571365e+14
      418.270   3.2691687e+14
      418.288   3.2813640e+14
      418.305   3.2902364e+14
      418.323   3.2649831e+14
      418.340   3.2368142e+14
      418.358   3.2184847e+14
      418.375   3.1949846e+14
      418.393   3.1766894e+14
      418.410   3.1655120e+14
      418.428   3.1682775e+14
      418.445   3.1680744e+14
      418.463   3.1653168e+14
      418.480   3.1494150e+14
      418.498   3.1365693e+14
      418.515   3.1251420e+14
      418.533   3.1186005e+14
      418.550   3.1018619e+14
      418.568   3.0931174e+14
      418.585   3.0973184e+14
      418.603   3.0645960e+14
      418.620   3.0237539e+14
      418.638   3.0051679e+14
      418.655   2.9944830e+14
      418.673   2.9858075e+14
      418.690   3.0153537e+14
      418.708   3.0557917e+14
      418.725   3.0727815e+14
      418.743   3.0679433e+14
      418.760   3.0491405e+14
      418.778   3.0080283e+14
      418.796   2.9598270e+14
      418.813   2.9224049e+14
      418.831   2.9159830e+14
      418.848   2.9226689e+14
      418.866   2.9386310e+14
      418.883   2.9633843e+14
      418.901   2.9817458e+14
      418.918   2.9930343e+14
      418.936   3.0045920e+14
      418.953   3.0192036e+14
      418.971   3.0123917e+14
      418.989   3.0020613e+14
      419.006   2.9891322e+14
      419.024   2.9770171e+14
      419.041   2.9687632e+14
      419.059   2.9999002e+14
      419.076   3.0449628e+14
      419.094   3.0729271e+14
      419.111   3.1176268e+14
      419.129   3.1887584e+14
      419.147   3.2531267e+14
      419.164   3.3151084e+14
      419.182   3.3804535e+14
      419.199   3.4120299e+14
      419.217   3.4049478e+14
      419.234   3.3749316e+14
      419.252   3.3510240e+14
      419.270   3.3334615e+14
      419.287   3.3358947e+14
      419.305   3.3552194e+14
      419.322   3.3741961e+14
      419.340   3.3826750e+14
      419.358   3.3890377e+14
      419.375   3.3735048e+14
      419.393   3.3363643e+14
      419.410   3.3128367e+14
      419.428   3.2902614e+14
      419.445   3.2582921e+14
      419.463   3.2113987e+14
      419.481   3.1788096e+14
      419.498   3.1394045e+14
      419.516   3.1138200e+14
      419.533   3.1034052e+14
      419.551   3.1297102e+14
      419.569   3.1578180e+14
      419.586   3.1826945e+14
      419.604   3.2057876e+14
      419.621   3.2299582e+14
      419.639   3.2334316e+14
      419.657   3.2049903e+14
      419.674   3.1564417e+14
      419.692   3.0851875e+14
      419.710   3.0128201e+14
      419.727   2.9520466e+14
      419.745   2.9012714e+14
      419.762   2.8835652e+14
      419.780   2.8905627e+14
      419.798   2.9018208e+14
      419.815   2.9146199e+14
      419.833   2.9401738e+14
      419.851   2.9592077e+14
      419.868   2.9649010e+14
      419.886   2.9706591e+14
      419.903   2.9805610e+14
      419.921   2.9897259e+14
      419.939   2.9949166e+14
      419.956   3.0101348e+14
      419.974   3.0397559e+14
      419.992   3.0627827e+14
      420.009   3.0751188e+14
      420.027   3.0806022e+14
      420.045   3.0603494e+14
      420.062   3.0207475e+14
      420.080   2.9883039e+14
      420.097   2.9639446e+14
      420.115   2.9433754e+14
      420.133   2.9327591e+14
      420.150   2.9079454e+14
      420.168   2.8969328e+14
      420.186   2.8921098e+14
      420.203   2.8960929e+14
      420.221   2.9125438e+14
      420.239   2.9301927e+14
      420.256   2.9644155e+14
      420.274   3.0126304e+14
      420.292   3.0582453e+14
      420.309   3.0757900e+14
      420.327   3.0981871e+14
      420.345   3.0883761e+14
      420.362   3.0713557e+14
      420.380   3.0317006e+14
      420.398   3.0135252e+14
      420.415   3.0253585e+14
      420.433   3.0573165e+14
      420.451   3.0958339e+14
      420.468   3.1560131e+14
      420.486   3.1935778e+14
      420.504   3.1847314e+14
      420.521   3.1678501e+14
      420.539   3.1320023e+14
      420.557   3.1029046e+14
      420.575   3.1156373e+14
      420.592   3.1765957e+14
      420.610   3.2284765e+14
      420.628   3.2868528e+14
      420.645   3.3376448e+14
      420.663   3.3803049e+14
      420.681   3.3961719e+14
      420.698   3.3992453e+14
      420.716   3.4070515e+14
      420.734   3.4161817e+14
      420.751   3.4403047e+14
      420.769   3.4701291e+14
      420.787   3.4949862e+14
      420.805   3.4956291e+14
      420.822   3.5082251e+14
      420.840   3.4928595e+14
      420.858   3.4670088e+14
      420.875   3.4297993e+14
      420.893   3.4252317e+14
      420.911   3.4205386e+14
      420.929   3.4050540e+14
      420.946   3.3985204e+14
      420.964   3.4077827e+14
      420.982   3.3898074e+14
      420.999   3.3558332e+14
      421.017   3.3508673e+14
      421.035   3.3416895e+14
      421.053   3.3449876e+14
      421.070   3.3752375e+14
      421.088   3.4156655e+14
      421.106   3.4301559e+14
      421.124   3.4446649e+14
      421.141   3.4547458e+14
      421.159   3.4386939e+14
      421.177   3.4090682e+14
      421.194   3.3685286e+14
      421.212   3.3350123e+14
      421.230   3.2995600e+14
      421.248   3.2763890e+14
      421.265   3.2389726e+14
      421.283   3.2223707e+14
      421.301   3.2090086e+14
      421.319   3.2008943e+14
      421.336   3.1890284e+14
      421.354   3.1855160e+14
      421.372   3.1648246e+14
      421.390   3.1378979e+14
      421.408   3.1176329e+14
      421.425   3.0818273e+14
      421.443   3.0573127e+14
      421.461   3.0423456e+14
      421.479   3.0365867e+14
      421.496   3.0141752e+14
      421.514   3.0085404e+14
      421.532   3.0058077e+14
      421.550   3.0001716e+14
      421.567   2.9853715e+14
      421.585   2.9648423e+14
      421.603   2.9387191e+14
      421.621   2.9278288e+14
      421.638   2.9345137e+14
      421.656   2.9372799e+14
      421.674   2.9542246e+14
      421.692   2.9727480e+14
      421.710   2.9718594e+14
      421.727   2.9795326e+14
      421.745   2.9941336e+14
      421.763   2.9937651e+14
      421.781   3.0055705e+14
      421.799   3.0262875e+14
      421.816   3.0331577e+14
      421.834   3.0361441e+14
      421.852   3.0545331e+14
      421.870   3.0309992e+14
      421.888   3.0169135e+14
      421.905   3.0325719e+14
      421.923   3.0623344e+14
      421.941   3.1063932e+14
      421.959   3.1930878e+14
      421.977   3.2704262e+14
      421.994   3.3137372e+14
      422.012   3.3618306e+14
      422.030   3.3982849e+14
      422.048   3.3954749e+14
      422.066   3.3854343e+14
      422.083   3.3876031e+14
      422.101   3.3869445e+14
      422.119   3.4036893e+14
      422.137   3.4417152e+14
      422.155   3.4710771e+14
      422.172   3.4826160e+14
      422.190   3.4725585e+14
      422.208   3.4507279e+14
      422.226   3.4533199e+14
      422.244   3.4435827e+14
      422.262   3.4295736e+14
      422.279   3.4226270e+14
      422.297   3.4238178e+14
      422.315   3.4013166e+14
      422.333   3.3991862e+14
      422.351   3.4099984e+14
      422.369   3.3958764e+14
      422.387   3.3801205e+14
      422.404   3.3613752e+14
      422.422   3.3298892e+14
      422.440   3.2819373e+14
      422.458   3.2369618e+14
      422.476   3.1985365e+14
      422.494   3.1064376e+14
      422.511   3.0114699e+14
      422.529   2.9105756e+14
      422.547   2.8023826e+14
      422.565   2.7181024e+14
      422.583   2.6524757e+14
      422.601   2.5977815e+14
      422.619   2.5599303e+14
      422.636   2.5375716e+14
      422.654   2.5231920e+14
      422.672   2.5098169e+14
      422.690   2.5006090e+14
      422.708   2.5081965e+14
      422.726   2.4948016e+14
      422.744   2.4963350e+14
      422.761   2.4938390e+14
      422.779   2.4847719e+14
      422.797   2.4746800e+14
      422.815   2.4571306e+14
      422.833   2.4537035e+14
      422.851   2.4538702e+14
      422.869   2.4621051e+14
      422.887   2.4763437e+14
      422.905   2.5130298e+14
      422.922   2.5577652e+14
      422.940   2.6035161e+14
      422.958   2.6564419e+14
      422.976   2.7210015e+14
      422.994   2.7872375e+14
      423.012   2.8620128e+14
      423.030   2.9545617e+14
      423.048   3.0517940e+14
      423.066   3.1459065e+14
      423.083   3.2416913e+14
      423.101   3.3259859e+14
      423.119   3.3877034e+14
      423.137   3.4320927e+14
      423.155   3.4497630e+14
      423.173   3.4417552e+14
      423.191   3.4049182e+14
      423.209   3.3623224e+14
      423.227   3.3284814e+14
      423.245   3.3067608e+14
      423.263   3.3042125e+14
      423.280   3.3305271e+14
      423.298   3.3764247e+14
      423.316   3.4281730e+14
      423.334   3.4915302e+14
      423.352   3.5380883e+14
      423.370   3.5645000e+14
      423.388   3.5726505e+14
      423.406   3.5605048e+14
      423.424   3.5110187e+14
      423.442   3.4516302e+14
      423.460   3.3962861e+14
      423.478   3.3342052e+14
      423.496   3.2699418e+14
      423.513   3.2257687e+14
      423.531   3.1857759e+14
      423.549   3.1392272e+14
      423.567   3.1040508e+14
      423.585   3.0803029e+14
      423.603   3.0545361e+14
      423.621   3.0389936e+14
      423.639   3.0340724e+14
      423.657   3.0383333e+14
      423.675   3.0511830e+14
      423.693   3.0731999e+14
      423.711   3.1001888e+14
      423.729   3.1265683e+14
      423.747   3.1430805e+14
      423.765   3.1396574e+14
      423.783   3.1236974e+14
      423.801   3.0903184e+14
      423.819   3.0393568e+14
      423.837   2.9791853e+14
      423.855   2.9259983e+14
      423.872   2.8767438e+14
      423.890   2.8380140e+14
      423.908   2.8183961e+14
      423.926   2.8188297e+14
      423.944   2.8377689e+14
      423.962   2.8785669e+14
      423.980   2.9405782e+14
      423.998   3.0187775e+14
      424.016   3.0991469e+14
      424.034   3.1732691e+14
      424.052   3.2343318e+14
      424.070   3.2740591e+14
      424.088   3.2861940e+14
      424.106   3.2747344e+14
      424.124   3.2587846e+14
      424.142   3.2454662e+14
      424.160   3.2292254e+14
      424.178   3.2112170e+14
      424.196   3.2048532e+14
      424.214   3.1956222e+14
      424.232   3.1941444e+14
      424.250   3.2092376e+14
      424.268   3.2375869e+14
      424.286   3.2725211e+14
      424.304   3.3131932e+14
      424.322   3.3554195e+14
      424.340   3.3967126e+14
      424.358   3.4240126e+14
      424.376   3.4437570e+14
      424.394   3.4738931e+14
      424.412   3.4969969e+14
      424.430   3.5062292e+14
      424.448   3.5266665e+14
      424.466   3.5552242e+14
      424.484   3.5668242e+14
      424.502   3.5583970e+14
      424.520   3.5355510e+14
      424.538   3.5079033e+14
      424.556   3.4681620e+14
      424.574   3.4208379e+14
      424.592   3.3894086e+14
      424.610   3.3884248e+14
      424.628   3.4042993e+14
      424.646   3.4146336e+14
      424.665   3.4236959e+14
      424.683   3.4329673e+14
      424.701   3.4311004e+14
      424.719   3.4157115e+14
      424.737   3.4110637e+14
      424.755   3.4055483e+14
      424.773   3.3831509e+14
      424.791   3.3523901e+14
      424.809   3.3185576e+14
      424.827   3.2713948e+14
      424.845   3.2106470e+14
      424.863   3.1569369e+14
      424.881   3.1222041e+14
      424.899   3.0839099e+14
      424.917   3.0309999e+14
      424.935   2.9889048e+14
      424.953   2.9590177e+14
      424.971   2.9210520e+14
      424.989   2.8922609e+14
      425.007   2.8924896e+14
      425.025   2.9172441e+14
      425.044   2.9465742e+14
      425.062   2.9739507e+14
      425.080   3.0160175e+14
      425.098   3.0694869e+14
      425.116   3.1136715e+14
      425.134   3.1432035e+14
      425.152   3.1693582e+14
      425.170   3.1903999e+14
      425.188   3.2037264e+14
      425.206   3.2160416e+14
      425.224   3.2307247e+14
      425.242   3.2466551e+14
      425.260   3.2395270e+14
      425.279   3.2161736e+14
      425.297   3.1991408e+14
      425.315   3.1860477e+14
      425.333   3.1669356e+14
      425.351   3.1647932e+14
      425.369   3.1850803e+14
      425.387   3.1928792e+14
      425.405   3.1930504e+14
      425.423   3.2163398e+14
      425.441   3.2485228e+14
      425.460   3.2675157e+14
      425.478   3.2911872e+14
      425.496   3.3221448e+14
      425.514   3.3388410e+14
      425.532   3.3448181e+14
      425.550   3.3516991e+14
      425.568   3.3569898e+14
      425.586   3.3574540e+14
      425.604   3.3568514e+14
      425.622   3.3595214e+14
      425.641   3.3589766e+14
      425.659   3.3494066e+14
      425.677   3.3313390e+14
      425.695   3.3030914e+14
      425.713   3.2662362e+14
      425.731   3.2302657e+14
      425.749   3.1998082e+14
      425.767   3.1812477e+14
      425.786   3.1893424e+14
      425.804   3.2070899e+14
      425.822   3.2148561e+14
      425.840   3.2142328e+14
      425.858   3.2031208e+14
      425.876   3.1614287e+14
      425.894   3.1029528e+14
      425.913   3.0605553e+14
      425.931   3.0337779e+14
      425.949   3.0138537e+14
      425.967   3.0087766e+14
      425.985   3.0097583e+14
      426.003   2.9930700e+14
      426.021   2.9587103e+14
      426.040   2.9168643e+14
      426.058   2.8728975e+14
      426.076   2.8340294e+14
      426.094   2.8046380e+14
      426.112   2.7887030e+14
      426.130   2.7825354e+14
      426.148   2.7745406e+14
      426.167   2.7727352e+14
      426.185   2.7842405e+14
      426.203   2.8053527e+14
      426.221   2.8321276e+14
      426.239   2.8657599e+14
      426.257   2.8933513e+14
      426.276   2.9086625e+14
      426.294   2.9127544e+14
      426.312   2.9105863e+14
      426.330   2.9141174e+14
      426.348   2.9311641e+14
      426.367   2.9605001e+14
      426.385   3.0074574e+14
      426.403   3.0833672e+14
      426.421   3.1658302e+14
      426.439   3.2399006e+14
      426.457   3.3149144e+14
      426.476   3.3805436e+14
      426.494   3.4258317e+14
      426.512   3.4629603e+14
      426.530   3.4995291e+14
      426.548   3.5332222e+14
      426.567   3.5583421e+14
      426.585   3.5696870e+14
      426.603   3.5657391e+14
      426.621   3.5425350e+14
      426.639   3.4978281e+14
      426.658   3.4523994e+14
      426.676   3.4193809e+14
      426.694   3.3915924e+14
      426.712   3.3748440e+14
      426.730   3.3751276e+14
      426.749   3.3825460e+14
      426.767   3.3918444e+14
      426.785   3.4093066e+14
      426.803   3.4261002e+14
      426.821   3.4327201e+14
      426.840   3.4265097e+14
      426.858   3.4111530e+14
      426.876   3.3943475e+14
      426.894   3.3860135e+14
      426.913   3.3819018e+14
      426.931   3.3766270e+14
      426.949   3.3570133e+14
      426.967   3.3101682e+14
      426.985   3.2371767e+14
      427.004   3.1431556e+14
      427.022   3.0396323e+14
      427.040   2.9524343e+14
      427.058   2.8870331e+14
      427.077   2.8396502e+14
      427.095   2.8161451e+14
      427.113   2.8187159e+14
      427.131   2.8394520e+14
      427.150   2.8777793e+14
      427.168   2.9138406e+14
      427.186   2.9328605e+14
      427.204   2.9355988e+14
      427.223   2.9149584e+14
      427.241   2.8718867e+14
      427.259   2.8281237e+14
      427.277   2.7959153e+14
      427.296   2.7632751e+14
      427.314   2.7284177e+14
      427.332   2.7056234e+14
      427.350   2.6963072e+14
      427.369   2.6779542e+14
      427.387   2.6587619e+14
      427.405   2.6424672e+14
      427.423   2.6224573e+14
      427.442   2.6035195e+14
      427.460   2.6076074e+14
      427.478   2.6393483e+14
      427.497   2.6876054e+14
      427.515   2.7511926e+14
      427.533   2.8311668e+14
      427.551   2.9072495e+14
      427.570   2.9695321e+14
      427.588   3.0214819e+14
      427.606   3.0600406e+14
      427.625   3.0827105e+14
      427.643   3.0889538e+14
      427.661   3.0796447e+14
      427.679   3.0824076e+14
      427.698   3.1014737e+14
      427.716   3.1221128e+14
      427.734   3.1554619e+14
      427.753   3.2130224e+14
      427.771   3.2622775e+14
      427.789   3.2837946e+14
      427.807   3.2899193e+14
      427.826   3.2907188e+14
      427.844   3.2819569e+14
      427.862   3.2645446e+14
      427.881   3.2551885e+14
      427.899   3.2575952e+14
      427.917   3.2608366e+14
      427.936   3.2526218e+14
      427.954   3.2421339e+14
      427.972   3.2322436e+14
      427.991   3.2124011e+14
      428.009   3.1951086e+14
      428.027   3.1903856e+14
      428.046   3.1890598e+14
      428.064   3.1832661e+14
      428.082   3.1719388e+14
      428.101   3.1582584e+14
      428.119   3.1339035e+14
      428.137   3.0980089e+14
      428.156   3.0691023e+14
      428.174   3.0645373e+14
      428.192   3.0607701e+14
      428.211   3.0629416e+14
      428.229   3.0798961e+14
      428.247   3.0908638e+14
      428.266   3.0759606e+14
      428.284   3.0550621e+14
      428.302   3.0342713e+14
      428.321   3.0116151e+14
      428.339   3.0000413e+14
      428.357   3.0082135e+14
      428.376   3.0153571e+14
      428.394   3.0265974e+14
      428.412   3.0508897e+14
      428.431   3.0627183e+14
      428.449   3.0660654e+14
      428.467   3.0717538e+14
      428.486   3.0678630e+14
      428.504   3.0564147e+14
      428.522   3.0422789e+14
      428.541   3.0210116e+14
      428.559   2.9996658e+14
      428.578   2.9913966e+14
      428.596   2.9963941e+14
      428.614   3.0153737e+14
      428.633   3.0372285e+14
      428.651   3.0665246e+14
      428.669   3.0991098e+14
      428.688   3.1186272e+14
      428.706   3.1187806e+14
      428.725   3.0988901e+14
      428.743   3.0509684e+14
      428.761   2.9888406e+14
      428.780   2.9246977e+14
      428.798   2.8640879e+14
      428.816   2.8112303e+14
      428.835   2.7838955e+14
      428.853   2.7581525e+14
      428.872   2.7238570e+14
      428.890   2.7130439e+14
      428.908   2.7155825e+14
      428.927   2.6979599e+14
      428.945   2.6772972e+14
      428.964   2.6696832e+14
      428.982   2.6563772e+14
      429.000   2.6568071e+14
      429.019   2.6719380e+14
      429.037   2.6878287e+14
      429.056   2.6958750e+14
      429.074   2.6990101e+14
      429.092   2.7004002e+14
      429.111   2.6927272e+14
      429.129   2.6818858e+14
      429.148   2.6821545e+14
      429.166   2.6929414e+14
      429.185   2.6922289e+14
      429.203   2.6920743e+14
      429.221   2.6988820e+14
      429.240   2.6969150e+14
      429.258   2.6774354e+14
      429.277   2.6775947e+14
      429.295   2.6932571e+14
      429.314   2.7153989e+14
      429.332   2.7481190e+14
      429.350   2.7763869e+14
      429.369   2.7967159e+14
      429.387   2.8253697e+14
      429.406   2.8444292e+14
      429.424   2.8535004e+14
      429.443   2.8906582e+14
      429.461   2.9423634e+14
      429.479   2.9955087e+14
      429.498   3.0481913e+14
      429.516   3.0899040e+14
      429.535   3.1017027e+14
      429.553   3.0923040e+14
      429.572   3.0738142e+14
      429.590   3.0595565e+14
      429.609   3.0534176e+14
      429.627   3.0465810e+14
      429.646   3.0344553e+14
      429.664   3.0238871e+14
      429.682   3.0120810e+14
      429.701   2.9970953e+14
      429.719   2.9688006e+14
      429.738   2.9244777e+14
      429.756   2.8738488e+14
      429.775   2.8287905e+14
      429.793   2.7850155e+14
      429.812   2.7521084e+14
      429.830   2.7266737e+14
      429.849   2.6945448e+14
      429.867   2.6664668e+14
      429.886   2.6405037e+14
      429.904   2.6044482e+14
      429.923   2.5746943e+14
      429.941   2.5370862e+14
      429.960   2.4837503e+14
      429.978   2.4373236e+14
      429.997   2.4169719e+14
      430.015   2.3961585e+14
      430.034   2.3833236e+14
      430.052   2.3762191e+14
      430.071   2.3643293e+14
      430.089   2.3457321e+14
      430.108   2.3240977e+14
      430.126   2.2946069e+14
      430.145   2.2682873e+14
      430.163   2.2488825e+14
      430.182   2.2282971e+14
      430.200   2.2002734e+14
      430.219   2.1777535e+14
      430.237   2.1631333e+14
      430.256   2.1670252e+14
      430.274   2.1767971e+14
      430.293   2.2011130e+14
      430.311   2.2346263e+14
      430.330   2.2590189e+14
      430.348   2.2704720e+14
      430.367   2.2838259e+14
      430.385   2.2967387e+14
      430.404   2.3161260e+14
      430.422   2.3341067e+14
      430.441   2.3469003e+14
      430.459   2.3823797e+14
      430.478   2.4451313e+14
      430.496   2.4778833e+14
      430.515   2.4742435e+14
      430.533   2.4743166e+14
      430.552   2.4580257e+14
      430.571   2.4185647e+14
      430.589   2.3986923e+14
      430.608   2.3927153e+14
      430.626   2.3727863e+14
      430.645   2.3398789e+14
      430.663   2.3063814e+14
      430.682   2.2707164e+14
      430.700   2.2437413e+14
      430.719   2.2300249e+14
      430.737   2.2232690e+14
      430.756   2.2028222e+14
      430.775   2.1778327e+14
      430.793   2.1550073e+14
      430.812   2.1230468e+14
      430.830   2.0938340e+14
      430.849   2.0772632e+14
      430.867   2.0654472e+14
      430.886   2.0531057e+14
      430.904   2.0417075e+14
      430.923   2.0291818e+14
      430.942   2.0217813e+14
      430.960   2.0235891e+14
      430.979   2.0093826e+14
      430.997   1.9762147e+14
      431.016   1.9491335e+14
      431.034   1.9327746e+14
      431.053   1.8958931e+14
      431.072   1.8674879e+14
      431.090   1.8586884e+14
      431.109   1.8413909e+14
      431.127   1.8209027e+14
      431.146   1.8369600e+14
      431.165   1.8864029e+14
      431.183   1.9483793e+14
      431.202   2.0224476e+14
      431.220   2.0955898e+14
      431.239   2.1480952e+14
      431.258   2.1734140e+14
      431.276   2.2010265e+14
      431.295   2.2370946e+14
      431.313   2.2744714e+14
      431.332   2.3068278e+14
      431.351   2.3338890e+14
      431.369   2.3584691e+14
      431.388   2.3796705e+14
      431.406   2.4099378e+14
      431.425   2.4588831e+14
      431.444   2.5215544e+14
      431.462   2.5813134e+14
      431.481   2.6407421e+14
      431.499   2.6958994e+14
      431.518   2.7477055e+14
      431.537   2.7901093e+14
      431.555   2.8373769e+14
      431.574   2.9015762e+14
      431.593   2.9661949e+14
      431.611   3.0338173e+14
      431.630   3.1215734e+14
      431.648   3.2224775e+14
      431.667   3.3106336e+14
      431.686   3.3729366e+14
      431.704   3.4129642e+14
      431.723   3.4382780e+14
      431.742   3.4450674e+14
      431.760   3.4635591e+14
      431.779   3.5078313e+14
      431.798   3.5608722e+14
      431.816   3.6080083e+14
      431.835   3.6565613e+14
      431.854   3.7092417e+14
      431.872   3.7532588e+14
      431.891   3.7917318e+14
      431.909   3.8225801e+14
      431.928   3.8409553e+14
      431.947   3.8333662e+14
      431.965   3.8271084e+14
      431.984   3.8223287e+14
      432.003   3.8205450e+14
      432.021   3.8332942e+14
      432.040   3.8588381e+14
      432.059   3.8815934e+14
      432.077   3.9103231e+14
      432.096   3.9389979e+14
      432.115   3.9457656e+14
      432.133   3.9239637e+14
      432.152   3.8733801e+14
      432.171   3.7957955e+14
      432.189   3.6978908e+14
      432.208   3.6136671e+14
      432.227   3.5436911e+14
      432.246   3.4886141e+14
      432.264   3.4453402e+14
      432.283   3.4129130e+14
      432.302   3.3741928e+14
      432.320   3.3285626e+14
      432.339   3.2668339e+14
      432.358   3.1994858e+14
      432.376   3.1282406e+14
      432.395   3.0389265e+14
      432.414   2.9461222e+14
      432.432   2.8704222e+14
      432.451   2.8100507e+14
      432.470   2.7577261e+14
      432.489   2.7190404e+14
      432.507   2.6933517e+14
      432.526   2.6628407e+14
      432.545   2.6177753e+14
      432.563   2.5785099e+14
      432.582   2.5515517e+14
      432.601   2.5240139e+14
      432.620   2.4900764e+14
      432.638   2.4647001e+14
      432.657   2.4592537e+14
      432.676   2.4690670e+14
      432.694   2.4971434e+14
      432.713   2.5513450e+14
      432.732   2.6302786e+14
      432.751   2.7040958e+14
      432.769   2.7659474e+14
      432.788   2.8296318e+14
      432.807   2.8918738e+14
      432.825   2.9357957e+14
      432.844   2.9783832e+14
      432.863   3.0219449e+14
      432.882   3.0566544e+14
      432.900   3.0875562e+14
      432.919   3.1255056e+14
      432.938   3.1762968e+14
      432.957   3.2453793e+14
      432.975   3.3188098e+14
      432.994   3.3905437e+14
      433.013   3.4599533e+14
      433.032   3.5188529e+14
      433.050   3.5690767e+14
      433.069   3.6176694e+14
      433.088   3.6541125e+14
      433.107   3.6762368e+14
      433.125   3.6764845e+14
      433.144   3.6722595e+14
      433.163   3.6603979e+14
      433.182   3.6561719e+14
      433.200   3.6596993e+14
      433.219   3.6606621e+14
      433.238   3.6469431e+14
      433.257   3.6324069e+14
      433.276   3.6223925e+14
      433.294   3.6166860e+14
      433.313   3.6103408e+14
      433.332   3.6037351e+14
      433.351   3.5944962e+14
      433.369   3.5755255e+14
      433.388   3.5610346e+14
      433.407   3.5587836e+14
      433.426   3.5721124e+14
      433.445   3.6030667e+14
      433.463   3.6403383e+14
      433.482   3.6707803e+14
      433.501   3.6976830e+14
      433.520   3.7055690e+14
      433.539   3.6735810e+14
      433.557   3.6319648e+14
      433.576   3.5813356e+14
      433.595   3.5190461e+14
      433.614   3.4596810e+14
      433.633   3.4135981e+14
      433.651   3.3730122e+14
      433.670   3.3406378e+14
      433.689   3.3186369e+14
      433.708   3.2819661e+14
      433.727   3.2566722e+14
      433.745   3.2328323e+14
      433.764   3.2023518e+14
      433.783   3.1574945e+14
      433.802   3.1153615e+14
      433.821   3.0644572e+14
      433.839   3.0059962e+14
      433.858   2.9375083e+14
      433.877   2.8713524e+14
      433.896   2.8077887e+14
      433.915   2.7404836e+14
      433.934   2.6696590e+14
      433.952   2.6086461e+14
      433.971   2.5472629e+14
      433.990   2.4860578e+14
      434.009   2.4238420e+14
      434.028   2.3604480e+14
      434.047   2.3245527e+14
      434.065   2.3176046e+14
      434.084   2.3221502e+14
      434.103   2.3478128e+14
      434.122   2.3835739e+14
      434.141   2.4144121e+14
      434.160   2.4192617e+14
      434.179   2.4351939e+14
      434.197   2.4378991e+14
      434.216   2.4433836e+14
      434.235   2.4437170e+14
      434.254   2.4604542e+14
      434.273   2.4552279e+14
      434.292   2.4562319e+14
      434.311   2.4786645e+14
      434.329   2.5123096e+14
      434.348   2.5491100e+14
      434.367   2.6062502e+14
      434.386   2.6803655e+14
      434.405   2.7500799e+14
      434.424   2.8144440e+14
      434.443   2.8862774e+14
      434.461   2.9515785e+14
      434.480   3.0045018e+14
      434.499   3.0395436e+14
      434.518   3.0755587e+14
      434.537   3.1128624e+14
      434.556   3.1484202e+14
      434.575   3.1784535e+14
      434.594   3.2016014e+14
      434.613   3.2067847e+14
      434.631   3.1900424e+14
      434.650   3.1689322e+14
      434.669   3.1501470e+14
      434.688   3.1445452e+14
      434.707   3.1539730e+14
      434.726   3.1676303e+14
      434.745   3.1938808e+14
      434.764   3.2164458e+14
      434.783   3.2353067e+14
      434.802   3.2706574e+14
      434.820   3.3144232e+14
      434.839   3.3423480e+14
      434.858   3.3626562e+14
      434.877   3.3781955e+14
      434.896   3.3652611e+14
      434.915   3.3361107e+14
      434.934   3.3111131e+14
      434.953   3.2854235e+14
      434.972   3.2549762e+14
      434.991   3.2131177e+14
      435.010   3.1721627e+14
      435.029   3.1232495e+14
      435.047   3.0723379e+14
      435.066   3.0269456e+14
      435.085   2.9936328e+14
      435.104   2.9529363e+14
      435.123   2.9167691e+14
      435.142   2.9097975e+14
      435.161   2.8977358e+14
      435.180   2.8943620e+14
      435.199   2.9182095e+14
      435.218   2.9473149e+14
      435.237   2.9658125e+14
      435.256   2.9945658e+14
      435.275   3.0188445e+14
      435.294   3.0178960e+14
      435.313   3.0159776e+14
      435.331   3.0034475e+14
      435.350   2.9729439e+14
      435.369   2.9528257e+14
      435.388   2.9554192e+14
      435.407   2.9520455e+14
      435.426   2.9490070e+14
      435.445   2.9627708e+14
      435.464   2.9688144e+14
      435.483   2.9684433e+14
      435.502   2.9763146e+14
      435.521   3.0045879e+14
      435.540   3.0636702e+14
      435.559   3.1458792e+14
      435.578   3.2390566e+14
      435.597   3.3332433e+14
      435.616   3.4235161e+14
      435.635   3.4961289e+14
      435.654   3.5492355e+14
      435.673   3.5920111e+14
      435.692   3.6222352e+14
      435.711   3.6325036e+14
      435.730   3.6326445e+14
      435.749   3.6292600e+14
      435.768   3.6141435e+14
      435.787   3.5848323e+14
      435.806   3.5577022e+14
      435.825   3.5452142e+14
      435.844   3.5223731e+14
      435.863   3.5121224e+14
      435.882   3.5298894e+14
      435.901   3.5492792e+14
      435.920   3.5427036e+14
      435.939   3.5535506e+14
      435.958   3.5667857e+14
      435.977   3.5903743e+14
      435.996   3.6194108e+14
      436.015   3.6634098e+14
      436.034   3.7033430e+14
      436.053   3.7326620e+14
      436.072   3.7429896e+14
      436.091   3.7320500e+14
      436.110   3.7050283e+14
      436.129   3.6672409e+14
      436.148   3.6257212e+14
      436.167   3.5828385e+14
      436.186   3.5402529e+14
      436.205   3.5180034e+14
      436.224   3.5230307e+14
      436.243   3.5284873e+14
      436.262   3.5376012e+14
      436.281   3.5651311e+14
      436.300   3.5899752e+14
      436.319   3.6202495e+14
      436.338   3.6596677e+14
      436.357   3.6991428e+14
      436.376   3.7462511e+14
      436.395   3.7963267e+14
      436.414   3.8132825e+14
      436.433   3.8297908e+14
      436.453   3.8575355e+14
      436.472   3.8660202e+14
      436.491   3.8421097e+14
      436.510   3.8194483e+14
      436.529   3.7951816e+14
      436.548   3.7605381e+14
      436.567   3.7281517e+14
      436.586   3.6910620e+14
      436.605   3.6447703e+14
      436.624   3.5946137e+14
      436.643   3.5544042e+14
      436.662   3.5199604e+14
      436.681   3.5157317e+14
      436.700   3.5346091e+14
      436.719   3.5689036e+14
      436.738   3.5922241e+14
      436.758   3.6244323e+14
      436.777   3.6517299e+14
      436.796   3.6587390e+14
      436.815   3.6235090e+14
      436.834   3.5903684e+14
      436.853   3.5429473e+14
      436.872   3.4966079e+14
      436.891   3.4637631e+14
      436.910   3.4543625e+14
      436.929   3.4308868e+14
      436.948   3.4061039e+14
      436.967   3.3588264e+14
      436.987   3.3058186e+14
      437.006   3.2753958e+14
      437.025   3.2678415e+14
      437.044   3.2689677e+14
      437.063   3.2788308e+14
      437.082   3.2903182e+14
      437.101   3.2856388e+14
      437.120   3.2751348e+14
      437.139   3.2858572e+14
      437.158   3.3104331e+14
      437.178   3.3437493e+14
      437.197   3.3648722e+14
      437.216   3.3853612e+14
      437.235   3.3803276e+14
      437.254   3.3497894e+14
      437.273   3.2987681e+14
      437.292   3.2582198e+14
      437.311   3.2074943e+14
      437.331   3.1675250e+14
      437.350   3.1641500e+14
      437.369   3.1715863e+14
      437.388   3.1754191e+14
      437.407   3.1765255e+14
      437.426   3.1413869e+14
      437.445   3.0990396e+14
      437.464   3.0703228e+14
      437.484   3.0618131e+14
      437.503   3.0711534e+14
      437.522   3.1052752e+14
      437.541   3.1366151e+14
      437.560   3.1325296e+14
      437.579   3.1202081e+14
      437.598   3.1066722e+14
      437.618   3.0875354e+14
      437.637   3.0836170e+14
      437.656   3.1004476e+14
      437.675   3.1091170e+14
      437.694   3.1139582e+14
      437.713   3.1352724e+14
      437.733   3.1382856e+14
      437.752   3.1315098e+14
      437.771   3.1402362e+14
      437.790   3.1670805e+14
      437.809   3.1923380e+14
      437.828   3.2104424e+14
      437.848   3.2515801e+14
      437.867   3.2918388e+14
      437.886   3.3140172e+14
      437.905   3.3213455e+14
      437.924   3.3356234e+14
      437.943   3.3710098e+14
      437.963   3.4180936e+14
      437.982   3.4672870e+14
      438.001   3.5269991e+14
      438.020   3.5856103e+14
      438.039   3.6209652e+14
      438.059   3.6272550e+14
      438.078   3.6371855e+14
      438.097   3.6392321e+14
      438.116   3.6202056e+14
      438.135   3.5891466e+14
      438.154   3.5407493e+14
      438.174   3.4648894e+14
      438.193   3.3809351e+14
      438.212   3.2996504e+14
      438.231   3.2113200e+14
      438.251   3.1401785e+14
      438.270   3.0910985e+14
      438.289   3.0496595e+14
      438.308   2.9983354e+14
      438.327   2.9458512e+14
      438.347   2.8864544e+14
      438.366   2.8229244e+14
      438.385   2.7661567e+14
      438.404   2.7398083e+14
      438.423   2.7233632e+14
      438.443   2.7295857e+14
      438.462   2.7472245e+14
      438.481   2.7717404e+14
      438.500   2.7955653e+14
      438.520   2.7934733e+14
      438.539   2.7802791e+14
      438.558   2.7573855e+14
      438.577   2.7238952e+14
      438.596   2.6887217e+14
      438.616   2.6651924e+14
      438.635   2.6614332e+14
      438.654   2.6890344e+14
      438.673   2.7359428e+14
      438.693   2.8131685e+14
      438.712   2.9140001e+14
      438.731   3.0205909e+14
      438.750   3.1205677e+14
      438.770   3.2198390e+14
      438.789   3.2996540e+14
      438.808   3.3534529e+14
      438.827   3.3956642e+14
      438.847   3.4399728e+14
      438.866   3.4905233e+14
      438.885   3.5351867e+14
      438.904   3.5643740e+14
      438.924   3.5775640e+14
      438.943   3.5732364e+14
      438.962   3.5631513e+14
      438.982   3.5471239e+14
      439.001   3.5241877e+14
      439.020   3.5085223e+14
      439.039   3.4964273e+14
      439.059   3.4769009e+14
      439.078   3.4614173e+14
      439.097   3.4638825e+14
      439.117   3.4801075e+14
      439.136   3.5039523e+14
      439.155   3.5326447e+14
      439.174   3.5573952e+14
      439.194   3.5736869e+14
      439.213   3.5680794e+14
      439.232   3.5459510e+14
      439.252   3.5222981e+14
      439.271   3.5087144e+14
      439.290   3.5047101e+14
      439.309   3.5170810e+14
      439.329   3.5349128e+14
      439.348   3.5445169e+14
      439.367   3.5379124e+14
      439.387   3.5182157e+14
      439.406   3.5062910e+14
      439.425   3.5046997e+14
      439.445   3.5135879e+14
      439.464   3.5286804e+14
      439.483   3.5420160e+14
      439.502   3.5428613e+14
      439.522   3.5375205e+14
      439.541   3.5270327e+14
      439.560   3.5221457e+14
      439.580   3.5258686e+14
      439.599   3.5301980e+14
      439.618   3.5386869e+14
      439.638   3.5429551e+14
      439.657   3.5413278e+14
      439.676   3.5307974e+14
      439.696   3.5171684e+14
      439.715   3.5082663e+14
      439.734   3.5144703e+14
      439.754   3.5342788e+14
      439.773   3.5564951e+14
      439.792   3.5686842e+14
      439.812   3.5531583e+14
      439.831   3.5229728e+14
      439.850   3.4926519e+14
      439.870   3.4686033e+14
      439.889   3.4588290e+14
      439.909   3.4711414e+14
      439.928   3.4837252e+14
      439.947   3.4892183e+14
      439.967   3.4793245e+14
      439.986   3.4523624e+14
      440.005   3.4179475e+14
      440.025   3.3928102e+14
      440.044   3.3838883e+14
      440.063   3.3960395e+14
      440.083   3.4280054e+14
      440.102   3.4650864e+14
      440.121   3.4917743e+14
      440.141   3.5005332e+14
      440.160   3.4996493e+14
      440.180   3.4936904e+14
      440.199   3.4899528e+14
      440.218   3.4914895e+14
      440.238   3.4913504e+14
      440.257   3.4797990e+14
      440.276   3.4510612e+14
      440.296   3.3992861e+14
      440.315   3.3308867e+14
      440.335   3.2634475e+14
      440.354   3.2040271e+14
      440.373   3.1638557e+14
      440.393   3.1533208e+14
      440.412   3.1623521e+14
      440.432   3.1758689e+14
      440.451   3.1910288e+14
      440.470   3.2100261e+14
      440.490   3.2331907e+14
      440.509   3.2645235e+14
      440.529   3.2997080e+14
      440.548   3.3344717e+14
      440.567   3.3563238e+14
      440.587   3.3539367e+14
      440.606   3.3235570e+14
      440.626   3.2877504e+14
      440.645   3.2518507e+14
      440.665   3.2131375e+14
      440.684   3.1743879e+14
      440.703   3.1512839e+14
      440.723   3.1341125e+14
      440.742   3.1157989e+14
      440.762   3.1046627e+14
      440.781   3.1106539e+14
      440.800   3.1329227e+14
      440.820   3.1754737e+14
      440.839   3.2433308e+14
      440.859   3.3283561e+14
      440.878   3.4131172e+14
      440.898   3.4879646e+14
      440.917   3.5441535e+14
      440.937   3.5770760e+14
      440.956   3.5929881e+14
      440.975   3.6066621e+14
      440.995   3.6197863e+14
      441.014   3.6344901e+14
      441.034   3.6509245e+14
      441.053   3.6664795e+14
      441.073   3.6725403e+14
      441.092   3.6744223e+14
      441.112   3.6824262e+14
      441.131   3.7032457e+14
      441.151   3.7285134e+14
      441.170   3.7611005e+14
      441.189   3.8011183e+14
      441.209   3.8381640e+14
      441.228   3.8584960e+14
      441.248   3.8704614e+14
      441.267   3.8832213e+14
      441.287   3.8887046e+14
      441.306   3.8802922e+14
      441.326   3.8588831e+14
      441.345   3.8207621e+14
      441.365   3.7655805e+14
      441.384   3.6986766e+14
      441.404   3.6323819e+14
      441.423   3.5818312e+14
      441.443   3.5560055e+14
      441.462   3.5501061e+14
      441.482   3.5527132e+14
      441.501   3.5497755e+14
      441.521   3.5385092e+14
      441.540   3.5249222e+14
      441.560   3.5032312e+14
      441.579   3.4809161e+14
      441.599   3.4637870e+14
      441.618   3.4530584e+14
      441.638   3.4446102e+14
      441.657   3.4332184e+14
      441.677   3.4220275e+14
      441.696   3.4236838e+14
      441.716   3.4369377e+14
      441.735   3.4522553e+14
      441.755   3.4778527e+14
      441.774   3.5146256e+14
      441.794   3.5490401e+14
      441.813   3.5732567e+14
      441.833   3.5986661e+14
      441.852   3.6421921e+14
      441.872   3.7009998e+14
      441.891   3.7711453e+14
      441.911   3.8585465e+14
      441.930   3.9484974e+14
      441.950   4.0162431e+14
      441.969   4.0552316e+14
      441.989   4.0727396e+14
      442.008   4.0750969e+14
      442.028   4.0723470e+14
      442.048   4.0702959e+14
      442.067   4.0740163e+14
      442.087   4.0745772e+14
      442.106   4.0714095e+14
      442.126   4.0693579e+14
      442.145   4.0551523e+14
      442.165   4.0355311e+14
      442.184   4.0274934e+14
      442.204   4.0236003e+14
      442.223   4.0072277e+14
      442.243   3.9883903e+14
      442.263   3.9675602e+14
      442.282   3.9420493e+14
      442.302   3.9130085e+14
      442.321   3.8959371e+14
      442.341   3.8966519e+14
      442.360   3.8988449e+14
      442.380   3.8879824e+14
      442.400   3.8722471e+14
      442.419   3.8521509e+14
      442.439   3.8180236e+14
      442.458   3.7840049e+14
      442.478   3.7653529e+14
      442.497   3.7600480e+14
      442.517   3.7610917e+14
      442.537   3.7667821e+14
      442.556   3.7628213e+14
      442.576   3.7432108e+14
      442.595   3.7207736e+14
      442.615   3.7032231e+14
      442.635   3.6942645e+14
      442.654   3.7088325e+14
      442.674   3.7447481e+14
      442.693   3.7780900e+14
      442.713   3.8018534e+14
      442.733   3.8253740e+14
      442.752   3.8402066e+14
      442.772   3.8463652e+14
      442.791   3.8517462e+14
      442.811   3.8531225e+14
      442.831   3.8414536e+14
      442.850   3.8098632e+14
      442.870   3.7624646e+14
      442.889   3.7111845e+14
      442.909   3.6668260e+14
      442.929   3.6352829e+14
      442.948   3.6293084e+14
      442.968   3.6439449e+14
      442.987   3.6615900e+14
      443.007   3.6762647e+14
      443.027   3.6821012e+14
      443.046   3.6758243e+14
      443.066   3.6756744e+14
      443.086   3.6923639e+14
      443.105   3.7141607e+14
      443.125   3.7457744e+14
      443.145   3.7771245e+14
      443.164   3.7882440e+14
      443.184   3.7793537e+14
      443.203   3.7575468e+14
      443.223   3.7215052e+14
      443.243   3.6869440e+14
      443.262   3.6692945e+14
      443.282   3.6656456e+14
      443.302   3.6685754e+14
      443.321   3.6658307e+14
      443.341   3.6479377e+14
      443.361   3.6281983e+14
      443.380   3.6162089e+14
      443.400   3.6127664e+14
      443.420   3.6292939e+14
      443.439   3.6694766e+14
      443.459   3.6978202e+14
      443.479   3.7052410e+14
      443.498   3.7022497e+14
      443.518   3.6813267e+14
      443.538   3.6468183e+14
      443.557   3.6272728e+14
      443.577   3.6196425e+14
      443.597   3.6176632e+14
      443.616   3.6276066e+14
      443.636   3.6432854e+14
      443.656   3.6538853e+14
      443.675   3.6584452e+14
      443.695   3.6644223e+14
      443.715   3.6851675e+14
      443.734   3.7231693e+14
      443.754   3.7620956e+14
      443.774   3.7979796e+14
      443.794   3.8255487e+14
      443.813   3.8297363e+14
      443.833   3.8266413e+14
      443.853   3.8425640e+14
      443.872   3.8662858e+14
      443.892   3.8882087e+14
      443.912   3.9267740e+14
      443.931   3.9661527e+14
      443.951   3.9865019e+14
      443.971   4.0049490e+14
      443.991   4.0233787e+14
      444.010   4.0266805e+14
      444.030   4.0331141e+14
      444.050   4.0388630e+14
      444.069   4.0232158e+14
      444.089   3.9983950e+14
      444.109   3.9741440e+14
      444.129   3.9325191e+14
      444.148   3.8774911e+14
      444.168   3.8307725e+14
      444.188   3.8099578e+14
      444.208   3.7900184e+14
      444.227   3.7602954e+14
      444.247   3.7362368e+14
      444.267   3.7172825e+14
      444.286   3.6823135e+14
      444.306   3.6486634e+14
      444.326   3.6420511e+14
      444.346   3.6460529e+14
      444.365   3.6528487e+14
      444.385   3.6697728e+14
      444.405   3.6957697e+14
      444.425   3.7172714e+14
      444.444   3.7387479e+14
      444.464   3.7606719e+14
      444.484   3.7756215e+14
      444.504   3.7885707e+14
      444.523   3.7930489e+14
      444.543   3.7816924e+14
      444.563   3.7680086e+14
      444.583   3.7723036e+14
      444.603   3.7704971e+14
      444.622   3.7670241e+14
      444.642   3.7851250e+14
      444.662   3.8231548e+14
      444.682   3.8571639e+14
      444.701   3.8927883e+14
      444.721   3.9414308e+14
      444.741   3.9823535e+14
      444.761   4.0067043e+14
      444.780   4.0231331e+14
      444.800   4.0471831e+14
      444.820   4.0607051e+14
      444.840   4.0607981e+14
      444.860   4.0514672e+14
      444.879   4.0223056e+14
      444.899   3.9802138e+14
      444.919   3.9357919e+14
      444.939   3.8978719e+14
      444.959   3.8713594e+14
      444.978   3.8550830e+14
      444.998   3.8353216e+14
      445.018   3.8210269e+14
      445.038   3.8180762e+14
      445.058   3.8221109e+14
      445.077   3.8304851e+14
      445.097   3.8432251e+14
      445.117   3.8635653e+14
      445.137   3.8835837e+14
      445.157   3.8862303e+14
      445.177   3.8833394e+14
      445.196   3.8863739e+14
      445.216   3.8725026e+14
      445.236   3.8477816e+14
      445.256   3.8347652e+14
      445.276   3.8211163e+14
      445.295   3.7920960e+14
      445.315   3.7480500e+14
      445.335   3.6951149e+14
      445.355   3.6294487e+14
      445.375   3.5722564e+14
      445.395   3.5447692e+14
      445.414   3.5348290e+14
      445.434   3.5311665e+14
      445.454   3.5407293e+14
      445.474   3.5405267e+14
      445.494   3.5247069e+14
      445.514   3.5124603e+14
      445.534   3.5072466e+14
      445.553   3.4930166e+14
      445.573   3.4826385e+14
      445.593   3.4640560e+14
      445.613   3.4524514e+14
      445.633   3.4371353e+14
      445.653   3.4152764e+14
      445.673   3.4009307e+14
      445.692   3.3985069e+14
      445.712   3.3913891e+14
      445.732   3.3757954e+14
      445.752   3.3467322e+14
      445.772   3.3126905e+14
      445.792   3.2841157e+14
      445.812   3.2640910e+14
      445.831   3.2692161e+14
      445.851   3.3092014e+14
      445.871   3.3578615e+14
      445.891   3.4067580e+14
      445.911   3.4434302e+14
      445.931   3.4747658e+14
      445.951   3.4941030e+14
      445.971   3.5016690e+14
      445.991   3.4887879e+14
      446.010   3.4691343e+14
      446.030   3.4364685e+14
      446.050   3.3980347e+14
      446.070   3.3597490e+14
      446.090   3.3376228e+14
      446.110   3.3397987e+14
      446.130   3.3437764e+14
      446.150   3.3603783e+14
      446.170   3.3919829e+14
      446.190   3.4265225e+14
      446.209   3.4506709e+14
      446.229   3.4754656e+14
      446.249   3.5124894e+14
      446.269   3.5561877e+14
      446.289   3.5881626e+14
      446.309   3.6045784e+14
      446.329   3.6187539e+14
      446.349   3.6202225e+14
      446.369   3.6146552e+14
      446.389   3.6222585e+14
      446.409   3.6402924e+14
      446.429   3.6553379e+14
      446.449   3.6730507e+14
      446.468   3.6853064e+14
      446.488   3.6786294e+14
      446.508   3.6732172e+14
      446.528   3.6818827e+14
      446.548   3.7012330e+14
      446.568   3.7286425e+14
      446.588   3.7805163e+14
      446.608   3.8382868e+14
      446.628   3.8893299e+14
      446.648   3.9234950e+14
      446.668   3.9390316e+14
      446.688   3.9315023e+14
      446.708   3.9179083e+14
      446.728   3.9056362e+14
      446.748   3.8824411e+14
      446.768   3.8426581e+14
      446.788   3.7993946e+14
      446.808   3.7645922e+14
      446.828   3.7464119e+14
      446.848   3.7402096e+14
      446.867   3.7453240e+14
      446.887   3.7574992e+14
      446.907   3.7571548e+14
      446.927   3.7390056e+14
      446.947   3.7206425e+14
      446.967   3.7045059e+14
      446.987   3.6940150e+14
      447.007   3.6983397e+14
      447.027   3.7221020e+14
      447.047   3.7583934e+14
      447.067   3.8071212e+14
      447.087   3.8497243e+14
      447.107   3.8675046e+14
      447.127   3.8543664e+14
      447.147   3.8266206e+14
      447.167   3.7941622e+14
      447.187   3.7762124e+14
      447.207   3.7824216e+14
      447.227   3.8002620e+14
      447.247   3.8192578e+14
      447.267   3.8469644e+14
      447.287   3.8828072e+14
      447.307   3.9156735e+14
      447.327   3.9496198e+14
      447.347   3.9843584e+14
      447.367   4.0162166e+14
      447.387   4.0439633e+14
      447.407   4.0678663e+14
      447.427   4.0816348e+14
      447.447   4.0732275e+14
      447.467   4.0674749e+14
      447.487   4.0447736e+14
      447.507   4.0144699e+14
      447.527   4.0009403e+14
      447.547   4.0097267e+14
      447.567   4.0100100e+14
      447.587   4.0130064e+14
      447.608   4.0231729e+14
      447.628   4.0347728e+14
      447.648   4.0506847e+14
      447.668   4.0746827e+14
      447.688   4.1003569e+14
      447.708   4.1220305e+14
      447.728   4.1372383e+14
      447.748   4.1481750e+14
      447.768   4.1509497e+14
      447.788   4.1424611e+14
      447.808   4.1209751e+14
      447.828   4.0936912e+14
      447.848   4.0474359e+14
      447.868   3.9977284e+14
      447.888   3.9653675e+14
      447.908   3.9416894e+14
      447.928   3.9129236e+14
      447.948   3.9105425e+14
      447.968   3.9159630e+14
      447.989   3.9137866e+14
      448.009   3.9194195e+14
      448.029   3.9379430e+14
      448.049   3.9313053e+14
      448.069   3.9022958e+14
      448.089   3.8788901e+14
      448.109   3.8416463e+14
      448.129   3.7898097e+14
      448.149   3.7624237e+14
      448.169   3.7595900e+14
      448.189   3.7522263e+14
      448.209   3.7498736e+14
      448.229   3.7496597e+14
      448.250   3.7329160e+14
      448.270   3.6967066e+14
      448.290   3.6602623e+14
      448.310   3.6414951e+14
      448.330   3.6356447e+14
      448.350   3.6533202e+14
      448.370   3.7050348e+14
      448.390   3.7570834e+14
      448.410   3.7885002e+14
      448.430   3.8129383e+14
      448.451   3.8233089e+14
      448.471   3.8333425e+14
      448.491   3.8527528e+14
      448.511   3.8937720e+14
      448.531   3.9315165e+14
      448.551   3.9662162e+14
      448.571   4.0046245e+14
      448.591   4.0391589e+14
      448.612   4.0633459e+14
      448.632   4.1007816e+14
      448.652   4.1328761e+14
      448.672   4.1399789e+14
      448.692   4.1418718e+14
      448.712   4.1410618e+14
      448.732   4.1207733e+14
      448.752   4.0942286e+14
      448.773   4.0819203e+14
      448.793   4.0682674e+14
      448.813   4.0472170e+14
      448.833   4.0333482e+14
      448.853   4.0182800e+14
      448.873   3.9939596e+14
      448.893   3.9593824e+14
      448.914   3.9353760e+14
      448.934   3.9226552e+14
      448.954   3.9293852e+14
      448.974   3.9227482e+14
      448.994   3.9193743e+14
      449.014   3.9107389e+14
      449.035   3.9016651e+14
      449.055   3.8915139e+14
      449.075   3.8912168e+14
      449.095   3.9009302e+14
      449.115   3.9170605e+14
      449.135   3.9284583e+14
      449.156   3.9415520e+14
      449.176   3.9526624e+14
      449.196   3.9642773e+14
      449.216   3.9734196e+14
      449.236   3.9769553e+14
      449.256   3.9771276e+14
      449.277   3.9768107e+14
      449.297   3.9533122e+14
      449.317   3.9476810e+14
      449.337   3.9526671e+14
      449.357   3.9624700e+14
      449.378   3.9678576e+14
      449.398   3.9883991e+14
      449.418   4.0025786e+14
      449.438   4.0061569e+14
      449.458   3.9879889e+14
      449.479   3.9831824e+14
      449.499   3.9906690e+14
      449.519   3.9797917e+14
      449.539   3.9677326e+14
      449.559   3.9654647e+14
      449.580   3.9573258e+14
      449.600   3.9365706e+14
      449.620   3.9274861e+14
      449.640   3.9244798e+14
      449.661   3.9126180e+14
      449.681   3.9015349e+14
      449.701   3.8928129e+14
      449.721   3.8758016e+14
      449.741   3.8523969e+14
      449.762   3.8448256e+14
      449.782   3.8357878e+14
      449.802   3.8528798e+14
      449.822   3.8901024e+14
      449.843   3.9362166e+14
      449.863   3.9647706e+14
      449.883   3.9965060e+14
      449.903   4.0225876e+14
      449.924   4.0312247e+14
      449.944   4.0306245e+14
      449.964   4.0344431e+14
      449.984   4.0423526e+14
      450.004   4.0312662e+14
      450.025   4.0263760e+14
      450.045   4.0361480e+14
      450.065   4.0410926e+14
      450.086   4.0375785e+14
      450.106   4.0354468e+14
      450.126   4.0361266e+14
      450.146   4.0306580e+14
      450.167   4.0353656e+14
      450.187   4.0381011e+14
      450.207   4.0519708e+14
      450.227   4.0671430e+14
      450.248   4.0907504e+14
      450.268   4.1177813e+14
      450.288   4.1472216e+14
      450.308   4.1616669e+14
      450.329   4.1576730e+14
      450.349   4.1434762e+14
      450.369   4.1266369e+14
      450.390   4.1215534e+14
      450.410   4.1241406e+14
      450.430   4.1268256e+14
      450.450   4.1260174e+14
      450.471   4.1402105e+14
      450.491   4.1587222e+14
      450.511   4.1792156e+14
      450.532   4.2089125e+14
      450.552   4.2374912e+14
      450.572   4.2600724e+14
      450.593   4.2783402e+14
      450.613   4.3046578e+14
      450.633   4.3315415e+14
      450.653   4.3533007e+14
      450.674   4.3470029e+14
      450.694   4.3390964e+14
      450.714   4.3229304e+14
      450.735   4.3076126e+14
      450.755   4.2992165e+14
      450.775   4.3040740e+14
      450.796   4.3024544e+14
      450.816   4.2945999e+14
      450.836   4.2925176e+14
      450.857   4.2980506e+14
      450.877   4.3089560e+14
      450.897   4.3115603e+14
      450.918   4.3064792e+14
      450.938   4.3001765e+14
      450.958   4.2915212e+14
      450.979   4.2791444e+14
      450.999   4.2710688e+14
      451.019   4.2754467e+14
      451.040   4.2727610e+14
      451.060   4.2680659e+14
      451.080   4.2656855e+14
      451.101   4.2626879e+14
      451.121   4.2490441e+14
      451.141   4.2377530e+14
      451.162   4.2214482e+14
      451.182   4.2221011e+14
      451.202   4.2324420e+14
      451.223   4.2541310e+14
      451.243   4.2698241e+14
      451.264   4.2717288e+14
      451.284   4.2592109e+14
      451.304   4.2430923e+14
      451.325   4.2286130e+14
      451.345   4.2175715e+14
      451.365   4.2086311e+14
      451.386   4.1874357e+14
      451.406   4.1698738e+14
      451.427   4.1656069e+14
      451.447   4.1698777e+14
      451.467   4.1856311e+14
      451.488   4.2072489e+14
      451.508   4.2291929e+14
      451.528   4.2388572e+14
      451.549   4.2439927e+14
      451.569   4.2510108e+14
      451.590   4.2423462e+14
      451.610   4.2239629e+14
      451.630   4.2120022e+14
      451.651   4.1895932e+14
      451.671   4.1594688e+14
      451.692   4.1354806e+14
      451.712   4.1055479e+14
      451.732   4.0758087e+14
      451.753   4.0508228e+14
      451.773   4.0482983e+14
      451.794   4.0661430e+14
      451.814   4.0963278e+14
      451.834   4.1027214e+14
      451.855   4.0952182e+14
      451.875   4.0832699e+14
      451.896   4.0830092e+14
      451.916   4.0867151e+14
      451.937   4.1053242e+14
      451.957   4.1360602e+14
      451.977   4.1557957e+14
      451.998   4.1588867e+14
      452.018   4.1527992e+14
      452.039   4.1440885e+14
      452.059   4.1398510e+14
      452.080   4.1154990e+14
      452.100   4.0778769e+14
      452.120   4.0448888e+14
      452.141   4.0245059e+14
      452.161   4.0107597e+14
      452.182   4.0185219e+14
      452.202   4.0468500e+14
      452.223   4.0946061e+14
      452.243   4.1391458e+14
      452.264   4.1769523e+14
      452.284   4.2126512e+14
      452.304   4.2255192e+14
      452.325   4.2100657e+14
      452.345   4.1763894e+14
      452.366   4.1497307e+14
      452.386   4.1425875e+14
      452.407   4.1508824e+14
      452.427   4.1618600e+14
      452.448   4.1820806e+14
      452.468   4.1854602e+14
      452.489   4.1450791e+14
      452.509   4.0955310e+14
      452.530   4.0420299e+14
      452.550   3.9994928e+14
      452.571   3.9442713e+14
      452.591   3.9125458e+14
      452.612   3.8984813e+14
      452.632   3.9111319e+14
      452.653   3.9231452e+14
      452.673   3.9402608e+14
      452.694   3.9323160e+14
      452.714   3.8961599e+14
      452.735   3.8464992e+14
      452.755   3.7897740e+14
      452.776   3.7447472e+14
      452.796   3.7141193e+14
      452.817   3.7066350e+14
      452.837   3.6977225e+14
      452.858   3.7009792e+14
      452.878   3.7229091e+14
      452.899   3.7486270e+14
      452.919   3.7458170e+14
      452.940   3.7237479e+14
      452.960   3.6762670e+14
      452.981   3.6095814e+14
      453.001   3.5551789e+14
      453.022   3.5386567e+14
      453.042   3.5633092e+14
      453.063   3.6000481e+14
      453.083   3.6518186e+14
      453.104   3.6994520e+14
      453.124   3.7359608e+14
      453.145   3.7442580e+14
      453.165   3.7317093e+14
      453.186   3.7104098e+14
      453.206   3.7045303e+14
      453.227   3.7051785e+14
      453.248   3.7108614e+14
      453.268   3.7505879e+14
      453.289   3.7899014e+14
      453.309   3.8037764e+14
      453.330   3.8096230e+14
      453.350   3.8118087e+14
      453.371   3.7995600e+14
      453.391   3.7587175e+14
      453.412   3.7058149e+14
      453.432   3.6342485e+14
      453.453   3.5825030e+14
      453.474   3.5641237e+14
      453.494   3.5756876e+14
      453.515   3.6293525e+14
      453.535   3.7064495e+14
      453.556   3.7680982e+14
      453.576   3.7966721e+14
      453.597   3.8185611e+14
      453.618   3.8276568e+14
      453.638   3.8282818e+14
      453.659   3.8298566e+14
      453.679   3.8600850e+14
      453.700   3.8887851e+14
      453.721   3.9022653e+14
      453.741   3.9260741e+14
      453.762   3.9717878e+14
      453.782   3.9967178e+14
      453.803   4.0140590e+14
      453.823   4.0510948e+14
      453.844   4.0899072e+14
      453.865   4.1087825e+14
      453.885   4.1013112e+14
      453.906   4.1063065e+14
      453.926   4.1090410e+14
      453.947   4.1299948e+14
      453.968   4.1562125e+14
      453.988   4.1944106e+14
      454.009   4.2389631e+14
      454.030   4.2702200e+14
      454.050   4.2734550e+14
      454.071   4.2586463e+14
      454.091   4.2461509e+14
      454.112   4.2261728e+14
      454.133   4.2161716e+14
      454.153   4.2079176e+14
      454.174   4.2089709e+14
      454.194   4.2104412e+14
      454.215   4.2158203e+14
      454.236   4.2113740e+14
      454.256   4.2110054e+14
      454.277   4.2073018e+14
      454.298   4.1832379e+14
      454.318   4.1604891e+14
      454.339   4.1420186e+14
      454.360   4.0999122e+14
      454.380   4.0573375e+14
      454.401   4.0432041e+14
      454.422   4.0293826e+14
      454.442   4.0149599e+14
      454.463   4.0238944e+14
      454.483   4.0422012e+14
      454.504   4.0711588e+14
      454.525   4.0870532e+14
      454.545   4.0969227e+14
      454.566   4.0988514e+14
      454.587   4.1042288e+14
      454.607   4.0943481e+14
      454.628   4.0827940e+14
      454.649   4.0852514e+14
      454.669   4.0893035e+14
      454.690   4.0789033e+14
      454.711   4.0500956e+14
      454.732   4.0361629e+14
      454.752   4.0180213e+14
      454.773   3.9815190e+14
      454.794   3.9061125e+14
      454.814   3.8657632e+14
      454.835   3.8393232e+14
      454.856   3.8122914e+14
      454.876   3.8192512e+14
      454.897   3.8778246e+14
      454.918   3.9260890e+14
      454.938   3.9597132e+14
      454.959   4.0020455e+14
      454.980   4.0320427e+14
      455.000   4.0448054e+14
      455.021   4.0531134e+14
      455.042   4.0646395e+14
      455.063   4.0732631e+14
      455.083   4.0679454e+14
      455.104   4.0765896e+14
      455.125   4.0840766e+14
      455.145   4.1048605e+14
      455.166   4.1208286e+14
      455.187   4.1433346e+14
      455.208   4.1528282e+14
      455.228   4.1642168e+14
      455.249   4.1401838e+14
      455.270   4.1142436e+14
      455.290   4.0834222e+14
      455.311   4.0913844e+14
      455.332   4.1122859e+14
      455.353   4.1531004e+14
      455.373   4.1875665e+14
      455.394   4.2184126e+14
      455.415   4.2031312e+14
      455.436   4.1534397e+14
      455.456   4.0875886e+14
      455.477   4.0352541e+14
      455.498   3.9875890e+14
      455.519   3.9606041e+14
      455.539   3.9544892e+14
      455.560   3.9607398e+14
      455.581   3.9528850e+14
      455.602   3.9721624e+14
      455.622   3.9882298e+14
      455.643   3.9955444e+14
      455.664   4.0011303e+14
      455.685   4.0041228e+14
      455.705   3.9709656e+14
      455.726   3.9366751e+14
      455.747   3.9194013e+14
      455.768   3.9244738e+14
      455.789   3.9397680e+14
      455.809   3.9756548e+14
      455.830   3.9971260e+14
      455.851   4.0086714e+14
      455.872   4.0050599e+14
      455.892   4.0021462e+14
      455.913   3.9985141e+14
      455.934   4.0151150e+14
      455.955   4.0434573e+14
      455.976   4.0895801e+14
      455.996   4.1389219e+14
      456.017   4.1912487e+14
      456.038   4.2421056e+14
      456.059   4.2870866e+14
      456.080   4.3056549e+14
      456.100   4.3130621e+14
      456.121   4.3127683e+14
      456.142   4.3071233e+14
      456.163   4.2980542e+14
      456.184   4.2905981e+14
      456.204   4.2665638e+14
      456.225   4.2613877e+14
      456.246   4.2659319e+14
      456.267   4.2672296e+14
      456.288   4.2677799e+14
      456.308   4.2866621e+14
      456.329   4.2763091e+14
      456.350   4.2661126e+14
      456.371   4.2637300e+14
      456.392   4.2525081e+14
      456.413   4.2373480e+14
      456.433   4.2285352e+14
      456.454   4.2147705e+14
      456.475   4.1959436e+14
      456.496   4.1870589e+14
      456.517   4.1815792e+14
      456.538   4.1672185e+14
      456.558   4.1353789e+14
      456.579   4.1172527e+14
      456.600   4.1043242e+14
      456.621   4.0986419e+14
      456.642   4.1036742e+14
      456.663   4.1071119e+14
      456.684   4.1119085e+14
      456.704   4.1105503e+14
      456.725   4.1129441e+14
      456.746   4.1211307e+14
      456.767   4.1351501e+14
      456.788   4.1456040e+14
      456.809   4.1598626e+14
      456.830   4.1701219e+14
      456.850   4.1738696e+14
      456.871   4.1773316e+14
      456.892   4.1943733e+14
      456.913   4.2303182e+14
      456.934   4.2640786e+14
      456.955   4.2873753e+14
      456.976   4.3019819e+14
      456.997   4.3020408e+14
      457.018   4.2792090e+14
      457.038   4.2444539e+14
      457.059   4.2219684e+14
      457.080   4.2065397e+14
      457.101   4.1930424e+14
      457.122   4.1818109e+14
      457.143   4.1823902e+14
      457.164   4.1803080e+14
      457.185   4.1800592e+14
      457.206   4.1826110e+14
      457.226   4.1950551e+14
      457.247   4.2090279e+14
      457.268   4.2216211e+14
      457.289   4.2303690e+14
      457.310   4.2316410e+14
      457.331   4.2249236e+14
      457.352   4.2179692e+14
      457.373   4.2148615e+14
      457.394   4.2136664e+14
      457.415   4.2147414e+14
      457.436   4.2157564e+14
      457.457   4.2198696e+14
      457.477   4.2226725e+14
      457.498   4.2286412e+14
      457.519   4.2448137e+14
      457.540   4.2719019e+14
      457.561   4.3088999e+14
      457.582   4.3508364e+14
      457.603   4.3897360e+14
      457.624   4.4209017e+14
      457.645   4.4407391e+14
      457.666   4.4420015e+14
      457.687   4.4258522e+14
      457.708   4.4049031e+14
      457.729   4.3836360e+14
      457.750   4.3630981e+14
      457.771   4.3462699e+14
      457.792   4.3381093e+14
      457.813   4.3296126e+14
      457.834   4.3193972e+14
      457.854   4.3045105e+14
      457.875   4.2780971e+14
      457.896   4.2432287e+14
      457.917   4.2120310e+14
      457.938   4.1862031e+14
      457.959   4.1599980e+14
      457.980   4.1298196e+14
      458.001   4.1083109e+14
      458.022   4.0807353e+14
      458.043   4.0449775e+14
      458.064   4.0158161e+14
      458.085   4.0041581e+14
      458.106   3.9890015e+14
      458.127   3.9676785e+14
      458.148   3.9488434e+14
      458.169   3.9278327e+14
      458.190   3.9067809e+14
      458.211   3.8871895e+14
      458.232   3.8699881e+14
      458.253   3.8548009e+14
      458.274   3.8426368e+14
      458.295   3.8300373e+14
      458.316   3.8210734e+14
      458.337   3.8292287e+14
      458.358   3.8494646e+14
      458.379   3.8744669e+14
      458.400   3.9076767e+14
      458.421   3.9313391e+14
      458.442   3.9380377e+14
      458.463   3.9288189e+14
      458.484   3.9199749e+14
      458.505   3.9233120e+14
      458.526   3.9431636e+14
      458.547   3.9752196e+14
      458.568   4.0152493e+14
      458.589   4.0436520e+14
      458.610   4.0436722e+14
      458.631   4.0416557e+14
      458.652   4.0407458e+14
      458.673   4.0322791e+14
      458.695   4.0294781e+14
      458.716   4.0403199e+14
      458.737   4.0658238e+14
      458.758   4.0996803e+14
      458.779   4.1396145e+14
      458.800   4.1779098e+14
      458.821   4.2059377e+14
      458.842   4.2125549e+14
      458.863   4.2093959e+14
      458.884   4.2054651e+14
      458.905   4.1989011e+14
      458.926   4.1963351e+14
      458.947   4.2101979e+14
      458.968   4.2215685e+14
      458.989   4.2320491e+14
      459.010   4.2456404e+14
      459.031   4.2533556e+14
      459.052   4.2474690e+14
      459.074   4.2437893e+14
      459.095   4.2224768e+14
      459.116   4.1980341e+14
      459.137   4.1870350e+14
      459.158   4.1812828e+14
      459.179   4.1828779e+14
      459.200   4.2055452e+14
      459.221   4.2293441e+14
      459.242   4.2382101e+14
      459.263   4.2390550e+14
      459.284   4.2321148e+14
      459.306   4.2198347e+14
      459.327   4.2076829e+14
      459.348   4.2033555e+14
      459.369   4.1936388e+14
      459.390   4.1750057e+14
      459.411   4.1537355e+14
      459.432   4.1265185e+14
      459.453   4.0963661e+14
      459.474   4.0711651e+14
      459.495   4.0608852e+14
      459.517   4.0568751e+14
      459.538   4.0574939e+14
      459.559   4.0643565e+14
      459.580   4.0777008e+14
      459.601   4.0973306e+14
      459.622   4.1350801e+14
      459.643   4.1685710e+14
      459.664   4.1833299e+14
      459.686   4.1901889e+14
      459.707   4.1808806e+14
      459.728   4.1494438e+14
      459.749   4.1305162e+14
      459.770   4.1318520e+14
      459.791   4.1379276e+14
      459.812   4.1456902e+14
      459.834   4.1508245e+14
      459.855   4.1457757e+14
      459.876   4.1354106e+14
      459.897   4.1249651e+14
      459.918   4.1075173e+14
      459.939   4.0932412e+14
      459.960   4.0854309e+14
      459.982   4.0798702e+14
      460.003   4.0815421e+14
      460.024   4.0869238e+14
      460.045   4.0922868e+14
      460.066   4.0990587e+14
      460.087   4.1023582e+14
      460.109   4.0925700e+14
      460.130   4.0678692e+14
      460.151   4.0390972e+14
      460.172   4.0189362e+14
      460.193   4.0058588e+14
      460.214   4.0033000e+14
      460.236   4.0241722e+14
      460.257   4.0495036e+14
      460.278   4.0608424e+14
      460.299   4.0617795e+14
      460.320   4.0465563e+14
      460.342   4.0155962e+14
      460.363   3.9877618e+14
      460.384   3.9672120e+14
      460.405   3.9543446e+14
      460.426   3.9595464e+14
      460.448   3.9800684e+14
      460.469   4.0048331e+14
      460.490   4.0323010e+14
      460.511   4.0556403e+14
      460.532   4.0740166e+14
      460.554   4.0952433e+14
      460.575   4.1085576e+14
      460.596   4.1002999e+14
      460.617   4.0848697e+14
      460.638   4.0810999e+14
      460.660   4.0874708e+14
      460.681   4.1021386e+14
      460.702   4.1338555e+14
      460.723   4.1723110e+14
      460.745   4.1989957e+14
      460.766   4.2127172e+14
      460.787   4.2231612e+14
      460.808   4.2329496e+14
      460.829   4.2426996e+14
      460.851   4.2619006e+14
      460.872   4.2902767e+14
      460.893   4.3165089e+14
      460.914   4.3428822e+14
      460.936   4.3693467e+14
      460.957   4.3735986e+14
      460.978   4.3580894e+14
      460.999   4.3404707e+14
      461.021   4.3196428e+14
      461.042   4.2988622e+14
      461.063   4.2897718e+14
      461.084   4.2906237e+14
      461.106   4.3037362e+14
      461.127   4.3298264e+14
      461.148   4.3468896e+14
      461.170   4.3458250e+14
      461.191   4.3358195e+14
      461.212   4.3155682e+14
      461.233   4.2814298e+14
      461.255   4.2458455e+14
      461.276   4.2198770e+14
      461.297   4.1987205e+14
      461.318   4.1769447e+14
      461.340   4.1643507e+14
      461.361   4.1665692e+14
      461.382   4.1750365e+14
      461.404   4.1865995e+14
      461.425   4.1987906e+14
      461.446   4.1930901e+14
      461.467   4.1868715e+14
      461.489   4.1982384e+14
      461.510   4.2141750e+14
      461.531   4.2372397e+14
      461.553   4.2697535e+14
      461.574   4.2911906e+14
      461.595   4.2946116e+14
      461.617   4.2834478e+14
      461.638   4.2544716e+14
      461.659   4.2291559e+14
      461.681   4.2157170e+14
      461.702   4.2003149e+14
      461.723   4.1860862e+14
      461.744   4.1816951e+14
      461.766   4.1767959e+14
      461.787   4.1669460e+14
      461.808   4.1632307e+14
      461.830   4.1676327e+14
      461.851   4.1657699e+14
      461.872   4.1567346e+14
      461.894   4.1404352e+14
      461.915   4.1165927e+14
      461.936   4.0900182e+14
      461.958   4.0773999e+14
      461.979   4.0828451e+14
      462.000   4.1004679e+14
      462.022   4.1213710e+14
      462.043   4.1375032e+14
      462.065   4.1469686e+14
      462.086   4.1490899e+14
      462.107   4.1422409e+14
      462.129   4.1387306e+14
      462.150   4.1456164e+14
      462.171   4.1517061e+14
      462.193   4.1641657e+14
      462.214   4.1954602e+14
      462.235   4.2369872e+14
      462.257   4.2770530e+14
      462.278   4.3156570e+14
      462.299   4.3526890e+14
      462.321   4.3790447e+14
      462.342   4.3840105e+14
      462.364   4.3823263e+14
      462.385   4.3867147e+14
      462.406   4.3905847e+14
      462.428   4.3933290e+14
      462.449   4.3963623e+14
      462.471   4.3948166e+14
      462.492   4.3853598e+14
      462.513   4.3646674e+14
      462.535   4.3415293e+14
      462.556   4.3265206e+14
      462.577   4.3173575e+14
      462.599   4.3092814e+14
      462.620   4.3112937e+14
      462.642   4.3166688e+14
      462.663   4.3237912e+14
      462.684   4.3334895e+14
      462.706   4.3433990e+14
      462.727   4.3482678e+14
      462.749   4.3431050e+14
      462.770   4.3225973e+14
      462.792   4.2989837e+14
      462.813   4.2716628e+14
      462.834   4.2311604e+14
      462.856   4.1966736e+14
      462.877   4.1832432e+14
      462.899   4.1744152e+14
      462.920   4.1663751e+14
      462.942   4.1673125e+14
      462.963   4.1769891e+14
      462.984   4.1899626e+14
      463.006   4.2049168e+14
      463.027   4.2239743e+14
      463.049   4.2462589e+14
      463.070   4.2561689e+14
      463.092   4.2585159e+14
      463.113   4.2524420e+14
      463.134   4.2273449e+14
      463.156   4.2005357e+14
      463.177   4.1846466e+14
      463.199   4.1685253e+14
      463.220   4.1536527e+14
      463.242   4.1483406e+14
      463.263   4.1421606e+14
      463.285   4.1431440e+14
      463.306   4.1508957e+14
      463.328   4.1685718e+14
      463.349   4.2059515e+14
      463.371   4.2554384e+14
      463.392   4.2904460e+14
      463.414   4.3083509e+14
      463.435   4.3084334e+14
      463.456   4.2870810e+14
      463.478   4.2523978e+14
      463.499   4.2212023e+14
      463.521   4.1976327e+14
      463.542   4.1818715e+14
      463.564   4.1723174e+14
      463.585   4.1646541e+14
      463.607   4.1406969e+14
      463.628   4.1133692e+14
      463.650   4.0893280e+14
      463.671   4.0711777e+14
      463.693   4.0569745e+14
      463.714   4.0567063e+14
      463.736   4.0583671e+14
      463.757   4.0599394e+14
      463.779   4.0538369e+14
      463.800   4.0361004e+14
      463.822   4.0101061e+14
      463.843   3.9804195e+14
      463.865   3.9502183e+14
      463.886   3.9275312e+14
      463.908   3.9179391e+14
      463.929   3.9233087e+14
      463.951   3.9463200e+14
      463.973   3.9873482e+14
      463.994   4.0352776e+14
      464.016   4.0829194e+14
      464.037   4.1229496e+14
      464.059   4.1513001e+14
      464.080   4.1636679e+14
      464.102   4.1748844e+14
      464.123   4.1921602e+14
      464.145   4.2233215e+14
      464.166   4.2656709e+14
      464.188   4.3079326e+14
      464.209   4.3425395e+14
      464.231   4.3674849e+14
      464.253   4.3736865e+14
      464.274   4.3644979e+14
      464.296   4.3597241e+14
      464.317   4.3607100e+14
      464.339   4.3736023e+14
      464.360   4.3949611e+14
      464.382   4.4223206e+14
      464.403   4.4455465e+14
      464.425   4.4575032e+14
      464.447   4.4456993e+14
      464.468   4.4157327e+14
      464.490   4.3859132e+14
      464.511   4.3550599e+14
      464.533   4.3259366e+14
      464.554   4.3065808e+14
      464.576   4.2902579e+14
      464.598   4.2618087e+14
      464.619   4.2379983e+14
      464.641   4.2127915e+14
      464.662   4.1854888e+14
      464.684   4.1692572e+14
      464.706   4.1564924e+14
      464.727   4.1318902e+14
      464.749   4.1009393e+14
      464.770   4.0782975e+14
      464.792   4.0541787e+14
      464.814   4.0363735e+14
      464.835   4.0259370e+14
      464.857   4.0257743e+14
      464.878   4.0242798e+14
      464.900   4.0204271e+14
      464.922   4.0078904e+14
      464.943   3.9860188e+14
      464.965   3.9709729e+14
      464.987   3.9604380e+14
      465.008   3.9582166e+14
      465.030   3.9622119e+14
      465.051   3.9638710e+14
      465.073   3.9520394e+14
      465.095   3.9526454e+14
      465.116   3.9593599e+14
      465.138   3.9695566e+14
      465.160   3.9918946e+14
      465.181   4.0131412e+14
      465.203   4.0175034e+14
      465.224   4.0235809e+14
      465.246   4.0420130e+14
      465.268   4.0616916e+14
      465.289   4.0725901e+14
      465.311   4.0715162e+14
      465.333   4.0703421e+14
      465.354   4.0638171e+14
      465.376   4.0581656e+14
      465.398   4.0650210e+14
      465.419   4.0774496e+14
      465.441   4.0841468e+14
      465.463   4.0850406e+14
      465.484   4.0849605e+14
      465.506   4.0861568e+14
      465.528   4.0890397e+14
      465.549   4.0774704e+14
      465.571   4.0692850e+14
      465.593   4.0644533e+14
      465.614   4.0600331e+14
      465.636   4.0591178e+14
      465.658   4.0620405e+14
      465.679   4.0562125e+14
      465.701   4.0532273e+14
      465.723   4.0563907e+14
      465.745   4.0579675e+14
      465.766   4.0598351e+14
      465.788   4.0676221e+14
      465.810   4.0931983e+14
      465.831   4.1343447e+14
      465.853   4.1815967e+14
      465.875   4.2326946e+14
      465.896   4.2785192e+14
      465.918   4.3055825e+14
      465.940   4.3191163e+14
      465.962   4.3229806e+14
      465.983   4.3179463e+14
      466.005   4.3229361e+14
      466.027   4.3210299e+14
      466.048   4.3123538e+14
      466.070   4.3201003e+14
      466.092   4.3376833e+14
      466.114   4.3472828e+14
      466.135   4.3571135e+14
      466.157   4.3617865e+14
      466.179   4.3499219e+14
      466.200   4.3359124e+14
      466.222   4.3188335e+14
      466.244   4.3042887e+14
      466.266   4.2967853e+14
      466.287   4.2932740e+14
      466.309   4.2839977e+14
      466.331   4.2704338e+14
      466.353   4.2569281e+14
      466.374   4.2420412e+14
      466.396   4.2202396e+14
      466.418   4.1980733e+14
      466.440   4.1804734e+14
      466.461   4.1539822e+14
      466.483   4.1321905e+14
      466.505   4.1184702e+14
      466.527   4.1072460e+14
      466.548   4.1074876e+14
      466.570   4.1077202e+14
      466.592   4.0845699e+14
      466.614   4.0566642e+14
      466.636   4.0306884e+14
      466.657   3.9810315e+14
      466.679   3.9439085e+14
      466.701   3.9267054e+14
      466.723   3.9215080e+14
      466.744   3.9133585e+14
      466.766   3.9080191e+14
      466.788   3.8980842e+14
      466.810   3.8899420e+14
      466.832   3.8818994e+14
      466.853   3.8768891e+14
      466.875   3.8720701e+14
      466.897   3.8600345e+14
      466.919   3.8549110e+14
      466.941   3.8429942e+14
      466.962   3.8378592e+14
      466.984   3.8482370e+14
      467.006   3.8645148e+14
      467.028   3.8818799e+14
      467.050   3.9024319e+14
      467.071   3.9185214e+14
      467.093   3.9423845e+14
      467.115   3.9826857e+14
      467.137   4.0078655e+14
      467.159   4.0234870e+14
      467.181   4.0414909e+14
      467.202   4.0654777e+14
      467.224   4.0768286e+14
      467.246   4.0879181e+14
      467.268   4.1132713e+14
      467.290   4.1480277e+14
      467.312   4.1652760e+14
      467.333   4.1747077e+14
      467.355   4.1854822e+14
      467.377   4.1921008e+14
      467.399   4.1984971e+14
      467.421   4.2056016e+14
      467.443   4.2130688e+14
      467.464   4.2307202e+14
      467.486   4.2438818e+14
      467.508   4.2467506e+14
      467.530   4.2498819e+14
      467.552   4.2579793e+14
      467.574   4.2600830e+14
      467.596   4.2574209e+14
      467.617   4.2511768e+14
      467.639   4.2415094e+14
      467.661   4.2405024e+14
      467.683   4.2619885e+14
      467.705   4.2873329e+14
      467.727   4.2991307e+14
      467.749   4.3119185e+14
      467.771   4.3109956e+14
      467.792   4.2902709e+14
      467.814   4.2669881e+14
      467.836   4.2505098e+14
      467.858   4.2292430e+14
      467.880   4.2049233e+14
      467.902   4.1786025e+14
      467.924   4.1543387e+14
      467.946   4.1466799e+14
      467.968   4.1505565e+14
      467.990   4.1615258e+14
      468.011   4.1653947e+14
      468.033   4.1560376e+14
      468.055   4.1395055e+14
      468.077   4.1124834e+14
      468.099   4.0822862e+14
      468.121   4.0623929e+14
      468.143   4.0561210e+14
      468.165   4.0483519e+14
      468.187   4.0385618e+14
      468.209   4.0129829e+14
      468.231   4.0013291e+14
      468.252   3.9912632e+14
      468.274   3.9832465e+14
      468.296   3.9904139e+14
      468.318   4.0140400e+14
      468.340   4.0180148e+14
      468.362   4.0208169e+14
      468.384   4.0354692e+14
      468.406   4.0570803e+14
      468.428   4.0821920e+14
      468.450   4.0995396e+14
      468.472   4.1070986e+14
      468.494   4.1054964e+14
      468.516   4.0877313e+14
      468.538   4.0788044e+14
      468.560   4.0759258e+14
      468.582   4.0712862e+14
      468.604   4.0738699e+14
      468.626   4.0835755e+14
      468.647   4.0799387e+14
      468.669   4.0659298e+14
      468.691   4.0619770e+14
      468.713   4.0641554e+14
      468.735   4.0700169e+14
      468.757   4.0729253e+14
      468.779   4.0880175e+14
      468.801   4.1129280e+14
      468.823   4.1211821e+14
      468.845   4.1185669e+14
      468.867   4.1206273e+14
      468.889   4.1316359e+14
      468.911   4.1358436e+14
      468.933   4.1374797e+14
      468.955   4.1366458e+14
      468.977   4.1323696e+14
      468.999   4.1219773e+14
      469.021   4.1061004e+14
      469.043   4.0927331e+14
      469.065   4.0782099e+14
      469.087   4.0764447e+14
      469.109   4.0841587e+14
      469.131   4.0966136e+14
      469.153   4.1041269e+14
      469.175   4.1327488e+14
      469.197   4.1614952e+14
      469.219   4.1777655e+14
      469.241   4.1859733e+14
      469.263   4.1942012e+14
      469.285   4.2010325e+14
      469.307   4.2042983e+14
      469.329   4.2090635e+14
      469.351   4.2179430e+14
      469.373   4.2391857e+14
      469.395   4.2517969e+14
      469.417   4.2613083e+14
      469.439   4.2645167e+14
      469.462   4.2638432e+14
      469.484   4.2694236e+14
      469.506   4.2826274e+14
      469.528   4.2984881e+14
      469.550   4.3138432e+14
      469.572   4.3320384e+14
      469.594   4.3392663e+14
      469.616   4.3421151e+14
      469.638   4.3391435e+14
      469.660   4.3328662e+14
      469.682   4.3190238e+14
      469.704   4.2940049e+14
      469.726   4.2538532e+14
      469.748   4.2204916e+14
      469.770   4.1989936e+14
      469.792   4.1900100e+14
      469.814   4.1868880e+14
      469.837   4.1877918e+14
      469.859   4.1741798e+14
      469.881   4.1592482e+14
      469.903   4.1424685e+14
      469.925   4.1266003e+14
      469.947   4.1096749e+14
      469.969   4.1027732e+14
      469.991   4.0888493e+14
      470.013   4.0730359e+14
      470.035   4.0557803e+14
      470.057   4.0499303e+14
      470.079   4.0448297e+14
      470.102   4.0502736e+14
      470.124   4.0407880e+14
      470.146   4.0054991e+14
      470.168   3.9710389e+14
      470.190   3.9467671e+14
      470.212   3.9212344e+14
      470.234   3.9196389e+14
      470.256   3.9536205e+14
      470.278   3.9862238e+14
      470.301   4.0036080e+14
      470.323   4.0163956e+14
      470.345   4.0090571e+14
      470.367   4.0063481e+14
      470.389   3.9931988e+14
      470.411   3.9811653e+14
      470.433   3.9681959e+14
      470.455   3.9770642e+14
      470.478   3.9764747e+14
      470.500   3.9874169e+14
      470.522   4.0038869e+14
      470.544   4.0174319e+14
      470.566   4.0018799e+14
      470.588   3.9792340e+14
      470.610   3.9502855e+14
      470.633   3.9123207e+14
      470.655   3.9034261e+14
      470.677   3.9313611e+14
      470.699   3.9622055e+14
      470.721   3.9876451e+14
      470.743   4.0086964e+14
      470.765   4.0115760e+14
      470.788   3.9960038e+14
      470.810   3.9751762e+14
      470.832   3.9567662e+14
      470.854   3.9475656e+14
      470.876   3.9208762e+14
      470.898   3.9082563e+14
      470.921   3.9164474e+14
      470.943   3.9350030e+14
      470.965   3.9566928e+14
      470.987   3.9893272e+14
      471.009   4.0067032e+14
      471.032   4.0108399e+14
      471.054   3.9959479e+14
      471.076   3.9959457e+14
      471.098   4.0175083e+14
      471.120   4.0473738e+14
      471.143   4.0804443e+14
      471.165   4.1322487e+14
      471.187   4.1676986e+14
      471.209   4.1851230e+14
      471.231   4.1870626e+14
      471.254   4.1871384e+14
      471.276   4.1760530e+14
      471.298   4.1607340e+14
      471.320   4.1539007e+14
      471.342   4.1555744e+14
      471.365   4.1594352e+14
      471.387   4.1849062e+14
      471.409   4.2069385e+14
      471.431   4.2109560e+14
      471.453   4.2175603e+14
      471.476   4.2110817e+14
      471.498   4.1870221e+14
      471.520   4.1687027e+14
      471.542   4.1579163e+14
      471.565   4.1506806e+14
      471.587   4.1565908e+14
      471.609   4.1635605e+14
      471.631   4.1716106e+14
      471.654   4.1774291e+14
      471.676   4.1704891e+14
      471.698   4.1618785e+14
      471.720   4.1525137e+14
      471.743   4.1385519e+14
      471.765   4.1322409e+14
      471.787   4.1484611e+14
      471.809   4.1759083e+14
      471.832   4.2087664e+14
      471.854   4.2517867e+14
      471.876   4.2928345e+14
      471.898   4.3150974e+14
      471.921   4.3280581e+14
      471.943   4.3321867e+14
      471.965   4.3264117e+14
      471.988   4.3275126e+14
      472.010   4.3326410e+14
      472.032   4.3372607e+14
      472.054   4.3300977e+14
      472.077   4.3342159e+14
      472.099   4.3265639e+14
      472.121   4.3144455e+14
      472.144   4.2889400e+14
      472.166   4.2735364e+14
      472.188   4.2621283e+14
      472.210   4.2594663e+14
      472.233   4.2630731e+14
      472.255   4.2733597e+14
      472.277   4.2840555e+14
      472.300   4.2865013e+14
      472.322   4.2861644e+14
      472.344   4.2879290e+14
      472.367   4.2941895e+14
      472.389   4.3047459e+14
      472.411   4.3125699e+14
      472.434   4.3062856e+14
      472.456   4.3031346e+14
      472.478   4.3144681e+14
      472.500   4.3276600e+14
      472.523   4.3322102e+14
      472.545   4.3362014e+14
      472.567   4.3388251e+14
      472.590   4.3159502e+14
      472.612   4.2988193e+14
      472.634   4.2873396e+14
      472.657   4.2926245e+14
      472.679   4.2976551e+14
      472.701   4.3009514e+14
      472.724   4.2984199e+14
      472.746   4.2898156e+14
      472.769   4.2743400e+14
      472.791   4.2580169e+14
      472.813   4.2482467e+14
      472.836   4.2319095e+14
      472.858   4.2273430e+14
      472.880   4.2229598e+14
      472.903   4.2079674e+14
      472.925   4.1962722e+14
      472.947   4.1879866e+14
      472.970   4.1766870e+14
      472.992   4.1434218e+14
      473.015   4.1081433e+14
      473.037   4.0851792e+14
      473.059   4.0670132e+14
      473.082   4.0475473e+14
      473.104   4.0740964e+14
      473.126   4.1147445e+14
      473.149   4.1480107e+14
      473.171   4.1731385e+14
      473.194   4.1776421e+14
      473.216   4.1746974e+14
      473.238   4.1677673e+14
      473.261   4.1617668e+14
      473.283   4.1663220e+14
      473.306   4.1942281e+14
      473.328   4.2105995e+14
      473.350   4.2383372e+14
      473.373   4.2648212e+14
      473.395   4.2724688e+14
      473.418   4.2764492e+14
      473.440   4.2811133e+14
      473.462   4.2744720e+14
      473.485   4.2540162e+14
      473.507   4.2422400e+14
      473.530   4.2393883e+14
      473.552   4.2382851e+14
      473.575   4.2260456e+14
      473.597   4.2270887e+14
      473.619   4.2366208e+14
      473.642   4.2440368e+14
      473.664   4.2413992e+14
      473.687   4.2431495e+14
      473.709   4.2596404e+14
      473.732   4.2644807e+14
      473.754   4.2547431e+14
      473.776   4.2553177e+14
      473.799   4.2647635e+14
      473.821   4.2601814e+14
      473.844   4.2599273e+14
      473.866   4.2591109e+14
      473.889   4.2498307e+14
      473.911   4.2426883e+14
      473.934   4.2411222e+14
      473.956   4.2412259e+14
      473.979   4.2484430e+14
      474.001   4.2372657e+14
      474.024   4.2377266e+14
      474.046   4.2468793e+14
      474.068   4.2546203e+14
      474.091   4.2776490e+14
      474.113   4.3226843e+14
      474.136   4.3537474e+14
      474.158   4.3673739e+14
      474.181   4.3804589e+14
      474.203   4.3757563e+14
      474.226   4.3627050e+14
      474.248   4.3545995e+14
      474.271   4.3672156e+14
      474.293   4.3865228e+14
      474.316   4.4130946e+14
      474.338   4.4289837e+14
      474.361   4.4304591e+14
      474.383   4.4216172e+14
      474.406   4.4013701e+14
      474.428   4.3640381e+14
      474.451   4.3449327e+14
      474.473   4.3349976e+14
      474.496   4.3097603e+14
      474.518   4.3085957e+14
      474.541   4.3265057e+14
      474.563   4.3403486e+14
      474.586   4.3492835e+14
      474.608   4.3610169e+14
      474.631   4.3501258e+14
      474.654   4.3436417e+14
      474.676   4.3410421e+14
      474.699   4.3406283e+14
      474.721   4.3490419e+14
      474.744   4.3645018e+14
      474.766   4.3718104e+14
      474.789   4.3704122e+14
      474.811   4.3588085e+14
      474.834   4.3318492e+14
      474.856   4.3156667e+14
      474.879   4.3065917e+14
      474.901   4.3071074e+14
      474.924   4.3214029e+14
      474.947   4.3612055e+14
      474.969   4.3895926e+14
      474.992   4.4103385e+14
      475.014   4.4338845e+14
      475.037   4.4548975e+14
      475.059   4.4553753e+14
      475.082   4.4384991e+14
      475.105   4.4342254e+14
      475.127   4.4243147e+14
      475.150   4.4227491e+14
      475.172   4.4270651e+14
      475.195   4.4479415e+14
      475.217   4.4527315e+14
      475.240   4.4318235e+14
      475.263   4.4088599e+14
      475.285   4.3852467e+14
      475.308   4.3505306e+14
      475.330   4.3313883e+14
      475.353   4.3493504e+14
      475.376   4.3618919e+14
      475.398   4.3776695e+14
      475.421   4.3999505e+14
      475.443   4.4001795e+14
      475.466   4.3843119e+14
      475.489   4.3483684e+14
      475.511   4.3157593e+14
      475.534   4.2908425e+14
      475.556   4.2807711e+14
      475.579   4.2708927e+14
      475.602   4.2807846e+14
      475.624   4.2873581e+14
      475.647   4.2769248e+14
      475.669   4.2686369e+14
      475.692   4.2693013e+14
      475.715   4.2649694e+14
      475.737   4.2405830e+14
      475.760   4.2392923e+14
      475.783   4.2467196e+14
      475.805   4.2493257e+14
      475.828   4.2614836e+14
      475.851   4.2894768e+14
      475.873   4.3101627e+14
      475.896   4.3211945e+14
      475.919   4.3312406e+14
      475.941   4.3305605e+14
      475.964   4.3318448e+14
      475.986   4.3146882e+14
      476.009   4.3229457e+14
      476.032   4.3428904e+14
      476.054   4.3634025e+14
      476.077   4.3546067e+14
      476.100   4.3514901e+14
      476.122   4.3318177e+14
      476.145   4.3045398e+14
      476.168   4.2841743e+14
      476.190   4.2912093e+14
      476.213   4.3021859e+14
      476.236   4.2856041e+14
      476.259   4.2685665e+14
      476.281   4.2571791e+14
      476.304   4.2468908e+14
      476.327   4.2391134e+14
      476.349   4.2497101e+14
      476.372   4.2574359e+14
      476.395   4.2460534e+14
      476.417   4.2181465e+14
      476.440   4.1981743e+14
      476.463   4.1702505e+14
      476.485   4.1202768e+14
      476.508   4.0959300e+14
      476.531   4.0843504e+14
      476.554   4.0660134e+14
      476.576   4.0463048e+14
      476.599   4.0556511e+14
      476.622   4.0691388e+14
      476.644   4.0899941e+14
      476.667   4.0957586e+14
      476.690   4.1088595e+14
      476.713   4.1056823e+14
      476.735   4.0861952e+14
      476.758   4.0763606e+14
      476.781   4.0889891e+14
      476.803   4.1107602e+14
      476.826   4.1360263e+14
      476.849   4.1555653e+14
      476.872   4.1657267e+14
      476.894   4.1703749e+14
      476.917   4.1750960e+14
      476.940   4.1856930e+14
      476.963   4.1969306e+14
      476.985   4.2119320e+14
      477.008   4.2358046e+14
      477.031   4.2610457e+14
      477.054   4.2840205e+14
      477.076   4.3061836e+14
      477.099   4.3242749e+14
      477.122   4.3212681e+14
      477.145   4.3088338e+14
      477.168   4.2926868e+14
      477.190   4.2890288e+14
      477.213   4.2972419e+14
      477.236   4.3202680e+14
      477.259   4.3478767e+14
      477.281   4.3751081e+14
      477.304   4.3874946e+14
      477.327   4.3898334e+14
      477.350   4.3928331e+14
      477.373   4.3957296e+14
      477.395   4.3988437e+14
      477.418   4.4075617e+14
      477.441   4.4124813e+14
      477.464   4.4107348e+14
      477.487   4.4040146e+14
      477.509   4.3950538e+14
      477.532   4.3850086e+14
      477.555   4.3769844e+14
      477.578   4.3751539e+14
      477.601   4.3778647e+14
      477.623   4.3843864e+14
      477.646   4.4025843e+14
      477.669   4.4229109e+14
      477.692   4.4446025e+14
      477.715   4.4693729e+14
      477.737   4.4906254e+14
      477.760   4.4974120e+14
      477.783   4.4971144e+14
      477.806   4.4918383e+14
      477.829   4.4767714e+14
      477.852   4.4593061e+14
      477.874   4.4417062e+14
      477.897   4.4292170e+14
      477.920   4.4187096e+14
      477.943   4.4156386e+14
      477.966   4.4193460e+14
      477.989   4.4259041e+14
      478.011   4.4348093e+14
      478.034   4.4462672e+14
      478.057   4.4609707e+14
      478.080   4.4730086e+14
      478.103   4.4829401e+14
      478.126   4.4898347e+14
      478.149   4.4902800e+14
      478.171   4.4738895e+14
      478.194   4.4510988e+14
      478.217   4.4285122e+14
      478.240   4.4077020e+14
      478.263   4.3913553e+14
      478.286   4.3898734e+14
      478.309   4.3989775e+14
      478.332   4.4109568e+14
      478.354   4.4264029e+14
      478.377   4.4426865e+14
      478.400   4.4557451e+14
      478.423   4.4603464e+14
      478.446   4.4612864e+14
      478.469   4.4534572e+14
      478.492   4.4323884e+14
      478.515   4.4015539e+14
      478.538   4.3717707e+14
      478.560   4.3451413e+14
      478.583   4.3237115e+14
      478.606   4.3116726e+14
      478.629   4.3055915e+14
      478.652   4.3004830e+14
      478.675   4.2992431e+14
      478.698   4.3072333e+14
      478.721   4.3140440e+14
      478.744   4.3212690e+14
      478.767   4.3172358e+14
      478.790   4.2937250e+14
      478.813   4.2514586e+14
      478.835   4.2119327e+14
      478.858   4.1787873e+14
      478.881   4.1602959e+14
      478.904   4.1534173e+14
      478.927   4.1555028e+14
      478.950   4.1557873e+14
      478.973   4.1511021e+14
      478.996   4.1504752e+14
      479.019   4.1698568e+14
      479.042   4.2031376e+14
      479.065   4.2315753e+14
      479.088   4.2505920e+14
      479.111   4.2575357e+14
      479.134   4.2485094e+14
      479.157   4.2293538e+14
      479.180   4.2155188e+14
      479.203   4.2117102e+14
      479.226   4.2158977e+14
      479.249   4.2227995e+14
      479.272   4.2275065e+14
      479.294   4.2440150e+14
      479.317   4.2744385e+14
      479.340   4.3092167e+14
      479.363   4.3397504e+14
      479.386   4.3702658e+14
      479.409   4.3934481e+14
      479.432   4.4059373e+14
      479.455   4.4128097e+14
      479.478   4.4248448e+14
      479.501   4.4365917e+14
      479.524   4.4434458e+14
      479.547   4.4463831e+14
      479.570   4.4508551e+14
      479.593   4.4616510e+14
      479.616   4.4819866e+14
      479.639   4.5087725e+14
      479.662   4.5330728e+14
      479.685   4.5471511e+14
      479.708   4.5448684e+14
      479.731   4.5297470e+14
      479.754   4.5140841e+14
      479.777   4.5010342e+14
      479.800   4.4927530e+14
      479.823   4.4886205e+14
      479.846   4.4825375e+14
      479.869   4.4721384e+14
      479.892   4.4555348e+14
      479.916   4.4346645e+14
      479.939   4.4088660e+14
      479.962   4.3860725e+14
      479.985   4.3676137e+14
      480.008   4.3590532e+14
      480.031   4.3586889e+14
      480.054   4.3650282e+14
      480.077   4.3709947e+14
      480.100   4.3702782e+14
      480.123   4.3581032e+14
      480.146   4.3373533e+14
      480.169   4.3175567e+14
      480.192   4.3056884e+14
      480.215   4.3058610e+14
      480.238   4.3240351e+14
      480.261   4.3513475e+14
      480.284   4.3713317e+14
      480.307   4.3878927e+14
      480.330   4.3974347e+14
      480.354   4.3970400e+14
      480.377   4.3945585e+14
      480.400   4.4010077e+14
      480.423   4.4102625e+14
      480.446   4.4212413e+14
      480.469   4.4411749e+14
      480.492   4.4628353e+14
      480.515   4.4762083e+14
      480.538   4.4760978e+14
      480.561   4.4684041e+14
      480.584   4.4530844e+14
      480.607   4.4310917e+14
      480.631   4.4134504e+14
      480.654   4.4118614e+14
      480.677   4.4146784e+14
      480.700   4.4184517e+14
      480.723   4.4256135e+14
      480.746   4.4249605e+14
      480.769   4.4139967e+14
      480.792   4.4068570e+14
      480.815   4.3994257e+14
      480.839   4.3915039e+14
      480.862   4.3953607e+14
      480.885   4.4001118e+14
      480.908   4.3972738e+14
      480.931   4.3974086e+14
      480.954   4.4016405e+14
      480.977   4.3986977e+14
      481.000   4.3975020e+14
      481.024   4.3933604e+14
      481.047   4.3834666e+14
      481.070   4.3745296e+14
      481.093   4.3661932e+14
      481.116   4.3614359e+14
      481.139   4.3658516e+14
      481.162   4.3729311e+14
      481.186   4.3771077e+14
      481.209   4.3786337e+14
      481.232   4.3761424e+14
      481.255   4.3738590e+14
      481.278   4.3684333e+14
      481.301   4.3568048e+14
      481.325   4.3495359e+14
      481.348   4.3465638e+14
      481.371   4.3390957e+14
      481.394   4.3395155e+14
      481.417   4.3569229e+14
      481.440   4.3747690e+14
      481.464   4.3892963e+14
      481.487   4.4087290e+14
      481.510   4.4220208e+14
      481.533   4.4265271e+14
      481.556   4.4361562e+14
      481.580   4.4480453e+14
      481.603   4.4518456e+14
      481.626   4.4476903e+14
      481.649   4.4380348e+14
      481.672   4.4225250e+14
      481.696   4.4089830e+14
      481.719   4.4073236e+14
      481.742   4.4171016e+14
      481.765   4.4299021e+14
      481.788   4.4463076e+14
      481.812   4.4659558e+14
      481.835   4.4831151e+14
      481.858   4.4997767e+14
      481.881   4.5154604e+14
      481.904   4.5237055e+14
      481.928   4.5182273e+14
      481.951   4.5021069e+14
      481.974   4.4832970e+14
      481.997   4.4665895e+14
      482.021   4.4516208e+14
      482.044   4.4406854e+14
      482.067   4.4353565e+14
      482.090   4.4308822e+14
      482.114   4.4317972e+14
      482.137   4.4442964e+14
      482.160   4.4623432e+14
      482.183   4.4707156e+14
      482.207   4.4694635e+14
      482.230   4.4595461e+14
      482.253   4.4300619e+14
      482.276   4.3931703e+14
      482.300   4.3700937e+14
      482.323   4.3565806e+14
      482.346   4.3445258e+14
      482.369   4.3399806e+14
      482.393   4.3403694e+14
      482.416   4.3402260e+14
      482.439   4.3445491e+14
      482.462   4.3561545e+14
      482.486   4.3669998e+14
      482.509   4.3720547e+14
      482.532   4.3759212e+14
      482.556   4.3764990e+14
      482.579   4.3713479e+14
      482.602   4.3675110e+14
      482.625   4.3686426e+14
      482.649   4.3675299e+14
      482.672   4.3654247e+14
      482.695   4.3771013e+14
      482.719   4.3989362e+14
      482.742   4.4124526e+14
      482.765   4.4234646e+14
      482.789   4.4386643e+14
      482.812   4.4442070e+14
      482.835   4.4397662e+14
      482.859   4.4407452e+14
      482.882   4.4439696e+14
      482.905   4.4426615e+14
      482.928   4.4382623e+14
      482.952   4.4253269e+14
      482.975   4.4029575e+14
      482.998   4.3843882e+14
      483.022   4.3712487e+14
      483.045   4.3597083e+14
      483.068   4.3545398e+14
      483.092   4.3553404e+14
      483.115   4.3483741e+14
      483.138   4.3335896e+14
      483.162   4.3156589e+14
      483.185   4.2991343e+14
      483.208   4.2871031e+14
      483.232   4.2811663e+14
      483.255   4.2845004e+14
      483.279   4.2978639e+14
      483.302   4.3152945e+14
      483.325   4.3340036e+14
      483.349   4.3531248e+14
      483.372   4.3669645e+14
      483.395   4.3719366e+14
      483.419   4.3681577e+14
      483.442   4.3541136e+14
      483.465   4.3432480e+14
      483.489   4.3407636e+14
      483.512   4.3421996e+14
      483.536   4.3504078e+14
      483.559   4.3693188e+14
      483.582   4.3843820e+14
      483.606   4.3956507e+14
      483.629   4.4097958e+14
      483.653   4.4252332e+14
      483.676   4.4351325e+14
      483.699   4.4344408e+14
      483.723   4.4265153e+14
      483.746   4.4145154e+14
      483.770   4.3964107e+14
      483.793   4.3763450e+14
      483.816   4.3619929e+14
      483.840   4.3487617e+14
      483.863   4.3239118e+14
      483.887   4.2933532e+14
      483.910   4.2647045e+14
      483.933   4.2394255e+14
      483.957   4.2238132e+14
      483.980   4.2214303e+14
      484.004   4.2249459e+14
      484.027   4.2318667e+14
      484.051   4.2425297e+14
      484.074   4.2450098e+14
      484.097   4.2401735e+14
      484.121   4.2306124e+14
      484.144   4.2124006e+14
      484.168   4.1818304e+14
      484.191   4.1541369e+14
      484.215   4.1415892e+14
      484.238   4.1385686e+14
      484.262   4.1375524e+14
      484.285   4.1448702e+14
      484.308   4.1559851e+14
      484.332   4.1651200e+14
      484.355   4.1772243e+14
      484.379   4.2072132e+14
      484.402   4.2422709e+14
      484.426   4.2733173e+14
      484.449   4.3038948e+14
      484.473   4.3304802e+14
      484.496   4.3456625e+14
      484.520   4.3639021e+14
      484.543   4.3853856e+14
      484.567   4.3965151e+14
      484.590   4.3974332e+14
      484.613   4.3897660e+14
      484.637   4.3694104e+14
      484.660   4.3465196e+14
      484.684   4.3292651e+14
      484.707   4.3260843e+14
      484.731   4.3273892e+14
      484.754   4.3299192e+14
      484.778   4.3313498e+14
      484.801   4.3314861e+14
      484.825   4.3280863e+14
      484.849   4.3270386e+14
      484.872   4.3222596e+14
      484.896   4.3110635e+14
      484.919   4.2971442e+14
      484.943   4.2855875e+14
      484.966   4.2738292e+14
      484.990   4.2605048e+14
      485.013   4.2443904e+14
      485.037   4.2252371e+14
      485.060   4.2005627e+14
      485.084   4.1750564e+14
      485.107   4.1562814e+14
      485.131   4.1550699e+14
      485.154   4.1621078e+14
      485.178   4.1797344e+14
      485.201   4.2060553e+14
      485.225   4.2300160e+14
      485.248   4.2408245e+14
      485.272   4.2492292e+14
      485.296   4.2486318e+14
      485.319   4.2382849e+14
      485.343   4.2218273e+14
      485.366   4.2027695e+14
      485.390   4.1647446e+14
      485.413   4.1211062e+14
      485.437   4.0806092e+14
      485.460   4.0422626e+14
      485.484   4.0083407e+14
      485.508   3.9964055e+14
      485.531   3.9964535e+14
      485.555   3.9993538e+14
      485.578   4.0036963e+14
      485.602   4.0089337e+14
      485.625   4.0100978e+14
      485.649   4.0021998e+14
      485.673   3.9921326e+14
      485.696   3.9826840e+14
      485.720   3.9676448e+14
      485.743   3.9462958e+14
      485.767   3.9224484e+14
      485.791   3.8945543e+14
      485.814   3.8509133e+14
      485.838   3.8047482e+14
      485.861   3.7556183e+14
      485.885   3.7092940e+14
      485.909   3.6736444e+14
      485.932   3.6453965e+14
      485.956   3.6034167e+14
      485.979   3.5466078e+14
      486.003   3.4749025e+14
      486.027   3.3899529e+14
      486.050   3.3081013e+14
      486.074   3.2383265e+14
      486.098   3.1828960e+14
      486.121   3.1407302e+14
      486.145   3.1066203e+14
      486.169   3.0796328e+14
      486.192   3.0560273e+14
      486.216   3.0293277e+14
      486.239   3.0033750e+14
      486.263   2.9807803e+14
      486.287   2.9551458e+14
      486.310   2.9446856e+14
      486.334   2.9604296e+14
      486.358   2.9962149e+14
      486.381   3.0403294e+14
      486.405   3.0956181e+14
      486.429   3.1497128e+14
      486.452   3.1958926e+14
      486.476   3.2411381e+14
      486.500   3.3124514e+14
      486.523   3.3997826e+14
      486.547   3.4916092e+14
      486.571   3.5888940e+14
      486.594   3.6812844e+14
      486.618   3.7469093e+14
      486.642   3.7935845e+14
      486.665   3.8304597e+14
      486.689   3.8540698e+14
      486.713   3.8781259e+14
      486.736   3.9059966e+14
      486.760   3.9340935e+14
      486.784   3.9682971e+14
      486.808   4.0083141e+14
      486.831   4.0406148e+14
      486.855   4.0609336e+14
      486.879   4.0803037e+14
      486.902   4.0898203e+14
      486.926   4.0864823e+14
      486.950   4.0671496e+14
      486.973   4.0422663e+14
      486.997   4.0182787e+14
      487.021   3.9896082e+14
      487.045   3.9522625e+14
      487.068   3.9160358e+14
      487.092   3.8935881e+14
      487.116   3.8704432e+14
      487.140   3.8573782e+14
      487.163   3.8628880e+14
      487.187   3.8806770e+14
      487.211   3.8944717e+14
      487.234   3.9009329e+14
      487.258   3.8986033e+14
      487.282   3.8993593e+14
      487.306   3.9019957e+14
      487.329   3.8973409e+14
      487.353   3.9005056e+14
      487.377   3.9078130e+14
      487.401   3.8998404e+14
      487.424   3.8901551e+14
      487.448   3.8762230e+14
      487.472   3.8627130e+14
      487.496   3.8633842e+14
      487.520   3.8843859e+14
      487.543   3.9133766e+14
      487.567   3.9779580e+14
      487.591   4.0524521e+14
      487.615   4.1084121e+14
      487.638   4.1438077e+14
      487.662   4.1463392e+14
      487.686   4.1261934e+14
      487.710   4.0998129e+14
      487.734   4.0797510e+14
      487.757   4.0800841e+14
      487.781   4.1114860e+14
      487.805   4.1388309e+14
      487.829   4.1600041e+14
      487.852   4.1843679e+14
      487.876   4.1994334e+14
      487.900   4.2092570e+14
      487.924   4.2254637e+14
      487.948   4.2481387e+14
      487.972   4.2710881e+14
      487.995   4.2930223e+14
      488.019   4.3042411e+14
      488.043   4.3060974e+14
      488.067   4.2905797e+14
      488.091   4.2710457e+14
      488.114   4.2548717e+14
      488.138   4.2451657e+14
      488.162   4.2542502e+14
      488.186   4.2856338e+14
      488.210   4.3167009e+14
      488.234   4.3477252e+14
      488.257   4.3837377e+14
      488.281   4.4021652e+14
      488.305   4.4017180e+14
      488.329   4.3964299e+14
      488.353   4.3799810e+14
      488.377   4.3552469e+14
      488.400   4.3283128e+14
      488.424   4.3133011e+14
      488.448   4.2945060e+14
      488.472   4.2679953e+14
      488.496   4.2446759e+14
      488.520   4.2360259e+14
      488.544   4.2149895e+14
      488.568   4.2051553e+14
      488.591   4.2186358e+14
      488.615   4.2341678e+14
      488.639   4.2396380e+14
      488.663   4.2491456e+14
      488.687   4.2473442e+14
      488.711   4.2317814e+14
      488.735   4.2125616e+14
      488.759   4.1743594e+14
      488.782   4.1376574e+14
      488.806   4.1131100e+14
      488.830   4.0960878e+14
      488.854   4.0904597e+14
      488.878   4.0988887e+14
      488.902   4.0982490e+14
      488.926   4.0717982e+14
      488.950   4.0393654e+14
      488.974   3.9887735e+14
      488.998   3.9219882e+14
      489.021   3.8642250e+14
      489.045   3.8369451e+14
      489.069   3.8286695e+14
      489.093   3.8393583e+14
      489.117   3.8699252e+14
      489.141   3.8908740e+14
      489.165   3.8976344e+14
      489.189   3.8764176e+14
      489.213   3.8468224e+14
      489.237   3.8192973e+14
      489.261   3.8211487e+14
      489.285   3.8383993e+14
      489.309   3.8722787e+14
      489.333   3.9096944e+14
      489.356   3.9418163e+14
      489.380   3.9455574e+14
      489.404   3.9367098e+14
      489.428   3.9518566e+14
      489.452   3.9788323e+14
      489.476   4.0086050e+14
      489.500   4.0694472e+14
      489.524   4.1581897e+14
      489.548   4.2281687e+14
      489.572   4.2890317e+14
      489.596   4.3513624e+14
      489.620   4.3864985e+14
      489.644   4.4035800e+14
      489.668   4.4161130e+14
      489.692   4.4296623e+14
      489.716   4.4527415e+14
      489.740   4.4881666e+14
      489.764   4.5173709e+14
      489.788   4.5458788e+14
      489.812   4.5719544e+14
      489.836   4.5723015e+14
      489.860   4.5546455e+14
      489.884   4.5433635e+14
      489.908   4.5333939e+14
      489.932   4.5204148e+14
      489.956   4.5203140e+14
      489.980   4.5279885e+14
      490.004   4.5329937e+14
      490.028   4.5386773e+14
      490.052   4.5474552e+14
      490.076   4.5536067e+14
      490.100   4.5555420e+14
      490.124   4.5463940e+14
      490.148   4.5249319e+14
      490.172   4.4861944e+14
      490.196   4.4533035e+14
      490.220   4.4293109e+14
      490.244   4.4094702e+14
      490.268   4.3922987e+14
      490.292   4.3791531e+14
      490.316   4.3642467e+14
      490.340   4.3496139e+14
      490.364   4.3446699e+14
      490.388   4.3553094e+14
      490.412   4.3805398e+14
      490.436   4.4093770e+14
      490.461   4.4383977e+14
      490.485   4.4604751e+14
      490.509   4.4741785e+14
      490.533   4.4869709e+14
      490.557   4.4932951e+14
      490.581   4.4952918e+14
      490.605   4.4891644e+14
      490.629   4.4718560e+14
      490.653   4.4428766e+14
      490.677   4.4375934e+14
      490.701   4.4426436e+14
      490.725   4.4595982e+14
      490.749   4.4831335e+14
      490.773   4.5059070e+14
      490.798   4.5132852e+14
      490.822   4.5091498e+14
      490.846   4.4772948e+14
      490.870   4.4450752e+14
      490.894   4.4146137e+14
      490.918   4.3774632e+14
      490.942   4.3393945e+14
      490.966   4.3123627e+14
      490.990   4.2861554e+14
      491.014   4.2624221e+14
      491.039   4.2253809e+14
      491.063   4.1808754e+14
      491.087   4.1352412e+14
      491.111   4.0886053e+14
      491.135   4.0597621e+14
      491.159   4.0618607e+14
      491.183   4.0707770e+14
      491.207   4.0859596e+14
      491.232   4.1045708e+14
      491.256   4.1115569e+14
      491.280   4.1061377e+14
      491.304   4.1107880e+14
      491.328   4.1157998e+14
      491.352   4.1255492e+14
      491.376   4.1525941e+14
      491.400   4.1938122e+14
      491.425   4.2348922e+14
      491.449   4.2830662e+14
      491.473   4.3368110e+14
      491.497   4.3813587e+14
      491.521   4.4081441e+14
      491.545   4.4303196e+14
      491.570   4.4456191e+14
      491.594   4.4628674e+14
      491.618   4.4690648e+14
      491.642   4.4674614e+14
      491.666   4.4485764e+14
      491.690   4.4181047e+14
      491.715   4.3691862e+14
      491.739   4.3064373e+14
      491.763   4.2507419e+14
      491.787   4.2124542e+14
      491.811   4.1853683e+14
      491.836   4.1550346e+14
      491.860   4.1327920e+14
      491.884   4.0791192e+14
      491.908   3.9991160e+14
      491.932   3.9311640e+14
      491.957   3.8783756e+14
      491.981   3.8334249e+14
      492.005   3.8140135e+14
      492.029   3.8078309e+14
      492.053   3.7852481e+14
      492.078   3.7566076e+14
      492.102   3.7293831e+14
      492.126   3.7165798e+14
      492.150   3.7223686e+14
      492.174   3.7445610e+14
      492.199   3.7741870e+14
      492.223   3.7910855e+14
      492.247   3.8027295e+14
      492.271   3.8342487e+14
      492.296   3.8621809e+14
      492.320   3.8681689e+14
      492.344   3.8846916e+14
      492.368   3.8789547e+14
      492.393   3.8598370e+14
      492.417   3.8715513e+14
      492.441   3.9200458e+14
      492.465   3.9761860e+14
      492.490   4.0504945e+14
      492.514   4.1050694e+14
      492.538   4.1272695e+14
      492.562   4.1262878e+14
      492.587   4.1216299e+14
      492.611   4.1263539e+14
      492.635   4.1372741e+14
      492.659   4.1424888e+14
      492.684   4.1440909e+14
      492.708   4.1423432e+14
      492.732   4.1323967e+14
      492.757   4.1409410e+14
      492.781   4.1581895e+14
      492.805   4.1770367e+14
      492.829   4.2082810e+14
      492.854   4.2250942e+14
      492.878   4.2261179e+14
      492.902   4.2484217e+14
      492.927   4.2809809e+14
      492.951   4.3010731e+14
      492.975   4.3337789e+14
      492.999   4.3647186e+14
      493.024   4.3769726e+14
      493.048   4.3829346e+14
      493.072   4.3867659e+14
      493.097   4.3988774e+14
      493.121   4.4116396e+14
      493.145   4.4153030e+14
      493.170   4.4018638e+14
      493.194   4.3946354e+14
      493.218   4.3751492e+14
      493.243   4.3286205e+14
      493.267   4.2897288e+14
      493.291   4.2769275e+14
      493.316   4.2626223e+14
      493.340   4.2460654e+14
      493.364   4.2568005e+14
      493.389   4.2836900e+14
      493.413   4.2971579e+14
      493.437   4.2931823e+14
      493.462   4.2987285e+14
      493.486   4.2960747e+14
      493.510   4.2751618e+14
      493.535   4.2531257e+14
      493.559   4.2406341e+14
      493.583   4.2140390e+14
      493.608   4.1980549e+14
      493.632   4.1810345e+14
      493.657   4.1527348e+14
      493.681   4.1418550e+14
      493.705   4.1426477e+14
      493.730   4.1104349e+14
      493.754   4.1043958e+14
      493.778   4.1254852e+14
      493.803   4.1231921e+14
      493.827   4.1114316e+14
      493.852   4.1321502e+14
      493.876   4.1243608e+14
      493.900   4.1082429e+14
      493.925   4.0950153e+14
      493.949   4.1091303e+14
      493.974   4.1240894e+14
      493.998   4.1520881e+14
      494.022   4.1822906e+14
      494.047   4.2149615e+14
      494.071   4.2236624e+14
      494.096   4.2216935e+14
      494.120   4.2220854e+14
      494.144   4.2167088e+14
      494.169   4.2202943e+14
      494.193   4.2352998e+14
      494.218   4.2519197e+14
      494.242   4.2814602e+14
      494.267   4.3239419e+14
      494.291   4.3577627e+14
      494.315   4.3965678e+14
      494.340   4.4588555e+14
      494.364   4.4997654e+14
      494.389   4.5245306e+14
      494.413   4.5397324e+14
      494.438   4.5403462e+14
      494.462   4.5164909e+14
      494.486   4.4757206e+14
      494.511   4.4482769e+14
      494.535   4.4301859e+14
      494.560   4.4130433e+14
      494.584   4.3923605e+14
      494.609   4.4020114e+14
      494.633   4.4163375e+14
      494.658   4.4269107e+14
      494.682   4.4394860e+14
      494.707   4.4607146e+14
      494.731   4.4688004e+14
      494.756   4.4676556e+14
      494.780   4.4605086e+14
      494.805   4.4403195e+14
      494.829   4.4196683e+14
      494.854   4.3831684e+14
      494.878   4.3441066e+14
      494.902   4.3165548e+14
      494.927   4.3118467e+14
      494.951   4.3184936e+14
      494.976   4.3372892e+14
      495.000   4.3761556e+14
      495.025   4.4153110e+14
      495.049   4.4440564e+14
      495.074   4.4615101e+14
      495.099   4.4736546e+14
      495.123   4.4720873e+14
      495.148   4.4602507e+14
      495.172   4.4377602e+14
      495.197   4.4222796e+14
      495.221   4.4180115e+14
      495.246   4.4069621e+14
      495.270   4.3971219e+14
      495.295   4.3908693e+14
      495.319   4.3838981e+14
      495.344   4.3778788e+14
      495.368   4.3899956e+14
      495.393   4.4099214e+14
      495.417   4.4353461e+14
      495.442   4.4591120e+14
      495.466   4.4801925e+14
      495.491   4.4831553e+14
      495.516   4.4783603e+14
      495.540   4.4618313e+14
      495.565   4.4070323e+14
      495.589   4.3188441e+14
      495.614   4.2174104e+14
      495.638   4.1256449e+14
      495.663   4.0472773e+14
      495.688   4.0207825e+14
      495.712   4.0345617e+14
      495.737   4.0624587e+14
      495.761   4.0826097e+14
      495.786   4.1015711e+14
      495.810   4.1054278e+14
      495.835   4.1127476e+14
      495.860   4.1224687e+14
      495.884   4.1316685e+14
      495.909   4.1414139e+14
      495.933   4.1557849e+14
      495.958   4.1630871e+14
      495.983   4.1685241e+14
      496.007   4.1726434e+14
      496.032   4.1652307e+14
      496.056   4.1495466e+14
      496.081   4.1452639e+14
      496.106   4.1583189e+14
      496.130   4.2185321e+14
      496.155   4.3106514e+14
      496.179   4.4164844e+14
      496.204   4.5122081e+14
      496.229   4.5921877e+14
      496.253   4.6257594e+14
      496.278   4.6413344e+14
      496.303   4.6476165e+14
      496.327   4.6386459e+14
      496.352   4.6228793e+14
      496.376   4.6090337e+14
      496.401   4.5845454e+14
      496.426   4.5503923e+14
      496.450   4.5058767e+14
      496.475   4.4757531e+14
      496.500   4.4460558e+14
      496.524   4.4206630e+14
      496.549   4.4112783e+14
      496.574   4.4089592e+14
      496.598   4.3951164e+14
      496.623   4.3789190e+14
      496.648   4.3700028e+14
      496.672   4.3433513e+14
      496.697   4.3227867e+14
      496.722   4.2957102e+14
      496.746   4.2736925e+14
      496.771   4.2516167e+14
      496.796   4.2401330e+14
      496.820   4.2203652e+14
      496.845   4.2081482e+14
      496.870   4.2034304e+14
      496.894   4.1774670e+14
      496.919   4.1609463e+14
      496.944   4.1667373e+14
      496.968   4.2015413e+14
      496.993   4.2241906e+14
      497.018   4.2606493e+14
      497.043   4.2900662e+14
      497.067   4.3049429e+14
      497.092   4.3091197e+14
      497.117   4.3083726e+14
      497.141   4.3094251e+14
      497.166   4.3099680e+14
      497.191   4.3352648e+14
      497.216   4.3531648e+14
      497.240   4.3915561e+14
      497.265   4.4349049e+14
      497.290   4.4777190e+14
      497.315   4.5026189e+14
      497.339   4.5235978e+14
      497.364   4.5367564e+14
      497.389   4.5345555e+14
      497.413   4.5550437e+14
      497.438   4.5861477e+14
      497.463   4.5996764e+14
      497.488   4.6030285e+14
      497.512   4.6167671e+14
      497.537   4.6064774e+14
      497.562   4.5949179e+14
      497.587   4.5975815e+14
      497.611   4.5932657e+14
      497.636   4.5854912e+14
      497.661   4.5826462e+14
      497.686   4.5731701e+14
      497.711   4.5378436e+14
      497.735   4.5174010e+14
      497.760   4.5061146e+14
      497.785   4.4911448e+14
      497.810   4.4734828e+14
      497.834   4.4723897e+14
      497.859   4.4321197e+14
      497.884   4.3765377e+14
      497.909   4.3398131e+14
      497.934   4.3109233e+14
      497.958   4.2827561e+14
      497.983   4.2907921e+14
      498.008   4.2890733e+14
      498.033   4.2709448e+14
      498.058   4.2568630e+14
      498.082   4.2286877e+14
      498.107   4.1787850e+14
      498.132   4.1489527e+14
      498.157   4.1027692e+14
      498.182   4.0433555e+14
      498.206   3.9973073e+14
      498.231   3.9684753e+14
      498.256   3.9410410e+14
      498.281   3.9353859e+14
      498.306   3.9353755e+14
      498.331   3.9315508e+14
      498.355   3.9018421e+14
      498.380   3.8774370e+14
      498.405   3.8576424e+14
      498.430   3.8420048e+14
      498.455   3.8284350e+14
      498.480   3.8427950e+14
      498.504   3.8436359e+14
      498.529   3.8393538e+14
      498.554   3.8409989e+14
      498.579   3.8477309e+14
      498.604   3.8618141e+14
      498.629   3.8986842e+14
      498.654   3.9381870e+14
      498.678   3.9824080e+14
      498.703   4.0380009e+14
      498.728   4.0650952e+14
      498.753   4.0993722e+14
      498.778   4.1548690e+14
      498.803   4.2032116e+14
      498.828   4.2364198e+14
      498.853   4.2894485e+14
      498.878   4.3220811e+14
      498.902   4.3406692e+14
      498.927   4.3629324e+14
      498.952   4.3636289e+14
      498.977   4.3735358e+14
      499.002   4.3908850e+14
      499.027   4.3773683e+14
      499.052   4.3704727e+14
      499.077   4.3931526e+14
      499.102   4.4050262e+14
      499.127   4.3974844e+14
      499.151   4.4082508e+14
      499.176   4.3894883e+14
      499.201   4.3626331e+14
      499.226   4.3290863e+14
      499.251   4.2929257e+14
      499.276   4.2719749e+14
      499.301   4.2680288e+14
      499.326   4.2704058e+14
      499.351   4.2794303e+14
      499.376   4.2927292e+14
      499.401   4.2946320e+14
      499.426   4.2909664e+14
      499.451   4.2764860e+14
      499.476   4.2868077e+14
      499.501   4.3294256e+14
      499.525   4.3518756e+14
      499.550   4.3779833e+14
      499.575   4.4221214e+14
      499.600   4.4475650e+14
      499.625   4.4442932e+14
      499.650   4.4483193e+14
      499.675   4.4410089e+14
      499.700   4.4348209e+14
      499.725   4.4364286e+14
      499.750   4.4241062e+14
      499.775   4.4271388e+14
      499.800   4.4341890e+14
      499.825   4.4372873e+14
      499.850   4.3953921e+14
      499.875   4.3994605e+14
      499.900   4.3508427e+14
      499.925   4.3056553e+14
      499.950   4.2627762e+14
      499.975   4.2358589e+14
      500.000   4.2211035e+14
      500.025   4.1779561e+14
      500.050   4.1367495e+14
      500.075   4.1093474e+14
      500.100   4.0740339e+14
      500.125   4.0045742e+14
      500.150   3.9807072e+14
      500.175   3.9650076e+14
      500.200   3.9504737e+14
      500.225   3.9495337e+14
      500.250   3.9523974e+14
      500.275   3.9549587e+14
      500.300   3.9607842e+14
      500.325   3.9713666e+14
      500.350   3.9817330e+14
      500.375   4.0185185e+14
      500.400   4.0593280e+14
      500.425   4.0744561e+14
      500.450   4.0586667e+14
      500.475   4.0393729e+14
      500.500   4.0048547e+14
      500.526   3.9755302e+14
      500.551   3.9686649e+14
      500.576   3.9687844e+14
      500.601   3.9655736e+14
      500.626   3.9659092e+14
      500.651   3.9686886e+14
      500.676   3.9653039e+14
      500.701   3.9748757e+14
      500.726   3.9907646e+14
      500.751   4.0071310e+14
      500.776   4.0250985e+14
      500.801   4.0451663e+14
      500.826   4.0628782e+14
      500.851   4.0756152e+14
      500.877   4.0845734e+14
      500.902   4.0846756e+14
      500.927   4.0884131e+14
      500.952   4.1099817e+14
      500.977   4.1593164e+14
      501.002   4.2129898e+14
      501.027   4.2575677e+14
      501.052   4.2740792e+14
      501.077   4.2723672e+14
      501.102   4.2553515e+14
      501.128   4.2403571e+14
      501.153   4.2395956e+14
      501.178   4.2524741e+14
      501.203   4.2578403e+14
      501.228   4.2499553e+14
      501.253   4.2184234e+14
      501.278   4.1675931e+14
      501.303   4.1191605e+14
      501.329   4.0694101e+14
      501.354   4.0222865e+14
      501.379   3.9974023e+14
      501.404   3.9864011e+14
      501.429   3.9794926e+14
      501.454   3.9816826e+14
      501.479   3.9815545e+14
      501.505   3.9742420e+14
      501.530   3.9650776e+14
      501.555   3.9644283e+14
      501.580   3.9847784e+14
      501.605   4.0155342e+14
      501.630   4.0499120e+14
      501.655   4.0736740e+14
      501.681   4.0664510e+14
      501.706   4.0407697e+14
      501.731   4.0172314e+14
      501.756   3.9935818e+14
      501.781   3.9940178e+14
      501.806   4.0167871e+14
      501.832   4.0342778e+14
      501.857   4.0552961e+14
      501.882   4.0758831e+14
      501.907   4.0788838e+14
      501.932   4.0776328e+14
      501.958   4.0839618e+14
      501.983   4.0864204e+14
      502.008   4.0803756e+14
      502.033   4.0648278e+14
      502.058   4.0365637e+14
      502.084   4.0031640e+14
      502.109   3.9681438e+14
      502.134   3.9411708e+14
      502.159   3.9235046e+14
      502.185   3.9306956e+14
      502.210   3.9634021e+14
      502.235   3.9974358e+14
      502.260   4.0324730e+14
      502.285   4.0700756e+14
      502.311   4.0926043e+14
      502.336   4.0940014e+14
      502.361   4.0926414e+14
      502.386   4.0865695e+14
      502.412   4.0812882e+14
      502.437   4.0805787e+14
      502.462   4.0785875e+14
      502.487   4.0722739e+14
      502.513   4.0729198e+14
      502.538   4.0775743e+14
      502.563   4.0812088e+14
      502.588   4.0931418e+14
      502.614   4.0986558e+14
      502.639   4.0942531e+14
      502.664   4.0930655e+14
      502.689   4.1029381e+14
      502.715   4.1112351e+14
      502.740   4.1264777e+14
      502.765   4.1436131e+14
      502.790   4.1466004e+14
      502.816   4.1393833e+14
      502.841   4.1323067e+14
      502.866   4.1324034e+14
      502.892   4.1436407e+14
      502.917   4.1641742e+14
      502.942   4.1770138e+14
      502.968   4.1796448e+14
      502.993   4.1741128e+14
      503.018   4.1586259e+14
      503.043   4.1426448e+14
      503.069   4.1510063e+14
      503.094   4.1790221e+14
      503.119   4.2121956e+14
      503.145   4.2601497e+14
      503.170   4.3191727e+14
      503.195   4.3594276e+14
      503.221   4.3804853e+14
      503.246   4.3958586e+14
      503.271   4.4009640e+14
      503.297   4.4049027e+14
      503.322   4.4219982e+14
      503.347   4.4415108e+14
      503.373   4.4458880e+14
      503.398   4.4405730e+14
      503.423   4.4168675e+14
      503.449   4.3832875e+14
      503.474   4.3574875e+14
      503.499   4.3472036e+14
      503.525   4.3430665e+14
      503.550   4.3536792e+14
      503.575   4.3667965e+14
      503.601   4.3720424e+14
      503.626   4.3774113e+14
      503.651   4.3842387e+14
      503.677   4.3773803e+14
      503.702   4.3608444e+14
      503.728   4.3478648e+14
      503.753   4.3246625e+14
      503.778   4.2912005e+14
      503.804   4.2651262e+14
      503.829   4.2354477e+14
      503.855   4.1963870e+14
      503.880   4.1775492e+14
      503.905   4.1740671e+14
      503.931   4.1533836e+14
      503.956   4.1331036e+14
      503.981   4.1126913e+14
      504.007   4.0641350e+14
      504.032   3.9996396e+14
      504.058   3.9521622e+14
      504.083   3.9131277e+14
      504.108   3.8818253e+14
      504.134   3.8691385e+14
      504.159   3.8684079e+14
      504.185   3.8690138e+14
      504.210   3.8806850e+14
      504.236   3.8976394e+14
      504.261   3.9113399e+14
      504.286   3.9357671e+14
      504.312   3.9615118e+14
      504.337   3.9771578e+14
      504.363   3.9952108e+14
      504.388   4.0172921e+14
      504.414   4.0323400e+14
      504.439   4.0619479e+14
      504.465   4.1200453e+14
      504.490   4.1865147e+14
      504.515   4.2721604e+14
      504.541   4.3827499e+14
      504.566   4.4879119e+14
      504.592   4.5716077e+14
      504.617   4.6387909e+14
      504.643   4.6757993e+14
      504.668   4.6701980e+14
      504.694   4.6417628e+14
      504.719   4.5950118e+14
      504.745   4.5425709e+14
      504.770   4.5054103e+14
      504.796   4.4867597e+14
      504.821   4.4607005e+14
      504.847   4.4360878e+14
      504.872   4.4201721e+14
      504.898   4.3989157e+14
      504.923   4.3733494e+14
      504.948   4.3588685e+14
      504.974   4.3348992e+14
      505.000   4.2819172e+14
      505.025   4.2163046e+14
      505.050   4.1512296e+14
      505.076   4.0920297e+14
      505.102   4.0489794e+14
      505.127   4.0241037e+14
      505.153   4.0110040e+14
      505.178   4.0116078e+14
      505.204   4.0230089e+14
      505.229   4.0502800e+14
      505.255   4.0945345e+14
      505.280   4.1386100e+14
      505.306   4.1632816e+14
      505.331   4.1861544e+14
      505.357   4.2183901e+14
      505.382   4.2453543e+14
      505.408   4.2741018e+14
      505.433   4.3064693e+14
      505.459   4.3260896e+14
      505.485   4.3329708e+14
      505.510   4.3551424e+14
      505.536   4.3949857e+14
      505.561   4.4431283e+14
      505.587   4.4918340e+14
      505.612   4.5303701e+14
      505.638   4.5501644e+14
      505.663   4.5539695e+14
      505.689   4.5516203e+14
      505.715   4.5501665e+14
      505.740   4.5523317e+14
      505.766   4.5536122e+14
      505.791   4.5515568e+14
      505.817   4.5506501e+14
      505.842   4.5476544e+14
      505.868   4.5401196e+14
      505.894   4.5325181e+14
      505.919   4.5252111e+14
      505.945   4.5201675e+14
      505.970   4.5227701e+14
      505.996   4.5304148e+14
      506.022   4.5394178e+14
      506.047   4.5482795e+14
      506.073   4.5521200e+14
      506.099   4.5574059e+14
      506.124   4.5665543e+14
      506.150   4.5751463e+14
      506.175   4.5845598e+14
      506.201   4.5953205e+14
      506.227   4.6031271e+14
      506.252   4.6071587e+14
      506.278   4.6071074e+14
      506.303   4.5909968e+14
      506.329   4.5525819e+14
      506.355   4.5050329e+14
      506.380   4.4624805e+14
      506.406   4.4264611e+14
      506.432   4.4022640e+14
      506.457   4.3971295e+14
      506.483   4.4001320e+14
      506.509   4.3959932e+14
      506.534   4.3827532e+14
      506.560   4.3674400e+14
      506.586   4.3543599e+14
      506.611   4.3353522e+14
      506.637   4.3126057e+14
      506.663   4.2955756e+14
      506.688   4.2822147e+14
      506.714   4.2571595e+14
      506.740   4.2236639e+14
      506.765   4.1906146e+14
      506.791   4.1498985e+14
      506.817   4.1139569e+14
      506.842   4.1075081e+14
      506.868   4.1315419e+14
      506.894   4.1686228e+14
      506.919   4.2132415e+14
      506.945   4.2572831e+14
      506.971   4.2869446e+14
      506.997   4.2974432e+14
      507.022   4.2955179e+14
      507.048   4.2868339e+14
      507.074   4.2745969e+14
      507.099   4.2573511e+14
      507.125   4.2362060e+14
      507.151   4.2209601e+14
      507.177   4.2140923e+14
      507.202   4.2071075e+14
      507.228   4.2157268e+14
      507.254   4.2458905e+14
      507.279   4.2773666e+14
      507.305   4.3000095e+14
      507.331   4.3152384e+14
      507.357   4.3161843e+14
      507.382   4.2996560e+14
      507.408   4.2812683e+14
      507.434   4.2667853e+14
      507.460   4.2481751e+14
      507.485   4.2223359e+14
      507.511   4.2003426e+14
      507.537   4.1762186e+14
      507.563   4.1622985e+14
      507.588   4.1679289e+14
      507.614   4.1911272e+14
      507.640   4.2247989e+14
      507.666   4.2627531e+14
      507.691   4.2916376e+14
      507.717   4.3059527e+14
      507.743   4.2956132e+14
      507.769   4.2584192e+14
      507.795   4.2033497e+14
      507.820   4.1432178e+14
      507.846   4.0933649e+14
      507.872   4.0663682e+14
      507.898   4.0525242e+14
      507.924   4.0439058e+14
      507.949   4.0277917e+14
      507.975   4.0081014e+14
      508.001   3.9921225e+14
      508.027   3.9812156e+14
      508.053   3.9745917e+14
      508.078   3.9749242e+14
      508.104   3.9733300e+14
      508.130   3.9554563e+14
      508.156   3.9151281e+14
      508.182   3.8626250e+14
      508.208   3.8157634e+14
      508.233   3.7685189e+14
      508.259   3.7310764e+14
      508.285   3.7229015e+14
      508.311   3.7377116e+14
      508.337   3.7719727e+14
      508.363   3.8188070e+14
      508.388   3.8626503e+14
      508.414   3.9025906e+14
      508.440   3.9424687e+14
      508.466   3.9745905e+14
      508.492   4.0044287e+14
      508.518   4.0308625e+14
      508.544   4.0460204e+14
      508.569   4.0491700e+14
      508.595   4.0457746e+14
      508.621   4.0398722e+14
      508.647   4.0324085e+14
      508.673   4.0393242e+14
      508.699   4.0660964e+14
      508.725   4.0881648e+14
      508.750   4.1097888e+14
      508.776   4.1436481e+14
      508.802   4.1732005e+14
      508.828   4.1924398e+14
      508.854   4.2129122e+14
      508.880   4.2298891e+14
      508.906   4.2326582e+14
      508.932   4.2228010e+14
      508.958   4.2112932e+14
      508.984   4.1989262e+14
      509.009   4.1900475e+14
      509.035   4.1910023e+14
      509.061   4.2044539e+14
      509.087   4.2247062e+14
      509.113   4.2508138e+14
      509.139   4.2722595e+14
      509.165   4.2931124e+14
      509.191   4.3128019e+14
      509.217   4.3236229e+14
      509.243   4.3347103e+14
      509.269   4.3497383e+14
      509.295   4.3614223e+14
      509.321   4.3734153e+14
      509.346   4.3827591e+14
      509.372   4.3853094e+14
      509.398   4.3824001e+14
      509.424   4.3892443e+14
      509.450   4.4056683e+14
      509.476   4.4259037e+14
      509.502   4.4419128e+14
      509.528   4.4477050e+14
      509.554   4.4325958e+14
      509.580   4.4119564e+14
      509.606   4.3922403e+14
      509.632   4.3782488e+14
      509.658   4.3733325e+14
      509.684   4.3630397e+14
      509.710   4.3281363e+14
      509.736   4.2823223e+14
      509.762   4.2277558e+14
      509.788   4.1757835e+14
      509.814   4.1362787e+14
      509.840   4.1084931e+14
      509.866   4.0913502e+14
      509.892   4.0829767e+14
      509.918   4.0691367e+14
      509.944   4.0545012e+14
      509.970   4.0468963e+14
      509.996   4.0340879e+14
      510.022   4.0143333e+14
      510.048   4.0106271e+14
      510.074   4.0259273e+14
      510.100   4.0412503e+14
      510.126   4.0529812e+14
      510.152   4.0664108e+14
      510.178   4.0698963e+14
      510.204   4.0715733e+14
      510.230   4.0881606e+14
      510.256   4.1187338e+14
      510.282   4.1623029e+14
      510.308   4.2070896e+14
      510.334   4.2462343e+14
      510.360   4.2798884e+14
      510.386   4.3011698e+14
      510.412   4.3074055e+14
      510.438   4.3226441e+14
      510.465   4.3343632e+14
      510.491   4.3369825e+14
      510.517   4.3433974e+14
      510.543   4.3615774e+14
      510.569   4.3616597e+14
      510.595   4.3292292e+14
      510.621   4.2860445e+14
      510.647   4.2583304e+14
      510.673   4.2325777e+14
      510.699   4.2146158e+14
      510.725   4.2218660e+14
      510.751   4.2421000e+14
      510.777   4.2521568e+14
      510.804   4.2546271e+14
      510.830   4.2506180e+14
      510.856   4.2381947e+14
      510.882   4.2042571e+14
      510.908   4.1679757e+14
      510.934   4.1422922e+14
      510.960   4.1248234e+14
      510.986   4.1158354e+14
      511.012   4.1269891e+14
      511.038   4.1396833e+14
      511.065   4.1386006e+14
      511.091   4.1437626e+14
      511.117   4.1779823e+14
      511.143   4.2236963e+14
      511.169   4.2614591e+14
      511.195   4.3005962e+14
      511.221   4.3337701e+14
      511.247   4.3396507e+14
      511.274   4.3323222e+14
      511.300   4.3298922e+14
      511.326   4.3384261e+14
      511.352   4.3483980e+14
      511.378   4.3589234e+14
      511.404   4.3792001e+14
      511.430   4.4106669e+14
      511.457   4.4369049e+14
      511.483   4.4613019e+14
      511.509   4.4870057e+14
      511.535   4.5033579e+14
      511.561   4.5078572e+14
      511.587   4.5094597e+14
      511.614   4.5106952e+14
      511.640   4.5069677e+14
      511.666   4.5063133e+14
      511.692   4.5166097e+14
      511.718   4.5307565e+14
      511.745   4.5433217e+14
      511.771   4.5575815e+14
      511.797   4.5705377e+14
      511.823   4.5734499e+14
      511.849   4.5687496e+14
      511.876   4.5614025e+14
      511.902   4.5595117e+14
      511.928   4.5644155e+14
      511.954   4.5723959e+14
      511.980   4.5787619e+14
      512.007   4.5772123e+14
      512.033   4.5716691e+14
      512.059   4.5587755e+14
      512.085   4.5445081e+14
      512.111   4.5334718e+14
      512.138   4.5309895e+14
      512.164   4.5240473e+14
      512.190   4.5021135e+14
      512.216   4.4624173e+14
      512.243   4.4211754e+14
      512.269   4.3860995e+14
      512.295   4.3576201e+14
      512.321   4.3374440e+14
      512.348   4.3161890e+14
      512.374   4.2763823e+14
      512.400   4.2349983e+14
      512.426   4.1903537e+14
      512.453   4.1443389e+14
      512.479   4.1051796e+14
      512.505   4.0930706e+14
      512.531   4.0750215e+14
      512.558   4.0537430e+14
      512.584   4.0258731e+14
      512.610   4.0096573e+14
      512.636   3.9874777e+14
      512.663   3.9653042e+14
      512.689   3.9506120e+14
      512.715   3.9619419e+14
      512.742   3.9771820e+14
      512.768   3.9858761e+14
      512.794   3.9868558e+14
      512.821   3.9820349e+14
      512.847   3.9649887e+14
      512.873   3.9614886e+14
      512.899   3.9750401e+14
      512.926   4.0038361e+14
      512.952   4.0402112e+14
      512.978   4.0794513e+14
      513.005   4.0923180e+14
      513.031   4.1034555e+14
      513.057   4.1127749e+14
      513.084   4.1313499e+14
      513.110   4.1524719e+14
      513.136   4.1819579e+14
      513.163   4.2041533e+14
      513.189   4.2105938e+14
      513.215   4.1840676e+14
      513.242   4.1540397e+14
      513.268   4.1338331e+14
      513.294   4.1233874e+14
      513.321   4.1368649e+14
      513.347   4.1752121e+14
      513.373   4.2117416e+14
      513.400   4.2457721e+14
      513.426   4.2766257e+14
      513.452   4.2900830e+14
      513.479   4.2961122e+14
      513.505   4.3103039e+14
      513.532   4.3178433e+14
      513.558   4.3029832e+14
      513.584   4.2811305e+14
      513.611   4.2653865e+14
      513.637   4.2494577e+14
      513.663   4.2377008e+14
      513.690   4.2392237e+14
      513.716   4.2621410e+14
      513.743   4.2825567e+14
      513.769   4.2653826e+14
      513.795   4.2251845e+14
      513.822   4.1966009e+14
      513.848   4.1587288e+14
      513.875   4.1179954e+14
      513.901   4.1065193e+14
      513.927   4.1163372e+14
      513.954   4.1239403e+14
      513.980   4.1286742e+14
      514.007   4.1214440e+14
      514.033   4.0937097e+14
      514.060   4.0799480e+14
      514.086   4.0672909e+14
      514.112   4.0357093e+14
      514.139   3.9955352e+14
      514.165   3.9804527e+14
      514.192   3.9517138e+14
      514.218   3.9180580e+14
      514.245   3.9031097e+14
      514.271   3.9207224e+14
      514.297   3.9662171e+14
      514.324   4.0278491e+14
      514.350   4.0904352e+14
      514.377   4.1545645e+14
      514.403   4.2009838e+14
      514.430   4.1989955e+14
      514.456   4.1702039e+14
      514.483   4.1302163e+14
      514.509   4.0766437e+14
      514.536   4.0452281e+14
      514.562   4.0198058e+14
      514.589   3.9992315e+14
      514.615   3.9977639e+14
      514.642   4.0315731e+14
      514.668   4.0529109e+14
      514.695   4.0847460e+14
      514.721   4.1239134e+14
      514.747   4.1584374e+14
      514.774   4.1697398e+14
      514.800   4.1762579e+14
      514.827   4.1734671e+14
      514.854   4.1699646e+14
      514.880   4.1623440e+14
      514.907   4.1502144e+14
      514.933   4.1267396e+14
      514.960   4.1165431e+14
      514.986   4.1109647e+14
      515.013   4.1115351e+14
      515.039   4.1030792e+14
      515.066   4.1158492e+14
      515.092   4.1253792e+14
      515.119   4.1281864e+14
      515.145   4.1177535e+14
      515.172   4.1291195e+14
      515.198   4.1459817e+14
      515.225   4.1567216e+14
      515.251   4.1573349e+14
      515.278   4.1668730e+14
      515.305   4.1706332e+14
      515.331   4.1581562e+14
      515.358   4.1331632e+14
      515.384   4.1206893e+14
      515.411   4.0958999e+14
      515.437   4.0855848e+14
      515.464   4.0992780e+14
      515.490   4.1216628e+14
      515.517   4.1306425e+14
      515.544   4.1676094e+14
      515.570   4.2057791e+14
      515.597   4.2338541e+14
      515.623   4.2583135e+14
      515.650   4.2855385e+14
      515.677   4.3113613e+14
      515.703   4.3330148e+14
      515.730   4.3415138e+14
      515.756   4.3486435e+14
      515.783   4.3707047e+14
      515.810   4.3743375e+14
      515.836   4.3582436e+14
      515.863   4.3592125e+14
      515.889   4.3706677e+14
      515.916   4.3759857e+14
      515.943   4.3938894e+14
      515.969   4.4237828e+14
      515.996   4.4445212e+14
      516.023   4.4578906e+14
      516.049   4.4602823e+14
      516.076   4.4330654e+14
      516.102   4.4046166e+14
      516.129   4.3774715e+14
      516.156   4.3555204e+14
      516.182   4.3420100e+14
      516.209   4.3471496e+14
      516.236   4.3449229e+14
      516.262   4.3494266e+14
      516.289   4.3501726e+14
      516.316   4.3425796e+14
      516.342   4.3369690e+14
      516.369   4.3315495e+14
      516.396   4.3024263e+14
      516.422   4.2770399e+14
      516.449   4.2489861e+14
      516.476   4.1984527e+14
      516.502   4.1472464e+14
      516.529   4.0960586e+14
      516.556   4.0031995e+14
      516.582   3.8982557e+14
      516.609   3.8046639e+14
      516.636   3.7173541e+14
      516.662   3.6456859e+14
      516.689   3.6074840e+14
      516.716   3.5687979e+14
      516.742   3.4996532e+14
      516.769   3.4180769e+14
      516.796   3.3395898e+14
      516.823   3.2757778e+14
      516.849   3.2431740e+14
      516.876   3.2520190e+14
      516.903   3.2904807e+14
      516.929   3.3290124e+14
      516.956   3.3478625e+14
      516.983   3.3585162e+14
      517.010   3.3423846e+14
      517.036   3.2969169e+14
      517.063   3.2312254e+14
      517.090   3.1754491e+14
      517.117   3.1229639e+14
      517.143   3.0977157e+14
      517.170   3.0794092e+14
      517.197   3.0644248e+14
      517.224   3.0343431e+14
      517.250   3.0313564e+14
      517.277   3.0592589e+14
      517.304   3.1060561e+14
      517.331   3.1697114e+14
      517.357   3.2511732e+14
      517.384   3.3019230e+14
      517.411   3.3188386e+14
      517.438   3.3222491e+14
      517.464   3.3185738e+14
      517.491   3.3064794e+14
      517.518   3.3198288e+14
      517.545   3.3529931e+14
      517.572   3.3932424e+14
      517.598   3.4564771e+14
      517.625   3.5705987e+14
      517.652   3.7011192e+14
      517.679   3.8409192e+14
      517.706   3.9859584e+14
      517.732   4.1297887e+14
      517.759   4.2439717e+14
      517.786   4.3271559e+14
      517.813   4.3838168e+14
      517.840   4.4231662e+14
      517.866   4.4385878e+14
      517.893   4.4389886e+14
      517.920   4.4308370e+14
      517.947   4.4200635e+14
      517.974   4.4081987e+14
      518.001   4.3995313e+14
      518.027   4.3941149e+14
      518.054   4.3814008e+14
      518.081   4.3605276e+14
      518.108   4.3314487e+14
      518.135   4.2801373e+14
      518.162   4.1960709e+14
      518.188   4.0789177e+14
      518.215   3.9303412e+14
      518.242   3.7739782e+14
      518.269   3.6256166e+14
      518.296   3.4965123e+14
      518.323   3.4003474e+14
      518.350   3.3404679e+14
      518.376   3.3037255e+14
      518.403   3.2828504e+14
      518.430   3.2700473e+14
      518.457   3.2678115e+14
      518.484   3.2721848e+14
      518.511   3.2717962e+14
      518.538   3.2733218e+14
      518.565   3.2844850e+14
      518.592   3.2998353e+14
      518.618   3.3178049e+14
      518.645   3.3380814e+14
      518.672   3.3759287e+14
      518.699   3.4236920e+14
      518.726   3.4782342e+14
      518.753   3.5727185e+14
      518.780   3.7018111e+14
      518.807   3.8374075e+14
      518.834   3.9786404e+14
      518.861   4.1216137e+14
      518.888   4.2271555e+14
      518.914   4.2958675e+14
      518.941   4.3384636e+14
      518.968   4.3593821e+14
      518.995   4.3413648e+14
      519.022   4.3229682e+14
      519.049   4.2928377e+14
      519.076   4.2341110e+14
      519.103   4.1742104e+14
      519.130   4.1316216e+14
      519.157   4.0889773e+14
      519.184   4.0620058e+14
      519.211   4.0564463e+14
      519.238   4.0839137e+14
      519.265   4.1330616e+14
      519.292   4.1742071e+14
      519.319   4.1944454e+14
      519.346   4.1873158e+14
      519.373   4.1475567e+14
      519.400   4.0748886e+14
      519.427   3.9999659e+14
      519.454   3.9297147e+14
      519.481   3.8869045e+14
      519.508   3.8649768e+14
      519.534   3.8737092e+14
      519.561   3.8781717e+14
      519.589   3.9066878e+14
      519.615   3.9453456e+14
      519.642   3.9709749e+14
      519.669   4.0022900e+14
      519.696   4.0395640e+14
      519.724   4.0433801e+14
      519.751   4.0484505e+14
      519.778   4.0452442e+14
      519.805   4.0166335e+14
      519.832   3.9859791e+14
      519.859   3.9992158e+14
      519.886   4.0069259e+14
      519.913   4.0428978e+14
      519.940   4.0894042e+14
      519.967   4.1574035e+14
      519.994   4.2097191e+14
      520.021   4.2731825e+14
      520.048   4.3010790e+14
      520.075   4.2940020e+14
      520.102   4.2846350e+14
      520.129   4.2857349e+14
      520.156   4.2899955e+14
      520.183   4.3059847e+14
      520.210   4.3486205e+14
      520.237   4.3976376e+14
      520.264   4.4243244e+14
      520.291   4.4048485e+14
      520.318   4.3864876e+14
      520.346   4.3796568e+14
      520.373   4.3534995e+14
      520.400   4.3363140e+14
      520.427   4.3251852e+14
      520.454   4.2789579e+14
      520.481   4.2402863e+14
      520.508   4.2012219e+14
      520.535   4.1500612e+14
      520.562   4.1093572e+14
      520.589   4.1311937e+14
      520.616   4.1529033e+14
      520.644   4.1632204e+14
      520.671   4.1564144e+14
      520.698   4.1216616e+14
      520.725   4.0654943e+14
      520.752   3.9991699e+14
      520.779   3.9332994e+14
      520.806   3.9141085e+14
      520.833   3.9548190e+14
      520.860   3.9860457e+14
      520.888   3.9958797e+14
      520.915   4.0123574e+14
      520.942   4.0065105e+14
      520.969   4.0211027e+14
      520.996   4.0434214e+14
      521.023   4.0896715e+14
      521.050   4.1454389e+14
      521.078   4.1992896e+14
      521.105   4.2130697e+14
      521.132   4.2167167e+14
      521.159   4.2134935e+14
      521.186   4.1991414e+14
      521.213   4.2312644e+14
      521.241   4.2813379e+14
      521.268   4.3340432e+14
      521.295   4.3834210e+14
      521.322   4.4348129e+14
      521.349   4.4277951e+14
      521.376   4.3847366e+14
      521.404   4.3654189e+14
      521.431   4.3524893e+14
      521.458   4.3233470e+14
      521.485   4.2829727e+14
      521.512   4.2772715e+14
      521.540   4.2523232e+14
      521.567   4.2153856e+14
      521.594   4.1861546e+14
      521.621   4.1879314e+14
      521.648   4.1639053e+14
      521.676   4.1268256e+14
      521.703   4.1109571e+14
      521.730   4.1143979e+14
      521.757   4.1132374e+14
      521.784   4.1217335e+14
      521.812   4.1382306e+14
      521.839   4.1396660e+14
      521.866   4.1316457e+14
      521.893   4.1456076e+14
      521.921   4.1641883e+14
      521.948   4.1752653e+14
      521.975   4.1941325e+14
      522.002   4.2485855e+14
      522.030   4.2880427e+14
      522.057   4.3184390e+14
      522.084   4.3489073e+14
      522.111   4.3951898e+14
      522.139   4.4138450e+14
      522.166   4.4243375e+14
      522.193   4.4524509e+14
      522.221   4.4900919e+14
      522.248   4.5055394e+14
      522.275   4.5094668e+14
      522.302   4.5069088e+14
      522.330   4.4841828e+14
      522.357   4.4519266e+14
      522.384   4.4287511e+14
      522.411   4.4136874e+14
      522.439   4.4052337e+14
      522.466   4.3951384e+14
      522.493   4.3679502e+14
      522.521   4.3115128e+14
      522.548   4.2247550e+14
      522.575   4.1162987e+14
      522.603   4.0259515e+14
      522.630   3.9674690e+14
      522.657   3.9286108e+14
      522.685   3.9140287e+14
      522.712   3.9237522e+14
      522.739   3.9228442e+14
      522.766   3.9141981e+14
      522.794   3.9087518e+14
      522.821   3.8876575e+14
      522.849   3.8663220e+14
      522.876   3.8508564e+14
      522.903   3.8453254e+14
      522.930   3.8512237e+14
      522.958   3.8813780e+14
      522.985   3.8989389e+14
      523.013   3.9188452e+14
      523.040   3.9441540e+14
      523.067   3.9879901e+14
      523.095   4.0603309e+14
      523.122   4.1304979e+14
      523.149   4.1693968e+14
      523.177   4.1998643e+14
      523.204   4.2178887e+14
      523.232   4.2118233e+14
      523.259   4.2121570e+14
      523.286   4.2244773e+14
      523.314   4.2038867e+14
      523.341   4.1908724e+14
      523.368   4.1714425e+14
      523.396   4.1504123e+14
      523.423   4.1467295e+14
      523.451   4.1648639e+14
      523.478   4.1492582e+14
      523.505   4.1428312e+14
      523.533   4.1435341e+14
      523.560   4.1277184e+14
      523.588   4.1062879e+14
      523.615   4.0910340e+14
      523.642   4.0692238e+14
      523.670   4.0820551e+14
      523.697   4.1120486e+14
      523.725   4.1551689e+14
      523.752   4.1991017e+14
      523.780   4.2466600e+14
      523.807   4.2541432e+14
      523.834   4.2644186e+14
      523.862   4.2732551e+14
      523.889   4.2918167e+14
      523.917   4.3284143e+14
      523.944   4.3724958e+14
      523.972   4.4056094e+14
      523.999   4.4478877e+14
      524.027   4.4798076e+14
      524.054   4.4853834e+14
      524.082   4.4750314e+14
      524.109   4.4697527e+14
      524.136   4.4515282e+14
      524.164   4.4451463e+14
      524.191   4.4407266e+14
      524.219   4.4424751e+14
      524.246   4.4445746e+14
      524.274   4.4530703e+14
      524.301   4.4519225e+14
      524.329   4.4520127e+14
      524.356   4.4681573e+14
      524.384   4.4743844e+14
      524.411   4.4615783e+14
      524.439   4.4558057e+14
      524.466   4.4513379e+14
      524.494   4.4339243e+14
      524.521   4.4130630e+14
      524.549   4.3964394e+14
      524.576   4.3700241e+14
      524.604   4.3353402e+14
      524.631   4.3205596e+14
      524.659   4.3220727e+14
      524.687   4.3377101e+14
      524.714   4.3557033e+14
      524.742   4.3918185e+14
      524.769   4.4145729e+14
      524.797   4.4236696e+14
      524.824   4.4290009e+14
      524.852   4.4221492e+14
      524.879   4.3981260e+14
      524.907   4.3477343e+14
      524.934   4.3277080e+14
      524.962   4.3173174e+14
      524.990   4.3200829e+14
      525.017   4.3181066e+14
      525.045   4.3378342e+14
      525.072   4.3517107e+14
      525.100   4.3554351e+14
      525.127   4.3804442e+14
      525.155   4.4132170e+14
      525.182   4.4317381e+14
      525.210   4.4353958e+14
      525.238   4.4403507e+14
      525.265   4.4288449e+14
      525.293   4.4120361e+14
      525.320   4.3978204e+14
      525.348   4.3607712e+14
      525.376   4.3347864e+14
      525.403   4.2924532e+14
      525.431   4.2784424e+14
      525.458   4.2915911e+14
      525.486   4.3232054e+14
      525.514   4.3384508e+14
      525.541   4.3719541e+14
      525.569   4.3948044e+14
      525.597   4.4039940e+14
      525.624   4.4119985e+14
      525.652   4.4227368e+14
      525.679   4.4266659e+14
      525.707   4.4273178e+14
      525.735   4.4080931e+14
      525.762   4.3829688e+14
      525.790   4.3594847e+14
      525.818   4.3414198e+14
      525.845   4.3265407e+14
      525.873   4.3478667e+14
      525.901   4.3672124e+14
      525.928   4.4038164e+14
      525.956   4.4576137e+14
      525.984   4.5000045e+14
      526.011   4.5034333e+14
      526.039   4.5110083e+14
      526.067   4.4808746e+14
      526.094   4.4343201e+14
      526.122   4.3880398e+14
      526.150   4.3619349e+14
      526.177   4.3091391e+14
      526.205   4.2803683e+14
      526.233   4.2319219e+14
      526.260   4.1760950e+14
      526.288   4.1550876e+14
      526.316   4.1710633e+14
      526.343   4.1874021e+14
      526.371   4.2057692e+14
      526.399   4.1955336e+14
      526.427   4.1594038e+14
      526.454   4.1199928e+14
      526.482   4.0521837e+14
      526.510   3.9669281e+14
      526.537   3.9452555e+14
      526.565   3.9078929e+14
      526.593   3.8970614e+14
      526.621   3.9211664e+14
      526.648   3.9793424e+14
      526.676   3.9664845e+14
      526.704   3.9818673e+14
      526.732   3.9638168e+14
      526.759   3.9174081e+14
      526.787   3.8580408e+14
      526.815   3.8226787e+14
      526.843   3.7634914e+14
      526.870   3.7189703e+14
      526.898   3.6316067e+14
      526.926   3.5664038e+14
      526.954   3.5418561e+14
      526.981   3.5289241e+14
      527.009   3.5642048e+14
      527.037   3.6498785e+14
      527.065   3.7126955e+14
      527.093   3.7642696e+14
      527.120   3.8009372e+14
      527.148   3.8017545e+14
      527.176   3.7655132e+14
      527.204   3.7313150e+14
      527.232   3.7018294e+14
      527.259   3.6830168e+14
      527.287   3.6946536e+14
      527.315   3.7591045e+14
      527.343   3.8309351e+14
      527.370   3.8963340e+14
      527.398   3.9733478e+14
      527.426   4.0320586e+14
      527.454   4.0485050e+14
      527.482   4.0485494e+14
      527.510   4.0453082e+14
      527.537   4.0224927e+14
      527.565   4.0037049e+14
      527.593   3.9952992e+14
      527.621   3.9896761e+14
      527.649   3.9885498e+14
      527.677   4.0080877e+14
      527.704   4.0620727e+14
      527.732   4.1222498e+14
      527.760   4.1804066e+14
      527.788   4.2316080e+14
      527.816   4.2612988e+14
      527.844   4.2645858e+14
      527.872   4.2594422e+14
      527.899   4.2619134e+14
      527.927   4.2760339e+14
      527.955   4.3095620e+14
      527.983   4.3560794e+14
      528.011   4.3878161e+14
      528.039   4.4033723e+14
      528.067   4.4076817e+14
      528.095   4.3987278e+14
      528.123   4.3759137e+14
      528.150   4.3660251e+14
      528.178   4.3543880e+14
      528.206   4.3209707e+14
      528.234   4.2764268e+14
      528.262   4.2291514e+14
      528.290   4.1776548e+14
      528.318   4.1345931e+14
      528.346   4.1125347e+14
      528.374   4.1038629e+14
      528.402   4.1137999e+14
      528.430   4.1354854e+14
      528.457   4.1600222e+14
      528.485   4.1852882e+14
      528.513   4.2097355e+14
      528.541   4.2408987e+14
      528.569   4.2738078e+14
      528.597   4.3076409e+14
      528.625   4.3437493e+14
      528.653   4.3794524e+14
      528.681   4.3918798e+14
      528.709   4.4049045e+14
      528.737   4.4366132e+14
      528.765   4.4738525e+14
      528.793   4.5156613e+14
      528.821   4.5685746e+14
      528.849   4.6121902e+14
      528.877   4.6271945e+14
      528.905   4.6323405e+14
      528.933   4.6299859e+14
      528.961   4.6217364e+14
      528.989   4.6142650e+14
      529.017   4.6142535e+14
      529.045   4.6166316e+14
      529.073   4.6181161e+14
      529.101   4.6178794e+14
      529.129   4.6162427e+14
      529.156   4.6127335e+14
      529.185   4.6101907e+14
      529.213   4.6153248e+14
      529.241   4.6211714e+14
      529.269   4.6282123e+14
      529.297   4.6368161e+14
      529.325   4.6441123e+14
      529.353   4.6397206e+14
      529.381   4.6370268e+14
      529.409   4.6440033e+14
      529.437   4.6513479e+14
      529.465   4.6527215e+14
      529.493   4.6496371e+14
      529.521   4.6358002e+14
      529.549   4.6061072e+14
      529.577   4.5621162e+14
      529.605   4.5187380e+14
      529.633   4.4740664e+14
      529.661   4.4207922e+14
      529.689   4.3605213e+14
      529.717   4.3046544e+14
      529.745   4.2494918e+14
      529.773   4.2089662e+14
      529.801   4.1888066e+14
      529.829   4.1839123e+14
      529.857   4.1845601e+14
      529.886   4.1848743e+14
      529.914   4.1717450e+14
      529.942   4.1523797e+14
      529.970   4.1335396e+14
      529.998   4.1247741e+14
      530.026   4.1236917e+14
      530.054   4.1296039e+14
      530.082   4.1355858e+14
      530.110   4.1501759e+14
      530.138   4.1634106e+14
      530.166   4.1852784e+14
      530.195   4.2281311e+14
      530.223   4.2905240e+14
      530.251   4.3488963e+14
      530.279   4.4019372e+14
      530.307   4.4394205e+14
      530.335   4.4568065e+14
      530.363   4.4597550e+14
      530.391   4.4596873e+14
      530.420   4.4641233e+14
      530.448   4.4801803e+14
      530.476   4.5014927e+14
      530.504   4.5223239e+14
      530.532   4.5382965e+14
      530.560   4.5451013e+14
      530.588   4.5450630e+14
      530.617   4.5497154e+14
      530.645   4.5563155e+14
      530.673   4.5620625e+14
      530.701   4.5674653e+14
      530.729   4.5661610e+14
      530.757   4.5603375e+14
      530.786   4.5501217e+14
      530.814   4.5403066e+14
      530.842   4.5347555e+14
      530.870   4.5313030e+14
      530.898   4.5275501e+14
      530.926   4.5269332e+14
      530.955   4.5309189e+14
      530.983   4.5345926e+14
      531.011   4.5385383e+14
      531.039   4.5439118e+14
      531.067   4.5499781e+14
      531.096   4.5595751e+14
      531.124   4.5720777e+14
      531.152   4.5835888e+14
      531.180   4.5930699e+14
      531.208   4.6017432e+14
      531.237   4.6065190e+14
      531.265   4.6077174e+14
      531.293   4.6113850e+14
      531.321   4.6176126e+14
      531.350   4.6173361e+14
      531.378   4.6120974e+14
      531.406   4.6077116e+14
      531.434   4.6026801e+14
      531.463   4.5952043e+14
      531.491   4.5794430e+14
      531.519   4.5499053e+14
      531.547   4.5156376e+14
      531.576   4.4763633e+14
      531.604   4.4342945e+14
      531.632   4.4075464e+14
      531.660   4.3991436e+14
      531.689   4.3952184e+14
      531.717   4.3952143e+14
      531.745   4.4001257e+14
      531.773   4.4061683e+14
      531.802   4.4101812e+14
      531.830   4.4093002e+14
      531.858   4.4111197e+14
      531.887   4.4196101e+14
      531.915   4.4274295e+14
      531.943   4.4281645e+14
      531.971   4.4268452e+14
      532.000   4.4240274e+14
      532.028   4.4245544e+14
      532.056   4.4296740e+14
      532.085   4.4442579e+14
      532.113   4.4725260e+14
      532.141   4.5032177e+14
      532.170   4.5242189e+14
      532.198   4.5388947e+14
      532.226   4.5463467e+14
      532.255   4.5267277e+14
      532.283   4.4896340e+14
      532.311   4.4519629e+14
      532.340   4.4179395e+14
      532.368   4.3910460e+14
      532.396   4.3778389e+14
      532.425   4.3717655e+14
      532.453   4.3604046e+14
      532.481   4.3478896e+14
      532.510   4.3354679e+14
      532.538   4.3318391e+14
      532.566   4.3388051e+14
      532.595   4.3489349e+14
      532.623   4.3355645e+14
      532.652   4.2840853e+14
      532.680   4.1928535e+14
      532.708   4.0752811e+14
      532.737   3.9488667e+14
      532.765   3.8524812e+14
      532.793   3.8130436e+14
      532.822   3.8101491e+14
      532.850   3.8238970e+14
      532.879   3.8480819e+14
      532.907   3.8682716e+14
      532.935   3.8729250e+14
      532.964   3.8850599e+14
      532.992   3.9108606e+14
      533.021   3.9387412e+14
      533.049   3.9655857e+14
      533.077   3.9904258e+14
      533.106   4.0018173e+14
      533.134   3.9925986e+14
      533.163   3.9827901e+14
      533.191   3.9973826e+14
      533.220   4.0416509e+14
      533.248   4.1095484e+14
      533.276   4.2005611e+14
      533.305   4.2937033e+14
      533.333   4.3603894e+14
      533.362   4.4013081e+14
      533.390   4.4317054e+14
      533.419   4.4513718e+14
      533.447   4.4667063e+14
      533.476   4.4806922e+14
      533.504   4.4824370e+14
      533.532   4.4750490e+14
      533.561   4.4671877e+14
      533.589   4.4498540e+14
      533.618   4.4133116e+14
      533.646   4.3696271e+14
      533.675   4.3430877e+14
      533.703   4.3391089e+14
      533.732   4.3542273e+14
      533.760   4.3906677e+14
      533.789   4.4308975e+14
      533.817   4.4347918e+14
      533.846   4.4075268e+14
      533.874   4.3740198e+14
      533.903   4.3359365e+14
      533.931   4.2883447e+14
      533.960   4.2467057e+14
      533.988   4.2154892e+14
      534.017   4.1888416e+14
      534.045   4.1726428e+14
      534.074   4.1680554e+14
      534.102   4.1697544e+14
      534.131   4.1805907e+14
      534.159   4.2104798e+14
      534.188   4.2553962e+14
      534.217   4.3119492e+14
      534.245   4.3744769e+14
      534.274   4.4258817e+14
      534.302   4.4513767e+14
      534.331   4.4662280e+14
      534.359   4.4892502e+14
      534.388   4.5106893e+14
      534.416   4.5117218e+14
      534.445   4.5033085e+14
      534.474   4.4924136e+14
      534.502   4.4675001e+14
      534.531   4.4408327e+14
      534.559   4.4325378e+14
      534.588   4.4348053e+14
      534.616   4.4324224e+14
      534.645   4.4253197e+14
      534.674   4.4066404e+14
      534.702   4.3847218e+14
      534.731   4.3621386e+14
      534.759   4.3299335e+14
      534.788   4.2917727e+14
      534.817   4.2614484e+14
      534.845   4.2349828e+14
      534.874   4.2061351e+14
      534.902   4.1810763e+14
      534.931   4.1778474e+14
      534.960   4.2049130e+14
      534.988   4.2518214e+14
      535.017   4.3093968e+14
      535.046   4.3696150e+14
      535.074   4.4171756e+14
      535.103   4.4440350e+14
      535.131   4.4512185e+14
      535.160   4.4420379e+14
      535.189   4.4322756e+14
      535.217   4.4303548e+14
      535.246   4.4314150e+14
      535.275   4.4374698e+14
      535.303   4.4574316e+14
      535.332   4.4881367e+14
      535.361   4.5186590e+14
      535.389   4.5493155e+14
      535.418   4.5804716e+14
      535.447   4.6078660e+14
      535.475   4.6256575e+14
      535.504   4.6350709e+14
      535.533   4.6389536e+14
      535.561   4.6411315e+14
      535.590   4.6435974e+14
      535.619   4.6420193e+14
      535.647   4.6363411e+14
      535.676   4.6373891e+14
      535.705   4.6491073e+14
      535.733   4.6620267e+14
      535.762   4.6675632e+14
      535.791   4.6668689e+14
      535.820   4.6615240e+14
      535.848   4.6491949e+14
      535.877   4.6322456e+14
      535.906   4.6233167e+14
      535.934   4.6231233e+14
      535.963   4.6212406e+14
      535.992   4.6111236e+14
      536.021   4.5961213e+14
      536.049   4.5832267e+14
      536.078   4.5725944e+14
      536.107   4.5571691e+14
      536.136   4.5381598e+14
      536.164   4.5232585e+14
      536.193   4.5111322e+14
      536.222   4.4986789e+14
      536.251   4.4923207e+14
      536.279   4.5014518e+14
      536.308   4.5113132e+14
      536.337   4.5082823e+14
      536.366   4.4969199e+14
      536.394   4.4807537e+14
      536.423   4.4625217e+14
      536.452   4.4465931e+14
      536.481   4.4407882e+14
      536.509   4.4493380e+14
      536.538   4.4691411e+14
      536.567   4.4763044e+14
      536.596   4.4638176e+14
      536.625   4.4510035e+14
      536.653   4.4471223e+14
      536.682   4.4467408e+14
      536.711   4.4564658e+14
      536.740   4.4816559e+14
      536.769   4.5020038e+14
      536.797   4.4996374e+14
      536.826   4.4783891e+14
      536.855   4.4478910e+14
      536.884   4.4361649e+14
      536.913   4.4382758e+14
      536.942   4.4429023e+14
      536.970   4.4309798e+14
      536.999   4.3880773e+14
      537.028   4.3188944e+14
      537.057   4.2405240e+14
      537.086   4.1754277e+14
      537.115   4.1506168e+14
      537.143   4.1668830e+14
      537.172   4.1932495e+14
      537.201   4.2114616e+14
      537.230   4.2132891e+14
      537.259   4.2037653e+14
      537.288   4.1869209e+14
      537.317   4.1693050e+14
      537.346   4.1769360e+14
      537.374   4.2091103e+14
      537.403   4.2401530e+14
      537.432   4.2676550e+14
      537.461   4.2905892e+14
      537.490   4.3140854e+14
      537.519   4.3529060e+14
      537.548   4.4054669e+14
      537.577   4.4637248e+14
      537.606   4.5249972e+14
      537.634   4.5669534e+14
      537.663   4.5778752e+14
      537.692   4.5691089e+14
      537.721   4.5632345e+14
      537.750   4.5651284e+14
      537.779   4.5624028e+14
      537.808   4.5523273e+14
      537.837   4.5476174e+14
      537.866   4.5453342e+14
      537.895   4.5364230e+14
      537.924   4.5281170e+14
      537.953   4.5226811e+14
      537.982   4.5182717e+14
      538.010   4.5136907e+14
      538.039   4.5107042e+14
      538.068   4.5083244e+14
      538.097   4.4997578e+14
      538.126   4.4865912e+14
      538.155   4.4658591e+14
      538.184   4.4288966e+14
      538.213   4.3927013e+14
      538.242   4.3693219e+14
      538.271   4.3457764e+14
      538.300   4.3363106e+14
      538.329   4.3509460e+14
      538.358   4.3697169e+14
      538.387   4.3854534e+14
      538.416   4.3999535e+14
      538.445   4.4111143e+14
      538.474   4.4145904e+14
      538.503   4.4142358e+14
      538.532   4.4123624e+14
      538.561   4.4059797e+14
      538.590   4.3978675e+14
      538.619   4.3960166e+14
      538.648   4.3994929e+14
      538.677   4.4142340e+14
      538.706   4.4526271e+14
      538.735   4.4974283e+14
      538.764   4.5314586e+14
      538.793   4.5536194e+14
      538.822   4.5612426e+14
      538.851   4.5529470e+14
      538.880   4.5323304e+14
      538.909   4.5183515e+14
      538.938   4.5144478e+14
      538.967   4.5070599e+14
      538.996   4.4939660e+14
      539.025   4.4844559e+14
      539.055   4.4782464e+14
      539.084   4.4753732e+14
      539.113   4.4839363e+14
      539.142   4.4885242e+14
      539.171   4.4740968e+14
      539.200   4.4594809e+14
      539.229   4.4431559e+14
      539.258   4.4211918e+14
      539.287   4.4075071e+14
      539.316   4.4099633e+14
      539.345   4.4132619e+14
      539.374   4.4166316e+14
      539.403   4.4237682e+14
      539.432   4.4310460e+14
      539.462   4.4318261e+14
      539.491   4.4315233e+14
      539.520   4.4281307e+14
      539.549   4.4004912e+14
      539.578   4.3515741e+14
      539.607   4.3110082e+14
      539.636   4.2614735e+14
      539.665   4.2205718e+14
      539.695   4.2085369e+14
      539.724   4.2245164e+14
      539.753   4.2381093e+14
      539.782   4.2509544e+14
      539.811   4.2569638e+14
      539.840   4.2625294e+14
      539.869   4.2578150e+14
      539.898   4.2437335e+14
      539.928   4.2309455e+14
      539.957   4.2180554e+14
      539.986   4.1976232e+14
      540.015   4.1823884e+14
      540.044   4.1835478e+14
      540.073   4.2167519e+14
      540.103   4.2720794e+14
      540.132   4.3339412e+14
      540.161   4.3943327e+14
      540.190   4.4604936e+14
      540.219   4.4935545e+14
      540.249   4.4768355e+14
      540.278   4.4322938e+14
      540.307   4.3846780e+14
      540.336   4.3256686e+14
      540.365   4.2625290e+14
      540.394   4.2129766e+14
      540.424   4.1765749e+14
      540.453   4.1393423e+14
      540.482   4.1104975e+14
      540.511   4.0914248e+14
      540.541   4.0821322e+14
      540.570   4.0779192e+14
      540.599   4.0652659e+14
      540.628   4.0498447e+14
      540.657   4.0356647e+14
      540.687   4.0221938e+14
      540.716   4.0072139e+14
      540.745   4.0047079e+14
      540.774   4.0177496e+14
      540.804   4.0348798e+14
      540.833   4.0474082e+14
      540.862   4.0753476e+14
      540.891   4.1038052e+14
      540.921   4.1163927e+14
      540.950   4.1346039e+14
      540.979   4.1818359e+14
      541.008   4.2262017e+14
      541.038   4.2724995e+14
      541.067   4.3112384e+14
      541.096   4.3436936e+14
      541.126   4.3538454e+14
      541.155   4.3504965e+14
      541.184   4.3399650e+14
      541.213   4.3315681e+14
      541.243   4.3145881e+14
      541.272   4.2999450e+14
      541.301   4.2899481e+14
      541.331   4.2964386e+14
      541.360   4.3032029e+14
      541.389   4.3065397e+14
      541.419   4.3094402e+14
      541.448   4.3320097e+14
      541.477   4.3488753e+14
      541.506   4.3666586e+14
      541.536   4.3864505e+14
      541.565   4.3966518e+14
      541.594   4.3906469e+14
      541.624   4.3765468e+14
      541.653   4.3661004e+14
      541.682   4.3683151e+14
      541.712   4.3805244e+14
      541.741   4.3866884e+14
      541.771   4.3960807e+14
      541.800   4.4045720e+14
      541.829   4.4031945e+14
      541.859   4.4000632e+14
      541.888   4.4125049e+14
      541.917   4.4383457e+14
      541.947   4.4562781e+14
      541.976   4.4764827e+14
      542.005   4.4953029e+14
      542.035   4.4992287e+14
      542.064   4.5003019e+14
      542.094   4.5099424e+14
      542.123   4.5189162e+14
      542.152   4.5311369e+14
      542.182   4.5504002e+14
      542.211   4.5559914e+14
      542.241   4.5434352e+14
      542.270   4.5173658e+14
      542.299   4.4928927e+14
      542.329   4.4625213e+14
      542.358   4.4320659e+14
      542.388   4.4157571e+14
      542.417   4.4196247e+14
      542.446   4.4241988e+14
      542.476   4.4343599e+14
      542.505   4.4530792e+14
      542.535   4.4735987e+14
      542.564   4.4915459e+14
      542.594   4.5078098e+14
      542.623   4.5229131e+14
      542.652   4.5338509e+14
      542.682   4.5396916e+14
      542.711   4.5339156e+14
      542.741   4.5187076e+14
      542.770   4.5099626e+14
      542.800   4.4830706e+14
      542.829   4.4352298e+14
      542.859   4.4017829e+14
      542.888   4.3860810e+14
      542.918   4.3670183e+14
      542.947   4.3621474e+14
      542.977   4.3752592e+14
      543.006   4.3743942e+14
      543.036   4.3672531e+14
      543.065   4.3544229e+14
      543.095   4.3375234e+14
      543.124   4.3162310e+14
      543.154   4.2938365e+14
      543.183   4.2699452e+14
      543.213   4.2474509e+14
      543.242   4.2294465e+14
      543.272   4.2030803e+14
      543.301   4.1657650e+14
      543.331   4.1675635e+14
      543.360   4.1976208e+14
      543.390   4.2357317e+14
      543.419   4.2882921e+14
      543.449   4.3509837e+14
      543.478   4.3628552e+14
      543.508   4.3475687e+14
      543.537   4.3259972e+14
      543.567   4.2978759e+14
      543.596   4.2833281e+14
      543.626   4.2807704e+14
      543.656   4.2883576e+14
      543.685   4.3010322e+14
      543.715   4.3248777e+14
      543.744   4.3426286e+14
      543.774   4.3512592e+14
      543.803   4.3712795e+14
      543.833   4.4051653e+14
      543.863   4.4427133e+14
      543.892   4.4829007e+14
      543.922   4.5275390e+14
      543.951   4.5530061e+14
      543.981   4.5596474e+14
      544.010   4.5728665e+14
      544.040   4.5885993e+14
      544.070   4.6166128e+14
      544.099   4.6488936e+14
      544.129   4.6808347e+14
      544.158   4.7008904e+14
      544.188   4.7172029e+14
      544.218   4.7229130e+14
      544.247   4.7237007e+14
      544.277   4.7237888e+14
      544.307   4.7210904e+14
      544.336   4.7067815e+14
      544.366   4.6771707e+14
      544.395   4.6535945e+14
      544.425   4.6302852e+14
      544.455   4.6052954e+14
      544.484   4.5882566e+14
      544.514   4.5623153e+14
      544.544   4.4998775e+14
      544.573   4.4402347e+14
      544.603   4.3876150e+14
      544.633   4.3384867e+14
      544.662   4.3109754e+14
      544.692   4.3100445e+14
      544.722   4.3075293e+14
      544.751   4.3012210e+14
      544.781   4.2949215e+14
      544.811   4.2898031e+14
      544.840   4.2851726e+14
      544.870   4.2971062e+14
      544.900   4.3203714e+14
      544.929   4.3454519e+14
      544.959   4.3730282e+14
      544.989   4.3992837e+14
      545.019   4.4081360e+14
      545.048   4.4395194e+14
      545.078   4.4918570e+14
      545.108   4.5513226e+14
      545.137   4.6172000e+14
      545.167   4.6796615e+14
      545.197   4.7117652e+14
      545.227   4.7242976e+14
      545.256   4.7317811e+14
      545.286   4.7389668e+14
      545.316   4.7474077e+14
      545.345   4.7471755e+14
      545.375   4.7182817e+14
      545.405   4.6442323e+14
      545.435   4.5635202e+14
      545.464   4.4853477e+14
      545.494   4.4065832e+14
      545.524   4.3544518e+14
      545.554   4.3476930e+14
      545.583   4.3480780e+14
      545.613   4.3486131e+14
      545.643   4.3571552e+14
      545.673   4.3659584e+14
      545.703   4.3769190e+14
      545.732   4.3872087e+14
      545.762   4.3967264e+14
      545.792   4.4049888e+14
      545.822   4.4131341e+14
      545.852   4.4145497e+14
      545.881   4.4064067e+14
      545.911   4.4298163e+14
      545.941   4.4850594e+14
      545.971   4.5453344e+14
      546.001   4.6172543e+14
      546.030   4.7048197e+14
      546.060   4.7606842e+14
      546.090   4.7801865e+14
      546.120   4.7810074e+14
      546.150   4.7481592e+14
      546.179   4.6931979e+14
      546.209   4.6442387e+14
      546.239   4.5975986e+14
      546.269   4.5528258e+14
      546.299   4.5330472e+14
      546.329   4.5289204e+14
      546.359   4.5172266e+14
      546.388   4.5068511e+14
      546.418   4.5031732e+14
      546.448   4.4997317e+14
      546.478   4.4843323e+14
      546.508   4.4671746e+14
      546.538   4.4471686e+14
      546.568   4.4245964e+14
      546.597   4.4037929e+14
      546.627   4.3867698e+14
      546.657   4.3808989e+14
      546.687   4.4070472e+14
      546.717   4.4464431e+14
      546.747   4.4839926e+14
      546.777   4.5327745e+14
      546.807   4.5791173e+14
      546.837   4.5964754e+14
      546.866   4.5989878e+14
      546.896   4.5998224e+14
      546.926   4.5912300e+14
      546.956   4.5762009e+14
      546.986   4.5721664e+14
      547.016   4.5787029e+14
      547.046   4.5956703e+14
      547.076   4.6231148e+14
      547.106   4.6487098e+14
      547.136   4.6653038e+14
      547.166   4.6763171e+14
      547.196   4.6776378e+14
      547.226   4.6641087e+14
      547.255   4.6447232e+14
      547.285   4.6348258e+14
      547.315   4.6224324e+14
      547.345   4.6039768e+14
      547.375   4.5993999e+14
      547.405   4.6048997e+14
      547.435   4.6081180e+14
      547.465   4.5982867e+14
      547.495   4.5657502e+14
      547.525   4.5069402e+14
      547.555   4.4335958e+14
      547.585   4.3594822e+14
      547.615   4.2989130e+14
      547.645   4.2726517e+14
      547.675   4.2697401e+14
      547.705   4.2746054e+14
      547.735   4.2817062e+14
      547.765   4.3051255e+14
      547.795   4.3293322e+14
      547.825   4.3518053e+14
      547.855   4.3847002e+14
      547.885   4.4142928e+14
      547.915   4.4203816e+14
      547.945   4.3972761e+14
      547.975   4.3580580e+14
      548.005   4.3189786e+14
      548.035   4.3045253e+14
      548.065   4.3246510e+14
      548.095   4.3785047e+14
      548.125   4.4527875e+14
      548.155   4.5096787e+14
      548.186   4.5421839e+14
      548.216   4.5564495e+14
      548.246   4.5648596e+14
      548.276   4.5696044e+14
      548.306   4.5809213e+14
      548.336   4.5905010e+14
      548.366   4.5907711e+14
      548.396   4.5818717e+14
      548.426   4.5671369e+14
      548.456   4.5646422e+14
      548.486   4.5789641e+14
      548.516   4.6087704e+14
      548.546   4.6442736e+14
      548.576   4.6784946e+14
      548.607   4.6920970e+14
      548.637   4.6680459e+14
      548.667   4.6370582e+14
      548.697   4.6126680e+14
      548.727   4.5860580e+14
      548.757   4.5538686e+14
      548.787   4.5465093e+14
      548.817   4.5316895e+14
      548.847   4.5051635e+14
      548.878   4.4801453e+14
      548.908   4.4694906e+14
      548.938   4.4578805e+14
      548.968   4.4461740e+14
      548.998   4.4394010e+14
      549.028   4.4301704e+14
      549.058   4.4192202e+14
      549.089   4.4089441e+14
      549.119   4.4014496e+14
      549.149   4.4138441e+14
      549.179   4.4444383e+14
      549.209   4.4665206e+14
      549.239   4.4662789e+14
      549.269   4.4756737e+14
      549.300   4.4702871e+14
      549.330   4.4538944e+14
      549.360   4.4494045e+14
      549.390   4.4705636e+14
      549.420   4.4838741e+14
      549.451   4.4975999e+14
      549.481   4.5142307e+14
      549.511   4.5201002e+14
      549.541   4.5271640e+14
      549.571   4.5236306e+14
      549.602   4.4896972e+14
      549.632   4.4638200e+14
      549.662   4.4487299e+14
      549.692   4.4268107e+14
      549.722   4.4118359e+14
      549.753   4.4424201e+14
      549.783   4.4761995e+14
      549.813   4.5173364e+14
      549.843   4.5662143e+14
      549.874   4.6175171e+14
      549.904   4.6521717e+14
      549.934   4.6764898e+14
      549.964   4.6807478e+14
      549.995   4.6455093e+14
      550.025   4.6168517e+14
      550.055   4.5844400e+14
      550.085   4.5375013e+14
      550.116   4.5298406e+14
      550.146   4.5650070e+14
      550.176   4.5871800e+14
      550.206   4.6118401e+14
      550.237   4.6494623e+14
      550.267   4.6581657e+14
      550.297   4.6563789e+14
      550.327   4.6515811e+14
      550.358   4.6390466e+14
      550.388   4.6307339e+14
      550.418   4.6150106e+14
      550.449   4.5868389e+14
      550.479   4.5467283e+14
      550.509   4.5263835e+14
      550.540   4.4972229e+14
      550.570   4.4834487e+14
      550.600   4.4875811e+14
      550.630   4.5111543e+14
      550.661   4.5261053e+14
      550.691   4.5483195e+14
      550.721   4.5580766e+14
      550.752   4.5646138e+14
      550.782   4.5686082e+14
      550.812   4.5621747e+14
      550.843   4.5471612e+14
      550.873   4.5476150e+14
      550.904   4.5406847e+14
      550.934   4.5291524e+14
      550.964   4.5363999e+14
      550.995   4.5528202e+14
      551.025   4.5599195e+14
      551.055   4.5838257e+14
      551.086   4.5958269e+14
      551.116   4.5925275e+14
      551.146   4.5715874e+14
      551.177   4.5445037e+14
      551.207   4.5046234e+14
      551.238   4.4821515e+14
      551.268   4.4543049e+14
      551.298   4.4243713e+14
      551.329   4.4051700e+14
      551.359   4.3967563e+14
      551.390   4.3875604e+14
      551.420   4.3841730e+14
      551.450   4.4025079e+14
      551.481   4.4139323e+14
      551.511   4.4069050e+14
      551.542   4.3927243e+14
      551.572   4.3783646e+14
      551.602   4.3771553e+14
      551.633   4.3823524e+14
      551.663   4.4098958e+14
      551.694   4.4567400e+14
      551.724   4.5126164e+14
      551.755   4.5503436e+14
      551.785   4.5798452e+14
      551.815   4.6107413e+14
      551.846   4.6342924e+14
      551.876   4.6521790e+14
      551.907   4.6696225e+14
      551.937   4.6849010e+14
      551.968   4.6732186e+14
      551.998   4.6524371e+14
      552.029   4.6412544e+14
      552.059   4.6383100e+14
      552.090   4.6302907e+14
      552.120   4.6376573e+14
      552.151   4.6447473e+14
      552.181   4.6450644e+14
      552.212   4.6437111e+14
      552.242   4.6504574e+14
      552.273   4.6472094e+14
      552.303   4.6434471e+14
      552.334   4.6313205e+14
      552.364   4.6159198e+14
      552.395   4.5897759e+14
      552.425   4.5715618e+14
      552.456   4.5534032e+14
      552.486   4.5505941e+14
      552.517   4.5435215e+14
      552.547   4.5464720e+14
      552.578   4.5304198e+14
      552.608   4.5291685e+14
      552.639   4.5177467e+14
      552.669   4.4881859e+14
      552.700   4.4404532e+14
      552.731   4.4128139e+14
      552.761   4.3719049e+14
      552.792   4.3392621e+14
      552.822   4.3271179e+14
      552.853   4.3415955e+14
      552.883   4.3474896e+14
      552.914   4.3609615e+14
      552.944   4.3770438e+14
      552.975   4.3967420e+14
      553.006   4.4020973e+14
      553.036   4.4165490e+14
      553.067   4.4254121e+14
      553.097   4.4353241e+14
      553.128   4.4282550e+14
      553.159   4.4288522e+14
      553.189   4.4314596e+14
      553.220   4.4623453e+14
      553.250   4.4980101e+14
      553.281   4.5543162e+14
      553.312   4.5992090e+14
      553.342   4.6194278e+14
      553.373   4.6042631e+14
      553.403   4.5685987e+14
      553.434   4.5400573e+14
      553.465   4.5228644e+14
      553.495   4.5182388e+14
      553.526   4.5156427e+14
      553.557   4.5249777e+14
      553.587   4.5192444e+14
      553.618   4.4980269e+14
      553.649   4.5018767e+14
      553.679   4.5160886e+14
      553.710   4.5263892e+14
      553.740   4.5390150e+14
      553.771   4.5581266e+14
      553.802   4.5489365e+14
      553.833   4.5263874e+14
      553.863   4.5168476e+14
      553.894   4.5185340e+14
      553.925   4.5424646e+14
      553.955   4.5744303e+14
      553.986   4.6139451e+14
      554.017   4.6411609e+14
      554.047   4.6617479e+14
      554.078   4.6697778e+14
      554.109   4.6737140e+14
      554.139   4.6792786e+14
      554.170   4.6722091e+14
      554.201   4.6656438e+14
      554.232   4.6464556e+14
      554.262   4.6279056e+14
      554.293   4.6095315e+14
      554.324   4.6045984e+14
      554.354   4.6043065e+14
      554.385   4.6205779e+14
      554.416   4.6386591e+14
      554.447   4.6510789e+14
      554.477   4.6576580e+14
      554.508   4.6470626e+14
      554.539   4.6290414e+14
      554.570   4.6148268e+14
      554.600   4.6042163e+14
      554.631   4.5935902e+14
      554.662   4.5899068e+14
      554.693   4.6007383e+14
      554.723   4.6068113e+14
      554.754   4.6235777e+14
      554.785   4.6424916e+14
      554.816   4.6594311e+14
      554.847   4.6636131e+14
      554.877   4.6689199e+14
      554.908   4.6651426e+14
      554.939   4.6617750e+14
      554.970   4.6624111e+14
      555.001   4.6604634e+14
      555.031   4.6569501e+14
      555.062   4.6615988e+14
      555.093   4.6702537e+14
      555.124   4.6785953e+14
      555.155   4.6880962e+14
      555.185   4.6845827e+14
      555.216   4.6639158e+14
      555.247   4.6465060e+14
      555.278   4.6302048e+14
      555.309   4.6107878e+14
      555.340   4.5868071e+14
      555.370   4.5734632e+14
      555.401   4.5638909e+14
      555.432   4.5539797e+14
      555.463   4.5447437e+14
      555.494   4.5566089e+14
      555.525   4.5626807e+14
      555.556   4.5661688e+14
      555.586   4.5730555e+14
      555.617   4.5796116e+14
      555.648   4.5670415e+14
      555.679   4.5596140e+14
      555.710   4.5521623e+14
      555.741   4.5582108e+14
      555.772   4.5746945e+14
      555.803   4.6033787e+14
      555.833   4.6150523e+14
      555.864   4.6256711e+14
      555.895   4.6418470e+14
      555.926   4.6581208e+14
      555.957   4.6778990e+14
      555.988   4.7164291e+14
      556.019   4.7454180e+14
      556.050   4.7349015e+14
      556.081   4.7190437e+14
      556.112   4.6855188e+14
      556.143   4.6488010e+14
      556.174   4.6275957e+14
      556.204   4.5985752e+14
      556.235   4.5697040e+14
      556.266   4.5651464e+14
      556.297   4.5580264e+14
      556.328   4.5390847e+14
      556.359   4.5403755e+14
      556.390   4.5424883e+14
      556.421   4.5238821e+14
      556.452   4.5131315e+14
      556.483   4.5040966e+14
      556.514   4.4985432e+14
      556.545   4.4793507e+14
      556.576   4.4687413e+14
      556.607   4.4529314e+14
      556.638   4.4499383e+14
      556.669   4.4502099e+14
      556.700   4.4495136e+14
      556.731   4.4769721e+14
      556.762   4.5087623e+14
      556.793   4.5033277e+14
      556.824   4.4902958e+14
      556.855   4.4928430e+14
      556.886   4.4709555e+14
      556.917   4.4397995e+14
      556.948   4.4535471e+14
      556.979   4.4793457e+14
      557.010   4.5000409e+14
      557.041   4.5214641e+14
      557.072   4.5311524e+14
      557.103   4.5238526e+14
      557.134   4.4787486e+14
      557.165   4.4421120e+14
      557.196   4.4158554e+14
      557.227   4.4015299e+14
      557.258   4.3715900e+14
      557.289   4.3726323e+14
      557.320   4.3813489e+14
      557.351   4.3902358e+14
      557.383   4.4069012e+14
      557.414   4.4243607e+14
      557.445   4.4198607e+14
      557.476   4.4048281e+14
      557.507   4.3832071e+14
      557.538   4.3514376e+14
      557.569   4.3271968e+14
      557.600   4.3239027e+14
      557.631   4.3094671e+14
      557.662   4.3268798e+14
      557.693   4.3609829e+14
      557.724   4.3892752e+14
      557.756   4.4187634e+14
      557.787   4.4610630e+14
      557.818   4.4644838e+14
      557.849   4.4505103e+14
      557.880   4.4557240e+14
      557.911   4.4614227e+14
      557.942   4.4563636e+14
      557.973   4.4781521e+14
      558.005   4.5037777e+14
      558.036   4.4924920e+14
      558.067   4.4952854e+14
      558.098   4.5129836e+14
      558.129   4.5092587e+14
      558.160   4.5044175e+14
      558.191   4.5219973e+14
      558.223   4.5208966e+14
      558.254   4.5137536e+14
      558.285   4.5040390e+14
      558.316   4.4877061e+14
      558.347   4.4807301e+14
      558.378   4.4858997e+14
      558.410   4.4833902e+14
      558.441   4.4845355e+14
      558.472   4.4845898e+14
      558.503   4.4471546e+14
      558.534   4.3860472e+14
      558.566   4.3672836e+14
      558.597   4.3439290e+14
      558.628   4.3188015e+14
      558.659   4.3257606e+14
      558.690   4.3437329e+14
      558.722   4.2920710e+14
      558.753   4.2507563e+14
      558.784   4.2249150e+14
      558.815   4.1993142e+14
      558.847   4.1728439e+14
      558.878   4.1856705e+14
      558.909   4.1919469e+14
      558.940   4.2035861e+14
      558.971   4.2110288e+14
      559.003   4.2100700e+14
      559.034   4.2246838e+14
      559.065   4.2569686e+14
      559.096   4.2693066e+14
      559.128   4.3122179e+14
      559.159   4.3437885e+14
      559.190   4.3617682e+14
      559.222   4.3767503e+14
      559.253   4.4126798e+14
      559.284   4.4268560e+14
      559.315   4.4213875e+14
      559.347   4.4128203e+14
      559.378   4.4175512e+14
      559.409   4.4079999e+14
      559.441   4.4119156e+14
      559.472   4.4259770e+14
      559.503   4.4433446e+14
      559.534   4.4479581e+14
      559.566   4.4519266e+14
      559.597   4.4714146e+14
      559.628   4.4968595e+14
      559.660   4.5066661e+14
      559.691   4.4936631e+14
      559.722   4.4744830e+14
      559.754   4.4475804e+14
      559.785   4.4187406e+14
      559.816   4.4209481e+14
      559.848   4.4513504e+14
      559.879   4.4837156e+14
      559.910   4.5090324e+14
      559.942   4.5277004e+14
      559.973   4.5159789e+14
      560.004   4.4960082e+14
      560.036   4.4778217e+14
      560.067   4.4592807e+14
      560.099   4.4292627e+14
      560.130   4.3779861e+14
      560.161   4.3233924e+14
      560.193   4.2832078e+14
      560.224   4.2649128e+14
      560.255   4.2605862e+14
      560.287   4.2870152e+14
      560.318   4.3203276e+14
      560.350   4.3414820e+14
      560.381   4.3497486e+14
      560.412   4.3583813e+14
      560.444   4.3668068e+14
      560.475   4.3782920e+14
      560.507   4.4000683e+14
      560.538   4.4144802e+14
      560.570   4.4242040e+14
      560.601   4.4336259e+14
      560.632   4.4507238e+14
      560.664   4.4844033e+14
      560.695   4.5219766e+14
      560.727   4.5583477e+14
      560.758   4.5941286e+14
      560.790   4.6182513e+14
      560.821   4.6135062e+14
      560.852   4.6039828e+14
      560.884   4.5970288e+14
      560.915   4.5910133e+14
      560.947   4.5853252e+14
      560.978   4.5792835e+14
      561.010   4.5725190e+14
      561.041   4.5663469e+14
      561.073   4.5611095e+14
      561.104   4.5679360e+14
      561.136   4.5792846e+14
      561.167   4.5913819e+14
      561.199   4.6026355e+14
      561.230   4.6138818e+14
      561.262   4.6256507e+14
      561.293   4.6364606e+14
      561.325   4.6395942e+14
      561.356   4.6268822e+14
      561.388   4.5892130e+14
      561.419   4.5302006e+14
      561.451   4.4664548e+14
      561.482   4.4089418e+14
      561.514   4.3655137e+14
      561.545   4.3388431e+14
      561.577   4.3287532e+14
      561.608   4.3232919e+14
      561.640   4.3193527e+14
      561.672   4.3156322e+14
      561.703   4.3102914e+14
      561.735   4.3044210e+14
      561.766   4.2922657e+14
      561.798   4.2741090e+14
      561.829   4.2557223e+14
      561.861   4.2519725e+14
      561.892   4.2638958e+14
      561.924   4.3064853e+14
      561.956   4.3731674e+14
      561.987   4.4357693e+14
      562.019   4.4863906e+14
      562.050   4.5275536e+14
      562.082   4.5531401e+14
      562.114   4.5553689e+14
      562.145   4.5599104e+14
      562.177   4.5695929e+14
      562.208   4.5791220e+14
      562.240   4.5814985e+14
      562.272   4.5765668e+14
      562.303   4.5635343e+14
      562.335   4.5491649e+14
      562.366   4.5326088e+14
      562.398   4.5171842e+14
      562.430   4.5107307e+14
      562.461   4.5121912e+14
      562.493   4.5187951e+14
      562.525   4.5367234e+14
      562.556   4.5577022e+14
      562.588   4.5715252e+14
      562.620   4.5832219e+14
      562.651   4.5910958e+14
      562.683   4.5845700e+14
      562.715   4.5679405e+14
      562.746   4.5546760e+14
      562.778   4.5509368e+14
      562.810   4.5578160e+14
      562.841   4.5848020e+14
      562.873   4.6228116e+14
      562.905   4.6633226e+14
      562.936   4.6981751e+14
      562.968   4.7241568e+14
      563.000   4.7321503e+14
      563.031   4.7328951e+14
      563.063   4.7299781e+14
      563.095   4.7266934e+14
      563.127   4.7247307e+14
      563.158   4.7210924e+14
      563.190   4.7173165e+14
      563.222   4.7124626e+14
      563.253   4.7034841e+14
      563.285   4.6908891e+14
      563.317   4.6814526e+14
      563.349   4.6729939e+14
      563.380   4.6650145e+14
      563.412   4.6566520e+14
      563.444   4.6474793e+14
      563.475   4.6362380e+14
      563.507   4.6216238e+14
      563.539   4.6042627e+14
      563.571   4.5891046e+14
      563.603   4.5762979e+14
      563.634   4.5640181e+14
      563.666   4.5464281e+14
      563.698   4.5308700e+14
      563.730   4.5192812e+14
      563.761   4.5115057e+14
      563.793   4.5098442e+14
      563.825   4.5193623e+14
      563.857   4.5304022e+14
      563.889   4.5357051e+14
      563.920   4.5356534e+14
      563.952   4.5292346e+14
      563.984   4.5099622e+14
      564.016   4.4863946e+14
      564.048   4.4709431e+14
      564.079   4.4617611e+14
      564.111   4.4537650e+14
      564.143   4.4534714e+14
      564.175   4.4613973e+14
      564.207   4.4728828e+14
      564.239   4.4737933e+14
      564.270   4.4740072e+14
      564.302   4.4820347e+14
      564.334   4.4863326e+14
      564.366   4.4806408e+14
      564.398   4.4782129e+14
      564.430   4.4784605e+14
      564.462   4.4766210e+14
      564.493   4.4828260e+14
      564.525   4.5021289e+14
      564.557   4.5261488e+14
      564.589   4.5490171e+14
      564.621   4.5701942e+14
      564.653   4.5846940e+14
      564.685   4.5873556e+14
      564.716   4.5864220e+14
      564.748   4.5904842e+14
      564.780   4.6008860e+14
      564.812   4.6052939e+14
      564.844   4.6007585e+14
      564.876   4.5931013e+14
      564.908   4.5782684e+14
      564.940   4.5578782e+14
      564.972   4.5416393e+14
      565.004   4.5330602e+14
      565.036   4.5248478e+14
      565.068   4.5154300e+14
      565.099   4.5057330e+14
      565.131   4.5023362e+14
      565.163   4.5001937e+14
      565.195   4.5005086e+14
      565.227   4.5024712e+14
      565.259   4.5019256e+14
      565.291   4.4996102e+14
      565.323   4.4938753e+14
      565.355   4.4853367e+14
      565.387   4.4722963e+14
      565.419   4.4604099e+14
      565.451   4.4557048e+14
      565.483   4.4593140e+14
      565.515   4.4692211e+14
      565.547   4.4875430e+14
      565.579   4.5099507e+14
      565.611   4.5251277e+14
      565.643   4.5299221e+14
      565.675   4.5165571e+14
      565.707   4.4733410e+14
      565.739   4.4115903e+14
      565.771   4.3518255e+14
      565.803   4.2924482e+14
      565.835   4.2481773e+14
      565.867   4.2409957e+14
      565.899   4.2535802e+14
      565.931   4.2664125e+14
      565.963   4.2841943e+14
      565.995   4.3029380e+14
      566.027   4.3111703e+14
      566.059   4.3088407e+14
      566.091   4.2890277e+14
      566.123   4.2540680e+14
      566.155   4.2140563e+14
      566.187   4.1847284e+14
      566.219   4.1846811e+14
      566.251   4.2260876e+14
      566.283   4.2893718e+14
      566.316   4.3577931e+14
      566.348   4.4229143e+14
      566.380   4.4607210e+14
      566.412   4.4736969e+14
      566.444   4.4889903e+14
      566.476   4.5055428e+14
      566.508   4.5117714e+14
      566.540   4.5143293e+14
      566.572   4.5132650e+14
      566.604   4.5034023e+14
      566.636   4.4983934e+14
      566.669   4.5063813e+14
      566.701   4.5216582e+14
      566.733   4.5375035e+14
      566.765   4.5493328e+14
      566.797   4.5442265e+14
      566.829   4.5252882e+14
      566.861   4.5050912e+14
      566.893   4.4894284e+14
      566.926   4.4787771e+14
      566.958   4.4738133e+14
      566.990   4.4731400e+14
      567.022   4.4751512e+14
      567.054   4.4805018e+14
      567.086   4.4862471e+14
      567.118   4.4969762e+14
      567.151   4.5213816e+14
      567.183   4.5469404e+14
      567.215   4.5672481e+14
      567.247   4.5855590e+14
      567.279   4.5981721e+14
      567.312   4.6064529e+14
      567.344   4.6193899e+14
      567.376   4.6291198e+14
      567.408   4.6311760e+14
      567.440   4.6344166e+14
      567.472   4.6369170e+14
      567.505   4.6315027e+14
      567.537   4.6306215e+14
      567.569   4.6388988e+14
      567.601   4.6431289e+14
      567.633   4.6423958e+14
      567.666   4.6431287e+14
      567.698   4.6415559e+14
      567.730   4.6300309e+14
      567.762   4.6142816e+14
      567.795   4.6027122e+14
      567.827   4.5921713e+14
      567.859   4.5778738e+14
      567.891   4.5728626e+14
      567.924   4.5837444e+14
      567.956   4.5954591e+14
      567.988   4.6044324e+14
      568.020   4.6171633e+14
      568.053   4.6210075e+14
      568.085   4.6014423e+14
      568.117   4.5730512e+14
      568.150   4.5468655e+14
      568.182   4.5226945e+14
      568.214   4.5039089e+14
      568.246   4.4996563e+14
      568.279   4.4993175e+14
      568.311   4.4937038e+14
      568.343   4.4889800e+14
      568.376   4.4893075e+14
      568.408   4.4926688e+14
      568.440   4.4963264e+14
      568.473   4.4954923e+14
      568.505   4.4851530e+14
      568.537   4.4675403e+14
      568.569   4.4494807e+14
      568.602   4.4442653e+14
      568.634   4.4527699e+14
      568.666   4.4610778e+14
      568.699   4.4656835e+14
      568.731   4.4628597e+14
      568.763   4.4458568e+14
      568.796   4.4299492e+14
      568.828   4.4288542e+14
      568.861   4.4339052e+14
      568.893   4.4385768e+14
      568.925   4.4441891e+14
      568.958   4.4417422e+14
      568.990   4.4319092e+14
      569.022   4.4280455e+14
      569.055   4.4358031e+14
      569.087   4.4452630e+14
      569.120   4.4489365e+14
      569.152   4.4518116e+14
      569.184   4.4618186e+14
      569.217   4.4748532e+14
      569.249   4.4942471e+14
      569.282   4.5247678e+14
      569.314   4.5564494e+14
      569.346   4.5711437e+14
      569.379   4.5717779e+14
      569.411   4.5671795e+14
      569.444   4.5587227e+14
      569.476   4.5502593e+14
      569.508   4.5522980e+14
      569.541   4.5635836e+14
      569.573   4.5741453e+14
      569.606   4.5833770e+14
      569.638   4.5947336e+14
      569.671   4.5959887e+14
      569.703   4.5865569e+14
      569.736   4.5778996e+14
      569.768   4.5699532e+14
      569.801   4.5600800e+14
      569.833   4.5557004e+14
      569.866   4.5571027e+14
      569.898   4.5602577e+14
      569.930   4.5654706e+14
      569.963   4.5686826e+14
      569.995   4.5579812e+14
      570.028   4.5355849e+14
      570.060   4.5115438e+14
      570.093   4.4820522e+14
      570.125   4.4539151e+14
      570.158   4.4385266e+14
      570.190   4.4388509e+14
      570.223   4.4442650e+14
      570.255   4.4563936e+14
      570.288   4.4706867e+14
      570.321   4.4845596e+14
      570.353   4.4931701e+14
      570.386   4.4939989e+14
      570.418   4.4828416e+14
      570.451   4.4654132e+14
      570.483   4.4472333e+14
      570.516   4.4414368e+14
      570.548   4.4464746e+14
      570.581   4.4607732e+14
      570.613   4.4853383e+14
      570.646   4.5066620e+14
      570.679   4.5043162e+14
      570.711   4.4909456e+14
      570.744   4.4786227e+14
      570.776   4.4433616e+14
      570.809   4.3946032e+14
      570.841   4.3622142e+14
      570.874   4.3314168e+14
      570.907   4.2974392e+14
      570.939   4.2805307e+14
      570.972   4.2808784e+14
      571.004   4.2770686e+14
      571.037   4.2624514e+14
      571.070   4.2468641e+14
      571.102   4.2381165e+14
      571.135   4.2291299e+14
      571.167   4.2221174e+14
      571.200   4.2381634e+14
      571.233   4.2630289e+14
      571.265   4.2787477e+14
      571.298   4.3127628e+14
      571.331   4.3552313e+14
      571.363   4.3808246e+14
      571.396   4.3996496e+14
      571.429   4.4210373e+14
      571.461   4.4356320e+14
      571.494   4.4460899e+14
      571.527   4.4660436e+14
      571.559   4.5008569e+14
      571.592   4.5451079e+14
      571.625   4.5738027e+14
      571.657   4.5884414e+14
      571.690   4.5994388e+14
      571.723   4.5955168e+14
      571.755   4.5833989e+14
      571.788   4.5760921e+14
      571.821   4.5728130e+14
      571.853   4.5755427e+14
      571.886   4.5859715e+14
      571.919   4.5946606e+14
      571.952   4.6007139e+14
      571.984   4.6096671e+14
      572.017   4.6097245e+14
      572.050   4.6012438e+14
      572.082   4.5940448e+14
      572.115   4.5883256e+14
      572.148   4.5902729e+14
      572.181   4.6038725e+14
      572.213   4.6211727e+14
      572.246   4.6396324e+14
      572.279   4.6594403e+14
      572.312   4.6712569e+14
      572.344   4.6754412e+14
      572.377   4.6769482e+14
      572.410   4.6768104e+14
      572.443   4.6808839e+14
      572.475   4.6884340e+14
      572.508   4.6960971e+14
      572.541   4.7031135e+14
      572.574   4.7088095e+14
      572.607   4.7117654e+14
      572.639   4.7117431e+14
      572.672   4.7115086e+14
      572.705   4.7116734e+14
      572.738   4.7130583e+14
      572.770   4.7128124e+14
      572.803   4.7134000e+14
      572.836   4.7139882e+14
      572.869   4.7148264e+14
      572.902   4.7162119e+14
      572.935   4.7176490e+14
      572.967   4.7166537e+14
      573.000   4.7078118e+14
      573.033   4.6908087e+14
      573.066   4.6781949e+14
      573.099   4.6666530e+14
      573.132   4.6558587e+14
      573.164   4.6523428e+14
      573.197   4.6574435e+14
      573.230   4.6584517e+14
      573.263   4.6592357e+14
      573.296   4.6609678e+14
      573.329   4.6629745e+14
      573.362   4.6645573e+14
      573.394   4.6658086e+14
      573.427   4.6662931e+14
      573.460   4.6653550e+14
      573.493   4.6608957e+14
      573.526   4.6591577e+14
      573.559   4.6618392e+14
      573.592   4.6680918e+14
      573.625   4.6781414e+14
      573.658   4.6939355e+14
      573.691   4.7052353e+14
      573.724   4.7086691e+14
      573.756   4.7079246e+14
      573.789   4.7035904e+14
      573.822   4.6936353e+14
      573.855   4.6829793e+14
      573.888   4.6769442e+14
      573.921   4.6715334e+14
      573.954   4.6664710e+14
      573.987   4.6628833e+14
      574.020   4.6599693e+14
      574.053   4.6565548e+14
      574.086   4.6570888e+14
      574.119   4.6577232e+14
      574.152   4.6576072e+14
      574.185   4.6588662e+14
      574.218   4.6610750e+14
      574.251   4.6630337e+14
      574.284   4.6667431e+14
      574.317   4.6742274e+14
      574.350   4.6881121e+14
      574.383   4.7033986e+14
      574.416   4.7152365e+14
      574.449   4.7257495e+14
      574.482   4.7351142e+14
      574.515   4.7389528e+14
      574.548   4.7439923e+14
      574.581   4.7464063e+14
      574.614   4.7359906e+14
      574.647   4.7180949e+14
      574.680   4.7032992e+14
      574.713   4.6861510e+14
      574.746   4.6722021e+14
      574.779   4.6693600e+14
      574.812   4.6732469e+14
      574.845   4.6755330e+14
      574.878   4.6764183e+14
      574.911   4.6765531e+14
      574.944   4.6779884e+14
      574.977   4.6791493e+14
      575.010   4.6792025e+14
      575.043   4.6744929e+14
      575.076   4.6629244e+14
      575.109   4.6550343e+14
      575.142   4.6505470e+14
      575.175   4.6315650e+14
      575.208   4.6122802e+14
      575.242   4.5970076e+14
      575.275   4.5750141e+14
      575.308   4.5447043e+14
      575.341   4.5221034e+14
      575.374   4.5032564e+14
      575.407   4.4848323e+14
      575.440   4.4709646e+14
      575.473   4.4633821e+14
      575.506   4.4594803e+14
      575.540   4.4552359e+14
      575.573   4.4590999e+14
      575.606   4.4650187e+14
      575.639   4.4671293e+14
      575.672   4.4791878e+14
      575.705   4.5072611e+14
      575.738   4.5399731e+14
      575.771   4.5728152e+14
      575.805   4.6133143e+14
      575.838   4.6534340e+14
      575.871   4.6786431e+14
      575.904   4.6900941e+14
      575.937   4.6954041e+14
      575.971   4.6960850e+14
      576.004   4.6852743e+14
      576.037   4.6730573e+14
      576.070   4.6596852e+14
      576.103   4.6401179e+14
      576.136   4.6105406e+14
      576.170   4.5728423e+14
      576.203   4.5413263e+14
      576.236   4.5154249e+14
      576.269   4.4984249e+14
      576.302   4.4945444e+14
      576.336   4.5031908e+14
      576.369   4.5060341e+14
      576.402   4.5101069e+14
      576.435   4.5215580e+14
      576.469   4.5351019e+14
      576.502   4.5503456e+14
      576.535   4.5689538e+14
      576.568   4.5838752e+14
      576.602   4.5949665e+14
      576.635   4.6040676e+14
      576.668   4.6254709e+14
      576.701   4.6540319e+14
      576.735   4.6835346e+14
      576.768   4.7066296e+14
      576.801   4.7195320e+14
      576.834   4.7126716e+14
      576.868   4.6980343e+14
      576.901   4.6843407e+14
      576.934   4.6738104e+14
      576.967   4.6700352e+14
      577.001   4.6702098e+14
      577.034   4.6659737e+14
      577.067   4.6550041e+14
      577.101   4.6448184e+14
      577.134   4.6363336e+14
      577.167   4.6299595e+14
      577.201   4.6267064e+14
      577.234   4.6289499e+14
      577.267   4.6268715e+14
      577.301   4.6255527e+14
      577.334   4.6256602e+14
      577.367   4.6223747e+14
      577.401   4.6242478e+14
      577.434   4.6297342e+14
      577.467   4.6317269e+14
      577.501   4.6313381e+14
      577.534   4.6337838e+14
      577.567   4.6368081e+14
      577.601   4.6429306e+14
      577.634   4.6509836e+14
      577.667   4.6569003e+14
      577.701   4.6598314e+14
      577.734   4.6576021e+14
      577.768   4.6542470e+14
      577.801   4.6527963e+14
      577.834   4.6509928e+14
      577.868   4.6584517e+14
      577.901   4.6619056e+14
      577.934   4.6563298e+14
      577.968   4.6485212e+14
      578.001   4.6428685e+14
      578.035   4.6242665e+14
      578.068   4.6020841e+14
      578.102   4.5892146e+14
      578.135   4.5736959e+14
      578.168   4.5509798e+14
      578.202   4.5377790e+14
      578.235   4.5296787e+14
      578.269   4.5205271e+14
      578.302   4.5116705e+14
      578.336   4.4991194e+14
      578.369   4.4721153e+14
      578.402   4.4443029e+14
      578.436   4.4188348e+14
      578.469   4.4038299e+14
      578.503   4.4012141e+14
      578.536   4.4114809e+14
      578.570   4.4352484e+14
      578.603   4.4585332e+14
      578.637   4.4684073e+14
      578.670   4.4774951e+14
      578.704   4.4888560e+14
      578.737   4.4963095e+14
      578.771   4.5048016e+14
      578.804   4.5185017e+14
      578.838   4.5328384e+14
      578.871   4.5520557e+14
      578.905   4.5709037e+14
      578.938   4.5864221e+14
      578.972   4.5967343e+14
      579.005   4.6041893e+14
      579.039   4.6044594e+14
      579.072   4.5996300e+14
      579.106   4.5918619e+14
      579.139   4.5875345e+14
      579.173   4.5854844e+14
      579.206   4.5847853e+14
      579.240   4.5783495e+14
      579.274   4.5753155e+14
      579.307   4.5747665e+14
      579.341   4.5726388e+14
      579.374   4.5673752e+14
      579.408   4.5656248e+14
      579.441   4.5609139e+14
      579.475   4.5646598e+14
      579.509   4.5789474e+14
      579.542   4.5980185e+14
      579.576   4.6177836e+14
      579.609   4.6347413e+14
      579.643   4.6336513e+14
      579.677   4.6220404e+14
      579.710   4.6095859e+14
      579.744   4.6045572e+14
      579.777   4.6081216e+14
      579.811   4.6218408e+14
      579.845   4.6351835e+14
      579.878   4.6444046e+14
      579.912   4.6468981e+14
      579.945   4.6449640e+14
      579.979   4.6420305e+14
      580.013   4.6398284e+14
      580.046   4.6389035e+14
      580.080   4.6380895e+14
      580.114   4.6365933e+14
      580.147   4.6392025e+14
      580.181   4.6526834e+14
      580.215   4.6659633e+14
      580.248   4.6756220e+14
      580.282   4.6835503e+14
      580.316   4.6850632e+14
      580.349   4.6750705e+14
      580.383   4.6589722e+14
      580.417   4.6476216e+14
      580.450   4.6384832e+14
      580.484   4.6281405e+14
      580.518   4.6130195e+14
      580.552   4.6054029e+14
      580.585   4.5965872e+14
      580.619   4.5852775e+14
      580.653   4.5714885e+14
      580.686   4.5661313e+14
      580.720   4.5592162e+14
      580.754   4.5501512e+14
      580.788   4.5397943e+14
      580.821   4.5427286e+14
      580.855   4.5448894e+14
      580.889   4.5531969e+14
      580.922   4.5683008e+14
      580.956   4.5893361e+14
      580.990   4.6011909e+14
      581.024   4.6185681e+14
      581.058   4.6329780e+14
      581.091   4.6438894e+14
      581.125   4.6512676e+14
      581.159   4.6659363e+14
      581.193   4.6762530e+14
      581.226   4.6804876e+14
      581.260   4.6782005e+14
      581.294   4.6870775e+14
      581.328   4.6903101e+14
      581.362   4.6906056e+14
      581.395   4.6929180e+14
      581.429   4.6990884e+14
      581.463   4.6862671e+14
      581.497   4.6613632e+14
      581.531   4.6404325e+14
      581.564   4.6241501e+14
      581.598   4.6106360e+14
      581.632   4.6069742e+14
      581.666   4.6159538e+14
      581.700   4.6219196e+14
      581.734   4.6237051e+14
      581.767   4.6288017e+14
      581.801   4.6343640e+14
      581.835   4.6422587e+14
      581.869   4.6526635e+14
      581.903   4.6662631e+14
      581.937   4.6738573e+14
      581.971   4.6801339e+14
      582.004   4.6974815e+14
      582.038   4.7186683e+14
      582.072   4.7366128e+14
      582.106   4.7534184e+14
      582.140   4.7716973e+14
      582.174   4.7743823e+14
      582.208   4.7666433e+14
      582.242   4.7554797e+14
      582.276   4.7485501e+14
      582.309   4.7412554e+14
      582.343   4.7354145e+14
      582.377   4.7333536e+14
      582.411   4.7348696e+14
      582.445   4.7346854e+14
      582.479   4.7342480e+14
      582.513   4.7336831e+14
      582.547   4.7320271e+14
      582.581   4.7297105e+14
      582.615   4.7296530e+14
      582.649   4.7291895e+14
      582.683   4.7285222e+14
      582.717   4.7292263e+14
      582.751   4.7357949e+14
      582.785   4.7427457e+14
      582.818   4.7502972e+14
      582.852   4.7572501e+14
      582.886   4.7627050e+14
      582.920   4.7583822e+14
      582.954   4.7424766e+14
      582.988   4.7284482e+14
      583.022   4.7121032e+14
      583.056   4.6983178e+14
      583.090   4.6896627e+14
      583.124   4.6897467e+14
      583.158   4.6896530e+14
      583.192   4.6934215e+14
      583.226   4.6934805e+14
      583.260   4.6901085e+14
      583.294   4.6889220e+14
      583.328   4.6852445e+14
      583.363   4.6775832e+14
      583.397   4.6688463e+14
      583.431   4.6613293e+14
      583.465   4.6614120e+14
      583.499   4.6656379e+14
      583.533   4.6773132e+14
      583.567   4.6934643e+14
      583.601   4.7105068e+14
      583.635   4.7161855e+14
      583.669   4.7170588e+14
      583.703   4.7093627e+14
      583.737   4.7004960e+14
      583.771   4.6963841e+14
      583.805   4.6952724e+14
      583.839   4.6919481e+14
      583.873   4.6876568e+14
      583.907   4.6893685e+14
      583.942   4.6893828e+14
      583.976   4.6895429e+14
      584.010   4.6931880e+14
      584.044   4.7021252e+14
      584.078   4.7044226e+14
      584.112   4.7033363e+14
      584.146   4.7029624e+14
      584.180   4.7008073e+14
      584.215   4.7033923e+14
      584.249   4.7084900e+14
      584.283   4.7149368e+14
      584.317   4.7179995e+14
      584.351   4.7192545e+14
      584.385   4.7216559e+14
      584.419   4.7255080e+14
      584.454   4.7291638e+14
      584.488   4.7333224e+14
      584.522   4.7395180e+14
      584.556   4.7361158e+14
      584.590   4.7277223e+14
      584.624   4.7160684e+14
      584.659   4.6944382e+14
      584.693   4.6794965e+14
      584.727   4.6695703e+14
      584.761   4.6601778e+14
      584.795   4.6530512e+14
      584.830   4.6562468e+14
      584.864   4.6562514e+14
      584.898   4.6571223e+14
      584.932   4.6591398e+14
      584.966   4.6612847e+14
      585.001   4.6644571e+14
      585.035   4.6621363e+14
      585.069   4.6527573e+14
      585.103   4.6479132e+14
      585.138   4.6410889e+14
      585.172   4.6414673e+14
      585.206   4.6410054e+14
      585.240   4.6450802e+14
      585.275   4.6466401e+14
      585.309   4.6509194e+14
      585.343   4.6484945e+14
      585.377   4.6483383e+14
      585.412   4.6480371e+14
      585.446   4.6399255e+14
      585.480   4.6312007e+14
      585.514   4.6231381e+14
      585.549   4.6080699e+14
      585.583   4.5797803e+14
      585.617   4.5479933e+14
      585.651   4.5225278e+14
      585.686   4.4944907e+14
      585.720   4.4794780e+14
      585.754   4.4842356e+14
      585.789   4.4915265e+14
      585.823   4.4785524e+14
      585.857   4.4715218e+14
      585.892   4.4654677e+14
      585.926   4.4525662e+14
      585.960   4.4488499e+14
      585.995   4.4642573e+14
      586.029   4.4740182e+14
      586.063   4.4631558e+14
      586.098   4.4448972e+14
      586.132   4.4532547e+14
      586.167   4.4659094e+14
      586.201   4.4789157e+14
      586.235   4.5107411e+14
      586.270   4.5488858e+14
      586.304   4.5565876e+14
      586.338   4.5713645e+14
      586.373   4.5936336e+14
      586.407   4.6132670e+14
      586.441   4.6322894e+14
      586.476   4.6475935e+14
      586.510   4.6406919e+14
      586.545   4.6271298e+14
      586.579   4.6053312e+14
      586.613   4.5930350e+14
      586.648   4.5969959e+14
      586.682   4.6079764e+14
      586.717   4.6187102e+14
      586.751   4.6368744e+14
      586.786   4.6492729e+14
      586.820   4.6506997e+14
      586.854   4.6507465e+14
      586.889   4.6510055e+14
      586.923   4.6508729e+14
      586.958   4.6464798e+14
      586.992   4.6378076e+14
      587.027   4.6400629e+14
      587.061   4.6442502e+14
      587.096   4.6450342e+14
      587.130   4.6597027e+14
      587.165   4.6796081e+14
      587.199   4.6905687e+14
      587.234   4.6973078e+14
      587.268   4.7079596e+14
      587.302   4.7072370e+14
      587.337   4.7067152e+14
      587.372   4.7056309e+14
      587.406   4.7064670e+14
      587.441   4.7067635e+14
      587.475   4.7057330e+14
      587.510   4.7091217e+14
      587.544   4.7132548e+14
      587.579   4.7150836e+14
      587.613   4.7145901e+14
      587.648   4.7134546e+14
      587.682   4.7114274e+14
      587.717   4.7079154e+14
      587.751   4.7062468e+14
      587.786   4.7072572e+14
      587.820   4.7099321e+14
      587.855   4.7043254e+14
      587.889   4.6957574e+14
      587.924   4.6869818e+14
      587.959   4.6728162e+14
      587.993   4.6585775e+14
      588.028   4.6486539e+14
      588.062   4.6409825e+14
      588.097   4.6319288e+14
      588.131   4.6314366e+14
      588.166   4.6341853e+14
      588.201   4.6309057e+14
      588.235   4.6139878e+14
      588.270   4.6049348e+14
      588.305   4.5951165e+14
      588.339   4.5833352e+14
      588.374   4.5790344e+14
      588.408   4.5932046e+14
      588.443   4.5987380e+14
      588.478   4.6065946e+14
      588.512   4.6179280e+14
      588.547   4.6280832e+14
      588.581   4.6322898e+14
      588.616   4.6399919e+14
      588.651   4.6422541e+14
      588.685   4.6356573e+14
      588.720   4.6180774e+14
      588.755   4.6070862e+14
      588.789   4.5760785e+14
      588.824   4.5017876e+14
      588.859   4.3949183e+14
      588.893   4.2952569e+14
      588.928   4.1882954e+14
      588.963   4.0888204e+14
      588.998   4.0387793e+14
      589.032   4.0272976e+14
      589.067   4.0156893e+14
      589.102   3.9981000e+14
      589.136   3.9733874e+14
      589.171   3.9485313e+14
      589.206   3.9251751e+14
      589.240   3.9051188e+14
      589.275   3.8919743e+14
      589.310   3.8943428e+14
      589.345   3.9100839e+14
      589.379   3.9594917e+14
      589.414   4.0027137e+14
      589.449   4.0119538e+14
      589.484   4.0464467e+14
      589.518   4.0744852e+14
      589.553   4.0682317e+14
      589.588   4.0649205e+14
      589.623   4.0918371e+14
      589.657   4.1135735e+14
      589.692   4.1327213e+14
      589.727   4.1515671e+14
      589.762   4.1683696e+14
      589.797   4.1896579e+14
      589.831   4.1959752e+14
      589.866   4.1921395e+14
      589.901   4.1821254e+14
      589.936   4.1832319e+14
      589.971   4.2359387e+14
      590.005   4.3144066e+14
      590.040   4.4031186e+14
      590.075   4.4976003e+14
      590.110   4.5837982e+14
      590.145   4.6224138e+14
      590.179   4.6374434e+14
      590.214   4.6452855e+14
      590.249   4.6487435e+14
      590.284   4.6584624e+14
      590.319   4.6680821e+14
      590.354   4.6693619e+14
      590.388   4.6680798e+14
      590.423   4.6571345e+14
      590.458   4.6471631e+14
      590.493   4.6353382e+14
      590.528   4.6293428e+14
      590.563   4.6237042e+14
      590.598   4.6303231e+14
      590.633   4.6347833e+14
      590.667   4.6381979e+14
      590.702   4.6409649e+14
      590.737   4.6444771e+14
      590.772   4.6499440e+14
      590.807   4.6498327e+14
      590.842   4.6389676e+14
      590.877   4.6364098e+14
      590.912   4.6319724e+14
      590.947   4.6398611e+14
      590.982   4.6522548e+14
      591.017   4.6762628e+14
      591.051   4.6897783e+14
      591.086   4.7055683e+14
      591.121   4.7070723e+14
      591.156   4.7055382e+14
      591.191   4.7019180e+14
      591.226   4.6936883e+14
      591.261   4.6551726e+14
      591.296   4.6274951e+14
      591.331   4.6000199e+14
      591.366   4.5815302e+14
      591.401   4.5719760e+14
      591.436   4.5886191e+14
      591.471   4.5795027e+14
      591.506   4.5735790e+14
      591.541   4.5588181e+14
      591.576   4.5454460e+14
      591.611   4.5364277e+14
      591.646   4.5430495e+14
      591.681   4.5458333e+14
      591.716   4.5433588e+14
      591.751   4.5283580e+14
      591.786   4.5425596e+14
      591.821   4.5654496e+14
      591.856   4.5885497e+14
      591.891   4.6133277e+14
      591.926   4.6426721e+14
      591.961   4.6387586e+14
      591.996   4.6402599e+14
      592.031   4.6467899e+14
      592.066   4.6544034e+14
      592.101   4.6680016e+14
      592.136   4.6858055e+14
      592.172   4.6908004e+14
      592.207   4.6901640e+14
      592.242   4.6922365e+14
      592.277   4.6914451e+14
      592.312   4.6909124e+14
      592.347   4.6907658e+14
      592.382   4.6912392e+14
      592.417   4.6914536e+14
      592.452   4.6968043e+14
      592.487   4.7031358e+14
      592.522   4.7049514e+14
      592.557   4.6894995e+14
      592.593   4.6800687e+14
      592.628   4.6592692e+14
      592.663   4.6399651e+14
      592.698   4.6246081e+14
      592.733   4.6247667e+14
      592.768   4.6184705e+14
      592.803   4.6148845e+14
      592.839   4.6042306e+14
      592.874   4.5752050e+14
      592.909   4.5554729e+14
      592.944   4.5372883e+14
      592.979   4.5250948e+14
      593.014   4.5151751e+14
      593.049   4.5177368e+14
      593.085   4.5276958e+14
      593.120   4.5378804e+14
      593.155   4.5571104e+14
      593.190   4.5797014e+14
      593.225   4.6082131e+14
      593.261   4.6208948e+14
      593.296   4.6168219e+14
      593.331   4.6010648e+14
      593.366   4.5819974e+14
      593.401   4.5845124e+14
      593.437   4.5942234e+14
      593.472   4.6190004e+14
      593.507   4.6434961e+14
      593.542   4.6659515e+14
      593.578   4.6683522e+14
      593.613   4.6645118e+14
      593.648   4.6608008e+14
      593.683   4.6573729e+14
      593.718   4.6563248e+14
      593.754   4.6536814e+14
      593.789   4.6468899e+14
      593.824   4.6471857e+14
      593.859   4.6568734e+14
      593.895   4.6691582e+14
      593.930   4.6794181e+14
      593.965   4.6933535e+14
      594.001   4.6994060e+14
      594.036   4.6910096e+14
      594.071   4.6809033e+14
      594.106   4.6715214e+14
      594.142   4.6644497e+14
      594.177   4.6595690e+14
      594.212   4.6586746e+14
      594.248   4.6574008e+14
      594.283   4.6574646e+14
      594.318   4.6565180e+14
      594.354   4.6552430e+14
      594.389   4.6559535e+14
      594.424   4.6553699e+14
      594.460   4.6566849e+14
      594.495   4.6571103e+14
      594.530   4.6582620e+14
      594.566   4.6607168e+14
      594.601   4.6638374e+14
      594.636   4.6684868e+14
      594.672   4.6691033e+14
      594.707   4.6536196e+14
      594.742   4.6416845e+14
      594.778   4.6223962e+14
      594.813   4.6036149e+14
      594.849   4.5907750e+14
      594.884   4.5933741e+14
      594.919   4.5900632e+14
      594.955   4.5936559e+14
      594.990   4.5916144e+14
      595.026   4.5920224e+14
      595.061   4.5918523e+14
      595.096   4.5840332e+14
      595.132   4.5667818e+14
      595.167   4.5447990e+14
      595.203   4.5207993e+14
      595.238   4.5146327e+14
      595.274   4.5163078e+14
      595.309   4.5373528e+14
      595.344   4.5664938e+14
      595.380   4.5939610e+14
      595.415   4.6041434e+14
      595.451   4.6136347e+14
      595.486   4.6094437e+14
      595.522   4.5910909e+14
      595.557   4.5773730e+14
      595.593   4.5618450e+14
      595.628   4.5452161e+14
      595.664   4.5401190e+14
      595.699   4.5589211e+14
      595.735   4.5754498e+14
      595.770   4.5940231e+14
      595.806   4.6132827e+14
      595.841   4.6218637e+14
      595.877   4.6196779e+14
      595.912   4.6152494e+14
      595.948   4.6106473e+14
      595.983   4.6020097e+14
      596.019   4.5929904e+14
      596.054   4.5966644e+14
      596.090   4.6042174e+14
      596.125   4.6120484e+14
      596.161   4.6243843e+14
      596.196   4.6428450e+14
      596.232   4.6496232e+14
      596.267   4.6533021e+14
      596.303   4.6560533e+14
      596.339   4.6595335e+14
      596.374   4.6622252e+14
      596.410   4.6576734e+14
      596.445   4.6499679e+14
      596.481   4.6444008e+14
      596.516   4.6426203e+14
      596.552   4.6399386e+14
      596.588   4.6437047e+14
      596.623   4.6494385e+14
      596.659   4.6540640e+14
      596.694   4.6566264e+14
      596.730   4.6590679e+14
      596.766   4.6605477e+14
      596.801   4.6614989e+14
      596.837   4.6633164e+14
      596.872   4.6635390e+14
      596.908   4.6612986e+14
      596.944   4.6620758e+14
      596.979   4.6706769e+14
      597.015   4.6792237e+14
      597.051   4.6890807e+14
      597.086   4.7010650e+14
      597.122   4.7101181e+14
      597.158   4.7140442e+14
      597.193   4.7172077e+14
      597.229   4.7191827e+14
      597.265   4.7208972e+14
      597.300   4.7211196e+14
      597.336   4.7167941e+14
      597.372   4.6879661e+14
      597.407   4.6664954e+14
      597.443   4.6626086e+14
      597.479   4.6389025e+14
      597.514   4.6066169e+14
      597.550   4.5869939e+14
      597.586   4.5707806e+14
      597.621   4.5564586e+14
      597.657   4.5447224e+14
      597.693   4.5242832e+14
      597.729   4.5177801e+14
      597.764   4.5112944e+14
      597.800   4.5047114e+14
      597.836   4.4999519e+14
      597.872   4.5034788e+14
      597.907   4.5238596e+14
      597.943   4.5477693e+14
      597.979   4.5733760e+14
      598.015   4.6028954e+14
      598.050   4.6403870e+14
      598.086   4.6644136e+14
      598.122   4.6834371e+14
      598.158   4.6978744e+14
      598.193   4.7068559e+14
      598.229   4.7084672e+14
      598.265   4.7084358e+14
      598.301   4.7052750e+14
      598.337   4.6924901e+14
      598.372   4.6782616e+14
      598.408   4.6605184e+14
      598.444   4.6422502e+14
      598.480   4.6278934e+14
      598.516   4.6222741e+14
      598.552   4.6085669e+14
      598.587   4.5926582e+14
      598.623   4.5770944e+14
      598.659   4.5617903e+14
      598.695   4.5489368e+14
      598.731   4.5480865e+14
      598.767   4.5509945e+14
      598.802   4.5547296e+14
      598.838   4.5624144e+14
      598.874   4.5803851e+14
      598.910   4.5979133e+14
      598.946   4.6108235e+14
      598.982   4.6170250e+14
      599.018   4.6164031e+14
      599.054   4.6075203e+14
      599.089   4.6068022e+14
      599.125   4.6117842e+14
      599.161   4.6230341e+14
      599.197   4.6358522e+14
      599.233   4.6442835e+14
      599.269   4.6424515e+14
      599.305   4.6392086e+14
      599.341   4.6360957e+14
      599.377   4.6334529e+14
      599.413   4.6321937e+14
      599.448   4.6311105e+14
      599.484   4.6329869e+14
      599.520   4.6367451e+14
      599.556   4.6324028e+14
      599.592   4.6242705e+14
      599.628   4.6139684e+14
      599.664   4.6005813e+14
      599.700   4.5856767e+14
      599.736   4.5800495e+14
      599.772   4.5807990e+14
      599.808   4.5843984e+14
      599.844   4.5884692e+14
      599.880   4.5915465e+14
      599.916   4.5925851e+14
      599.952   4.5911135e+14
      599.988   4.5899550e+14
      600.024   4.5891629e+14
      600.060   4.5940718e+14
      600.096   4.6081870e+14
      600.132   4.6150586e+14
      600.168   4.6203621e+14
      600.204   4.6254034e+14
      600.240   4.6250839e+14
      600.276   4.6171778e+14
      600.312   4.6171193e+14
      600.348   4.6175576e+14
      600.384   4.6120565e+14
      600.420   4.6053252e+14
      600.456   4.5993782e+14
      600.492   4.5933785e+14
      600.529   4.5872274e+14
      600.565   4.5822467e+14
      600.601   4.5750408e+14
      600.637   4.5623375e+14
      600.673   4.5554430e+14
      600.709   4.5416111e+14
      600.745   4.5294010e+14
      600.781   4.5209334e+14
      600.817   4.5144809e+14
      600.853   4.4998058e+14
      600.889   4.4941363e+14
      600.925   4.4970293e+14
      600.962   4.5016840e+14
      600.998   4.5091084e+14
      601.034   4.5185742e+14
      601.070   4.5251894e+14
      601.106   4.5265398e+14
      601.142   4.5259788e+14
      601.178   4.5242119e+14
      601.214   4.5249864e+14
      601.251   4.5384771e+14
      601.287   4.5528258e+14
      601.323   4.5668620e+14
      601.359   4.5830223e+14
      601.395   4.5981107e+14
      601.431   4.6016165e+14
      601.468   4.6002290e+14
      601.504   4.5822664e+14
      601.540   4.5571176e+14
      601.576   4.5320708e+14
      601.612   4.5105339e+14
      601.648   4.4941598e+14
      601.685   4.4973005e+14
      601.721   4.5146734e+14
      601.757   4.5329927e+14
      601.793   4.5473278e+14
      601.830   4.5568993e+14
      601.866   4.5513023e+14
      601.902   4.5337680e+14
      601.938   4.5150251e+14
      601.974   4.4956500e+14
      602.011   4.4747581e+14
      602.047   4.4766585e+14
      602.083   4.4854866e+14
      602.119   4.4963103e+14
      602.156   4.5088491e+14
      602.192   4.5239803e+14
      602.228   4.5186128e+14
      602.265   4.5013619e+14
      602.301   4.4821837e+14
      602.337   4.4634486e+14
      602.373   4.4515907e+14
      602.410   4.4615594e+14
      602.446   4.4816568e+14
      602.482   4.5013372e+14
      602.518   4.5217820e+14
      602.555   4.5369845e+14
      602.591   4.5386537e+14
      602.627   4.5398502e+14
      602.664   4.5420793e+14
      602.700   4.5416999e+14
      602.736   4.5433171e+14
      602.773   4.5547695e+14
      602.809   4.5632198e+14
      602.845   4.5632616e+14
      602.882   4.5617618e+14
      602.918   4.5576511e+14
      602.954   4.5448131e+14
      602.991   4.5340327e+14
      603.027   4.5317399e+14
      603.064   4.5368194e+14
      603.100   4.5504876e+14
      603.136   4.5646839e+14
      603.173   4.5793116e+14
      603.209   4.5943268e+14
      603.245   4.6028224e+14
      603.282   4.6005706e+14
      603.318   4.6004928e+14
      603.355   4.6096831e+14
      603.391   4.6259684e+14
      603.427   4.6458601e+14
      603.464   4.6672364e+14
      603.500   4.6846865e+14
      603.537   4.6920963e+14
      603.573   4.6922616e+14
      603.610   4.6905933e+14
      603.646   4.6880474e+14
      603.682   4.6854752e+14
      603.719   4.6832269e+14
      603.755   4.6819694e+14
      603.792   4.6818798e+14
      603.828   4.6811751e+14
      603.865   4.6804528e+14
      603.901   4.6806960e+14
      603.938   4.6809217e+14
      603.974   4.6799533e+14
      604.011   4.6794675e+14
      604.047   4.6788151e+14
      604.084   4.6784082e+14
      604.120   4.6789669e+14
      604.157   4.6796140e+14
      604.193   4.6800149e+14
      604.230   4.6780533e+14
      604.266   4.6743436e+14
      604.303   4.6705895e+14
      604.339   4.6674317e+14
      604.376   4.6647832e+14
      604.412   4.6644192e+14
      604.449   4.6649067e+14
      604.485   4.6648318e+14
      604.522   4.6640806e+14
      604.558   4.6636105e+14
      604.595   4.6639926e+14
      604.631   4.6641019e+14
      604.668   4.6640368e+14
      604.705   4.6637592e+14
      604.741   4.6637896e+14
      604.778   4.6653063e+14
      604.814   4.6677896e+14
      604.851   4.6707835e+14
      604.888   4.6742792e+14
      604.924   4.6767903e+14
      604.961   4.6772521e+14
      604.997   4.6783915e+14
      605.034   4.6797872e+14
      605.070   4.6808794e+14
      605.107   4.6812925e+14
      605.144   4.6815735e+14
      605.180   4.6812937e+14
      605.217   4.6789090e+14
      605.254   4.6750196e+14
      605.290   4.6721516e+14
      605.327   4.6698721e+14
      605.364   4.6678290e+14
      605.400   4.6659906e+14
      605.437   4.6561841e+14
      605.473   4.6418286e+14
      605.510   4.6283230e+14
      605.547   4.6144990e+14
      605.583   4.6021193e+14
      605.620   4.5997550e+14
      605.657   4.6018543e+14
      605.694   4.6020513e+14
      605.730   4.6032193e+14
      605.767   4.6065345e+14
      605.804   4.6105359e+14
      605.840   4.6147956e+14
      605.877   4.6189833e+14
      605.914   4.6200533e+14
      605.950   4.6241822e+14
      605.987   4.6369324e+14
      606.024   4.6512436e+14
      606.061   4.6668507e+14
      606.097   4.6845145e+14
      606.134   4.6939674e+14
      606.171   4.6928745e+14
      606.208   4.6916226e+14
      606.244   4.6904168e+14
      606.281   4.6892440e+14
      606.318   4.6895513e+14
      606.355   4.6872676e+14
      606.391   4.6671824e+14
      606.428   4.6372911e+14
      606.465   4.6110730e+14
      606.502   4.5870465e+14
      606.538   4.5662109e+14
      606.575   4.5602168e+14
      606.612   4.5627920e+14
      606.649   4.5645737e+14
      606.686   4.5682072e+14
      606.722   4.5723900e+14
      606.759   4.5776645e+14
      606.796   4.5842631e+14
      606.833   4.5896446e+14
      606.870   4.5913223e+14
      606.907   4.6025528e+14
      606.943   4.6299728e+14
      606.980   4.6600485e+14
      607.017   4.6895238e+14
      607.054   4.7200138e+14
      607.091   4.7388080e+14
      607.128   4.7427810e+14
      607.165   4.7443193e+14
      607.201   4.7460624e+14
      607.238   4.7478922e+14
      607.275   4.7492458e+14
      607.312   4.7497520e+14
      607.349   4.7498080e+14
      607.386   4.7495197e+14
      607.423   4.7492316e+14
      607.460   4.7485729e+14
      607.497   4.7471192e+14
      607.533   4.7456579e+14
      607.570   4.7444160e+14
      607.607   4.7428818e+14
      607.644   4.7402089e+14
      607.681   4.7287136e+14
      607.718   4.7072556e+14
      607.755   4.6821123e+14
      607.792   4.6557733e+14
      607.829   4.6306242e+14
      607.866   4.6146146e+14
      607.903   4.6084082e+14
      607.940   4.6052759e+14
      607.977   4.6027256e+14
      608.014   4.6001225e+14
      608.051   4.5982877e+14
      608.088   4.5945175e+14
      608.125   4.5856570e+14
      608.161   4.5739516e+14
      608.199   4.5671900e+14
      608.236   4.5674740e+14
      608.273   4.5746785e+14
      608.310   4.5900510e+14
      608.346   4.6047556e+14
      608.384   4.6108826e+14
      608.421   4.6102142e+14
      608.458   4.6033919e+14
      608.495   4.5921391e+14
      608.532   4.5862699e+14
      608.569   4.5837428e+14
      608.606   4.5806583e+14
      608.643   4.5833837e+14
      608.680   4.5904335e+14
      608.717   4.5961843e+14
      608.754   4.6047491e+14
      608.791   4.6128896e+14
      608.828   4.6143167e+14
      608.865   4.6151864e+14
      608.902   4.6197193e+14
      608.939   4.6213862e+14
      608.976   4.6241947e+14
      609.013   4.6311585e+14
      609.051   4.6347600e+14
      609.088   4.6342387e+14
      609.125   4.6335841e+14
      609.162   4.6321330e+14
      609.199   4.6272032e+14
      609.236   4.6215295e+14
      609.273   4.6148716e+14
      609.310   4.6108957e+14
      609.347   4.6119125e+14
      609.385   4.6183303e+14
      609.422   4.6290975e+14
      609.459   4.6424157e+14
      609.496   4.6499711e+14
      609.533   4.6509644e+14
      609.570   4.6524092e+14
      609.607   4.6523397e+14
      609.645   4.6511623e+14
      609.682   4.6530593e+14
      609.719   4.6603254e+14
      609.756   4.6678313e+14
      609.793   4.6765087e+14
      609.830   4.6864627e+14
      609.868   4.6957079e+14
      609.905   4.7011717e+14
      609.942   4.7032848e+14
      609.979   4.7022343e+14
      610.016   4.7017951e+14
      610.054   4.6957531e+14
      610.091   4.6739565e+14
      610.128   4.6395496e+14
      610.165   4.6006160e+14
      610.203   4.5589996e+14
      610.240   4.5249771e+14
      610.277   4.5081106e+14
      610.314   4.5040140e+14
      610.352   4.5037817e+14
      610.389   4.5031695e+14
      610.426   4.5004016e+14
      610.463   4.4961963e+14
      610.501   4.4888834e+14
      610.538   4.4785284e+14
      610.575   4.4670538e+14
      610.612   4.4633507e+14
      610.650   4.4700645e+14
      610.687   4.4866219e+14
      610.724   4.5166004e+14
      610.762   4.5506659e+14
      610.799   4.5761788e+14
      610.836   4.5912562e+14
      610.874   4.6014163e+14
      610.911   4.6056834e+14
      610.948   4.6067815e+14
      610.986   4.6054103e+14
      611.023   4.6071112e+14
      611.060   4.6094129e+14
      611.098   4.6144383e+14
      611.135   4.6232951e+14
      611.172   4.6374812e+14
      611.210   4.6557243e+14
      611.247   4.6742029e+14
      611.284   4.6873540e+14
      611.322   4.6983795e+14
      611.359   4.7064158e+14
      611.396   4.7074435e+14
      611.434   4.7018140e+14
      611.471   4.6924998e+14
      611.509   4.6828704e+14
      611.546   4.6719026e+14
      611.583   4.6624264e+14
      611.621   4.6584188e+14
      611.658   4.6605912e+14
      611.696   4.6670878e+14
      611.733   4.6766989e+14
      611.770   4.6842315e+14
      611.808   4.6883831e+14
      611.845   4.6886105e+14
      611.883   4.6842301e+14
      611.920   4.6757635e+14
      611.958   4.6706353e+14
      611.995   4.6722217e+14
      612.033   4.6713604e+14
      612.070   4.6564637e+14
      612.108   4.6357032e+14
      612.145   4.6155757e+14
      612.182   4.5922457e+14
      612.220   4.5725194e+14
      612.257   4.5664193e+14
      612.295   4.5683271e+14
      612.332   4.5632930e+14
      612.370   4.5534879e+14
      612.407   4.5466382e+14
      612.445   4.5392063e+14
      612.482   4.5293937e+14
      612.520   4.5219871e+14
      612.557   4.5226068e+14
      612.595   4.5355353e+14
      612.632   4.5516361e+14
      612.670   4.5613102e+14
      612.708   4.5748292e+14
      612.745   4.5846072e+14
      612.783   4.5719954e+14
      612.820   4.5497132e+14
      612.858   4.5449471e+14
      612.895   4.5455415e+14
      612.933   4.5469152e+14
      612.970   4.5555996e+14
      613.008   4.5660133e+14
      613.046   4.5620274e+14
      613.083   4.5530630e+14
      613.121   4.5426918e+14
      613.158   4.5429929e+14
      613.196   4.5615751e+14
      613.234   4.5876674e+14
      613.271   4.6083035e+14
      613.309   4.6361411e+14
      613.346   4.6610065e+14
      613.384   4.6758648e+14
      613.422   4.6894973e+14
      613.459   4.7006084e+14
      613.497   4.6853759e+14
      613.535   4.6452251e+14
      613.572   4.5999250e+14
      613.610   4.5424877e+14
      613.648   4.4782760e+14
      613.685   4.4358642e+14
      613.723   4.4093683e+14
      613.761   4.3878687e+14
      613.798   4.3813884e+14
      613.836   4.3886143e+14
      613.874   4.3930853e+14
      613.911   4.3980287e+14
      613.949   4.3978446e+14
      613.987   4.3795177e+14
      614.024   4.3567617e+14
      614.062   4.3538181e+14
      614.100   4.3595457e+14
      614.137   4.3869216e+14
      614.175   4.4429035e+14
      614.213   4.5037678e+14
      614.251   4.5480946e+14
      614.288   4.5831272e+14
      614.326   4.5914748e+14
      614.364   4.5767908e+14
      614.402   4.5592380e+14
      614.439   4.5393419e+14
      614.477   4.5172286e+14
      614.515   4.5121785e+14
      614.553   4.5277050e+14
      614.590   4.5452340e+14
      614.628   4.5612752e+14
      614.666   4.5824924e+14
      614.704   4.5970916e+14
      614.742   4.5963075e+14
      614.779   4.5851915e+14
      614.817   4.5737890e+14
      614.855   4.5695968e+14
      614.893   4.5711696e+14
      614.930   4.5778274e+14
      614.968   4.5900749e+14
      615.006   4.6065752e+14
      615.044   4.6092062e+14
      615.082   4.6023147e+14
      615.120   4.5981859e+14
      615.157   4.6031201e+14
      615.195   4.6167765e+14
      615.233   4.6329016e+14
      615.271   4.6503420e+14
      615.309   4.6644306e+14
      615.347   4.6604635e+14
      615.385   4.6400765e+14
      615.422   4.6233610e+14
      615.460   4.6051717e+14
      615.498   4.5851567e+14
      615.536   4.5788525e+14
      615.574   4.5895602e+14
      615.612   4.5939085e+14
      615.650   4.5920318e+14
      615.688   4.5935090e+14
      615.726   4.5889216e+14
      615.764   4.5737058e+14
      615.801   4.5593445e+14
      615.839   4.5547289e+14
      615.877   4.5590770e+14
      615.915   4.5689544e+14
      615.953   4.5747258e+14
      615.991   4.5722304e+14
      616.029   4.5569840e+14
      616.067   4.5062228e+14
      616.105   4.4413106e+14
      616.143   4.3976298e+14
      616.181   4.3616782e+14
      616.219   4.3194959e+14
      616.257   4.2950575e+14
      616.295   4.2921231e+14
      616.333   4.2846243e+14
      616.371   4.2728554e+14
      616.409   4.2677188e+14
      616.447   4.2726240e+14
      616.485   4.2718904e+14
      616.523   4.2601198e+14
      616.561   4.2711479e+14
      616.599   4.3176791e+14
      616.637   4.3718666e+14
      616.675   4.4168451e+14
      616.713   4.4686755e+14
      616.751   4.5045549e+14
      616.789   4.5034786e+14
      616.827   4.4779064e+14
      616.865   4.4511504e+14
      616.903   4.4191017e+14
      616.941   4.3897100e+14
      616.979   4.3696113e+14
      617.017   4.3741907e+14
      617.055   4.3901828e+14
      617.094   4.4076398e+14
      617.132   4.4165982e+14
      617.170   4.4184357e+14
      617.208   4.3975095e+14
      617.246   4.3756647e+14
      617.284   4.3643810e+14
      617.322   4.3783932e+14
      617.360   4.4050175e+14
      617.398   4.4463829e+14
      617.436   4.4919778e+14
      617.475   4.5324824e+14
      617.513   4.5482112e+14
      617.551   4.5512733e+14
      617.589   4.5501388e+14
      617.627   4.5409869e+14
      617.665   4.5261820e+14
      617.703   4.5243454e+14
      617.742   4.5385860e+14
      617.780   4.5546213e+14
      617.818   4.5658408e+14
      617.856   4.5703331e+14
      617.894   4.5648107e+14
      617.932   4.5596643e+14
      617.971   4.5595905e+14
      618.009   4.5596936e+14
      618.047   4.5732904e+14
      618.085   4.5942429e+14
      618.123   4.6084644e+14
      618.162   4.6212722e+14
      618.200   4.6373045e+14
      618.238   4.6484348e+14
      618.276   4.6532082e+14
      618.314   4.6563115e+14
      618.353   4.6580253e+14
      618.391   4.6671401e+14
      618.429   4.6810823e+14
      618.467   4.6941103e+14
      618.506   4.7051032e+14
      618.544   4.7142800e+14
      618.582   4.7146394e+14
      618.620   4.7046967e+14
      618.659   4.6882087e+14
      618.697   4.6757259e+14
      618.735   4.6670702e+14
      618.774   4.6569415e+14
      618.812   4.6522773e+14
      618.850   4.6550051e+14
      618.888   4.6551975e+14
      618.927   4.6479244e+14
      618.965   4.6218784e+14
      619.003   4.5758932e+14
      619.042   4.5308667e+14
      619.080   4.4919017e+14
      619.118   4.4584936e+14
      619.157   4.4507959e+14
      619.195   4.4672858e+14
      619.233   4.4797806e+14
      619.272   4.4869638e+14
      619.310   4.4963285e+14
      619.348   4.4978613e+14
      619.387   4.4928910e+14
      619.425   4.4861831e+14
      619.464   4.4803198e+14
      619.502   4.4904166e+14
      619.540   4.5201040e+14
      619.579   4.5589367e+14
      619.617   4.6035773e+14
      619.656   4.6473661e+14
      619.694   4.6729360e+14
      619.732   4.6781297e+14
      619.771   4.6747086e+14
      619.809   4.6695762e+14
      619.848   4.6587466e+14
      619.886   4.6384447e+14
      619.924   4.6228722e+14
      619.963   4.6086302e+14
      620.001   4.5959466e+14
      620.040   4.5891107e+14
      620.078   4.5920029e+14
      620.117   4.5906565e+14
      620.155   4.5891669e+14
      620.193   4.5863238e+14
      620.232   4.5824338e+14
      620.270   4.5799153e+14
      620.309   4.5787025e+14
      620.347   4.5758855e+14
      620.386   4.5847653e+14
      620.424   4.6020278e+14
      620.463   4.6213299e+14
      620.501   4.6398143e+14
      620.540   4.6592296e+14
      620.578   4.6682996e+14
      620.617   4.6712606e+14
      620.655   4.6720487e+14
      620.694   4.6725189e+14
      620.732   4.6726841e+14
      620.771   4.6703119e+14
      620.810   4.6683727e+14
      620.848   4.6672377e+14
      620.887   4.6661645e+14
      620.925   4.6719895e+14
      620.964   4.6798277e+14
      621.002   4.6855705e+14
      621.041   4.6901844e+14
      621.079   4.6945753e+14
      621.118   4.6983502e+14
      621.157   4.6932387e+14
      621.195   4.6730015e+14
      621.234   4.6555056e+14
      621.272   4.6393830e+14
      621.311   4.6226144e+14
      621.350   4.6081481e+14
      621.388   4.5995277e+14
      621.427   4.5915088e+14
      621.465   4.5810165e+14
      621.504   4.5672225e+14
      621.543   4.5618027e+14
      621.581   4.5673011e+14
      621.620   4.5680349e+14
      621.659   4.5646209e+14
      621.697   4.5788783e+14
      621.736   4.5950139e+14
      621.775   4.5988405e+14
      621.813   4.6006819e+14
      621.852   4.6057834e+14
      621.891   4.6009870e+14
      621.929   4.5870435e+14
      621.968   4.5821368e+14
      622.007   4.5776094e+14
      622.045   4.5740784e+14
      622.084   4.5677870e+14
      622.123   4.5615488e+14
      622.161   4.5574200e+14
      622.200   4.5552232e+14
      622.239   4.5491187e+14
      622.278   4.5467582e+14
      622.316   4.5553276e+14
      622.355   4.5681373e+14
      622.394   4.5832826e+14
      622.432   4.6111794e+14
      622.471   4.6342814e+14
      622.510   4.6469352e+14
      622.549   4.6605407e+14
      622.588   4.6779208e+14
      622.626   4.6887805e+14
      622.665   4.6984531e+14
      622.704   4.7067970e+14
      622.743   4.7056380e+14
      622.781   4.6929591e+14
      622.820   4.6818601e+14
      622.859   4.6670941e+14
      622.898   4.6408922e+14
      622.937   4.5960559e+14
      622.975   4.5631597e+14
      623.014   4.5291456e+14
      623.053   4.5020641e+14
      623.092   4.4828844e+14
      623.131   4.4734284e+14
      623.169   4.4619256e+14
      623.208   4.4494780e+14
      623.247   4.4308871e+14
      623.286   4.4256376e+14
      623.325   4.4381336e+14
      623.364   4.4472338e+14
      623.403   4.4482625e+14
      623.441   4.4708665e+14
      623.480   4.5018542e+14
      623.519   4.5315951e+14
      623.558   4.5518517e+14
      623.597   4.5611806e+14
      623.636   4.5678728e+14
      623.675   4.5620841e+14
      623.714   4.5491971e+14
      623.753   4.5471323e+14
      623.791   4.5617596e+14
      623.830   4.5573289e+14
      623.869   4.5394870e+14
      623.908   4.5134538e+14
      623.947   4.4915528e+14
      623.986   4.4762330e+14
      624.025   4.4625168e+14
      624.064   4.4538869e+14
      624.103   4.4707818e+14
      624.142   4.4840597e+14
      624.181   4.4880036e+14
      624.220   4.4923286e+14
      624.259   4.4887336e+14
      624.298   4.4657829e+14
      624.337   4.4433195e+14
      624.376   4.4241470e+14
      624.415   4.4112618e+14
      624.454   4.4120982e+14
      624.493   4.4045206e+14
      624.532   4.3993112e+14
      624.571   4.3917859e+14
      624.610   4.3671004e+14
      624.649   4.3449724e+14
      624.688   4.3426445e+14
      624.727   4.3360671e+14
      624.766   4.3414485e+14
      624.805   4.3758470e+14
      624.844   4.4151280e+14
      624.883   4.4520975e+14
      624.922   4.4918787e+14
      624.961   4.5198921e+14
      625.000   4.5475824e+14
      625.039   4.5733434e+14
      625.078   4.5864053e+14
      625.117   4.5840126e+14
      625.156   4.5981678e+14
      625.195   4.5929127e+14
      625.234   4.5641266e+14
      625.274   4.5283365e+14
      625.313   4.5088411e+14
      625.352   4.4768802e+14
      625.391   4.4478059e+14
      625.430   4.4347652e+14
      625.469   4.4331517e+14
      625.508   4.4122247e+14
      625.547   4.3947868e+14
      625.586   4.3695440e+14
      625.626   4.3630764e+14
      625.665   4.3665053e+14
      625.704   4.3783390e+14
      625.743   4.3768024e+14
      625.782   4.4081242e+14
      625.821   4.4324361e+14
      625.861   4.4588056e+14
      625.900   4.4930873e+14
      625.939   4.5315227e+14
      625.978   4.5328621e+14
      626.017   4.5415458e+14
      626.057   4.5523412e+14
      626.096   4.5614369e+14
      626.135   4.5729643e+14
      626.174   4.6030363e+14
      626.213   4.6156331e+14
      626.253   4.6257811e+14
      626.292   4.6403202e+14
      626.331   4.6513103e+14
      626.370   4.6358025e+14
      626.409   4.6253198e+14
      626.449   4.6081217e+14
      626.488   4.5937009e+14
      626.527   4.5891704e+14
      626.566   4.6031125e+14
      626.606   4.6085652e+14
      626.645   4.6116326e+14
      626.684   4.6093427e+14
      626.723   4.6018044e+14
      626.763   4.5990292e+14
      626.802   4.5958359e+14
      626.841   4.5834564e+14
      626.881   4.5796946e+14
      626.920   4.5913747e+14
      626.959   4.5985989e+14
      626.999   4.6049295e+14
      627.038   4.6239008e+14
      627.077   4.6315232e+14
      627.117   4.6235641e+14
      627.156   4.6196165e+14
      627.195   4.6221794e+14
      627.234   4.6243322e+14
      627.274   4.6254265e+14
      627.313   4.6290571e+14
      627.353   4.6274706e+14
      627.392   4.6337566e+14
      627.431   4.6441218e+14
      627.471   4.6554267e+14
      627.510   4.6702564e+14
      627.549   4.6881538e+14
      627.589   4.6950291e+14
      627.628   4.6977357e+14
      627.668   4.7021213e+14
      627.707   4.7027201e+14
      627.746   4.6992937e+14
      627.786   4.6937119e+14
      627.825   4.6852718e+14
      627.865   4.6729225e+14
      627.904   4.6492506e+14
      627.943   4.6245337e+14
      627.983   4.6061501e+14
      628.022   4.5915095e+14
      628.062   4.5783270e+14
      628.101   4.5756842e+14
      628.141   4.5754329e+14
      628.180   4.5729263e+14
      628.220   4.5700707e+14
      628.259   4.5692901e+14
      628.299   4.5693403e+14
      628.338   4.5733841e+14
      628.378   4.5732420e+14
      628.417   4.5812894e+14
      628.457   4.5998197e+14
      628.496   4.6204837e+14
      628.536   4.6372650e+14
      628.575   4.6568916e+14
      628.615   4.6683018e+14
      628.654   4.6714768e+14
      628.694   4.6728772e+14
      628.733   4.6744891e+14
      628.773   4.6766581e+14
      628.812   4.6804105e+14
      628.852   4.6810441e+14
      628.891   4.6799400e+14
      628.931   4.6738502e+14
      628.970   4.6612191e+14
      629.010   4.6518454e+14
      629.049   4.6443661e+14
      629.089   4.6370020e+14
      629.129   4.6351550e+14
      629.168   4.6401640e+14
      629.208   4.6410618e+14
      629.247   4.6394271e+14
      629.287   4.6395564e+14
      629.327   4.6397407e+14
      629.366   4.6386278e+14
      629.406   4.6371639e+14
      629.445   4.6363799e+14
      629.485   4.6399690e+14
      629.525   4.6461684e+14
      629.564   4.6527736e+14
      629.604   4.6541940e+14
      629.644   4.6421268e+14
      629.683   4.6307937e+14
      629.723   4.6175149e+14
      629.763   4.6049493e+14
      629.802   4.5963320e+14
      629.842   4.6018162e+14
      629.882   4.5997724e+14
      629.921   4.5947531e+14
      629.961   4.5794889e+14
      630.001   4.5466324e+14
      630.040   4.5203350e+14
      630.080   4.4884341e+14
      630.120   4.4403655e+14
      630.159   4.4231846e+14
      630.199   4.4330329e+14
      630.239   4.4354320e+14
      630.279   4.4439624e+14
      630.318   4.4737425e+14
      630.358   4.4819460e+14
      630.398   4.4824231e+14
      630.438   4.4826799e+14
      630.477   4.4765773e+14
      630.517   4.4899265e+14
      630.557   4.5114461e+14
      630.596   4.5329067e+14
      630.636   4.5708546e+14
      630.676   4.6220947e+14
      630.716   4.6515232e+14
      630.756   4.6747642e+14
      630.795   4.7002571e+14
      630.835   4.7068282e+14
      630.875   4.7062719e+14
      630.915   4.7073671e+14
      630.955   4.7072792e+14
      630.994   4.7028079e+14
      631.034   4.7034401e+14
      631.074   4.7048486e+14
      631.114   4.7042478e+14
      631.154   4.7042527e+14
      631.194   4.7093232e+14
      631.233   4.7116608e+14
      631.273   4.7075361e+14
      631.313   4.6835552e+14
      631.353   4.6588828e+14
      631.393   4.6144051e+14
      631.433   4.5690117e+14
      631.473   4.5326756e+14
      631.512   4.5213396e+14
      631.552   4.5104502e+14
      631.592   4.5162548e+14
      631.632   4.5126379e+14
      631.672   4.4899800e+14
      631.712   4.4569581e+14
      631.752   4.4143697e+14
      631.792   4.3560662e+14
      631.832   4.3281001e+14
      631.872   4.3166138e+14
      631.911   4.3264263e+14
      631.951   4.3573355e+14
      631.991   4.4074917e+14
      632.031   4.4377758e+14
      632.071   4.4611987e+14
      632.111   4.4517014e+14
      632.151   4.4304001e+14
      632.191   4.4216989e+14
      632.231   4.4267040e+14
      632.271   4.4435138e+14
      632.311   4.4890121e+14
      632.351   4.5349033e+14
      632.391   4.5644683e+14
      632.431   4.5825335e+14
      632.471   4.5980348e+14
      632.511   4.6018938e+14
      632.551   4.5984416e+14
      632.591   4.5874828e+14
      632.631   4.5875060e+14
      632.671   4.5952572e+14
      632.711   4.6044444e+14
      632.751   4.6245911e+14
      632.791   4.6509239e+14
      632.831   4.6623801e+14
      632.871   4.6618835e+14
      632.911   4.6598133e+14
      632.951   4.6544841e+14
      632.992   4.6494661e+14
      633.032   4.6417247e+14
      633.072   4.6337666e+14
      633.112   4.6267462e+14
      633.152   4.6286734e+14
      633.192   4.6325907e+14
      633.232   4.6416737e+14
      633.272   4.6525814e+14
      633.312   4.6600374e+14
      633.352   4.6532365e+14
      633.392   4.6237482e+14
      633.433   4.6022495e+14
      633.473   4.5836701e+14
      633.513   4.5550544e+14
      633.553   4.5261305e+14
      633.593   4.5276934e+14
      633.633   4.5243626e+14
      633.673   4.5181835e+14
      633.714   4.5160765e+14
      633.754   4.5058044e+14
      633.794   4.4905525e+14
      633.834   4.4710675e+14
      633.874   4.4438642e+14
      633.914   4.4460018e+14
      633.955   4.4699443e+14
      633.995   4.4853897e+14
      634.035   4.5021097e+14
      634.075   4.5415189e+14
      634.115   4.5595731e+14
      634.156   4.5683135e+14
      634.196   4.5769915e+14
      634.236   4.5744630e+14
      634.276   4.5582617e+14
      634.317   4.5483219e+14
      634.357   4.5419979e+14
      634.397   4.5395210e+14
      634.437   4.5468995e+14
      634.477   4.5533100e+14
      634.518   4.5486262e+14
      634.558   4.5354054e+14
      634.598   4.5256449e+14
      634.639   4.5185205e+14
      634.679   4.5148780e+14
      634.719   4.5189892e+14
      634.759   4.5287795e+14
      634.800   4.5499370e+14
      634.840   4.5744419e+14
      634.880   4.5970660e+14
      634.921   4.6163763e+14
      634.961   4.6389232e+14
      635.001   4.6462315e+14
      635.042   4.6463722e+14
      635.082   4.6542933e+14
      635.122   4.6667337e+14
      635.163   4.6746647e+14
      635.203   4.6762411e+14
      635.243   4.6732156e+14
      635.284   4.6653186e+14
      635.324   4.6509245e+14
      635.364   4.6229425e+14
      635.405   4.6058064e+14
      635.445   4.5979501e+14
      635.486   4.5838328e+14
      635.526   4.5756970e+14
      635.566   4.5846174e+14
      635.607   4.5895526e+14
      635.647   4.5886279e+14
      635.688   4.5786110e+14
      635.728   4.5450032e+14
      635.768   4.5264011e+14
      635.809   4.5115778e+14
      635.849   4.4930546e+14
      635.890   4.4964594e+14
      635.930   4.5208380e+14
      635.970   4.5271239e+14
      636.011   4.5308648e+14
      636.051   4.5388181e+14
      636.092   4.5264311e+14
      636.132   4.5066508e+14
      636.173   4.4895403e+14
      636.213   4.4651184e+14
      636.254   4.4623587e+14
      636.294   4.4673664e+14
      636.335   4.4767423e+14
      636.375   4.4892778e+14
      636.416   4.5090716e+14
      636.456   4.5119729e+14
      636.497   4.5128818e+14
      636.537   4.5196444e+14
      636.578   4.5249158e+14
      636.618   4.5342642e+14
      636.659   4.5487337e+14
      636.699   4.5600301e+14
      636.740   4.5692509e+14
      636.780   4.5709347e+14
      636.821   4.5739592e+14
      636.862   4.5777907e+14
      636.902   4.5860625e+14
      636.943   4.5915076e+14
      636.983   4.5957501e+14
      637.024   4.5998378e+14
      637.064   4.5975262e+14
      637.105   4.5958053e+14
      637.146   4.5946131e+14
      637.186   4.5977506e+14
      637.227   4.6025098e+14
      637.267   4.6064272e+14
      637.308   4.6140796e+14
      637.349   4.6229572e+14
      637.389   4.6333030e+14
      637.430   4.6385941e+14
      637.471   4.6415771e+14
      637.511   4.6467505e+14
      637.552   4.6532958e+14
      637.592   4.6612808e+14
      637.633   4.6671043e+14
      637.674   4.6710359e+14
      637.714   4.6694216e+14
      637.755   4.6657270e+14
      637.796   4.6613641e+14
      637.836   4.6572707e+14
      637.877   4.6556350e+14
      637.918   4.6423325e+14
      637.958   4.6331137e+14
      637.999   4.6259624e+14
      638.040   4.6193943e+14
      638.081   4.6148867e+14
      638.121   4.6211767e+14
      638.162   4.6208744e+14
      638.203   4.6218253e+14
      638.244   4.6237238e+14
      638.284   4.6248617e+14
      638.325   4.6211883e+14
      638.366   4.6173192e+14
      638.406   4.5950786e+14
      638.447   4.5862193e+14
      638.488   4.5834612e+14
      638.529   4.5867230e+14
      638.570   4.5924658e+14
      638.610   4.6129746e+14
      638.651   4.6174101e+14
      638.692   4.6157125e+14
      638.733   4.6143492e+14
      638.774   4.6136830e+14
      638.814   4.6120056e+14
      638.855   4.6148240e+14
      638.896   4.6166676e+14
      638.937   4.6284672e+14
      638.978   4.6433645e+14
      639.018   4.6603594e+14
      639.059   4.6700347e+14
      639.100   4.6715654e+14
      639.141   4.6641697e+14
      639.182   4.6412327e+14
      639.223   4.5936847e+14
      639.264   4.5578219e+14
      639.304   4.5346171e+14
      639.345   4.5087649e+14
      639.386   4.4941565e+14
      639.427   4.5035478e+14
      639.468   4.5035620e+14
      639.509   4.5012598e+14
      639.550   4.4987618e+14
      639.591   4.4939743e+14
      639.632   4.5004927e+14
      639.672   4.5054980e+14
      639.713   4.5070200e+14
      639.754   4.5356825e+14
      639.795   4.5674471e+14
      639.836   4.5556530e+14
      639.877   4.5296142e+14
      639.918   4.5188775e+14
      639.959   4.4842585e+14
      640.000   4.4500825e+14
      640.041   4.4509039e+14
      640.082   4.4679828e+14
      640.123   4.4728277e+14
      640.164   4.4752146e+14
      640.205   4.4777135e+14
      640.246   4.4792620e+14
      640.287   4.4784920e+14
      640.328   4.4660409e+14
      640.369   4.4725084e+14
      640.410   4.5123463e+14
      640.451   4.5596237e+14
      640.492   4.6102052e+14
      640.533   4.6713593e+14
      640.574   4.7053473e+14
      640.615   4.6988311e+14
      640.656   4.6627620e+14
      640.697   4.6332594e+14
      640.738   4.6081987e+14
      640.779   4.5900419e+14
      640.820   4.5759660e+14
      640.861   4.5840384e+14
      640.902   4.5835525e+14
      640.943   4.5763544e+14
      640.985   4.5606304e+14
      641.026   4.5200058e+14
      641.067   4.4828355e+14
      641.108   4.4541921e+14
      641.149   4.4236150e+14
      641.190   4.4237564e+14
      641.231   4.4548752e+14
      641.272   4.4823875e+14
      641.313   4.4982900e+14
      641.355   4.5124104e+14
      641.396   4.5065121e+14
      641.437   4.4943426e+14
      641.478   4.4806314e+14
      641.519   4.4582670e+14
      641.560   4.4636463e+14
      641.601   4.4793588e+14
      641.643   4.4940448e+14
      641.684   4.5119180e+14
      641.725   4.5426478e+14
      641.766   4.5534125e+14
      641.807   4.5437872e+14
      641.849   4.5152873e+14
      641.890   4.5017916e+14
      641.931   4.4860248e+14
      641.972   4.4431056e+14
      642.013   4.4116407e+14
      642.055   4.4077252e+14
      642.096   4.3966549e+14
      642.137   4.3892267e+14
      642.178   4.4142260e+14
      642.219   4.4380518e+14
      642.261   4.4537869e+14
      642.302   4.4568733e+14
      642.343   4.4525586e+14
      642.385   4.4672044e+14
      642.426   4.4828822e+14
      642.467   4.4887471e+14
      642.508   4.5236391e+14
      642.550   4.5730707e+14
      642.591   4.6018303e+14
      642.632   4.6290237e+14
      642.673   4.6665994e+14
      642.715   4.6784072e+14
      642.756   4.6806971e+14
      642.797   4.6803505e+14
      642.839   4.6778228e+14
      642.880   4.6709094e+14
      642.921   4.6353979e+14
      642.963   4.6086737e+14
      643.004   4.5857223e+14
      643.045   4.5636773e+14
      643.087   4.5456504e+14
      643.128   4.5469852e+14
      643.169   4.5419756e+14
      643.211   4.5328161e+14
      643.252   4.5245479e+14
      643.294   4.5175765e+14
      643.335   4.5193315e+14
      643.376   4.5171261e+14
      643.418   4.5061372e+14
      643.459   4.5228609e+14
      643.501   4.5431321e+14
      643.542   4.5657873e+14
      643.583   4.5895685e+14
      643.625   4.6191745e+14
      643.666   4.6284929e+14
      643.708   4.6238832e+14
      643.749   4.5782162e+14
      643.791   4.5442106e+14
      643.832   4.5184006e+14
      643.874   4.4855682e+14
      643.915   4.4617469e+14
      643.956   4.4761467e+14
      643.998   4.4788617e+14
      644.039   4.4806437e+14
      644.081   4.4810825e+14
      644.122   4.4779729e+14
      644.164   4.4767525e+14
      644.205   4.4718708e+14
      644.247   4.4522891e+14
      644.288   4.4736970e+14
      644.330   4.5125211e+14
      644.371   4.5526642e+14
      644.413   4.5977979e+14
      644.454   4.6542358e+14
      644.496   4.6704087e+14
      644.538   4.6732498e+14
      644.579   4.6722588e+14
      644.621   4.6702333e+14
      644.662   4.6725338e+14
      644.704   4.6753474e+14
      644.745   4.6775076e+14
      644.787   4.6773110e+14
      644.828   4.6516394e+14
      644.870   4.6220318e+14
      644.912   4.5966986e+14
      644.953   4.5713276e+14
      644.995   4.5449186e+14
      645.036   4.5468627e+14
      645.078   4.5470144e+14
      645.120   4.5440417e+14
      645.161   4.5419619e+14
      645.203   4.5442538e+14
      645.245   4.5435888e+14
      645.286   4.5420722e+14
      645.328   4.5251850e+14
      645.369   4.5216110e+14
      645.411   4.5338441e+14
      645.453   4.5448681e+14
      645.494   4.5469845e+14
      645.536   4.5647997e+14
      645.578   4.5607262e+14
      645.619   4.5450943e+14
      645.661   4.5367924e+14
      645.703   4.5382962e+14
      645.745   4.5388978e+14
      645.786   4.5392394e+14
      645.828   4.5393336e+14
      645.870   4.5421057e+14
      645.911   4.5468445e+14
      645.953   4.5592300e+14
      645.995   4.5757332e+14
      646.037   4.6002730e+14
      646.078   4.6087949e+14
      646.120   4.5896635e+14
      646.162   4.5577560e+14
      646.204   4.5216708e+14
      646.245   4.4770289e+14
      646.287   4.4447131e+14
      646.329   4.4356626e+14
      646.371   4.4308138e+14
      646.412   4.4195541e+14
      646.454   4.4065224e+14
      646.496   4.3949561e+14
      646.538   4.3843482e+14
      646.580   4.3768136e+14
      646.621   4.3928334e+14
      646.663   4.4363769e+14
      646.705   4.4828610e+14
      646.747   4.5250045e+14
      646.789   4.5620161e+14
      646.831   4.5834513e+14
      646.872   4.5812826e+14
      646.914   4.5768056e+14
      646.956   4.5826893e+14
      646.998   4.5792002e+14
      647.040   4.5702990e+14
      647.082   4.5601266e+14
      647.124   4.5491342e+14
      647.165   4.5336984e+14
      647.207   4.5312033e+14
      647.249   4.5341319e+14
      647.291   4.5420599e+14
      647.333   4.5520797e+14
      647.375   4.5590778e+14
      647.417   4.5563857e+14
      647.459   4.5494553e+14
      647.501   4.5391047e+14
      647.543   4.5398872e+14
      647.584   4.5475006e+14
      647.626   4.5649296e+14
      647.668   4.5851032e+14
      647.710   4.6014914e+14
      647.752   4.6032949e+14
      647.794   4.6013958e+14
      647.836   4.5998071e+14
      647.878   4.5988120e+14
      647.920   4.6023125e+14
      647.962   4.6152298e+14
      648.004   4.6263112e+14
      648.046   4.6270706e+14
      648.088   4.6233901e+14
      648.130   4.6087907e+14
      648.172   4.5836950e+14
      648.214   4.5600100e+14
      648.256   4.5458279e+14
      648.298   4.5356897e+14
      648.340   4.5320298e+14
      648.382   4.5296425e+14
      648.424   4.5310747e+14
      648.466   4.5329886e+14
      648.508   4.5347328e+14
      648.551   4.5409279e+14
      648.593   4.5570519e+14
      648.635   4.5773678e+14
      648.677   4.6056979e+14
      648.719   4.6351921e+14
      648.761   4.6608684e+14
      648.803   4.6775434e+14
      648.845   4.6902280e+14
      648.887   4.6955519e+14
      648.929   4.6993183e+14
      648.971   4.7007061e+14
      649.014   4.6953525e+14
      649.056   4.6885324e+14
      649.098   4.6819368e+14
      649.140   4.6747173e+14
      649.182   4.6637277e+14
      649.224   4.6362169e+14
      649.266   4.6016734e+14
      649.309   4.5588581e+14
      649.351   4.4939758e+14
      649.393   4.4218557e+14
      649.435   4.3645777e+14
      649.477   4.3038320e+14
      649.519   4.2378315e+14
      649.562   4.1968087e+14
      649.604   4.1674536e+14
      649.646   4.1437655e+14
      649.688   4.1312482e+14
      649.730   4.1326832e+14
      649.773   4.1487061e+14
      649.815   4.1549372e+14
      649.857   4.1677789e+14
      649.899   4.2051932e+14
      649.942   4.2494315e+14
      649.984   4.2841341e+14
      650.026   4.3413753e+14
      650.068   4.4064014e+14
      650.111   4.4510110e+14
      650.153   4.4883238e+14
      650.195   4.5177221e+14
      650.237   4.5280748e+14
      650.280   4.5229071e+14
      650.322   4.5199450e+14
      650.364   4.5308115e+14
      650.406   4.5453430e+14
      650.449   4.5649127e+14
      650.491   4.5857271e+14
      650.533   4.6016869e+14
      650.576   4.6031122e+14
      650.618   4.6023707e+14
      650.660   4.6011739e+14
      650.703   4.5979683e+14
      650.745   4.5937869e+14
      650.787   4.5944079e+14
      650.830   4.5999268e+14
      650.872   4.6064320e+14
      650.915   4.6148230e+14
      650.957   4.6239744e+14
      650.999   4.6282091e+14
      651.042   4.6269594e+14
      651.084   4.6247339e+14
      651.126   4.6219964e+14
      651.169   4.6188109e+14
      651.211   4.6161863e+14
      651.254   4.6144511e+14
      651.296   4.6153242e+14
      651.339   4.6208423e+14
      651.381   4.6286009e+14
      651.423   4.6329461e+14
      651.466   4.6298172e+14
      651.508   4.6216140e+14
      651.551   4.6101449e+14
      651.593   4.5982964e+14
      651.636   4.5883319e+14
      651.678   4.5768783e+14
      651.721   4.5624990e+14
      651.763   4.5472839e+14
      651.806   4.5321315e+14
      651.848   4.5173673e+14
      651.890   4.5096342e+14
      651.933   4.5054675e+14
      651.976   4.5044330e+14
      652.018   4.5076056e+14
      652.060   4.5116899e+14
      652.103   4.5169509e+14
      652.146   4.5232093e+14
      652.188   4.5299737e+14
      652.231   4.5409354e+14
      652.273   4.5552244e+14
      652.316   4.5699500e+14
      652.358   4.5851263e+14
      652.401   4.5980332e+14
      652.443   4.6025822e+14
      652.486   4.6024375e+14
      652.529   4.5998690e+14
      652.571   4.5953535e+14
      652.614   4.5901043e+14
      652.656   4.5851600e+14
      652.699   4.5814768e+14
      652.742   4.5790202e+14
      652.784   4.5779523e+14
      652.827   4.5770067e+14
      652.869   4.5748546e+14
      652.912   4.5721674e+14
      652.955   4.5690529e+14
      652.997   4.5670132e+14
      653.040   4.5684343e+14
      653.083   4.5733416e+14
      653.125   4.5797810e+14
      653.168   4.5850892e+14
      653.211   4.5838336e+14
      653.253   4.5744905e+14
      653.296   4.5624149e+14
      653.339   4.5497941e+14
      653.381   4.5388180e+14
      653.424   4.5338461e+14
      653.467   4.5333561e+14
      653.509   4.5328853e+14
      653.552   4.5317386e+14
      653.595   4.5296484e+14
      653.637   4.5267779e+14
      653.680   4.5229724e+14
      653.723   4.5169955e+14
      653.766   4.5152459e+14
      653.808   4.5179737e+14
      653.851   4.5214540e+14
      653.894   4.5263065e+14
      653.937   4.5331893e+14
      653.979   4.5338326e+14
      654.022   4.5298819e+14
      654.065   4.5255878e+14
      654.108   4.5212352e+14
      654.151   4.5173971e+14
      654.193   4.5161515e+14
      654.236   4.5193768e+14
      654.279   4.5276644e+14
      654.322   4.5369270e+14
      654.365   4.5456180e+14
      654.407   4.5509829e+14
      654.450   4.5374447e+14
      654.493   4.5113129e+14
      654.536   4.4861214e+14
      654.579   4.4576336e+14
      654.622   4.4290553e+14
      654.664   4.4153766e+14
      654.707   4.4096343e+14
      654.750   4.4016871e+14
      654.793   4.3968590e+14
      654.836   4.3942636e+14
      654.879   4.3890903e+14
      654.922   4.3805649e+14
      654.965   4.3786550e+14
      655.008   4.3908748e+14
      655.050   4.4062556e+14
      655.093   4.4256374e+14
      655.136   4.4515854e+14
      655.179   4.4710925e+14
      655.222   4.4755547e+14
      655.265   4.4811948e+14
      655.308   4.4830217e+14
      655.351   4.4788561e+14
      655.394   4.4689242e+14
      655.437   4.4556055e+14
      655.480   4.4420246e+14
      655.523   4.4278952e+14
      655.566   4.4133880e+14
      655.609   4.4008006e+14
      655.652   4.3890127e+14
      655.695   4.3757589e+14
      655.738   4.3596288e+14
      655.781   4.3392454e+14
      655.824   4.3147783e+14
      655.867   4.2851637e+14
      655.910   4.2510023e+14
      655.953   4.2147639e+14
      655.996   4.1736013e+14
      656.039   4.1196692e+14
      656.082   4.0392808e+14
      656.125   3.9206412e+14
      656.168   3.7752915e+14
      656.211   3.6214785e+14
      656.254   3.4661009e+14
      656.297   3.3418860e+14
      656.340   3.2646674e+14
      656.383   3.2220058e+14
      656.426   3.1988402e+14
      656.470   3.1922519e+14
      656.513   3.1996395e+14
      656.556   3.2194053e+14
      656.599   3.2614275e+14
      656.642   3.3420121e+14
      656.685   3.4603947e+14
      656.728   3.5966644e+14
      656.771   3.7313561e+14
      656.814   3.8532944e+14
      656.858   3.9455161e+14
      656.901   4.0025700e+14
      656.944   4.0401292e+14
      656.987   4.0741828e+14
      657.030   4.1039833e+14
      657.073   4.1258169e+14
      657.117   4.1392613e+14
      657.160   4.1470006e+14
      657.203   4.1627796e+14
      657.246   4.1751000e+14
      657.289   4.1871611e+14
      657.333   4.2005162e+14
      657.376   4.2108469e+14
      657.419   4.2220130e+14
      657.462   4.2371842e+14
      657.505   4.2500204e+14
      657.549   4.2601746e+14
      657.592   4.2713961e+14
      657.635   4.2827331e+14
      657.678   4.2959422e+14
      657.722   4.3080829e+14
      657.765   4.3233941e+14
      657.808   4.3427676e+14
      657.851   4.3650214e+14
      657.895   4.3911622e+14
      657.938   4.4164689e+14
      657.981   4.4378845e+14
      658.025   4.4564166e+14
      658.068   4.4699662e+14
      658.111   4.4771191e+14
      658.155   4.4845581e+14
      658.198   4.4915953e+14
      658.241   4.4974799e+14
      658.284   4.5020392e+14
      658.328   4.5046085e+14
      658.371   4.5070934e+14
      658.415   4.5096051e+14
      658.458   4.5091228e+14
      658.501   4.5073155e+14
      658.545   4.5067735e+14
      658.588   4.5060608e+14
      658.631   4.5060966e+14
      658.675   4.5092407e+14
      658.718   4.5141156e+14
      658.761   4.5187307e+14
      658.805   4.5235452e+14
      658.848   4.5289374e+14
      658.892   4.5345291e+14
      658.935   4.5385098e+14
      658.979   4.5423155e+14
      659.022   4.5489068e+14
      659.065   4.5539834e+14
      659.109   4.5462785e+14
      659.152   4.5228086e+14
      659.196   4.4928037e+14
      659.239   4.4512069e+14
      659.283   4.4060387e+14
      659.326   4.3746014e+14
      659.370   4.3546058e+14
      659.413   4.3377139e+14
      659.457   4.3282896e+14
      659.500   4.3257171e+14
      659.544   4.3234679e+14
      659.587   4.3153312e+14
      659.631   4.3126482e+14
      659.674   4.3248917e+14
      659.718   4.3401702e+14
      659.761   4.3619021e+14
      659.805   4.3978011e+14
      659.848   4.4312184e+14
      659.892   4.4520155e+14
      659.935   4.4690886e+14
      659.979   4.4791331e+14
      660.022   4.4815864e+14
      660.066   4.4809315e+14
      660.110   4.4847769e+14
      660.153   4.4949915e+14
      660.197   4.5057625e+14
      660.240   4.5174794e+14
      660.284   4.5294363e+14
      660.328   4.5374699e+14
      660.371   4.5416883e+14
      660.415   4.5441539e+14
      660.458   4.5451408e+14
      660.502   4.5467697e+14
      660.546   4.5473886e+14
      660.589   4.5457486e+14
      660.633   4.5424122e+14
      660.677   4.5376604e+14
      660.720   4.5299849e+14
      660.764   4.5148368e+14
      660.807   4.4948860e+14
      660.851   4.4771917e+14
      660.895   4.4628169e+14
      660.939   4.4522233e+14
      660.982   4.4508071e+14
      661.026   4.4554799e+14
      661.070   4.4607216e+14
      661.113   4.4624620e+14
      661.157   4.4642382e+14
      661.201   4.4653208e+14
      661.244   4.4673509e+14
      661.288   4.4749071e+14
      661.332   4.4907862e+14
      661.376   4.5110029e+14
      661.419   4.5324585e+14
      661.463   4.5532298e+14
      661.507   4.5675858e+14
      661.551   4.5724910e+14
      661.594   4.5712032e+14
      661.638   4.5678694e+14
      661.682   4.5651134e+14
      661.726   4.5642076e+14
      661.770   4.5641978e+14
      661.813   4.5647601e+14
      661.857   4.5668035e+14
      661.901   4.5682692e+14
      661.945   4.5672184e+14
      661.989   4.5646632e+14
      662.032   4.5621301e+14
      662.076   4.5589668e+14
      662.120   4.5552246e+14
      662.164   4.5520601e+14
      662.208   4.5504294e+14
      662.252   4.5491161e+14
      662.296   4.5477453e+14
      662.339   4.5445729e+14
      662.383   4.5393233e+14
      662.427   4.5343623e+14
      662.471   4.5300663e+14
      662.515   4.5268408e+14
      662.559   4.5254680e+14
      662.603   4.5230521e+14
      662.647   4.5192171e+14
      662.690   4.5169107e+14
      662.734   4.5139727e+14
      662.778   4.5113818e+14
      662.822   4.5108762e+14
      662.866   4.5105434e+14
      662.910   4.5075751e+14
      662.954   4.5030713e+14
      662.998   4.4975824e+14
      663.042   4.4933683e+14
      663.086   4.4863738e+14
      663.130   4.4793493e+14
      663.174   4.4726141e+14
      663.218   4.4558517e+14
      663.262   4.4314659e+14
      663.306   4.4108151e+14
      663.350   4.3891175e+14
      663.394   4.3672439e+14
      663.438   4.3582945e+14
      663.482   4.3604173e+14
      663.526   4.3626275e+14
      663.570   4.3654756e+14
      663.614   4.3727891e+14
      663.658   4.3794658e+14
      663.702   4.3839392e+14
      663.746   4.3986211e+14
      663.790   4.4232812e+14
      663.834   4.4415064e+14
      663.878   4.4555861e+14
      663.922   4.4735254e+14
      663.967   4.4835259e+14
      664.011   4.4842080e+14
      664.055   4.4871238e+14
      664.099   4.4921584e+14
      664.143   4.4921446e+14
      664.187   4.4816843e+14
      664.231   4.4636476e+14
      664.275   4.4478429e+14
      664.319   4.4321810e+14
      664.364   4.4218069e+14
      664.408   4.4243721e+14
      664.452   4.4356175e+14
      664.496   4.4432640e+14
      664.540   4.4450467e+14
      664.584   4.4398025e+14
      664.628   4.4298242e+14
      664.673   4.4143919e+14
      664.717   4.4099577e+14
      664.761   4.4208875e+14
      664.805   4.4357112e+14
      664.849   4.4506242e+14
      664.894   4.4702523e+14
      664.938   4.4813053e+14
      664.982   4.4823068e+14
      665.026   4.4804774e+14
      665.070   4.4817770e+14
      665.115   4.4845364e+14
      665.159   4.4890041e+14
      665.203   4.4947513e+14
      665.247   4.4997728e+14
      665.292   4.5020687e+14
      665.336   4.5020616e+14
      665.380   4.4989443e+14
      665.424   4.4950412e+14
      665.469   4.4932375e+14
      665.513   4.4903517e+14
      665.557   4.4877851e+14
      665.602   4.4879286e+14
      665.646   4.4905961e+14
      665.690   4.4933515e+14
      665.735   4.4989345e+14
      665.779   4.5051524e+14
      665.823   4.5063670e+14
      665.868   4.5022060e+14
      665.912   4.4966709e+14
      665.956   4.4909606e+14
      666.001   4.4854303e+14
      666.045   4.4834721e+14
      666.089   4.4839004e+14
      666.134   4.4792413e+14
      666.178   4.4585972e+14
      666.223   4.4273326e+14
      666.267   4.3965528e+14
      666.311   4.3660885e+14
      666.356   4.3416830e+14
      666.400   4.3342410e+14
      666.445   4.3406053e+14
      666.489   4.3448094e+14
      666.533   4.3466841e+14
      666.578   4.3458863e+14
      666.622   4.3389081e+14
      666.667   4.3305665e+14
      666.711   4.3391401e+14
      666.756   4.3616445e+14
      666.800   4.3899134e+14
      666.844   4.4244203e+14
      666.889   4.4608607e+14
      666.933   4.4819158e+14
      666.978   4.4907128e+14
      667.022   4.4982505e+14
      667.067   4.5064683e+14
      667.111   4.5145920e+14
      667.156   4.5233658e+14
      667.200   4.5334739e+14
      667.245   4.5414925e+14
      667.289   4.5475218e+14
      667.334   4.5504108e+14
      667.379   4.5495398e+14
      667.423   4.5474347e+14
      667.468   4.5455423e+14
      667.512   4.5435832e+14
      667.557   4.5407274e+14
      667.601   4.5311832e+14
      667.646   4.5061844e+14
      667.690   4.4722469e+14
      667.735   4.4413460e+14
      667.780   4.4124249e+14
      667.824   4.3903485e+14
      667.869   4.3835101e+14
      667.913   4.3880452e+14
      667.958   4.3901657e+14
      668.003   4.3912062e+14
      668.047   4.3917142e+14
      668.092   4.3896314e+14
      668.137   4.3900597e+14
      668.181   4.4060718e+14
      668.226   4.4326354e+14
      668.271   4.4616269e+14
      668.315   4.4935354e+14
      668.360   4.5223316e+14
      668.405   4.5362357e+14
      668.449   4.5402596e+14
      668.494   4.5431826e+14
      668.539   4.5459298e+14
      668.583   4.5469752e+14
      668.628   4.5447270e+14
      668.673   4.5423023e+14
      668.717   4.5392855e+14
      668.762   4.5373869e+14
      668.807   4.5374749e+14
      668.852   4.5409833e+14
      668.896   4.5455369e+14
      668.941   4.5498353e+14
      668.986   4.5522057e+14
      669.031   4.5532800e+14
      669.075   4.5514820e+14
      669.120   4.5508596e+14
      669.165   4.5524884e+14
      669.210   4.5560481e+14
      669.254   4.5612988e+14
      669.299   4.5690129e+14
      669.344   4.5748262e+14
      669.389   4.5777436e+14
      669.434   4.5729386e+14
      669.478   4.5587651e+14
      669.523   4.5442443e+14
      669.568   4.5313309e+14
      669.613   4.5207865e+14
      669.658   4.5174106e+14
      669.703   4.5198870e+14
      669.748   4.5171544e+14
      669.792   4.5106111e+14
      669.837   4.5014380e+14
      669.882   4.4906249e+14
      669.927   4.4796643e+14
      669.972   4.4804996e+14
      670.017   4.4920800e+14
      670.062   4.5066774e+14
      670.107   4.5223593e+14
      670.151   4.5397065e+14
      670.196   4.5452309e+14
      670.241   4.5400382e+14
      670.286   4.5375090e+14
      670.331   4.5346284e+14
      670.376   4.5295799e+14
      670.421   4.5313268e+14
      670.466   4.5357098e+14
      670.511   4.5333557e+14
      670.556   4.5303864e+14
      670.601   4.5304043e+14
      670.646   4.5279324e+14
      670.691   4.5240532e+14
      670.736   4.5259762e+14
      670.781   4.5314446e+14
      670.826   4.5410752e+14
      670.871   4.5528165e+14
      670.916   4.5651169e+14
      670.961   4.5731973e+14
      671.006   4.5778063e+14
      671.051   4.5831064e+14
      671.096   4.5804025e+14
      671.141   4.5668210e+14
      671.186   4.5484280e+14
      671.231   4.5293587e+14
      671.276   4.5118097e+14
      671.321   4.5005057e+14
      671.366   4.4967674e+14
      671.411   4.4958446e+14
      671.456   4.4966230e+14
      671.501   4.4950540e+14
      671.547   4.4927595e+14
      671.592   4.4815950e+14
      671.637   4.4653223e+14
      671.682   4.4626935e+14
      671.727   4.4697798e+14
      671.772   4.4775126e+14
      671.817   4.4948174e+14
      671.862   4.5171444e+14
      671.908   4.5278865e+14
      671.953   4.5326019e+14
      671.998   4.5361437e+14
      672.043   4.5368084e+14
      672.088   4.5345651e+14
      672.133   4.5426897e+14
      672.179   4.5585205e+14
      672.224   4.5722598e+14
      672.269   4.5858246e+14
      672.314   4.6039467e+14
      672.359   4.6054096e+14
      672.405   4.5917767e+14
      672.450   4.5788673e+14
      672.495   4.5620765e+14
      672.540   4.5384039e+14
      672.585   4.5235182e+14
      672.631   4.5161634e+14
      672.676   4.5087705e+14
      672.721   4.5068447e+14
      672.766   4.5165935e+14
      672.812   4.5212934e+14
      672.857   4.5214273e+14
      672.902   4.5261198e+14
      672.948   4.5349108e+14
      672.993   4.5386049e+14
      673.038   4.5490410e+14
      673.083   4.5656469e+14
      673.129   4.5762003e+14
      673.174   4.5799802e+14
      673.219   4.5877035e+14
      673.265   4.5882246e+14
      673.310   4.5843531e+14
      673.355   4.5821297e+14
      673.401   4.5841225e+14
      673.446   4.5835175e+14
      673.491   4.5824126e+14
      673.537   4.5811368e+14
      673.582   4.5802374e+14
      673.628   4.5768711e+14
      673.673   4.5764716e+14
      673.718   4.5793704e+14
      673.764   4.5790365e+14
      673.809   4.5711267e+14
      673.854   4.5681340e+14
      673.900   4.5633804e+14
      673.945   4.5557619e+14
      673.991   4.5520677e+14
      674.036   4.5536399e+14
      674.082   4.5525376e+14
      674.127   4.5490418e+14
      674.172   4.5442191e+14
      674.218   4.5399629e+14
      674.263   4.5341069e+14
      674.309   4.5332978e+14
      674.354   4.5389966e+14
      674.400   4.5444965e+14
      674.445   4.5471890e+14
      674.491   4.5531325e+14
      674.536   4.5548527e+14
      674.582   4.5510066e+14
      674.627   4.5470656e+14
      674.673   4.5476718e+14
      674.718   4.5492159e+14
      674.764   4.5495864e+14
      674.809   4.5512780e+14
      674.855   4.5468991e+14
      674.900   4.5301221e+14
      674.946   4.5168602e+14
      674.992   4.5038328e+14
      675.037   4.4888456e+14
      675.083   4.4799711e+14
      675.128   4.4768436e+14
      675.174   4.4698265e+14
      675.219   4.4627133e+14
      675.265   4.4595613e+14
      675.311   4.4569694e+14
      675.356   4.4571756e+14
      675.402   4.4681048e+14
      675.447   4.4851714e+14
      675.493   4.5010644e+14
      675.539   4.5184958e+14
      675.584   4.5349482e+14
      675.630   4.5453256e+14
      675.676   4.5532824e+14
      675.721   4.5624737e+14
      675.767   4.5712599e+14
      675.813   4.5814940e+14
      675.858   4.5864942e+14
      675.904   4.5869808e+14
      675.950   4.5821788e+14
      675.995   4.5764822e+14
      676.041   4.5711467e+14
      676.087   4.5661648e+14
      676.133   4.5642860e+14
      676.178   4.5663602e+14
      676.224   4.5686491e+14
      676.270   4.5701394e+14
      676.315   4.5707072e+14
      676.361   4.5669941e+14
      676.407   4.5570716e+14
      676.453   4.5491880e+14
      676.498   4.5446382e+14
      676.544   4.5398283e+14
      676.590   4.5322675e+14
      676.636   4.5199135e+14
      676.682   4.5100722e+14
      676.727   4.4985961e+14
      676.773   4.4866515e+14
      676.819   4.4781965e+14
      676.865   4.4793268e+14
      676.911   4.4781494e+14
      676.956   4.4764911e+14
      677.002   4.4772668e+14
      677.048   4.4749728e+14
      677.094   4.4630596e+14
      677.140   4.4636653e+14
      677.186   4.4712863e+14
      677.232   4.4776655e+14
      677.277   4.4877687e+14
      677.323   4.5094866e+14
      677.369   4.5168170e+14
      677.415   4.5157976e+14
      677.461   4.5180359e+14
      677.507   4.5225549e+14
      677.553   4.5236090e+14
      677.599   4.5290174e+14
      677.644   4.5396624e+14
      677.690   4.5462872e+14
      677.736   4.5499800e+14
      677.782   4.5565763e+14
      677.828   4.5572481e+14
      677.874   4.5542453e+14
      677.920   4.5534345e+14
      677.966   4.5549060e+14
      678.012   4.5554588e+14
      678.058   4.5547071e+14
      678.104   4.5537777e+14
      678.150   4.5484904e+14
      678.196   4.5344859e+14
      678.242   4.5236522e+14
      678.288   4.5147145e+14
      678.334   4.5052120e+14
      678.380   4.4965389e+14
      678.426   4.4944183e+14
      678.472   4.4885306e+14
      678.518   4.4801507e+14
      678.564   4.4673204e+14
      678.610   4.4583441e+14
      678.656   4.4493373e+14
      678.702   4.4483401e+14
      678.748   4.4543148e+14
      678.794   4.4650387e+14
      678.841   4.4734857e+14
      678.887   4.4824614e+14
      678.933   4.4825340e+14
      678.979   4.4816867e+14
      679.025   4.4801219e+14
      679.071   4.4826194e+14
      679.117   4.4864531e+14
      679.163   4.4868438e+14
      679.209   4.4782668e+14
      679.256   4.4697553e+14
      679.302   4.4583550e+14
      679.348   4.4462708e+14
      679.394   4.4369461e+14
      679.440   4.4333829e+14
      679.486   4.4239969e+14
      679.532   4.4180853e+14
      679.579   4.4129216e+14
      679.625   4.4088802e+14
      679.671   4.4038578e+14
      679.717   4.4053418e+14
      679.763   4.4029335e+14
      679.810   4.4029377e+14
      679.856   4.4044817e+14
      679.902   4.4055495e+14
      679.948   4.4031998e+14
      679.995   4.4100708e+14
      680.041   4.4171448e+14
      680.087   4.4253191e+14
      680.133   4.4352790e+14
      680.180   4.4450379e+14
      680.226   4.4443253e+14
      680.272   4.4447419e+14
      680.318   4.4488469e+14
      680.365   4.4536426e+14
      680.411   4.4608418e+14
      680.457   4.4711945e+14
      680.504   4.4724825e+14
      680.550   4.4554380e+14
      680.596   4.4437762e+14
      680.643   4.4329824e+14
      680.689   4.4215554e+14
      680.735   4.4175665e+14
      680.782   4.4302192e+14
      680.828   4.4348316e+14
      680.874   4.4300987e+14
      680.921   4.4282289e+14
      680.967   4.4269476e+14
      681.013   4.4176703e+14
      681.060   4.4258454e+14
      681.106   4.4497057e+14
      681.153   4.4712248e+14
      681.199   4.4904762e+14
      681.245   4.5119646e+14
      681.292   4.5145508e+14
      681.338   4.4989308e+14
      681.385   4.4927282e+14
      681.431   4.4940849e+14
      681.477   4.4929978e+14
      681.524   4.4940638e+14
      681.570   4.5048068e+14
      681.617   4.5040262e+14
      681.663   4.4980226e+14
      681.710   4.4919953e+14
      681.756   4.4887019e+14
      681.803   4.4833584e+14
      681.849   4.4844165e+14
      681.896   4.4834251e+14
      681.942   4.4841255e+14
      681.989   4.4807180e+14
      682.035   4.4815070e+14
      682.082   4.4766083e+14
      682.128   4.4742358e+14
      682.175   4.4692158e+14
      682.221   4.4673797e+14
      682.268   4.4641784e+14
      682.314   4.4619235e+14
      682.361   4.4574377e+14
      682.408   4.4596653e+14
      682.454   4.4622731e+14
      682.501   4.4686796e+14
      682.547   4.4756166e+14
      682.594   4.4836665e+14
      682.640   4.4833522e+14
      682.687   4.4797311e+14
      682.734   4.4645855e+14
      682.780   4.4521471e+14
      682.827   4.4416252e+14
      682.874   4.4341473e+14
      682.920   4.4292292e+14
      682.967   4.4348908e+14
      683.013   4.4380411e+14
      683.060   4.4399075e+14
      683.107   4.4404893e+14
      683.153   4.4413648e+14
      683.200   4.4370478e+14
      683.247   4.4434255e+14
      683.293   4.4548486e+14
      683.340   4.4681306e+14
      683.387   4.4843732e+14
      683.434   4.5054282e+14
      683.480   4.5142268e+14
      683.527   4.5162477e+14
      683.574   4.5142635e+14
      683.620   4.5140376e+14
      683.667   4.5135775e+14
      683.714   4.5162264e+14
      683.761   4.5213569e+14
      683.807   4.5270805e+14
      683.854   4.5247372e+14
      683.901   4.5227232e+14
      683.948   4.5096439e+14
      683.995   4.4822092e+14
      684.041   4.4586841e+14
      684.088   4.4421301e+14
      684.135   4.4201002e+14
      684.182   4.4041702e+14
      684.229   4.3911098e+14
      684.275   4.3802265e+14
      684.322   4.3671034e+14
      684.369   4.3616974e+14
      684.416   4.3590439e+14
      684.463   4.3644983e+14
      684.510   4.3805758e+14
      684.556   4.4052688e+14
      684.603   4.4247627e+14
      684.650   4.4506329e+14
      684.697   4.4779130e+14
      684.744   4.5026523e+14
      684.791   4.5252386e+14
      684.838   4.5480076e+14
      684.885   4.5640130e+14
      684.932   4.5804390e+14
      684.978   4.5836883e+14
      685.025   4.5769898e+14
      685.072   4.5676364e+14
      685.119   4.5592997e+14
      685.166   4.5520401e+14
      685.213   4.5464261e+14
      685.260   4.5455747e+14
      685.307   4.5415170e+14
      685.354   4.5243374e+14
      685.401   4.5013725e+14
      685.448   4.4731011e+14
      685.495   4.4457840e+14
      685.542   4.4281420e+14
      685.589   4.4261413e+14
      685.636   4.4292660e+14
      685.683   4.4283441e+14
      685.730   4.4301499e+14
      685.777   4.4279389e+14
      685.824   4.4207205e+14
      685.871   4.4215067e+14
      685.918   4.4357871e+14
      685.965   4.4553765e+14
      686.012   4.4723301e+14
      686.059   4.4733300e+14
      686.106   4.4711808e+14
      686.153   4.4672612e+14
      686.201   4.4653583e+14
      686.248   4.4709181e+14
      686.295   4.4850000e+14
      686.342   4.4931426e+14
      686.389   4.4969052e+14
      686.436   4.4946658e+14
      686.483   4.4912262e+14
      686.530   4.4848446e+14
      686.577   4.4953915e+14
      686.625   4.5213773e+14
      686.672   4.5454685e+14
      686.719   4.5671312e+14
      686.766   4.5919504e+14
      686.813   4.6010375e+14
      686.860   4.5959818e+14
      686.908   4.5898812e+14
      686.955   4.5846436e+14
      687.002   4.5803954e+14
      687.049   4.5734011e+14
      687.096   4.5628909e+14
      687.144   4.5511236e+14
      687.191   4.5388973e+14
      687.238   4.5311465e+14
      687.285   4.5291340e+14
      687.332   4.5309986e+14
      687.380   4.5315476e+14
      687.427   4.5304368e+14
      687.474   4.5276419e+14
      687.521   4.5245464e+14
      687.569   4.5205249e+14
      687.616   4.5210366e+14
      687.663   4.5246451e+14
      687.711   4.5291330e+14
      687.758   4.5351482e+14
      687.805   4.5425778e+14
      687.852   4.5448350e+14
      687.900   4.5429189e+14
      687.947   4.5417172e+14
      687.995   4.5397696e+14
      688.042   4.5329411e+14
      688.089   4.5218687e+14
      688.137   4.5095685e+14
      688.184   4.4972591e+14
      688.231   4.4850679e+14
      688.279   4.4786006e+14
      688.326   4.4774835e+14
      688.373   4.4763358e+14
      688.421   4.4703781e+14
      688.468   4.4642623e+14
      688.516   4.4544483e+14
      688.563   4.4457405e+14
      688.610   4.4405546e+14
      688.658   4.4479635e+14
      688.705   4.4571737e+14
      688.753   4.4700356e+14
      688.800   4.4820499e+14
      688.848   4.4928981e+14
      688.895   4.4937083e+14
      688.943   4.4964841e+14
      688.990   4.4998558e+14
      689.037   4.5049883e+14
      689.085   4.5103646e+14
      689.132   4.5232695e+14
      689.180   4.5309678e+14
      689.227   4.5367021e+14
      689.275   4.5393994e+14
      689.322   4.5397988e+14
      689.370   4.5317638e+14
      689.417   4.5223337e+14
      689.465   4.5134218e+14
      689.513   4.5057749e+14
      689.560   4.5015884e+14
      689.608   4.5007251e+14
      689.655   4.4965079e+14
      689.703   4.4874701e+14
      689.750   4.4800231e+14
      689.798   4.4714653e+14
      689.846   4.4613079e+14
      689.893   4.4583227e+14
      689.941   4.4620721e+14
      689.988   4.4646087e+14
      690.036   4.4676050e+14
      690.083   4.4717716e+14
      690.131   4.4723537e+14
      690.179   4.4707631e+14
      690.226   4.4729689e+14
      690.274   4.4767511e+14
      690.322   4.4796586e+14
      690.369   4.4825594e+14
      690.417   4.4849541e+14
      690.465   4.4804044e+14
      690.512   4.4728876e+14
      690.560   4.4657388e+14
      690.608   4.4602199e+14
      690.655   4.4574726e+14
      690.703   4.4574796e+14
      690.751   4.4600246e+14
      690.799   4.4637180e+14
      690.846   4.4661058e+14
      690.894   4.4688934e+14
      690.942   4.4724365e+14
      690.990   4.4744089e+14
      691.037   4.4748305e+14
      691.085   4.4794895e+14
      691.133   4.4828186e+14
      691.181   4.4849697e+14
      691.228   4.4878700e+14
      691.276   4.4860308e+14
      691.324   4.4680467e+14
      691.372   4.4527212e+14
      691.419   4.4371152e+14
      691.467   4.4173705e+14
      691.515   4.3928146e+14
      691.563   4.3882154e+14
      691.611   4.3818621e+14
      691.659   4.3759913e+14
      691.706   4.3721102e+14
      691.754   4.3780970e+14
      691.802   4.3740400e+14
      691.850   4.3801783e+14
      691.898   4.3877098e+14
      691.946   4.3912176e+14
      691.994   4.3937878e+14
      692.042   4.4104911e+14
      692.089   4.4192913e+14
      692.137   4.4284018e+14
      692.185   4.4426893e+14
      692.233   4.4586738e+14
      692.281   4.4551643e+14
      692.329   4.4475060e+14
      692.377   4.4313693e+14
      692.425   4.4152297e+14
      692.473   4.4029340e+14
      692.521   4.4021750e+14
      692.569   4.4009914e+14
      692.617   4.4070473e+14
      692.665   4.4134368e+14
      692.713   4.4144959e+14
      692.761   4.4088597e+14
      692.809   4.4111302e+14
      692.857   4.4124012e+14
      692.905   4.4177932e+14
      692.953   4.4271252e+14
      693.001   4.4431257e+14
      693.049   4.4495847e+14
      693.097   4.4560134e+14
      693.145   4.4545928e+14
      693.193   4.4461992e+14
      693.241   4.4318331e+14
      693.289   4.4216177e+14
      693.337   4.4121285e+14
      693.385   4.4048219e+14
      693.433   4.4058832e+14
      693.481   4.4101288e+14
      693.529   4.4107963e+14
      693.577   4.4134051e+14
      693.626   4.4178402e+14
      693.674   4.4195096e+14
      693.722   4.4234237e+14
      693.770   4.4354389e+14
      693.818   4.4470004e+14
      693.866   4.4588369e+14
      693.914   4.4709780e+14
      693.963   4.4813673e+14
      694.011   4.4871079e+14
      694.059   4.4915447e+14
      694.107   4.4946459e+14
      694.155   4.4949858e+14
      694.203   4.4926535e+14
      694.252   4.4921494e+14
      694.300   4.4894218e+14
      694.348   4.4771905e+14
      694.396   4.4563634e+14
      694.444   4.4428217e+14
      694.493   4.4277963e+14
      694.541   4.4131578e+14
      694.589   4.4034374e+14
      694.637   4.4057451e+14
      694.686   4.4035023e+14
      694.734   4.4030759e+14
      694.782   4.4045934e+14
      694.831   4.4087309e+14
      694.879   4.4129235e+14
      694.927   4.4245921e+14
      694.975   4.4311869e+14
      695.024   4.4403518e+14
      695.072   4.4517106e+14
      695.120   4.4654114e+14
      695.169   4.4691497e+14
      695.217   4.4753748e+14
      695.265   4.4796548e+14
      695.314   4.4851588e+14
      695.362   4.4827194e+14
      695.410   4.4803100e+14
      695.459   4.4786067e+14
      695.507   4.4803643e+14
      695.555   4.4848588e+14
      695.604   4.4931335e+14
      695.652   4.5016755e+14
      695.701   4.5111999e+14
      695.749   4.5118037e+14
      695.797   4.5078736e+14
      695.846   4.5029451e+14
      695.894   4.4982223e+14
      695.943   4.4918009e+14
      695.991   4.4886294e+14
      696.040   4.4909422e+14
      696.088   4.4953502e+14
      696.136   4.4994842e+14
      696.185   4.5002766e+14
      696.233   4.5008182e+14
      696.282   4.5016412e+14
      696.330   4.5039194e+14
      696.379   4.5006918e+14
      696.427   4.5024820e+14
      696.476   4.5072046e+14
      696.524   4.5085385e+14
      696.573   4.5068333e+14
      696.621   4.5116108e+14
      696.670   4.5124038e+14
      696.718   4.5141660e+14
      696.767   4.5166355e+14
      696.816   4.5186176e+14
      696.864   4.5163872e+14
      696.913   4.5142550e+14
      696.961   4.5141881e+14
      697.010   4.5114999e+14
      697.058   4.5041765e+14
      697.107   4.5044195e+14
      697.156   4.5047848e+14
      697.204   4.5013928e+14
      697.253   4.4998059e+14
      697.301   4.5023606e+14
      697.350   4.4996140e+14
      697.399   4.4953732e+14
      697.447   4.4927724e+14
      697.496   4.4815438e+14
      697.545   4.4723585e+14
      697.593   4.4717086e+14
      697.642   4.4708510e+14
      697.691   4.4532099e+14
      697.739   4.4367815e+14
      697.788   4.4218220e+14
      697.837   4.3950789e+14
      697.885   4.3724476e+14
      697.934   4.3630660e+14
      697.983   4.3581707e+14
      698.032   4.3562967e+14
      698.080   4.3605230e+14
      698.129   4.3639316e+14
      698.178   4.3645917e+14
      698.227   4.3760927e+14
      698.275   4.3957129e+14
      698.324   4.4151885e+14
      698.373   4.4384231e+14
      698.422   4.4660598e+14
      698.470   4.4877373e+14
      698.519   4.4955544e+14
      698.568   4.5034341e+14
      698.617   4.5078623e+14
      698.666   4.5113130e+14
      698.714   4.5060798e+14
      698.763   4.5038771e+14
      698.812   4.5019803e+14
      698.861   4.4973934e+14
      698.910   4.4937836e+14
      698.959   4.4983656e+14
      699.007   4.5002217e+14
      699.056   4.5021777e+14
      699.105   4.5037966e+14
      699.154   4.5025727e+14
      699.203   4.4984133e+14
      699.252   4.5016231e+14
      699.301   4.5055060e+14
      699.350   4.5104899e+14
      699.398   4.5194754e+14
      699.447   4.5307316e+14
      699.496   4.5341886e+14
      699.545   4.5365455e+14
      699.594   4.5388105e+14
      699.643   4.5388726e+14
      699.692   4.5405261e+14
      699.741   4.5391807e+14
      699.790   4.5359071e+14
      699.839   4.5195040e+14
      699.888   4.5016598e+14
      699.937   4.4828952e+14
      699.986   4.4655975e+14
      700.035   4.4508072e+14
      700.084   4.4499141e+14
      700.133   4.4502149e+14
      700.182   4.4430139e+14
      700.231   4.4319236e+14
      700.280   4.4230976e+14
      700.329   4.4026629e+14
      700.378   4.3930066e+14
      700.427   4.3905777e+14
      700.476   4.3986855e+14
      700.525   4.4058445e+14
      700.574   4.4222254e+14
      700.624   4.4248285e+14
      700.673   4.4241770e+14
      700.722   4.4238325e+14
      700.771   4.4275634e+14
      700.820   4.4306516e+14
      700.869   4.4390419e+14
      700.918   4.4495172e+14
      700.967   4.4615572e+14
      701.016   4.4686470e+14
      701.066   4.4720028e+14
      701.115   4.4622301e+14
      701.164   4.4617466e+14
      701.213   4.4596678e+14
      701.262   4.4571596e+14
      701.311   4.4589139e+14
      701.361   4.4670550e+14
      701.410   4.4687178e+14
      701.459   4.4455647e+14
      701.508   4.4129286e+14
      701.557   4.3837850e+14
      701.607   4.3493352e+14
      701.656   4.3300319e+14
      701.705   4.3343551e+14
      701.754   4.3480390e+14
      701.804   4.3591844e+14
      701.853   4.3798091e+14
      701.902   4.3845048e+14
      701.951   4.3766769e+14
      702.001   4.3792004e+14
      702.050   4.3982668e+14
      702.099   4.4179508e+14
      702.149   4.4319016e+14
      702.198   4.4591460e+14
      702.247   4.4688265e+14
      702.297   4.4551093e+14
      702.346   4.4429805e+14
      702.395   4.4358880e+14
      702.445   4.4224109e+14
      702.494   4.4151315e+14
      702.543   4.4134125e+14
      702.593   4.4095182e+14
      702.642   4.3994392e+14
      702.691   4.3976565e+14
      702.741   4.3948364e+14
      702.790   4.3998156e+14
      702.839   4.4137727e+14
      702.889   4.4383150e+14
      702.938   4.4501866e+14
      702.988   4.4659412e+14
      703.037   4.4767315e+14
      703.087   4.4783317e+14
      703.136   4.4766961e+14
      703.185   4.4778593e+14
      703.235   4.4813666e+14
      703.284   4.4874214e+14
      703.334   4.4841004e+14
      703.383   4.4853259e+14
      703.433   4.4880042e+14
      703.482   4.4924609e+14
      703.532   4.4948015e+14
      703.581   4.5056916e+14
      703.631   4.5068023e+14
      703.680   4.4933160e+14
      703.730   4.4725385e+14
      703.779   4.4525825e+14
      703.829   4.4318599e+14
      703.878   4.4260924e+14
      703.928   4.4382522e+14
      703.977   4.4516389e+14
      704.027   4.4621080e+14
      704.077   4.4740578e+14
      704.126   4.4738964e+14
      704.176   4.4662570e+14
      704.225   4.4709011e+14
      704.275   4.4851039e+14
      704.325   4.4949642e+14
      704.374   4.5075921e+14
      704.424   4.5259304e+14
      704.473   4.5316282e+14
      704.523   4.5281799e+14
      704.573   4.5303103e+14
      704.622   4.5305537e+14
      704.672   4.5300948e+14
      704.722   4.5302216e+14
      704.771   4.5295398e+14
      704.821   4.5257196e+14
      704.871   4.5286519e+14
      704.920   4.5333361e+14
      704.970   4.5383976e+14
      705.020   4.5434437e+14
      705.069   4.5470087e+14
      705.119   4.5370698e+14
      705.169   4.5276530e+14
      705.219   4.5176184e+14
      705.268   4.5071444e+14
      705.318   4.5004702e+14
      705.368   4.4997811e+14
      705.418   4.4906990e+14
      705.467   4.4781212e+14
      705.517   4.4696532e+14
      705.567   4.4594553e+14
      705.617   4.4488238e+14
      705.667   4.4473593e+14
      705.716   4.4528041e+14
      705.766   4.4567430e+14
      705.816   4.4618557e+14
      705.866   4.4605462e+14
      705.916   4.4533071e+14
      705.965   4.4467099e+14
      706.015   4.4469740e+14
      706.065   4.4478557e+14
      706.115   4.4547916e+14
      706.165   4.4625319e+14
      706.215   4.4708600e+14
      706.265   4.4727322e+14
      706.314   4.4744135e+14
      706.364   4.4745862e+14
      706.414   4.4828243e+14
      706.464   4.4891479e+14
      706.514   4.4975114e+14
      706.564   4.5055677e+14
      706.614   4.5114916e+14
      706.664   4.4929654e+14
      706.714   4.4705729e+14
      706.764   4.4500012e+14
      706.814   4.4217284e+14
      706.864   4.4015217e+14
      706.914   4.4053687e+14
      706.964   4.4007129e+14
      707.014   4.3893829e+14
      707.064   4.3869150e+14
      707.114   4.3819400e+14
      707.164   4.3694482e+14
      707.214   4.3754226e+14
      707.264   4.4072608e+14
      707.314   4.4354840e+14
      707.364   4.4727151e+14
      707.414   4.5042574e+14
      707.464   4.5200222e+14
      707.514   4.5271853e+14
      707.564   4.5367332e+14
      707.614   4.5407107e+14
      707.664   4.5462982e+14
      707.714   4.5529081e+14
      707.764   4.5583736e+14
      707.814   4.5586384e+14
      707.864   4.5577884e+14
      707.914   4.5539966e+14
      707.965   4.5493125e+14
      708.015   4.5450549e+14
      708.065   4.5411986e+14
      708.115   4.5365060e+14
      708.165   4.5286216e+14
      708.215   4.5176393e+14
      708.266   4.5015178e+14
      708.316   4.4769290e+14
      708.366   4.4479376e+14
      708.416   4.4217303e+14
      708.466   4.3984324e+14
      708.516   4.3771450e+14
      708.567   4.3634555e+14
      708.617   4.3556156e+14
      708.667   4.3499130e+14
      708.717   4.3475583e+14
      708.767   4.3501947e+14
      708.818   4.3539536e+14
      708.868   4.3560635e+14
      708.918   4.3602208e+14
      708.968   4.3619903e+14
      709.019   4.3600990e+14
      709.069   4.3601012e+14
      709.119   4.3613142e+14
      709.170   4.3594316e+14
      709.220   4.3569828e+14
      709.270   4.3560236e+14
      709.320   4.3532016e+14
      709.371   4.3517523e+14
      709.421   4.3598856e+14
      709.471   4.3700686e+14
      709.522   4.3800119e+14
      709.572   4.3906643e+14
      709.622   4.4011628e+14
      709.673   4.4037218e+14
      709.723   4.4044730e+14
      709.774   4.4054173e+14
      709.824   4.4060135e+14
      709.874   4.4069511e+14
      709.925   4.4116857e+14
      709.975   4.4171593e+14
      710.026   4.4226418e+14
      710.076   4.4292980e+14
      710.126   4.4371360e+14
      710.177   4.4396998e+14
      710.227   4.4413244e+14
      710.278   4.4446037e+14
      710.328   4.4479073e+14
      710.379   4.4494784e+14
      710.429   4.4511039e+14
      710.480   4.4522705e+14
      710.530   4.4524038e+14
      710.581   4.4486576e+14
      710.631   4.4432234e+14
      710.682   4.4382936e+14
      710.732   4.4332927e+14
      710.783   4.4288281e+14
      710.833   4.4277147e+14
      710.884   4.4271684e+14
      710.934   4.4221653e+14
      710.985   4.4148965e+14
      711.035   4.4039398e+14
      711.086   4.3916061e+14
      711.136   4.3808843e+14
      711.187   4.3729676e+14
      711.238   4.3662015e+14
      711.288   4.3611732e+14
      711.339   4.3545929e+14
      711.389   4.3454539e+14
      711.440   4.3386847e+14
      711.491   4.3362431e+14
      711.541   4.3361006e+14
      711.592   4.3412250e+14
      711.642   4.3488062e+14
      711.693   4.3591021e+14
      711.744   4.3675924e+14
      711.794   4.3739614e+14
      711.845   4.3789331e+14
      711.896   4.3861181e+14
      711.946   4.3918345e+14
      711.997   4.3935062e+14
      712.048   4.3834633e+14
      712.099   4.3699616e+14
      712.149   4.3559545e+14
      712.200   4.3437583e+14
      712.251   4.3339599e+14
      712.301   4.3361852e+14
      712.352   4.3387578e+14
      712.403   4.3392115e+14
      712.454   4.3362052e+14
      712.504   4.3316363e+14
      712.555   4.3306554e+14
      712.606   4.3432041e+14
      712.657   4.3581856e+14
      712.708   4.3740732e+14
      712.758   4.3893031e+14
      712.809   4.3988955e+14
      712.860   4.3938951e+14
      712.911   4.3794149e+14
      712.962   4.3597245e+14
      713.012   4.3427845e+14
      713.063   4.3276027e+14
      713.114   4.3128868e+14
      713.165   4.3006329e+14
      713.216   4.2925582e+14
      713.267   4.2843572e+14
      713.318   4.2788069e+14
      713.369   4.2775930e+14
      713.419   4.2820213e+14
      713.470   4.2975337e+14
      713.521   4.3175423e+14
      713.572   4.3354313e+14
      713.623   4.3539777e+14
      713.674   4.3732136e+14
      713.725   4.3850845e+14
      713.776   4.3918687e+14
      713.827   4.3974052e+14
      713.878   4.4001633e+14
      713.929   4.3990185e+14
      713.980   4.3971239e+14
      714.031   4.3951671e+14
      714.082   4.3906485e+14
      714.133   4.3900337e+14
      714.184   4.3883567e+14
      714.235   4.3845866e+14
      714.286   4.3817846e+14
      714.337   4.3840116e+14
      714.388   4.3848957e+14
      714.439   4.3839055e+14
      714.490   4.3826330e+14
      714.541   4.3797359e+14
      714.592   4.3725565e+14
      714.643   4.3506875e+14
      714.694   4.3185629e+14
      714.745   4.2859972e+14
      714.796   4.2538647e+14
      714.847   4.2236031e+14
      714.898   4.2119398e+14
      714.950   4.2153505e+14
      715.001   4.2119726e+14
      715.052   4.2021663e+14
      715.103   4.1906071e+14
      715.154   4.1883971e+14
      715.205   4.2074877e+14
      715.256   4.2424719e+14
      715.308   4.2815051e+14
      715.359   4.3195369e+14
      715.410   4.3404278e+14
      715.461   4.3342866e+14
      715.512   4.3244203e+14
      715.564   4.3231969e+14
      715.615   4.3238134e+14
      715.666   4.3294692e+14
      715.717   4.3378809e+14
      715.768   4.3411280e+14
      715.820   4.3349900e+14
      715.871   4.3264008e+14
      715.922   4.3215683e+14
      715.973   4.3245961e+14
      716.025   4.3378104e+14
      716.076   4.3502370e+14
      716.127   4.3625091e+14
      716.178   4.3720886e+14
      716.230   4.3726533e+14
      716.281   4.3556326e+14
      716.332   4.3288310e+14
      716.384   4.2942914e+14
      716.435   4.2571689e+14
      716.486   4.2223909e+14
      716.538   4.2047607e+14
      716.589   4.1999432e+14
      716.640   4.2059419e+14
      716.692   4.2149268e+14
      716.743   4.2220249e+14
      716.794   4.2356791e+14
      716.846   4.2657769e+14
      716.897   4.3024911e+14
      716.949   4.3450846e+14
      717.000   4.3874902e+14
      717.052   4.4244761e+14
      717.103   4.4446130e+14
      717.154   4.4573157e+14
      717.206   4.4620540e+14
      717.257   4.4646546e+14
      717.309   4.4659731e+14
      717.360   4.4658747e+14
      717.412   4.4601944e+14
      717.463   4.4529395e+14
      717.515   4.4409802e+14
      717.566   4.4258755e+14
      717.617   4.4115851e+14
      717.669   4.4019759e+14
      717.721   4.3936841e+14
      717.772   4.3880867e+14
      717.824   4.3782856e+14
      717.875   4.3644912e+14
      717.927   4.3495063e+14
      717.978   4.3289880e+14
      718.030   4.3029126e+14
      718.081   4.2874457e+14
      718.133   4.2790808e+14
      718.184   4.2738824e+14
      718.236   4.2743433e+14
      718.288   4.2797989e+14
      718.339   4.2815429e+14
      718.391   4.2850825e+14
      718.442   4.2887754e+14
      718.494   4.2957097e+14
      718.546   4.3022994e+14
      718.597   4.3030710e+14
      718.649   4.2969015e+14
      718.701   4.2881856e+14
      718.752   4.2675518e+14
      718.804   4.2433364e+14
      718.856   4.2227027e+14
      718.907   4.2044816e+14
      718.959   4.1873326e+14
      719.011   4.1731315e+14
      719.062   4.1693635e+14
      719.114   4.1832427e+14
      719.166   4.1974068e+14
      719.217   4.2033895e+14
      719.269   4.2175266e+14
      719.321   4.2329873e+14
      719.373   4.2356468e+14
      719.424   4.2419491e+14
      719.476   4.2547409e+14
      719.528   4.2577804e+14
      719.580   4.2548095e+14
      719.632   4.2496032e+14
      719.683   4.2435391e+14
      719.735   4.2492541e+14
      719.787   4.2684749e+14
      719.839   4.2951291e+14
      719.891   4.3245588e+14
      719.942   4.3493889e+14
      719.994   4.3611930e+14
      720.046   4.3625114e+14
      720.098   4.3657508e+14
      720.150   4.3679833e+14
      720.202   4.3708144e+14
      720.254   4.3773638e+14
      720.305   4.3884747e+14
      720.357   4.3947427e+14
      720.409   4.3986801e+14
      720.461   4.4012313e+14
      720.513   4.3955247e+14
      720.565   4.3692972e+14
      720.617   4.3388725e+14
      720.669   4.3114059e+14
      720.721   4.2842183e+14
      720.773   4.2539670e+14
      720.825   4.2376181e+14
      720.877   4.2264062e+14
      720.929   4.2120384e+14
      720.981   4.1976371e+14
      721.032   4.1869839e+14
      721.085   4.1905114e+14
      721.137   4.2151394e+14
      721.189   4.2445678e+14
      721.241   4.2742856e+14
      721.293   4.3069433e+14
      721.345   4.3329152e+14
      721.397   4.3386908e+14
      721.449   4.3378379e+14
      721.501   4.3357851e+14
      721.553   4.3326269e+14
      721.605   4.3280470e+14
      721.657   4.3253929e+14
      721.709   4.3249803e+14
      721.761   4.3329691e+14
      721.813   4.3384005e+14
      721.865   4.3409897e+14
      721.917   4.3403572e+14
      721.970   4.3385938e+14
      722.022   4.3377718e+14
      722.074   4.3370750e+14
      722.126   4.3279402e+14
      722.178   4.3062563e+14
      722.230   4.2801432e+14
      722.282   4.2513703e+14
      722.335   4.2275312e+14
      722.387   4.2173710e+14
      722.439   4.2172006e+14
      722.491   4.2237974e+14
      722.543   4.2351711e+14
      722.596   4.2427263e+14
      722.648   4.2475241e+14
      722.700   4.2567831e+14
      722.752   4.2755659e+14
      722.805   4.2972698e+14
      722.857   4.3237485e+14
      722.909   4.3475420e+14
      722.961   4.3632059e+14
      723.014   4.3725954e+14
      723.066   4.3770236e+14
      723.118   4.3794584e+14
      723.170   4.3840461e+14
      723.223   4.3870260e+14
      723.275   4.3875624e+14
      723.327   4.3886055e+14
      723.380   4.3853157e+14
      723.432   4.3760030e+14
      723.484   4.3653588e+14
      723.537   4.3538001e+14
      723.589   4.3408721e+14
      723.641   4.3337070e+14
      723.694   4.3318059e+14
      723.746   4.3303423e+14
      723.799   4.3237514e+14
      723.851   4.3126857e+14
      723.903   4.3035197e+14
      723.956   4.2988263e+14
      724.008   4.2975178e+14
      724.061   4.3016034e+14
      724.113   4.3105649e+14
      724.165   4.3178158e+14
      724.218   4.3197481e+14
      724.270   4.3165064e+14
      724.323   4.3086092e+14
      724.375   4.3006415e+14
      724.428   4.2944858e+14
      724.480   4.2893702e+14
      724.533   4.2870192e+14
      724.585   4.2890068e+14
      724.638   4.2910961e+14
      724.690   4.2920375e+14
      724.743   4.2928898e+14
      724.795   4.2917059e+14
      724.848   4.2924951e+14
      724.900   4.2937856e+14
      724.953   4.2928926e+14
      725.005   4.2905642e+14
      725.058   4.2878149e+14
      725.111   4.2822408e+14
      725.163   4.2751051e+14
      725.216   4.2692747e+14
      725.268   4.2637241e+14
      725.321   4.2589719e+14
      725.374   4.2529173e+14
      725.426   4.2518417e+14
      725.479   4.2569639e+14
      725.531   4.2689413e+14
      725.584   4.2873730e+14
      725.637   4.3086981e+14
      725.689   4.3263035e+14
      725.742   4.3375322e+14
      725.795   4.3446319e+14
      725.847   4.3481367e+14
      725.900   4.3505673e+14
      725.953   4.3454353e+14
      726.005   4.3260920e+14
      726.058   4.3010627e+14
      726.111   4.2780008e+14
      726.164   4.2552212e+14
      726.216   4.2392674e+14
      726.269   4.2384172e+14
      726.322   4.2438297e+14
      726.375   4.2466357e+14
      726.427   4.2468609e+14
      726.480   4.2476641e+14
      726.533   4.2608696e+14
      726.586   4.2852396e+14
      726.639   4.3112034e+14
      726.691   4.3377056e+14
      726.744   4.3609727e+14
      726.797   4.3706594e+14
      726.850   4.3695306e+14
      726.903   4.3671293e+14
      726.956   4.3664137e+14
      727.008   4.3660708e+14
      727.061   4.3639985e+14
      727.114   4.3605573e+14
      727.167   4.3567340e+14
      727.220   4.3538646e+14
      727.273   4.3522368e+14
      727.326   4.3498438e+14
      727.379   4.3422939e+14
      727.431   4.3319995e+14
      727.484   4.3218049e+14
      727.537   4.3115445e+14
      727.590   4.3038310e+14
      727.643   4.3018162e+14
      727.696   4.3002154e+14
      727.749   4.2947285e+14
      727.802   4.2886996e+14
      727.855   4.2813954e+14
      727.908   4.2792195e+14
      727.961   4.2859309e+14
      728.014   4.2960842e+14
      728.067   4.3018104e+14
      728.120   4.3024703e+14
      728.173   4.2968847e+14
      728.226   4.2887814e+14
      728.279   4.2803257e+14
      728.332   4.2651444e+14
      728.385   4.2488457e+14
      728.438   4.2367518e+14
      728.491   4.2224258e+14
      728.544   4.2073636e+14
      728.597   4.2052759e+14
      728.651   4.2158191e+14
      728.704   4.2168245e+14
      728.757   4.1971346e+14
      728.810   4.1680984e+14
      728.863   4.1481154e+14
      728.916   4.1313197e+14
      728.969   4.1174878e+14
      729.022   4.1206227e+14
      729.076   4.1338883e+14
      729.129   4.1255190e+14
      729.182   4.0984829e+14
      729.235   4.0825144e+14
      729.288   4.0891372e+14
      729.341   4.1038990e+14
      729.395   4.1289791e+14
      729.448   4.1694738e+14
      729.501   4.2117952e+14
      729.554   4.2397572e+14
      729.607   4.2523340e+14
      729.661   4.2684325e+14
      729.714   4.2879113e+14
      729.767   4.3010385e+14
      729.820   4.3078759e+14
      729.874   4.3166691e+14
      729.927   4.3205380e+14
      729.980   4.3176665e+14
      730.034   4.3123414e+14
      730.087   4.3067208e+14
      730.140   4.3001409e+14
      730.193   4.2958606e+14
      730.247   4.2938556e+14
      730.300   4.2989710e+14
      730.353   4.3058455e+14
      730.407   4.3170425e+14
      730.460   4.3257420e+14
      730.514   4.3283099e+14
      730.567   4.3278663e+14
      730.620   4.3162940e+14
      730.674   4.2920942e+14
      730.727   4.2716574e+14
      730.780   4.2556641e+14
      730.834   4.2398974e+14
      730.887   4.2319925e+14
      730.941   4.2240598e+14
      730.994   4.2059452e+14
      731.048   4.1913760e+14
      731.101   4.1769227e+14
      731.154   4.1760364e+14
      731.208   4.1972717e+14
      731.261   4.2239135e+14
      731.315   4.2455714e+14
      731.368   4.2692110e+14
      731.422   4.2804706e+14
      731.475   4.2877228e+14
      731.529   4.3020590e+14
      731.582   4.3172238e+14
      731.636   4.3306675e+14
      731.689   4.3460287e+14
      731.743   4.3528137e+14
      731.797   4.3502150e+14
      731.850   4.3451430e+14
      731.904   4.3321959e+14
      731.957   4.3112953e+14
      732.011   4.2939538e+14
      732.064   4.2768285e+14
      732.118   4.2622378e+14
      732.172   4.2600155e+14
      732.225   4.2691645e+14
      732.279   4.2750832e+14
      732.332   4.2793622e+14
      732.386   4.2774287e+14
      732.440   4.2692115e+14
      732.493   4.2556326e+14
      732.547   4.2448795e+14
      732.601   4.2350867e+14
      732.654   4.2293271e+14
      732.708   4.2285755e+14
      732.762   4.2318007e+14
      732.815   4.2306261e+14
      732.869   4.2265063e+14
      732.923   4.2153279e+14
      732.977   4.2127783e+14
      733.030   4.2258541e+14
      733.084   4.2432738e+14
      733.138   4.2621087e+14
      733.192   4.2856637e+14
      733.245   4.2950951e+14
      733.299   4.2907962e+14
      733.353   4.2843462e+14
      733.407   4.2776704e+14
      733.461   4.2791479e+14
      733.514   4.2900584e+14
      733.568   4.3008485e+14
      733.622   4.3107730e+14
      733.676   4.3185156e+14
      733.730   4.3255520e+14
      733.783   4.3304321e+14
      733.837   4.3328131e+14
      733.891   4.3357731e+14
      733.945   4.3406610e+14
      733.999   4.3415332e+14
      734.053   4.3399636e+14
      734.107   4.3400969e+14
      734.160   4.3397419e+14
      734.214   4.3376899e+14
      734.268   4.3322628e+14
      734.322   4.3265778e+14
      734.376   4.3223704e+14
      734.430   4.3187411e+14
      734.484   4.3159793e+14
      734.538   4.3156928e+14
      734.592   4.3151806e+14
      734.646   4.3124174e+14
      734.700   4.3074032e+14
      734.754   4.3021947e+14
      734.808   4.2993976e+14
      734.862   4.2994954e+14
      734.916   4.3001398e+14
      734.970   4.2970202e+14
      735.024   4.2908277e+14
      735.078   4.2859738e+14
      735.132   4.2796385e+14
      735.186   4.2717249e+14
      735.240   4.2676082e+14
      735.294   4.2673212e+14
      735.348   4.2598552e+14
      735.402   4.2443079e+14
      735.456   4.2231237e+14
      735.510   4.2098247e+14
      735.565   4.2024543e+14
      735.619   4.1994564e+14
      735.673   4.2016098e+14
      735.727   4.2139099e+14
      735.781   4.2213808e+14
      735.835   4.2253090e+14
      735.889   4.2307834e+14
      735.943   4.2467307e+14
      735.998   4.2623650e+14
      736.052   4.2718403e+14
      736.106   4.2773209e+14
      736.160   4.2830599e+14
      736.214   4.2773253e+14
      736.269   4.2626347e+14
      736.323   4.2532864e+14
      736.377   4.2482573e+14
      736.431   4.2418726e+14
      736.485   4.2355513e+14
      736.540   4.2360077e+14
      736.594   4.2429402e+14
      736.648   4.2536478e+14
      736.703   4.2628475e+14
      736.757   4.2797201e+14
      736.811   4.3004015e+14
      736.865   4.3131826e+14
      736.920   4.3170979e+14
      736.974   4.3210722e+14
      737.028   4.3221978e+14
      737.083   4.3204816e+14
      737.137   4.3172434e+14
      737.191   4.3114864e+14
      737.246   4.3075094e+14
      737.300   4.3022034e+14
      737.354   4.2956051e+14
      737.409   4.2905605e+14
      737.463   4.2887071e+14
      737.518   4.2855994e+14
      737.572   4.2813556e+14
      737.626   4.2760452e+14
      737.681   4.2731619e+14
      737.735   4.2679468e+14
      737.790   4.2592159e+14
      737.844   4.2536765e+14
      737.898   4.2563100e+14
      737.953   4.2588197e+14
      738.007   4.2619062e+14
      738.062   4.2654829e+14
      738.116   4.2653387e+14
      738.171   4.2594790e+14
      738.225   4.2519003e+14
      738.280   4.2489161e+14
      738.334   4.2477361e+14
      738.389   4.2446538e+14
      738.443   4.2376868e+14
      738.498   4.2182766e+14
      738.552   4.1958198e+14
      738.607   4.1676741e+14
      738.661   4.1433357e+14
      738.716   4.1308993e+14
      738.771   4.1195929e+14
      738.825   4.0888427e+14
      738.880   4.0722279e+14
      738.934   4.0578375e+14
      738.989   4.0504701e+14
      739.044   4.0631932e+14
      739.098   4.0928748e+14
      739.153   4.1202364e+14
      739.208   4.1420041e+14
      739.262   4.1440937e+14
      739.317   4.1539569e+14
      739.372   4.1730780e+14
      739.426   4.1872762e+14
      739.481   4.2057554e+14
      739.536   4.2307442e+14
      739.590   4.2389282e+14
      739.645   4.2338761e+14
      739.700   4.2292117e+14
      739.754   4.2358754e+14
      739.809   4.2499293e+14
      739.864   4.2573783e+14
      739.919   4.2590953e+14
      739.973   4.2545225e+14
      740.028   4.2357653e+14
      740.083   4.2165840e+14
      740.138   4.2053384e+14
      740.192   4.2024123e+14
      740.247   4.2061021e+14
      740.302   4.2147187e+14
      740.357   4.2174376e+14
      740.412   4.2190877e+14
      740.466   4.2171983e+14
      740.521   4.2257535e+14
      740.576   4.2408582e+14
      740.631   4.2597262e+14
      740.686   4.2763924e+14
      740.741   4.2818416e+14
      740.796   4.2575529e+14
      740.851   4.2302767e+14
      740.905   4.1946876e+14
      740.960   4.1571845e+14
      741.015   4.1339272e+14
      741.070   4.1339873e+14
      741.125   4.1310946e+14
      741.180   4.1310241e+14
      741.235   4.1270598e+14
      741.290   4.1358814e+14
      741.345   4.1435035e+14
      741.400   4.1385980e+14
      741.455   4.1299257e+14
      741.510   4.1451133e+14
      741.565   4.1545566e+14
      741.620   4.1570856e+14
      741.675   4.1603293e+14
      741.730   4.1607157e+14
      741.785   4.1475582e+14
      741.840   4.1313134e+14
      741.895   4.1210099e+14
      741.950   4.1313661e+14
      742.005   4.1573516e+14
      742.060   4.1738861e+14
      742.115   4.1741760e+14
      742.170   4.1623442e+14
      742.225   4.1367623e+14
      742.280   4.1151420e+14
      742.335   4.0997264e+14
      742.391   4.0980981e+14
      742.446   4.1052409e+14
      742.501   4.1165149e+14
      742.556   4.1185556e+14
      742.611   4.1318809e+14
      742.666   4.1479406e+14
      742.721   4.1781186e+14
      742.776   4.2151651e+14
      742.832   4.2568767e+14
      742.887   4.2854126e+14
      742.942   4.3041924e+14
      742.997   4.3088855e+14
      743.052   4.3031050e+14
      743.108   4.2917282e+14
      743.163   4.2815164e+14
      743.218   4.2760222e+14
      743.273   4.2707227e+14
      743.329   4.2655250e+14
      743.384   4.2590520e+14
      743.439   4.2567780e+14
      743.494   4.2594850e+14
      743.550   4.2680591e+14
      743.605   4.2782572e+14
      743.660   4.2901824e+14
      743.716   4.3003239e+14
      743.771   4.3066827e+14
      743.826   4.3111859e+14
      743.882   4.3116555e+14
      743.937   4.3067770e+14
      743.992   4.2964566e+14
      744.048   4.2859449e+14
      744.103   4.2707015e+14
      744.158   4.2524574e+14
      744.214   4.2430481e+14
      744.269   4.2381624e+14
      744.325   4.2296964e+14
      744.380   4.2126175e+14
      744.435   4.1878760e+14
      744.491   4.1685806e+14
      744.546   4.1509724e+14
      744.602   4.1306929e+14
      744.657   4.1310466e+14
      744.713   4.1500587e+14
      744.768   4.1563487e+14
      744.823   4.1548452e+14
      744.879   4.1542273e+14
      744.934   4.1623459e+14
      744.990   4.1782022e+14
      745.045   4.1940081e+14
      745.101   4.2166859e+14
      745.156   4.2445818e+14
      745.212   4.2557157e+14
      745.268   4.2546133e+14
      745.323   4.2585629e+14
      745.379   4.2629114e+14
      745.434   4.2692452e+14
      745.490   4.2777737e+14
      745.545   4.2870157e+14
      745.601   4.2919557e+14
      745.657   4.2941859e+14
      745.712   4.2960177e+14
      745.768   4.3009926e+14
      745.823   4.3077901e+14
      745.879   4.3143020e+14
      745.935   4.3198672e+14
      745.990   4.3178789e+14
      746.046   4.2993319e+14
      746.102   4.2690496e+14
      746.157   4.2430364e+14
      746.213   4.2184314e+14
      746.269   4.1994111e+14
      746.324   4.1929657e+14
      746.380   4.1982626e+14
      746.436   4.1989825e+14
      746.492   4.1983953e+14
      746.547   4.1985203e+14
      746.603   4.2129105e+14
      746.659   4.2343340e+14
      746.714   4.2565077e+14
      746.770   4.2795093e+14
      746.826   4.3027763e+14
      746.882   4.3117502e+14
      746.938   4.3126109e+14
      746.993   4.3113708e+14
      747.049   4.3086313e+14
      747.105   4.3047685e+14
      747.161   4.2964216e+14
      747.217   4.2825749e+14
      747.272   4.2732706e+14
      747.328   4.2667859e+14
      747.384   4.2592521e+14
      747.440   4.2529617e+14
      747.496   4.2479474e+14
      747.552   4.2423428e+14
      747.608   4.2368681e+14
      747.664   4.2307382e+14
      747.719   4.2327900e+14
      747.775   4.2416273e+14
      747.831   4.2480413e+14
      747.887   4.2565857e+14
      747.943   4.2654257e+14
      747.999   4.2709582e+14
      748.055   4.2741323e+14
      748.111   4.2780605e+14
      748.167   4.2785155e+14
      748.223   4.2756278e+14
      748.279   4.2677583e+14
      748.335   4.2625428e+14
      748.391   4.2567689e+14
      748.447   4.2520432e+14
      748.503   4.2517092e+14
      748.559   4.2551793e+14
      748.615   4.2590751e+14
      748.671   4.2626438e+14
      748.727   4.2695903e+14
      748.783   4.2792272e+14
      748.839   4.2857821e+14
      748.895   4.2915178e+14
      748.951   4.2949257e+14
      749.008   4.2875547e+14
      749.064   4.2757295e+14
      749.120   4.2651819e+14
      749.176   4.2523028e+14
      749.232   4.2408979e+14
      749.288   4.2294916e+14
      749.344   4.2055793e+14
      749.401   4.1715276e+14
      749.457   4.1392366e+14
      749.513   4.1149504e+14
      749.569   4.1055966e+14
      749.625   4.1132157e+14
      749.681   4.1277975e+14
      749.738   4.1358191e+14
      749.794   4.1367105e+14
      749.850   4.1369447e+14
      749.906   4.1510395e+14
      749.963   4.1747670e+14
      750.019   4.2040113e+14
      750.075   4.2353301e+14
      750.131   4.2596222e+14
      750.188   4.2661813e+14
      750.244   4.2700408e+14
      750.300   4.2759709e+14
      750.356   4.2790097e+14
      750.413   4.2809381e+14
      750.469   4.2811833e+14
      750.525   4.2791611e+14
      750.582   4.2745466e+14
      750.638   4.2728847e+14
      750.694   4.2729649e+14
      750.751   4.2747946e+14
      750.807   4.2734610e+14
      750.863   4.2707455e+14
      750.920   4.2517210e+14
      750.976   4.2130159e+14
      751.033   4.1824620e+14
      751.089   4.1531423e+14
      751.146   4.1263575e+14
      751.202   4.1144037e+14
      751.258   4.1219622e+14
      751.315   4.1223196e+14
      751.371   4.1157598e+14
      751.428   4.1002848e+14
      751.484   4.1082722e+14
      751.541   4.1312128e+14
      751.597   4.1583653e+14
      751.654   4.1902362e+14
      751.710   4.2298779e+14
      751.767   4.2470061e+14
      751.823   4.2502327e+14
      751.880   4.2495463e+14
      751.936   4.2493807e+14
      751.993   4.2528451e+14
      752.049   4.2608171e+14
      752.106   4.2597362e+14
      752.162   4.2453697e+14
      752.219   4.2327211e+14
      752.276   4.2190816e+14
      752.332   4.1996993e+14
      752.389   4.1776501e+14
      752.445   4.1726994e+14
      752.502   4.1649842e+14
      752.559   4.1549275e+14
      752.615   4.1471046e+14
      752.672   4.1627303e+14
      752.729   4.1830081e+14
      752.785   4.2032168e+14
      752.842   4.2203014e+14
      752.899   4.2488666e+14
      752.955   4.2577386e+14
      753.012   4.2540184e+14
      753.069   4.2521202e+14
      753.125   4.2544721e+14
      753.182   4.2479544e+14
      753.239   4.2436796e+14
      753.296   4.2411860e+14
      753.352   4.2364413e+14
      753.409   4.2295902e+14
      753.466   4.2279195e+14
      753.523   4.2339082e+14
      753.579   4.2421031e+14
      753.636   4.2500741e+14
      753.693   4.2606227e+14
      753.750   4.2690257e+14
      753.807   4.2701980e+14
      753.864   4.2688598e+14
      753.920   4.2697946e+14
      753.977   4.2702731e+14
      754.034   4.2669524e+14
      754.091   4.2639286e+14
      754.148   4.2606399e+14
      754.205   4.2567558e+14
      754.262   4.2531686e+14
      754.318   4.2516562e+14
      754.375   4.2499850e+14
      754.432   4.2489084e+14
      754.489   4.2471042e+14
      754.546   4.2450350e+14
      754.603   4.2407504e+14
      754.660   4.2348112e+14
      754.717   4.2298966e+14
      754.774   4.2268662e+14
      754.831   4.2270762e+14
      754.888   4.2313553e+14
      754.945   4.2368250e+14
      755.002   4.2406079e+14
      755.059   4.2428730e+14
      755.116   4.2439145e+14
      755.173   4.2469736e+14
      755.230   4.2512580e+14
      755.287   4.2561389e+14
      755.344   4.2572805e+14
      755.401   4.2472677e+14
      755.458   4.2357643e+14
      755.515   4.2253183e+14
      755.572   4.2129834e+14
      755.629   4.2043217e+14
      755.687   4.2097035e+14
      755.744   4.2147820e+14
      755.801   4.2128082e+14
      755.858   4.2015604e+14
      755.915   4.1948156e+14
      755.972   4.1954559e+14
      756.029   4.1985147e+14
      756.086   4.2028995e+14
      756.144   4.2184214e+14
      756.201   4.2313228e+14
      756.258   4.2341200e+14
      756.315   4.2309195e+14
      756.372   4.2299389e+14
      756.430   4.2377131e+14
      756.487   4.2501568e+14
      756.544   4.2640274e+14
      756.601   4.2803199e+14
      756.659   4.2962890e+14
      756.716   4.2956108e+14
      756.773   4.2763640e+14
      756.830   4.2597675e+14
      756.888   4.2483469e+14
      756.945   4.2384453e+14
      757.002   4.2343135e+14
      757.060   4.2421698e+14
      757.117   4.2468037e+14
      757.174   4.2449033e+14
      757.232   4.2331544e+14
      757.289   4.2249479e+14
      757.346   4.2265624e+14
      757.404   4.2291451e+14
      757.461   4.2346428e+14
      757.518   4.2484724e+14
      757.576   4.2569652e+14
      757.633   4.2514455e+14
      757.691   4.2432083e+14
      757.748   4.2324407e+14
      757.805   4.2313339e+14
      757.863   4.2357777e+14
      757.920   4.2453970e+14
      757.978   4.2563849e+14
      758.035   4.2673350e+14
      758.093   4.2649739e+14
      758.150   4.2607461e+14
      758.208   4.2480517e+14
      758.265   4.2254826e+14
      758.323   4.2094615e+14
      758.380   4.1940630e+14
      758.438   4.1670039e+14
      758.495   4.1444549e+14
      758.553   4.1335070e+14
      758.610   4.1200263e+14
      758.668   4.1043880e+14
      758.725   4.0978832e+14
      758.783   4.1095360e+14
      758.841   4.1241163e+14
      758.898   4.1336057e+14
      758.956   4.1538094e+14
      759.013   4.1825251e+14
      759.071   4.1991128e+14
      759.129   4.2101485e+14
      759.186   4.2263023e+14
      759.244   4.2364768e+14
      759.301   4.2362671e+14
      759.359   4.2309393e+14
      759.417   4.2279063e+14
      759.474   4.2231702e+14
      759.532   4.2185053e+14
      759.590   4.2168355e+14
      759.648   4.2181274e+14
      759.705   4.2168173e+14
      759.763   4.2161449e+14
      759.821   4.2179026e+14
      759.878   4.2212869e+14
      759.936   4.2227457e+14
      759.994   4.2248378e+14
      760.052   4.2230334e+14
      760.109   4.2134967e+14
      760.167   4.2044965e+14
      760.225   4.1978934e+14
      760.283   4.1910229e+14
      760.341   4.1846174e+14
      760.398   4.1789052e+14
      760.456   4.1734307e+14
      760.514   4.1626238e+14
      760.572   4.1522150e+14
      760.630   4.1528030e+14
      760.688   4.1630566e+14
      760.746   4.1705452e+14
      760.803   4.1781292e+14
      760.861   4.1788192e+14
      760.919   4.1735079e+14
      760.977   4.1666282e+14
      761.035   4.1633875e+14
      761.093   4.1636517e+14
      761.151   4.1711860e+14
      761.209   4.1765201e+14
      761.267   4.1788867e+14
      761.325   4.1747477e+14
      761.383   4.1704419e+14
      761.441   4.1748764e+14
      761.499   4.1744073e+14
      761.557   4.1575862e+14
      761.615   4.1469028e+14
      761.673   4.1320464e+14
      761.731   4.1114463e+14
      761.789   4.0823642e+14
      761.847   4.0699356e+14
      761.905   4.0439839e+14
      761.963   4.0258406e+14
      762.021   4.0082958e+14
      762.079   4.0218372e+14
      762.137   4.0418935e+14
      762.195   4.0754125e+14
      762.253   4.1014883e+14
      762.311   4.1422323e+14
      762.369   4.1553224e+14
      762.428   4.1661478e+14
      762.486   4.1803443e+14
      762.544   4.1984856e+14
      762.602   4.2050003e+14
      762.660   4.2128863e+14
      762.718   4.2170642e+14
      762.776   4.2137214e+14
      762.835   4.2081107e+14
      762.893   4.2005542e+14
      762.951   4.2006866e+14
      763.009   4.2031278e+14
      763.068   4.2061226e+14
      763.126   4.2097139e+14
      763.184   4.2148781e+14
      763.242   4.2114133e+14
      763.301   4.2081548e+14
      763.359   4.2058592e+14
      763.417   4.2036975e+14
      763.475   4.2023380e+14
      763.534   4.2018546e+14
      763.592   4.2005954e+14
      763.650   4.1990017e+14
      763.709   4.1977472e+14
      763.767   4.1969895e+14
      763.825   4.1955617e+14
      763.884   4.1910596e+14
      763.942   4.1876894e+14
      764.000   4.1842179e+14
      764.059   4.1802829e+14
      764.117   4.1772790e+14
      764.175   4.1781930e+14
      764.234   4.1793811e+14
      764.292   4.1806972e+14
      764.351   4.1807132e+14
      764.409   4.1829680e+14
      764.468   4.1855637e+14
      764.526   4.1890587e+14
      764.584   4.1926547e+14
      764.643   4.1973635e+14
      764.701   4.1993182e+14
      764.760   4.2000059e+14
      764.818   4.2003184e+14
      764.877   4.2001342e+14
      764.935   4.1999780e+14
      764.994   4.2006990e+14
      765.052   4.2015907e+14
      765.111   4.2015042e+14
      765.169   4.2006753e+14
      765.228   4.1923042e+14
      765.287   4.1837304e+14
      765.345   4.1688795e+14
      765.404   4.1510792e+14
      765.462   4.1380023e+14
      765.521   4.1323761e+14
      765.580   4.1178243e+14
      765.638   4.0941743e+14
      765.697   4.0712299e+14
      765.755   4.0409638e+14
      765.814   4.0113353e+14
      765.873   3.9889189e+14
      765.931   3.9857276e+14
      765.990   3.9738122e+14
      766.049   3.9697844e+14
      766.107   3.9628983e+14
      766.166   3.9703497e+14
      766.225   3.9667902e+14
      766.284   3.9545350e+14
      766.342   3.9253516e+14
      766.401   3.9145701e+14
      766.460   3.8910260e+14
      766.518   3.8892706e+14
      766.577   3.9125049e+14
      766.636   3.9505534e+14
      766.695   3.9699316e+14
      766.754   3.9749358e+14
      766.812   3.9745948e+14
      766.871   4.0067769e+14
      766.930   4.0514273e+14
      766.989   4.1001475e+14
      767.048   4.1578157e+14
      767.106   4.2041615e+14
      767.165   4.2142272e+14
      767.224   4.2103466e+14
      767.283   4.2058934e+14
      767.342   4.2077929e+14
      767.401   4.2117774e+14
      767.460   4.2144513e+14
      767.519   4.2174282e+14
      767.578   4.2190270e+14
      767.636   4.2154721e+14
      767.695   4.2100070e+14
      767.754   4.2060208e+14
      767.813   4.1980635e+14
      767.872   4.1787990e+14
      767.931   4.1621553e+14
      767.990   4.1493110e+14
      768.049   4.1364643e+14
      768.108   4.1265095e+14
      768.167   4.1278309e+14
      768.226   4.1267281e+14
      768.285   4.1226280e+14
      768.344   4.1143183e+14
      768.403   4.1189389e+14
      768.462   4.1280394e+14
      768.521   4.1367719e+14
      768.580   4.1463149e+14
      768.640   4.1598419e+14
      768.699   4.1598187e+14
      768.758   4.1536964e+14
      768.817   4.1485838e+14
      768.876   4.1445826e+14
      768.935   4.1409175e+14
      768.994   4.1255875e+14
      769.053   4.1145021e+14
      769.112   4.1035053e+14
      769.172   4.0917360e+14
      769.231   4.0856591e+14
      769.290   4.0974209e+14
      769.349   4.1061833e+14
      769.408   4.1093140e+14
      769.468   4.1086385e+14
      769.527   4.1184149e+14
      769.586   4.1316679e+14
      769.645   4.1462391e+14
      769.704   4.1567284e+14
      769.764   4.1481602e+14
      769.823   4.1328695e+14
      769.882   4.1080597e+14
      769.942   4.0844326e+14
      770.001   4.0693362e+14
      770.060   4.0799266e+14
      770.119   4.0840364e+14
      770.179   4.0841004e+14
      770.238   4.0744695e+14
      770.297   4.0886083e+14
      770.357   4.1085284e+14
      770.416   4.1280411e+14
      770.475   4.1497178e+14
      770.535   4.1797794e+14
      770.594   4.1864321e+14
      770.654   4.1851186e+14
      770.713   4.1833606e+14
      770.772   4.1830881e+14
      770.832   4.1769420e+14
      770.891   4.1540300e+14
      770.951   4.1338230e+14
      771.010   4.1062424e+14
      771.069   4.0831946e+14
      771.129   4.0672473e+14
      771.188   4.0670100e+14
      771.248   4.0580224e+14
      771.307   4.0422330e+14
      771.367   4.0230988e+14
      771.426   4.0202205e+14
      771.486   4.0205938e+14
      771.545   4.0369234e+14
      771.605   4.0704760e+14
      771.664   4.1046035e+14
      771.724   4.1178364e+14
      771.784   4.1225810e+14
      771.843   4.1311432e+14
      771.903   4.1372421e+14
      771.962   4.1423217e+14
      772.022   4.1505880e+14
      772.082   4.1588559e+14
      772.141   4.1444779e+14
      772.201   4.1230293e+14
      772.260   4.1047541e+14
      772.320   4.0870562e+14
      772.380   4.0686448e+14
      772.439   4.0623465e+14
      772.499   4.0668192e+14
      772.559   4.0634028e+14
      772.618   4.0447079e+14
      772.678   4.0417634e+14
      772.738   4.0483355e+14
      772.798   4.0521650e+14
      772.857   4.0597840e+14
      772.917   4.0879387e+14
      772.977   4.1088815e+14
      773.036   4.1162725e+14
      773.096   4.1166584e+14
      773.156   4.1315814e+14
      773.216   4.1418981e+14
      773.276   4.1498440e+14
      773.335   4.1594462e+14
      773.395   4.1751568e+14
      773.455   4.1772419e+14
      773.515   4.1780731e+14
      773.575   4.1775478e+14
      773.635   4.1757678e+14
      773.694   4.1729986e+14
      773.754   4.1736603e+14
      773.814   4.1747286e+14
      773.874   4.1759325e+14
      773.934   4.1781202e+14
      773.994   4.1807154e+14
      774.054   4.1765260e+14
      774.114   4.1595778e+14
      774.174   4.1470726e+14
      774.234   4.1354476e+14
      774.293   4.1232382e+14
      774.353   4.1119152e+14
      774.413   4.1058510e+14
      774.473   4.0830510e+14
      774.533   4.0603157e+14
      774.593   4.0318385e+14
      774.653   3.9986382e+14
      774.713   3.9633612e+14
      774.773   3.9424431e+14
      774.833   3.9222345e+14
      774.893   3.9055893e+14
      774.953   3.8882961e+14
      775.014   3.8969513e+14
      775.074   3.9106249e+14
      775.134   3.9161470e+14
      775.194   3.9318979e+14
      775.254   3.9742279e+14
      775.314   4.0105509e+14
      775.374   4.0413069e+14
      775.434   4.0759114e+14
      775.494   4.1114414e+14
      775.555   4.1308008e+14
      775.615   4.1391394e+14
      775.675   4.1464938e+14
      775.735   4.1552780e+14
      775.795   4.1521582e+14
      775.855   4.1466222e+14
      775.916   4.1406501e+14
      775.976   4.1352137e+14
      776.036   4.1314095e+14
      776.096   4.1311780e+14
      776.156   4.1308780e+14
      776.217   4.1306537e+14
      776.277   4.1283790e+14
      776.337   4.1279766e+14
      776.398   4.1272410e+14
      776.458   4.1288816e+14
      776.518   4.1333499e+14
      776.578   4.1399988e+14
      776.639   4.1438292e+14
      776.699   4.1479251e+14
      776.759   4.1489551e+14
      776.820   4.1474709e+14
      776.880   4.1453994e+14
      776.940   4.1440770e+14
      777.001   4.1377472e+14
      777.061   4.1223494e+14
      777.122   4.1098522e+14
      777.182   4.0967351e+14
      777.242   4.0754331e+14
      777.303   4.0559733e+14
      777.363   4.0404975e+14
      777.424   4.0222270e+14
      777.484   4.0043939e+14
      777.544   3.9920840e+14
      777.605   3.9919207e+14
      777.665   3.9994972e+14
      777.726   4.0053730e+14
      777.786   4.0161580e+14
      777.847   4.0309405e+14
      777.907   4.0374630e+14
      777.968   4.0454239e+14
      778.029   4.0554672e+14
      778.089   4.0621292e+14
      778.150   4.0673623e+14
      778.210   4.0716364e+14
      778.271   4.0755391e+14
      778.331   4.0794728e+14
      778.392   4.0810896e+14
      778.452   4.0843410e+14
      778.513   4.0874942e+14
      778.574   4.0907163e+14
      778.634   4.0939346e+14
      778.695   4.0946647e+14
      778.756   4.0811189e+14
      778.816   4.0717345e+14
      778.877   4.0632409e+14
      778.938   4.0546780e+14
      778.998   4.0498333e+14
      779.059   4.0570536e+14
      779.120   4.0609637e+14
      779.180   4.0609395e+14
      779.241   4.0565126e+14
      779.302   4.0639771e+14
      779.362   4.0741375e+14
      779.423   4.0830057e+14
      779.484   4.0934823e+14
      779.545   4.1041994e+14
      779.606   4.0884923e+14
      779.666   4.0749647e+14
      779.727   4.0611327e+14
      779.788   4.0421008e+14
      779.849   4.0241603e+14
      779.910   4.0218461e+14
      779.970   4.0149776e+14
      780.031   4.0078059e+14
      780.092   3.9992977e+14
      780.153   4.0090579e+14
      780.214   4.0207695e+14
      780.275   4.0309092e+14
      780.336   4.0449509e+14
      780.396   4.0712754e+14
      780.457   4.0833032e+14
      780.518   4.0928690e+14
      780.579   4.1000055e+14
      780.640   4.0957776e+14
      780.701   4.0909672e+14
      780.762   4.0859166e+14
      780.823   4.0800771e+14
      780.884   4.0738945e+14
      780.945   4.0624369e+14
      781.006   4.0490571e+14
      781.067   4.0334665e+14
      781.128   4.0148585e+14
      781.189   4.0102251e+14
      781.250   4.0223089e+14
      781.311   4.0311740e+14
      781.372   4.0384990e+14
      781.433   4.0439398e+14
      781.494   4.0517807e+14
      781.555   4.0619529e+14
      781.616   4.0730180e+14
      781.677   4.0858325e+14
      781.739   4.1046188e+14
      781.800   4.1108898e+14
      781.861   4.1121218e+14
      781.922   4.1104050e+14
      781.983   4.1089621e+14
      782.044   4.1050841e+14
      782.105   4.1017545e+14
      782.167   4.0988752e+14
      782.228   4.0976027e+14
      782.289   4.0963641e+14
      782.350   4.0972517e+14
      782.411   4.0963560e+14
      782.473   4.0938182e+14
      782.534   4.0809463e+14
      782.595   4.0746270e+14
      782.656   4.0697825e+14
      782.718   4.0659715e+14
      782.779   4.0638712e+14
      782.840   4.0730299e+14
      782.901   4.0763536e+14
      782.963   4.0755976e+14
      783.024   4.0622867e+14
      783.085   4.0355738e+14
      783.147   4.0193349e+14
      783.208   4.0055265e+14
      783.269   3.9939826e+14
      783.331   3.9920939e+14
      783.392   3.9932567e+14
      783.453   3.9756276e+14
      783.515   3.9559399e+14
      783.576   3.9315352e+14
      783.638   3.9353445e+14
      783.699   3.9556446e+14
      783.760   3.9844377e+14
      783.822   4.0093909e+14
      783.883   4.0345488e+14
      783.945   4.0371652e+14
      784.006   4.0431454e+14
      784.068   4.0508516e+14
      784.129   4.0607887e+14
      784.191   4.0753064e+14
      784.252   4.0855221e+14
      784.314   4.0828469e+14
      784.375   4.0786514e+14
      784.437   4.0742550e+14
      784.498   4.0695770e+14
      784.560   4.0679316e+14
      784.621   4.0698239e+14
      784.683   4.0704151e+14
      784.745   4.0716256e+14
      784.806   4.0701114e+14
      784.868   4.0649537e+14
      784.929   4.0611320e+14
      784.991   4.0575909e+14
      785.053   4.0504602e+14
      785.114   4.0460071e+14
      785.176   4.0435904e+14
      785.238   4.0409666e+14
      785.299   4.0366841e+14
      785.361   4.0304770e+14
      785.423   4.0233381e+14
      785.484   3.9935938e+14
      785.546   3.9691558e+14
      785.608   3.9518111e+14
      785.669   3.9425562e+14
      785.731   3.9348217e+14
      785.793   3.9492812e+14
      785.855   3.9544710e+14
      785.916   3.9531418e+14
      785.978   3.9436813e+14
      786.040   3.9598352e+14
      786.102   3.9824396e+14
      786.164   4.0083924e+14
      786.225   4.0341717e+14
      786.287   4.0662034e+14
      786.349   4.0723715e+14
      786.411   4.0714353e+14
      786.473   4.0714995e+14
      786.535   4.0749442e+14
      786.596   4.0784531e+14
      786.658   4.0828651e+14
      786.720   4.0868633e+14
      786.782   4.0868940e+14
      786.844   4.0827827e+14
      786.906   4.0798446e+14
      786.968   4.0752488e+14
      787.030   4.0723923e+14
      787.092   4.0700655e+14
      787.154   4.0693613e+14
      787.216   4.0664474e+14
      787.278   4.0637058e+14
      787.340   4.0615502e+14
      787.402   4.0629519e+14
      787.464   4.0605543e+14
      787.526   4.0593656e+14
      787.588   4.0562074e+14
      787.650   4.0541197e+14
      787.712   4.0505456e+14
      787.774   4.0517396e+14
      787.836   4.0481305e+14
      787.898   4.0472856e+14
      787.960   4.0427078e+14
      788.022   4.0338434e+14
      788.084   4.0286073e+14
      788.146   4.0317701e+14
      788.208   4.0349683e+14
      788.271   4.0398307e+14
      788.333   4.0462798e+14
      788.395   4.0529024e+14
      788.457   4.0558606e+14
      788.519   4.0540467e+14
      788.581   4.0609136e+14
      788.644   4.0702763e+14
      788.706   4.0743086e+14
      788.768   4.0775804e+14
      788.830   4.0843469e+14
      788.892   4.0830184e+14
      788.955   4.0816599e+14
      789.017   4.0807063e+14
      789.079   4.0808445e+14
      789.141   4.0815369e+14
      789.204   4.0809186e+14
      789.266   4.0792576e+14
      789.328   4.0781848e+14
      789.391   4.0776004e+14
      789.453   4.0760424e+14
      789.515   4.0744147e+14
      789.578   4.0727569e+14
      789.640   4.0714059e+14
      789.702   4.0691539e+14
      789.765   4.0678415e+14
      789.827   4.0682214e+14
      789.889   4.0682546e+14
      789.952   4.0628200e+14
      790.014   4.0610514e+14
      790.077   4.0630290e+14
      790.139   4.0653833e+14
      790.201   4.0690890e+14
      790.264   4.0776508e+14
      790.326   4.0819119e+14
      790.389   4.0800791e+14
      790.451   4.0786922e+14
      790.514   4.0821272e+14
      790.576   4.0881581e+14
      790.639   4.0978332e+14
      790.701   4.1021673e+14
      790.764   4.1041829e+14
      790.826   4.1018950e+14
      790.889   4.0982592e+14
      790.951   4.0942716e+14
      791.014   4.0847788e+14
      791.077   4.0723536e+14
      791.139   4.0513542e+14
      791.202   4.0260907e+14
      791.264   4.0018939e+14
      791.327   3.9859548e+14
      791.390   3.9729970e+14
      791.452   3.9687063e+14
      791.515   3.9685143e+14
      791.578   3.9673859e+14
      791.640   3.9638228e+14
      791.703   3.9620682e+14
      791.766   3.9632292e+14
      791.828   3.9639694e+14
      791.891   3.9632215e+14
      791.954   3.9661186e+14
      792.016   3.9684905e+14
      792.079   3.9692355e+14
      792.142   3.9750853e+14
      792.205   3.9849296e+14
      792.267   3.9982086e+14
      792.330   4.0125711e+14
      792.393   4.0265532e+14
      792.456   4.0349798e+14
      792.519   4.0381267e+14
      792.581   4.0358151e+14
      792.644   4.0309364e+14
      792.707   4.0263348e+14
      792.770   4.0237138e+14
      792.833   4.0223083e+14
      792.896   4.0134996e+14
      792.959   4.0020482e+14
      793.021   3.9886781e+14
      793.084   3.9656117e+14
      793.147   3.9378830e+14
      793.210   3.9168959e+14
      793.273   3.9010168e+14
      793.336   3.8862826e+14
      793.399   3.8839611e+14
      793.462   3.8932900e+14
      793.525   3.8920475e+14
      793.588   3.8805081e+14
      793.651   3.8776634e+14
      793.714   3.8782630e+14
      793.777   3.8750699e+14
      793.840   3.8821406e+14
      793.903   3.8969722e+14
      793.966   3.8952757e+14
      794.029   3.8887421e+14
      794.092   3.8970683e+14
      794.155   3.9155253e+14
      794.218   3.9265353e+14
      794.281   3.9408539e+14
      794.344   3.9521454e+14
      794.407   3.9296667e+14
      794.470   3.8926641e+14
      794.534   3.8715752e+14
      794.597   3.8578609e+14
      794.660   3.8474528e+14
      794.723   3.8572101e+14
      794.786   3.8817381e+14
      794.849   3.9032036e+14
      794.913   3.9264192e+14
      794.976   3.9615830e+14
      795.039   4.0001307e+14
      795.102   4.0301550e+14
      795.165   4.0559333e+14
      795.229   4.0762861e+14
      795.292   4.0787194e+14
      795.355   4.0734492e+14
      795.418   4.0633666e+14
      795.482   4.0532531e+14
      795.545   4.0435499e+14
      795.608   4.0337046e+14
      795.672   4.0246667e+14
      795.735   4.0156546e+14
      795.798   4.0057688e+14
      795.862   3.9977715e+14
      795.925   3.9940230e+14
      795.988   3.9957871e+14
      796.052   4.0024787e+14
      796.115   4.0104221e+14
      796.178   4.0156091e+14
      796.242   4.0187789e+14
      796.305   4.0203015e+14
      796.369   4.0202600e+14
      796.432   4.0199324e+14
      796.495   4.0219792e+14
      796.559   4.0221824e+14
      796.622   4.0205618e+14
      796.686   4.0196110e+14
      796.749   4.0198423e+14
      796.813   4.0215118e+14
      796.876   4.0227563e+14
      796.940   4.0243566e+14
      797.003   4.0254231e+14
      797.067   4.0245687e+14
      797.130   4.0238842e+14
      797.194   4.0233441e+14
      797.257   4.0212956e+14
      797.321   4.0158595e+14
      797.385   4.0113324e+14
      797.448   4.0103658e+14
      797.512   4.0109439e+14
      797.575   4.0124608e+14
      797.639   4.0177262e+14
      797.703   4.0207886e+14
      797.766   4.0188078e+14
      797.830   4.0172517e+14
      797.894   4.0187399e+14
      797.957   4.0200477e+14
      798.021   4.0224466e+14
      798.085   4.0248453e+14
      798.148   4.0254539e+14
      798.212   4.0234072e+14
      798.276   4.0229007e+14
      798.339   4.0237541e+14
      798.403   4.0260840e+14
      798.467   4.0291842e+14
      798.531   4.0314446e+14
      798.594   4.0290764e+14
      798.658   4.0237709e+14
      798.722   4.0181844e+14
      798.786   4.0124918e+14
      798.850   4.0080937e+14
      798.913   4.0070544e+14
      798.977   4.0070710e+14
      799.041   4.0050314e+14
      799.105   4.0037129e+14
      799.169   4.0047781e+14
      799.233   4.0072453e+14
      799.297   4.0091529e+14
      799.361   4.0092719e+14
      799.424   4.0067571e+14
      799.488   4.0003539e+14
      799.552   3.9936345e+14
      799.616   3.9931914e+14
      799.680   3.9916257e+14
      799.744   3.9739259e+14
      799.808   3.9501551e+14
      799.872   3.9275735e+14
      799.936   3.9070583e+14
      800.000   3.8910660e+14
      800.064   3.8902992e+14
      800.128   3.8941287e+14
      800.192   3.8955723e+14
      800.256   3.9016485e+14
      800.320   3.9249932e+14
      800.384   3.9545895e+14
      800.448   3.9876297e+14
      800.512   4.0154089e+14
      800.576   4.0336077e+14
      800.641   4.0365066e+14
      800.705   4.0365917e+14
      800.769   4.0362905e+14
      800.833   4.0364111e+14
      800.897   4.0348101e+14
      800.961   4.0294863e+14
      801.025   4.0223903e+14
      801.089   4.0153243e+14
      801.154   4.0100889e+14
      801.218   4.0080100e+14
      801.282   4.0080383e+14
      801.346   4.0088049e+14
      801.411   4.0110174e+14
      801.475   4.0151229e+14
      801.539   4.0177532e+14
      801.603   4.0175716e+14
      801.667   4.0166863e+14
      801.732   4.0151031e+14
      801.796   4.0114400e+14
      801.860   4.0081624e+14
      801.925   4.0060507e+14
      801.989   4.0034410e+14
      802.053   3.9985086e+14
      802.118   3.9952695e+14
      802.182   3.9958943e+14
      802.246   3.9980671e+14
      802.311   4.0003514e+14
      802.375   4.0086126e+14
      802.439   4.0137080e+14
      802.504   4.0121575e+14
      802.568   4.0080667e+14
      802.633   3.9980673e+14
      802.697   3.9803510e+14
      802.761   3.9619619e+14
      802.826   3.9481531e+14
      802.890   3.9362029e+14
      802.955   3.9313337e+14
      803.019   3.9376479e+14
      803.084   3.9490138e+14
      803.148   3.9630538e+14
      803.213   3.9868591e+14
      803.277   4.0107685e+14
      803.342   4.0254908e+14
      803.406   4.0322473e+14
      803.471   4.0346045e+14
      803.536   4.0269889e+14
      803.600   4.0141861e+14
      803.665   4.0055458e+14
      803.729   4.0017635e+14
      803.794   3.9984082e+14
      803.859   3.9961101e+14
      803.923   3.9995534e+14
      803.988   4.0070928e+14
      804.052   4.0157216e+14
      804.117   4.0245676e+14
      804.182   4.0346144e+14
      804.246   4.0404957e+14
      804.311   4.0413030e+14
      804.376   4.0383364e+14
      804.440   4.0205471e+14
      804.505   3.9946091e+14
      804.570   3.9639039e+14
      804.635   3.9302297e+14
      804.699   3.8978511e+14
      804.764   3.8775780e+14
      804.829   3.8625956e+14
      804.894   3.8514941e+14
      804.958   3.8516116e+14
      805.023   3.8681613e+14
      805.088   3.8932061e+14
      805.153   3.9226688e+14
      805.218   3.9540078e+14
      805.283   3.9765232e+14
      805.347   3.9873818e+14
      805.412   3.9950336e+14
      805.477   3.9965397e+14
      805.542   3.9989291e+14
      805.607   4.0026266e+14
      805.672   4.0024022e+14
      805.737   4.0000222e+14
      805.802   4.0003630e+14
      805.867   4.0024709e+14
      805.932   4.0050033e+14
      805.997   4.0087379e+14
      806.062   4.0140637e+14
      806.127   4.0158552e+14
      806.192   4.0156668e+14
      806.257   4.0151954e+14
      806.322   4.0136275e+14
      806.387   4.0131204e+14
      806.452   4.0137453e+14
      806.517   4.0140516e+14
      806.582   4.0140746e+14
      806.647   4.0143100e+14
      806.712   4.0130944e+14
      806.777   4.0100744e+14
      806.842   4.0067705e+14
      806.907   4.0009888e+14
      806.972   3.9935426e+14
      807.037   3.9839344e+14
      807.102   3.9728812e+14
      807.168   3.9619724e+14
      807.233   3.9547041e+14
      807.298   3.9508338e+14
      807.363   3.9460429e+14
      807.428   3.9424899e+14
      807.494   3.9430850e+14
      807.559   3.9464377e+14
      807.624   3.9532267e+14
      807.689   3.9663568e+14
      807.754   3.9810830e+14
      807.820   3.9909973e+14
      807.885   3.9958777e+14
      807.950   3.9991643e+14
      808.016   4.0006488e+14
      808.081   4.0006051e+14
      808.146   4.0012350e+14
      808.211   4.0031407e+14
      808.277   4.0008682e+14
      808.342   3.9841294e+14
      808.407   3.9627445e+14
      808.473   3.9474940e+14
      808.538   3.9341514e+14
      808.604   3.9242858e+14
      808.669   3.9294842e+14
      808.734   3.9378394e+14
      808.800   3.9354545e+14
      808.865   3.9351226e+14
      808.931   3.9465339e+14
      808.996   3.9592907e+14
      809.061   3.9708115e+14
      809.127   3.9796456e+14
      809.192   3.9786835e+14
      809.258   3.9643850e+14
      809.323   3.9508242e+14
      809.389   3.9446124e+14
      809.454   3.9473025e+14
      809.520   3.9471940e+14
      809.586   3.9429678e+14
      809.651   3.9397299e+14
      809.717   3.9292900e+14
      809.782   3.9147245e+14
      809.848   3.9103879e+14
      809.913   3.9104843e+14
      809.979   3.9059686e+14
      810.045   3.9075965e+14
      810.110   3.9187745e+14
      810.176   3.9288936e+14
      810.241   3.9438405e+14
      810.307   3.9680312e+14
      810.373   3.9886728e+14
      810.438   4.0005721e+14
      810.504   4.0114477e+14
      810.570   4.0170648e+14
      810.636   4.0142241e+14
      810.701   4.0114490e+14
      810.767   4.0105273e+14
      810.833   4.0092139e+14
      810.898   4.0071131e+14
      810.964   4.0067947e+14
      811.030   4.0057594e+14
      811.096   4.0032649e+14
      811.162   4.0025489e+14
      811.227   4.0034628e+14
      811.293   4.0021768e+14
      811.359   4.0009618e+14
      811.425   4.0012409e+14
      811.491   3.9997057e+14
      811.557   3.9982409e+14
      811.622   4.0004713e+14
      811.688   4.0015685e+14
      811.754   4.0003530e+14
      811.820   3.9999193e+14
      811.886   4.0005541e+14
      811.952   4.0005841e+14
      812.018   4.0039606e+14
      812.084   4.0105076e+14
      812.150   4.0169136e+14
      812.216   4.0228573e+14
      812.282   4.0277690e+14
      812.348   4.0302593e+14
      812.414   4.0312889e+14
      812.480   4.0301803e+14
      812.546   4.0269695e+14
      812.612   4.0230804e+14
      812.678   4.0197605e+14
      812.744   4.0159061e+14
      812.810   4.0143673e+14
      812.876   4.0150033e+14
      812.942   4.0157822e+14
      813.008   4.0179451e+14
      813.074   4.0220216e+14
      813.140   4.0264199e+14
      813.206   4.0304617e+14
      813.273   4.0351871e+14
      813.339   4.0384810e+14
      813.405   4.0386716e+14
      813.471   4.0378988e+14
      813.537   4.0365902e+14
      813.603   4.0346393e+14
      813.670   4.0330137e+14
      813.736   4.0310263e+14
      813.802   4.0269323e+14
      813.868   4.0213382e+14
      813.935   4.0161407e+14
      814.001   4.0115443e+14
      814.067   4.0070904e+14
      814.133   4.0035275e+14
      814.200   4.0009699e+14
      814.266   3.9984063e+14
      814.332   3.9983786e+14
      814.399   4.0004278e+14
      814.465   4.0031515e+14
      814.531   4.0055174e+14
      814.598   4.0082467e+14
      814.664   4.0111854e+14
      814.730   4.0131600e+14
      814.797   4.0111724e+14
      814.863   4.0056048e+14
      814.930   3.9987187e+14
      814.996   3.9916118e+14
      815.062   3.9845130e+14
      815.129   3.9808870e+14
      815.195   3.9817252e+14
      815.262   3.9820323e+14
      815.328   3.9826920e+14
      815.395   3.9866115e+14
      815.461   3.9933880e+14
      815.528   3.9993486e+14
      815.594   4.0046246e+14
      815.661   4.0091195e+14
      815.727   4.0093517e+14
      815.794   4.0063688e+14
      815.860   4.0047752e+14
      815.927   4.0056209e+14
      815.993   4.0046357e+14
      816.060   3.9993239e+14
      816.127   3.9928296e+14
      816.193   3.9865080e+14
      816.260   3.9805484e+14
      816.327   3.9768799e+14
      816.393   3.9782911e+14
      816.460   3.9808890e+14
      816.526   3.9810472e+14
      816.593   3.9833595e+14
      816.660   3.9857079e+14
      816.727   3.9848683e+14
      816.793   3.9841306e+14
      816.860   3.9837201e+14
      816.927   3.9797256e+14
      816.993   3.9752596e+14
      817.060   3.9737937e+14
      817.127   3.9717794e+14
      817.194   3.9721309e+14
      817.261   3.9756369e+14
      817.327   3.9795344e+14
      817.394   3.9841174e+14
      817.461   3.9899913e+14
      817.528   3.9931054e+14
      817.595   3.9925254e+14
      817.661   3.9910451e+14
      817.728   3.9855515e+14
      817.795   3.9776896e+14
      817.862   3.9719435e+14
      817.929   3.9657301e+14
      817.996   3.9604122e+14
      818.063   3.9567805e+14
      818.130   3.9374692e+14
      818.197   3.9004296e+14
      818.264   3.8679068e+14
      818.331   3.8410139e+14
      818.398   3.8170966e+14
      818.465   3.8098655e+14
      818.532   3.8131137e+14
      818.599   3.8051632e+14
      818.666   3.8049298e+14
      818.733   3.8230047e+14
      818.800   3.8479747e+14
      818.867   3.8804520e+14
      818.934   3.9209398e+14
      819.001   3.9494771e+14
      819.068   3.9625239e+14
      819.135   3.9728075e+14
      819.202   3.9814405e+14
      819.269   3.9773946e+14
      819.336   3.9509323e+14
      819.403   3.9123915e+14
      819.471   3.8711545e+14
      819.538   3.8277125e+14
      819.605   3.7973076e+14
      819.672   3.7884978e+14
      819.739   3.7777818e+14
      819.807   3.7650911e+14
      819.874   3.7756897e+14
      819.941   3.7976521e+14
      820.008   3.8178204e+14
      820.075   3.8492848e+14
      820.143   3.8810836e+14
      820.210   3.8876698e+14
      820.277   3.8872777e+14
      820.345   3.8925031e+14
      820.412   3.8948825e+14
      820.479   3.8996726e+14
      820.547   3.9120978e+14
      820.614   3.9157391e+14
      820.681   3.9105620e+14
      820.749   3.9074777e+14
      820.816   3.9004631e+14
      820.883   3.8917187e+14
      820.951   3.8886676e+14
      821.018   3.8884095e+14
      821.085   3.8806725e+14
      821.153   3.8682923e+14
      821.220   3.8537437e+14
      821.288   3.8401707e+14
      821.355   3.8299410e+14
      821.423   3.8242170e+14
      821.490   3.8244690e+14
      821.558   3.8249774e+14
      821.625   3.8268149e+14
      821.693   3.8448386e+14
      821.760   3.8706463e+14
      821.828   3.8839913e+14
      821.895   3.8806790e+14
      821.963   3.8733693e+14
      822.030   3.8570035e+14
      822.098   3.8332472e+14
      822.166   3.8204858e+14
      822.233   3.8223960e+14
      822.301   3.8234448e+14
      822.368   3.8327497e+14
      822.436   3.8609996e+14
      822.504   3.8990676e+14
      822.571   3.9373889e+14
      822.639   3.9776342e+14
      822.707   4.0092617e+14
      822.774   4.0229179e+14
      822.842   4.0233708e+14
      822.910   4.0108658e+14
      822.978   3.9875296e+14
      823.045   3.9553828e+14
      823.113   3.9174072e+14
      823.181   3.8861044e+14
      823.249   3.8650876e+14
      823.316   3.8521140e+14
      823.384   3.8474513e+14
      823.452   3.8567315e+14
      823.520   3.8666640e+14
      823.588   3.8842942e+14
      823.655   3.9100167e+14
      823.723   3.9317016e+14
      823.791   3.9409952e+14
      823.859   3.9459888e+14
      823.927   3.9411500e+14
      823.995   3.9268393e+14
      824.063   3.9168275e+14
      824.131   3.9128883e+14
      824.198   3.9050377e+14
      824.266   3.9030131e+14
      824.334   3.9099592e+14
      824.402   3.9197648e+14
      824.470   3.9313443e+14
      824.538   3.9453152e+14
      824.606   3.9483242e+14
      824.674   3.9343598e+14
      824.742   3.9185472e+14
      824.810   3.9042507e+14
      824.878   3.8893732e+14
      824.946   3.8801032e+14
      825.014   3.8800499e+14
      825.082   3.8799730e+14
      825.151   3.8822557e+14
      825.219   3.8940221e+14
      825.287   3.9104994e+14
      825.355   3.9264722e+14
      825.423   3.9411437e+14
      825.491   3.9462889e+14
      825.559   3.9416879e+14
      825.628   3.9337944e+14
      825.696   3.9257853e+14
      825.764   3.9211093e+14
      825.832   3.9225934e+14
      825.900   3.9243325e+14
      825.968   3.9283186e+14
      826.037   3.9373138e+14
      826.105   3.9476104e+14
      826.173   3.9534124e+14
      826.241   3.9568225e+14
      826.310   3.9582058e+14
      826.378   3.9555241e+14
      826.446   3.9503378e+14
      826.515   3.9463168e+14
      826.583   3.9447934e+14
      826.651   3.9414554e+14
      826.720   3.9402980e+14
      826.788   3.9420761e+14
      826.856   3.9451972e+14
      826.925   3.9490119e+14
      826.993   3.9543476e+14
      827.061   3.9567412e+14
      827.130   3.9548924e+14
      827.198   3.9517682e+14
      827.267   3.9473041e+14
      827.335   3.9433798e+14
      827.404   3.9384787e+14
      827.472   3.9308842e+14
      827.541   3.9230757e+14
      827.609   3.9183482e+14
      827.678   3.9135152e+14
      827.746   3.9100946e+14
      827.815   3.9115102e+14
      827.883   3.9131020e+14
      827.952   3.9153171e+14
      828.020   3.9198899e+14
      828.089   3.9258851e+14
      828.157   3.9294054e+14
      828.226   3.9330398e+14
      828.294   3.9348531e+14
      828.363   3.9331799e+14
      828.432   3.9311434e+14
      828.500   3.9297199e+14
      828.569   3.9268097e+14
      828.638   3.9218631e+14
      828.706   3.9187647e+14
      828.775   3.9162538e+14
      828.844   3.9139232e+14
      828.912   3.9132978e+14
      828.981   3.9163519e+14
      829.050   3.9169660e+14
      829.119   3.9179663e+14
      829.187   3.9151053e+14
      829.256   3.9043503e+14
      829.325   3.8931575e+14
      829.394   3.8847287e+14
      829.463   3.8755710e+14
      829.531   3.8699396e+14
      829.600   3.8713734e+14
      829.669   3.8700773e+14
      829.738   3.8714750e+14
      829.807   3.8787352e+14
      829.876   3.8873441e+14
      829.944   3.8975160e+14
      830.013   3.9107896e+14
      830.082   3.9209682e+14
      830.151   3.9243370e+14
      830.220   3.9261030e+14
      830.289   3.9269952e+14
      830.358   3.9269402e+14
      830.427   3.9225124e+14
      830.496   3.9128008e+14
      830.565   3.8947426e+14
      830.634   3.8759161e+14
      830.703   3.8612785e+14
      830.772   3.8501742e+14
      830.841   3.8382305e+14
      830.910   3.8304404e+14
      830.979   3.8231236e+14
      831.048   3.8218985e+14
      831.117   3.8300263e+14
      831.186   3.8470521e+14
      831.255   3.8681667e+14
      831.324   3.8877153e+14
      831.393   3.9024894e+14
      831.463   3.9154105e+14
      831.532   3.9261764e+14
      831.601   3.9323467e+14
      831.670   3.9419486e+14
      831.739   3.9437065e+14
      831.808   3.9377272e+14
      831.878   3.9311320e+14
      831.947   3.9285822e+14
      832.016   3.9220888e+14
      832.085   3.9200495e+14
      832.154   3.9238495e+14
      832.224   3.9292990e+14
      832.293   3.9356578e+14
      832.362   3.9435135e+14
      832.432   3.9430859e+14
      832.501   3.9202632e+14
      832.570   3.8758130e+14
      832.639   3.8343134e+14
      832.709   3.7952594e+14
      832.778   3.7592634e+14
      832.847   3.7398136e+14
      832.917   3.7387101e+14
      832.986   3.7219229e+14
      833.056   3.7151146e+14
      833.125   3.7306702e+14
      833.195   3.7514604e+14
      833.264   3.7730541e+14
      833.333   3.7993675e+14
      833.403   3.8062007e+14
      833.472   3.7910165e+14
      833.542   3.7818323e+14
      833.611   3.7798836e+14
      833.681   3.7843766e+14
      833.750   3.7916821e+14
      833.820   3.7934696e+14
      833.889   3.7961669e+14
      833.959   3.8001137e+14
      834.028   3.8039472e+14
      834.098   3.8066872e+14
      834.167   3.8127538e+14
      834.237   3.8111761e+14
      834.307   3.8090128e+14
      834.376   3.8089303e+14
      834.446   3.8083037e+14
      834.516   3.8014159e+14
      834.585   3.7962070e+14
      834.655   3.7910014e+14
      834.725   3.7854281e+14
      834.794   3.7864797e+14
      834.864   3.7953010e+14
      834.934   3.8008265e+14
      835.003   3.8118820e+14
      835.073   3.8310274e+14
      835.143   3.8523014e+14
      835.213   3.8743856e+14
      835.282   3.8989244e+14
      835.352   3.9132461e+14
      835.422   3.9185165e+14
      835.492   3.9230180e+14
      835.562   3.9273366e+14
      835.631   3.9268476e+14
      835.701   3.9208264e+14
      835.771   3.9158680e+14
      835.841   3.9127055e+14
      835.911   3.9091020e+14
      835.981   3.9054615e+14
      836.051   3.9035072e+14
      836.120   3.8994568e+14
      836.190   3.8951904e+14
      836.260   3.8918396e+14
      836.330   3.8888927e+14
      836.400   3.8803662e+14
      836.470   3.8655240e+14
      836.540   3.8546443e+14
      836.610   3.8461859e+14
      836.680   3.8397450e+14
      836.750   3.8416019e+14
      836.820   3.8513540e+14
      836.890   3.8548280e+14
      836.960   3.8630041e+14
      837.030   3.8755359e+14
      837.100   3.8871145e+14
      837.170   3.8953889e+14
      837.240   3.9015699e+14
      837.311   3.8998922e+14
      837.381   3.8946103e+14
      837.451   3.8887762e+14
      837.521   3.8826107e+14
      837.591   3.8755989e+14
      837.661   3.8666754e+14
      837.731   3.8573468e+14
      837.802   3.8489016e+14
      837.872   3.8415556e+14
      837.942   3.8350909e+14
      838.012   3.8288090e+14
      838.083   3.8233019e+14
      838.153   3.8203645e+14
      838.223   3.8202209e+14
      838.293   3.8218061e+14
      838.364   3.8248285e+14
      838.434   3.8341738e+14
      838.504   3.8403205e+14
      838.574   3.8238472e+14
      838.645   3.7881377e+14
      838.715   3.7633093e+14
      838.785   3.7419357e+14
      838.856   3.7266704e+14
      838.926   3.7298320e+14
      838.997   3.7404297e+14
      839.067   3.7294516e+14
      839.137   3.7406718e+14
      839.208   3.7717028e+14
      839.278   3.8081832e+14
      839.349   3.8474025e+14
      839.419   3.8929950e+14
      839.490   3.9126059e+14
      839.560   3.9105223e+14
      839.631   3.9031785e+14
      839.701   3.8925115e+14
      839.772   3.8839843e+14
      839.842   3.8762598e+14
      839.913   3.8726298e+14
      839.983   3.8656391e+14
      840.054   3.8618592e+14
      840.124   3.8592153e+14
      840.195   3.8609637e+14
      840.266   3.8647775e+14
      840.336   3.8719049e+14
      840.407   3.8768638e+14
      840.477   3.8805998e+14
      840.548   3.8845657e+14
      840.619   3.8888639e+14
      840.689   3.8947436e+14
      840.760   3.9024379e+14
      840.831   3.9066285e+14
      840.901   3.9072709e+14
      840.972   3.9058147e+14
      841.043   3.9001866e+14
      841.114   3.8906813e+14
      841.184   3.8819456e+14
      841.255   3.8712566e+14
      841.326   3.8612300e+14
      841.397   3.8556340e+14
      841.468   3.8534721e+14
      841.538   3.8462827e+14
      841.609   3.8373602e+14
      841.680   3.8233373e+14
      841.751   3.8160370e+14
      841.822   3.8106202e+14
      841.893   3.8076405e+14
      841.963   3.8064680e+14
      842.034   3.8081073e+14
      842.105   3.8008773e+14
      842.176   3.7948282e+14
      842.247   3.7948036e+14
      842.318   3.7929313e+14
      842.389   3.7933867e+14
      842.460   3.7933255e+14
      842.531   3.7845745e+14
      842.602   3.7692770e+14
      842.673   3.7590073e+14
      842.744   3.7519164e+14
      842.815   3.7542928e+14
      842.886   3.7640290e+14
      842.957   3.7748026e+14
      843.028   3.7854166e+14
      843.099   3.7976775e+14
      843.170   3.8063525e+14
      843.241   3.8109953e+14
      843.313   3.8060226e+14
      843.384   3.7809440e+14
      843.455   3.7459020e+14
      843.526   3.7182939e+14
      843.597   3.7030090e+14
      843.668   3.6951681e+14
      843.739   3.6917503e+14
      843.811   3.6823474e+14
      843.882   3.6797320e+14
      843.953   3.6908744e+14
      844.024   3.7100856e+14
      844.096   3.7395557e+14
      844.167   3.7776615e+14
      844.238   3.8004689e+14
      844.309   3.8172389e+14
      844.381   3.8349824e+14
      844.452   3.8408969e+14
      844.523   3.8357255e+14
      844.595   3.8392732e+14
      844.666   3.8340637e+14
      844.737   3.8224723e+14
      844.809   3.8190454e+14
      844.880   3.8237372e+14
      844.951   3.8218252e+14
      845.023   3.8319681e+14
      845.094   3.8493530e+14
      845.166   3.8667451e+14
      845.237   3.8865110e+14
      845.309   3.9082880e+14
      845.380   3.9166632e+14
      845.451   3.9178002e+14
      845.523   3.9165281e+14
      845.594   3.9121321e+14
      845.666   3.9055495e+14
      845.737   3.8963246e+14
      845.809   3.8842800e+14
      845.881   3.8729021e+14
      845.952   3.8660131e+14
      846.024   3.8630645e+14
      846.095   3.8620427e+14
      846.167   3.8624002e+14
      846.238   3.8611181e+14
      846.310   3.8628499e+14
      846.382   3.8648426e+14
      846.453   3.8641922e+14
      846.525   3.8612416e+14
      846.597   3.8560228e+14
      846.668   3.8318058e+14
      846.740   3.7945777e+14
      846.812   3.7681996e+14
      846.883   3.7452715e+14
      846.955   3.7233105e+14
      847.027   3.7137040e+14
      847.099   3.7173834e+14
      847.170   3.7070414e+14
      847.242   3.7117357e+14
      847.314   3.7320884e+14
      847.386   3.7575072e+14
      847.458   3.7803268e+14
      847.529   3.8098061e+14
      847.601   3.8244846e+14
      847.673   3.8269967e+14
      847.745   3.8283929e+14
      847.817   3.8316129e+14
      847.889   3.8286911e+14
      847.961   3.8188073e+14
      848.033   3.8038575e+14
      848.104   3.7868145e+14
      848.176   3.7712256e+14
      848.248   3.7577566e+14
      848.320   3.7475263e+14
      848.392   3.7416885e+14
      848.464   3.7385325e+14
      848.536   3.7351152e+14
      848.608   3.7351622e+14
      848.680   3.7369972e+14
      848.752   3.7399142e+14
      848.824   3.7424958e+14
      848.896   3.7432509e+14
      848.969   3.7453158e+14
      849.041   3.7531703e+14
      849.113   3.7576529e+14
      849.185   3.7618750e+14
      849.257   3.7650542e+14
      849.329   3.7666673e+14
      849.401   3.7652223e+14
      849.473   3.7543779e+14
      849.545   3.7189195e+14
      849.618   3.6373351e+14
      849.690   3.5129072e+14
      849.762   3.3917534e+14
      849.834   3.2833074e+14
      849.906   3.1863789e+14
      849.979   3.1339125e+14
      850.051   3.1213179e+14
      850.123   3.1203521e+14
      850.196   3.1727195e+14
      850.268   3.2672809e+14
      850.340   3.3812466e+14
      850.412   3.5071528e+14
      850.485   3.6252797e+14
      850.557   3.6925577e+14
      850.629   3.7255011e+14
      850.702   3.7452733e+14
      850.774   3.7605956e+14
      850.847   3.7759615e+14
      850.919   3.7883373e+14
      850.991   3.7938399e+14
      851.064   3.7958690e+14
      851.136   3.7953515e+14
      851.209   3.7820204e+14
      851.281   3.7407262e+14
      851.354   3.6906561e+14
      851.426   3.6440541e+14
      851.499   3.6002561e+14
      851.571   3.5676297e+14
      851.644   3.5592756e+14
      851.716   3.5527566e+14
      851.789   3.5564599e+14
      851.861   3.5818939e+14
      851.934   3.6186946e+14
      852.006   3.6591069e+14
      852.079   3.7083508e+14
      852.152   3.7438052e+14
      852.224   3.7569020e+14
      852.297   3.7603139e+14
      852.370   3.7611068e+14
      852.442   3.7548222e+14
      852.515   3.7358195e+14
      852.588   3.7024703e+14
      852.660   3.6583944e+14
      852.733   3.6166517e+14
      852.806   3.5806900e+14
      852.878   3.5551276e+14
      852.951   3.5315567e+14
      853.024   3.5097684e+14
      853.097   3.4980467e+14
      853.169   3.4909524e+14
      853.242   3.4840100e+14
      853.315   3.4770557e+14
      853.388   3.4602609e+14
      853.461   3.4263663e+14
      853.534   3.4466806e+14
      853.606   3.4595143e+14
      853.679   3.4619986e+14
      853.752   3.4531565e+14
      853.825   3.4271128e+14
      853.898   3.3710119e+14
      853.971   3.2751001e+14
      854.044   3.1288186e+14
      854.117   2.9517318e+14
      854.190   2.7786441e+14
      854.263   2.6299222e+14
      854.336   2.5271436e+14
      854.409   2.4731338e+14
      854.482   2.4629438e+14
      854.555   2.5153805e+14
      854.628   2.6368673e+14
      854.701   2.8059978e+14
      854.774   2.9990804e+14
      854.847   3.1967031e+14
      854.920   3.3620938e+14
      854.993   3.4765050e+14
      855.066   3.5502543e+14
      855.139   3.5962651e+14
      855.213   3.6242747e+14
      855.286   3.6469180e+14
      855.359   3.6741134e+14
      855.432   3.6932866e+14
      855.505   3.7033868e+14
      855.578   3.7032807e+14
      855.652   3.7017966e+14
      855.725   3.7002547e+14
      855.798   3.6971265e+14
      855.871   3.6940959e+14
      855.945   3.6964816e+14
      856.018   3.6960023e+14
      856.091   3.7031887e+14
      856.164   3.7153952e+14
      856.238   3.7248564e+14
      856.311   3.7316218e+14
      856.384   3.7392689e+14
      856.458   3.7388955e+14
      856.531   3.7349256e+14
      856.604   3.7307771e+14
      856.678   3.7270424e+14
      856.751   3.7210796e+14
      856.825   3.7136037e+14
      856.898   3.7053391e+14
      856.971   3.6963986e+14
      857.045   3.6860346e+14
      857.118   3.6844800e+14
      857.192   3.6902713e+14
      857.265   3.6965933e+14
      857.339   3.7028760e+14
      857.412   3.7095354e+14
      857.486   3.7132597e+14
      857.559   3.7194501e+14
      857.633   3.7263925e+14
      857.706   3.7345252e+14
      857.780   3.7436711e+14
      857.854   3.7548711e+14
      857.927   3.7618217e+14
      858.001   3.7582686e+14
      858.074   3.7402902e+14
      858.148   3.7257543e+14
      858.222   3.7101487e+14
      858.295   3.6953275e+14
      858.369   3.6847947e+14
      858.443   3.6835089e+14
      858.516   3.6748988e+14
      858.590   3.6730540e+14
      858.664   3.6766130e+14
      858.738   3.6874491e+14
      858.811   3.6991650e+14
      858.885   3.7190561e+14
      858.959   3.7326311e+14
      859.033   3.7380971e+14
      859.107   3.7415397e+14
      859.180   3.7464498e+14
      859.254   3.7516563e+14
      859.328   3.7571356e+14
      859.402   3.7640502e+14
      859.476   3.7635888e+14
      859.550   3.7605674e+14
      859.623   3.7515845e+14
      859.697   3.7436107e+14
      859.771   3.7338362e+14
      859.845   3.7279240e+14
      859.919   3.7212448e+14
      859.993   3.7182735e+14
      860.067   3.7177805e+14
      860.141   3.7218785e+14
      860.215   3.7226365e+14
      860.289   3.7322798e+14
      860.363   3.7431655e+14
      860.437   3.7479778e+14
      860.511   3.7509951e+14
      860.585   3.7529856e+14
      860.659   3.7498928e+14
      860.733   3.7511983e+14
      860.807   3.7562589e+14
      860.882   3.7608264e+14
      860.956   3.7613079e+14
      861.030   3.7450326e+14
      861.104   3.7368123e+14
      861.178   3.7311786e+14
      861.252   3.7237095e+14
      861.326   3.7233680e+14
      861.401   3.7331497e+14
      861.475   3.7172234e+14
      861.549   3.7176991e+14
      861.623   3.7300638e+14
      861.698   3.7404018e+14
      861.772   3.7593494e+14
      861.846   3.7953865e+14
      861.920   3.8033041e+14
      861.995   3.8005479e+14
      862.069   3.8059293e+14
      862.143   3.8090392e+14
      862.218   3.8135170e+14
      862.292   3.8283318e+14
      862.366   3.8445124e+14
      862.441   3.8491827e+14
      862.515   3.8571456e+14
      862.589   3.8634052e+14
      862.664   3.8709570e+14
      862.738   3.8793401e+14
      862.813   3.8914798e+14
      862.887   3.8949008e+14
      862.962   3.8894193e+14
      863.036   3.8796514e+14
      863.111   3.8645072e+14
      863.185   3.8497717e+14
      863.260   3.8324227e+14
      863.334   3.8174549e+14
      863.409   3.8061669e+14
      863.483   3.8029881e+14
      863.558   3.7986373e+14
      863.632   3.8015261e+14
      863.707   3.8052544e+14
      863.782   3.8114881e+14
      863.856   3.8202217e+14
      863.931   3.8315038e+14
      864.005   3.8370909e+14
      864.080   3.8390783e+14
      864.155   3.8375746e+14
      864.230   3.8347410e+14
      864.304   3.8301561e+14
      864.379   3.8218547e+14
      864.454   3.8138548e+14
      864.528   3.8045581e+14
      864.603   3.7920777e+14
      864.678   3.7704184e+14
      864.753   3.7454630e+14
      864.827   3.7225525e+14
      864.902   3.7013100e+14
      864.977   3.6817848e+14
      865.052   3.6687855e+14
      865.127   3.6526634e+14
      865.202   3.6441915e+14
      865.276   3.6638975e+14
      865.351   3.6857713e+14
      865.426   3.7081095e+14
      865.501   3.7321935e+14
      865.576   3.7454872e+14
      865.651   3.7478577e+14
      865.726   3.7392255e+14
      865.801   3.7168681e+14
      865.876   3.6732272e+14
      865.951   3.5908149e+14
      866.026   3.4471453e+14
      866.101   3.2575003e+14
      866.176   3.0636773e+14
      866.251   2.8868402e+14
      866.326   2.7521256e+14
      866.401   2.6855570e+14
      866.476   2.6824756e+14
      866.551   2.7303021e+14
      866.626   2.8538928e+14
      866.701   3.0309130e+14
      866.776   3.2394872e+14
      866.852   3.4610415e+14
      866.927   3.6592850e+14
      867.002   3.7926131e+14
      867.077   3.8523455e+14
      867.152   3.8848661e+14
      867.227   3.8959764e+14
      867.303   3.8812178e+14
      867.378   3.8548707e+14
      867.453   3.8343506e+14
      867.528   3.8106236e+14
      867.604   3.7940466e+14
      867.679   3.7924402e+14
      867.754   3.7870181e+14
      867.830   3.7746376e+14
      867.905   3.7735945e+14
      867.980   3.7821841e+14
      868.056   3.7907320e+14
      868.131   3.8047303e+14
      868.206   3.8174336e+14
      868.282   3.8176837e+14
      868.357   3.8124665e+14
      868.432   3.8159659e+14
      868.508   3.8219363e+14
      868.583   3.8250061e+14
      868.659   3.8112504e+14
      868.734   3.7565156e+14
      868.810   3.6998166e+14
      868.885   3.6479954e+14
      868.961   3.6005135e+14
      869.036   3.5742644e+14
      869.112   3.5820174e+14
      869.187   3.5761632e+14
      869.263   3.6048205e+14
      869.338   3.6509676e+14
      869.414   3.7041783e+14
      869.680   3.7686244e+14
      869.716   3.9208569e+14
      869.792   3.9015306e+14
      869.868   3.8869751e+14
      869.943   3.8740160e+14
      870.019   3.8622049e+14
      870.095   3.8565810e+14
      870.171   3.8571080e+14
      870.246   3.8475035e+14
      870.322   3.8507431e+14
      870.398   3.8582250e+14
      870.474   3.8681545e+14
      870.549   3.8824774e+14
      870.625   3.8970372e+14
      870.701   3.8974910e+14
      870.777   3.8927446e+14
      870.853   3.8799666e+14
      870.928   3.8606402e+14
      871.004   3.8447583e+14
      871.080   3.8223522e+14
      871.156   3.7875548e+14
      871.232   3.7640793e+14
      871.308   3.7471650e+14
      871.384   3.7301100e+14
      871.460   3.7281770e+14
      871.536   3.7471944e+14
      871.612   3.7534459e+14
      871.688   3.7746287e+14
      871.764   3.7999273e+14
      871.840   3.8168071e+14
      871.916   3.8351759e+14
      871.992   3.8650292e+14
      872.068   3.8776148e+14
      872.144   3.8903936e+14
      872.220   3.9065084e+14
      872.296   3.9236993e+14
      872.372   3.9415053e+14
      872.448   3.9504257e+14
      872.524   3.9518742e+14
      872.600   3.9438950e+14
      872.677   3.9248413e+14
      872.753   3.9042468e+14
      872.829   3.8863692e+14
      872.905   3.8697160e+14
      872.981   3.8571618e+14
      873.057   3.8544698e+14
      873.134   3.8509312e+14
      873.210   3.8514124e+14
      873.286   3.8559210e+14
      873.362   3.8509139e+14
      873.439   3.8282703e+14
      873.515   3.8122239e+14
      873.591   3.7909895e+14
      873.668   3.7642265e+14
      873.744   3.7423083e+14
      873.820   3.7371308e+14
      873.897   3.7215591e+14
      873.973   3.7175336e+14
      874.049   3.7177067e+14
      874.126   3.7113875e+14
      874.202   3.7128093e+14
      874.279   3.7259162e+14
      874.355   3.7245210e+14
      874.432   3.7152756e+14
      874.508   3.7119888e+14
      874.585   3.6995675e+14
      874.661   3.6960149e+14
      874.738   3.6953213e+14
      874.814   3.6954286e+14
      874.891   3.6923776e+14
      874.967   3.6884283e+14
      875.044   3.6617012e+14
      875.120   3.6416633e+14
      875.197   3.6270024e+14
      875.273   3.6182744e+14
      875.350   3.6171770e+14
      875.427   3.6266527e+14
      875.503   3.6242759e+14
      875.580   3.6155633e+14
      875.657   3.6190384e+14
      875.733   3.6267840e+14
      875.810   3.6381946e+14
      875.887   3.6552884e+14
      875.964   3.6794212e+14
      876.040   3.6844606e+14
      876.117   3.7043615e+14
      876.194   3.7300464e+14
      876.271   3.7536057e+14
      876.347   3.7755734e+14
      876.424   3.8022559e+14
      876.501   3.8058057e+14
      876.578   3.8035911e+14
      876.655   3.8035038e+14
      876.732   3.8011576e+14
      876.808   3.8017388e+14
      876.885   3.8054121e+14
      876.962   3.8047077e+14
      877.039   3.8043914e+14
      877.116   3.7968763e+14
      877.193   3.7839593e+14
      877.270   3.7612377e+14
      877.347   3.7445610e+14
      877.424   3.7286644e+14
      877.501   3.7218493e+14
      877.578   3.7149754e+14
      877.655   3.7229905e+14
      877.732   3.7251593e+14
      877.809   3.7390760e+14
      877.886   3.7560313e+14
      877.963   3.7760797e+14
      878.040   3.7908641e+14
      878.117   3.8065234e+14
      878.194   3.8071599e+14
      878.272   3.8033319e+14
      878.349   3.8003023e+14
      878.426   3.7962955e+14
      878.503   3.7948278e+14
      878.580   3.7958801e+14
      878.657   3.7979946e+14
      878.735   3.7971904e+14
      878.812   3.7944404e+14
      878.889   3.7753298e+14
      878.966   3.7632285e+14
      879.044   3.7519289e+14
      879.121   3.7350270e+14
      879.198   3.7027843e+14
      879.276   3.6880400e+14
      879.353   3.6628483e+14
      879.430   3.6512004e+14
      879.508   3.6484383e+14
      879.585   3.6630373e+14
      879.662   3.6695787e+14
      879.740   3.6966336e+14
      879.817   3.7172905e+14
      879.894   3.7369249e+14
      879.972   3.7554740e+14
      880.049   3.7826044e+14
      880.127   3.7930810e+14
      880.204   3.7932308e+14
      880.282   3.7835018e+14
      880.359   3.7710567e+14
      880.437   3.7387318e+14
      880.514   3.6615726e+14
      880.592   3.5888727e+14
      880.669   3.5245218e+14
      880.747   3.4629686e+14
      880.824   3.4215641e+14
      880.902   3.4277727e+14
      880.980   3.4223260e+14
      881.057   3.4566677e+14
      881.135   3.5131345e+14
      881.213   3.5740180e+14
      881.290   3.6275611e+14
      881.368   3.6926558e+14
      881.446   3.7207926e+14
      881.523   3.7248518e+14
      881.601   3.7219781e+14
      881.679   3.7219342e+14
      881.756   3.7189878e+14
      881.834   3.7180331e+14
      881.912   3.7264749e+14
      881.990   3.7340322e+14
      882.068   3.7460098e+14
      882.145   3.7557420e+14
      882.223   3.7465900e+14
      882.301   3.7042904e+14
      882.379   3.6729271e+14
      882.457   3.6413258e+14
      882.535   3.6130623e+14
      882.613   3.5986101e+14
      882.690   3.6057964e+14
      882.768   3.5973988e+14
      882.846   3.6151750e+14
      882.924   3.6438843e+14
      883.002   3.6754558e+14
      883.080   3.7120402e+14
      883.158   3.7515951e+14
      883.236   3.7606062e+14
      883.314   3.7592043e+14
      883.392   3.7580959e+14
      883.470   3.7562846e+14
      883.548   3.7553974e+14
      883.626   3.7485071e+14
      883.704   3.7204241e+14
      883.783   3.6992725e+14
      883.861   3.6800278e+14
      883.939   3.6605689e+14
      884.017   3.6492395e+14
      884.095   3.6546741e+14
      884.173   3.6451218e+14
      884.251   3.6558668e+14
      884.330   3.6732285e+14
      884.408   3.6903092e+14
      884.486   3.7056635e+14
      884.564   3.7242146e+14
      884.643   3.7256045e+14
      884.721   3.7224152e+14
      884.799   3.7186609e+14
      884.877   3.7198356e+14
      884.956   3.7218478e+14
      885.034   3.7228332e+14
      885.112   3.7280523e+14
      885.191   3.7335479e+14
      885.269   3.7395789e+14
      885.347   3.7474773e+14
      885.426   3.7522495e+14
      885.504   3.7507024e+14
      885.583   3.7478952e+14
      885.661   3.7432023e+14
      885.740   3.7364225e+14
      885.818   3.7224927e+14
      885.896   3.6902471e+14
      885.975   3.6595461e+14
      886.054   3.6226367e+14
      886.132   3.5766821e+14
      886.211   3.5365317e+14
      886.289   3.5140642e+14
      886.368   3.4849490e+14
      886.446   3.4742870e+14
      886.525   3.4607053e+14
      886.603   3.4563239e+14
      886.682   3.4613594e+14
      886.761   3.4831717e+14
      886.839   3.4996241e+14
      886.918   3.5315098e+14
      886.997   3.5518533e+14
      887.075   3.5838425e+14
      887.154   3.6095793e+14
      887.233   3.6368878e+14
      887.311   3.6650672e+14
      887.390   3.6965818e+14
      887.469   3.7015606e+14
      887.548   3.7026569e+14
      887.626   3.6964108e+14
      887.705   3.6831255e+14
      887.784   3.6736645e+14
      887.863   3.6724154e+14
      887.942   3.6680250e+14
      888.021   3.6699562e+14
      888.099   3.6789699e+14
      888.178   3.6812257e+14
      888.257   3.6862091e+14
      888.336   3.6959210e+14
      888.415   3.6997908e+14
      888.494   3.7020081e+14
      888.573   3.7070863e+14
      888.652   3.7088466e+14
      888.731   3.7097510e+14
      888.810   3.7123474e+14
      888.889   3.7117278e+14
      888.968   3.7117448e+14
      889.047   3.7094339e+14
      889.126   3.6987182e+14
      889.205   3.6888880e+14
      889.284   3.6823602e+14
      889.363   3.6747439e+14
      889.442   3.6714007e+14
      889.521   3.6769688e+14
      889.601   3.6767454e+14
      889.680   3.6841063e+14
      889.759   3.6916562e+14
      889.838   3.6980572e+14
      889.917   3.7035279e+14
      889.996   3.7123251e+14
      890.076   3.7125038e+14
      890.155   3.7141346e+14
      890.234   3.7124657e+14
      890.313   3.7138418e+14
      890.393   3.7165564e+14
      890.472   3.7200744e+14
      890.551   3.7224221e+14
      890.631   3.7260427e+14
      890.710   3.7253257e+14
      890.789   3.7211619e+14
      890.869   3.7182200e+14
      890.948   3.7134639e+14
      891.027   3.6976895e+14
      891.107   3.6844693e+14
      891.186   3.6745801e+14
      891.266   3.6629664e+14
      891.345   3.6566825e+14
      891.424   3.6612603e+14
      891.504   3.6594936e+14
      891.583   3.6665366e+14
      891.663   3.6779230e+14
      891.742   3.6837534e+14
      891.822   3.6787818e+14
      891.902   3.6813037e+14
      891.981   3.6752100e+14
      892.061   3.6648988e+14
      892.140   3.6528429e+14
      892.220   3.6423053e+14
      892.299   3.6224372e+14
      892.379   3.6104958e+14
      892.459   3.6028392e+14
      892.538   3.5934990e+14
      892.618   3.5845571e+14
      892.698   3.5791649e+14
      892.777   3.5633701e+14
      892.857   3.5518811e+14
      892.937   3.5494158e+14
      893.017   3.5531160e+14
      893.096   3.5621229e+14
      893.176   3.5802174e+14
      893.256   3.5899615e+14
      893.336   3.6073191e+14
      893.416   3.6295787e+14
      893.495   3.6502636e+14
      893.575   3.6661380e+14
      893.655   3.6822192e+14
      893.735   3.6876119e+14
      893.815   3.6924956e+14
      893.895   3.6957301e+14
      893.975   3.6954608e+14
      894.055   3.6910042e+14
      894.134   3.6710202e+14
      894.214   3.6558225e+14
      894.294   3.6387286e+14
      894.374   3.6060855e+14
      894.454   3.5750639e+14
      894.534   3.5584702e+14
      894.614   3.5309507e+14
      894.694   3.5204273e+14
      894.774   3.5224123e+14
      894.855   3.5194351e+14
      894.935   3.5306676e+14
      895.015   3.5567594e+14
      895.095   3.5739688e+14
      895.175   3.5962553e+14
      895.255   3.6237029e+14
      895.335   3.6421711e+14
      895.415   3.6567868e+14
      895.496   3.6675309e+14
      895.576   3.6767456e+14
      895.656   3.6880011e+14
      895.736   3.6953578e+14
      895.817   3.6967062e+14
      895.897   3.6968336e+14
      895.977   3.6961146e+14
      896.057   3.6956320e+14
      896.138   3.6953740e+14
      896.218   3.6952809e+14
      896.298   3.6933127e+14
      896.379   3.6901992e+14
      896.459   3.6803672e+14
      896.539   3.6621932e+14
      896.620   3.6401356e+14
      896.700   3.6199917e+14
      896.781   3.6018820e+14
      896.861   3.5899277e+14
      896.941   3.5850580e+14
      897.022   3.5852134e+14
      897.102   3.5919624e+14
      897.183   3.6071756e+14
      897.263   3.6253326e+14
      897.344   3.6382451e+14
      897.424   3.6466834e+14
      897.505   3.6472075e+14
      897.586   3.6389107e+14
      897.666   3.6260536e+14
      897.747   3.6172862e+14
      897.827   3.6104978e+14
      897.908   3.6082865e+14
      897.989   3.6121615e+14
      898.069   3.6222333e+14
      898.150   3.6353963e+14
      898.230   3.6493902e+14
      898.311   3.6563114e+14
      898.392   3.6593009e+14
      898.473   3.6584754e+14
      898.553   3.6559967e+14
      898.634   3.6543883e+14
      898.715   3.6541350e+14
      898.796   3.6484754e+14
      898.876   3.6486659e+14
      898.957   3.6479089e+14
      899.038   3.6460545e+14
      899.119   3.6475336e+14
      899.200   3.6515870e+14
      899.281   3.6470837e+14
      899.361   3.6449212e+14
      899.442   3.6425550e+14
      899.523   3.6384754e+14
      899.604   3.6372111e+14
      899.685   3.6333580e+14
      899.766   3.6007083e+14
      899.847   3.5723672e+14
      899.928   3.5500161e+14
      900.009   3.5247402e+14
      900.090   3.5072748e+14
      900.171   3.5165538e+14
      900.252   3.5122743e+14
      900.333   3.5243970e+14
      900.414   3.5496448e+14
      900.495   3.5707942e+14
      900.576   3.5922111e+14
      900.657   3.6122470e+14
      900.739   3.6075080e+14
      900.820   3.5791395e+14
      900.901   3.5476054e+14
      900.982   3.5139398e+14
      901.063   3.4753126e+14
      901.144   3.4355309e+14
      901.226   3.4046947e+14
      901.307   3.3732574e+14
      901.388   3.3488797e+14
      901.469   3.3455362e+14
      901.551   3.3332928e+14
      901.632   3.3409781e+14
      901.713   3.3566979e+14
      901.795   3.3717746e+14
      901.876   3.3916062e+14
      901.957   3.4270497e+14
      902.039   3.4384607e+14
      902.120   3.4623097e+14
      902.201   3.4866498e+14
      902.283   3.4940477e+14
      902.364   3.5078493e+14
      902.446   3.5293153e+14
      902.527   3.5347523e+14
      902.609   3.5458761e+14
      902.690   3.5677464e+14
      902.772   3.5784125e+14
      902.853   3.5938322e+14
      902.935   3.6071502e+14
      903.016   3.6129289e+14
      903.098   3.6161554e+14
      903.179   3.6233688e+14
      903.261   3.6253682e+14
      903.342   3.6291772e+14
      903.424   3.6278115e+14
      903.506   3.6311509e+14
      903.587   3.6344245e+14
      903.669   3.6363258e+14
      903.751   3.6398769e+14
      903.832   3.6465660e+14
      903.914   3.6473516e+14
      903.996   3.6481249e+14
      904.077   3.6508521e+14
      904.159   3.6533711e+14
      904.241   3.6565034e+14
      904.323   3.6606300e+14
      904.404   3.6631432e+14
      904.486   3.6637386e+14
      904.568   3.6643777e+14
      904.650   3.6643050e+14
      904.732   3.6629076e+14
      904.814   3.6612190e+14
      904.896   3.6590766e+14
      904.977   3.6522156e+14
      905.059   3.6476995e+14
      905.141   3.6436789e+14
      905.223   3.6401949e+14
      905.305   3.6379237e+14
      905.387   3.6401674e+14
      905.469   3.6396473e+14
      905.551   3.6438823e+14
      905.633   3.6473016e+14
      905.715   3.6491167e+14
      905.797   3.6509753e+14
      905.879   3.6498352e+14
      905.961   3.6258525e+14
      906.043   3.5908990e+14
      906.125   3.5536937e+14
      906.208   3.5207820e+14
      906.290   3.4955266e+14
      906.372   3.4872608e+14
      906.454   3.4838048e+14
      906.536   3.4930954e+14
      906.618   3.5127797e+14
      906.701   3.5419248e+14
      906.783   3.5741983e+14
      906.865   3.6084857e+14
      906.947   3.6349091e+14
      907.029   3.6468376e+14
      907.112   3.6455541e+14
      907.194   3.6366570e+14
      907.276   3.6326394e+14
      907.359   3.6251004e+14
      907.441   3.6215718e+14
      907.523   3.6193602e+14
      907.606   3.6176544e+14
      907.688   3.5958670e+14
      907.771   3.5741437e+14
      907.853   3.5481411e+14
      907.935   3.5263347e+14
      908.018   3.5108986e+14
      908.100   3.5127303e+14
      908.183   3.5112184e+14
      908.265   3.5186828e+14
      908.348   3.5337295e+14
      908.430   3.5563224e+14
      908.513   3.5782113e+14
      908.595   3.5986610e+14
      908.678   3.5731620e+14
      908.760   3.5294594e+14
      908.843   3.4871279e+14
      908.926   3.4462568e+14
      909.008   3.4109823e+14
      909.091   3.4122812e+14
      909.174   3.4072993e+14
      909.256   3.4130893e+14
      909.339   3.4220618e+14
      909.422   3.4421487e+14
      909.504   3.4668865e+14
      909.587   3.5037375e+14
      909.670   3.5149187e+14
      909.753   3.5157139e+14
      909.835   3.5023646e+14
      909.918   3.5034028e+14
      910.001   3.5117503e+14
      910.084   3.5249009e+14
      910.167   3.5393982e+14
      910.249   3.5614378e+14
      910.332   3.5715569e+14
      910.415   3.5688578e+14
      910.498   3.5700533e+14
      910.581   3.5788863e+14
      910.664   3.5785293e+14
      910.747   3.5758178e+14
      910.830   3.5804052e+14
      910.913   3.5756233e+14
      910.996   3.5557316e+14
      911.079   3.5404961e+14
      911.162   3.5253416e+14
      911.245   3.5124192e+14
      911.328   3.5075344e+14
      911.411   3.5137465e+14
      911.494   3.5090770e+14
      911.577   3.4983238e+14
      911.660   3.4991179e+14
      911.743   3.4823978e+14
      911.826   3.4754066e+14
      911.910   3.4821236e+14
      911.993   3.4889583e+14
      912.076   3.4776954e+14
      912.159   3.4945595e+14
      912.242   3.5019428e+14
      912.326   3.5260880e+14
      912.409   3.5557287e+14
      912.492   3.5863421e+14
      912.575   3.6043279e+14
      912.659   3.6249090e+14
      912.742   3.6288058e+14
      912.825   3.6268518e+14
      912.909   3.6251949e+14
      912.992   3.6239709e+14
      913.075   3.6230560e+14
      913.159   3.6213651e+14
      913.242   3.6209839e+14
      913.325   3.6211726e+14
      913.409   3.6226088e+14
      913.492   3.6212036e+14
      913.576   3.6197123e+14
      913.659   3.6185799e+14
      913.743   3.6173090e+14
      913.826   3.6128507e+14
      913.910   3.6075305e+14
      913.993   3.6011427e+14
      914.077   3.5955763e+14
      914.160   3.5895723e+14
      914.244   3.5847357e+14
      914.328   3.5811917e+14
      914.411   3.5753185e+14
      914.495   3.5664895e+14
      914.578   3.5536140e+14
      914.662   3.5371989e+14
      914.746   3.5211074e+14
      914.829   3.5094445e+14
      914.913   3.5014644e+14
      914.997   3.5022307e+14
      915.081   3.5119585e+14
      915.164   3.5285501e+14
      915.248   3.5476570e+14
      915.332   3.5656809e+14
      915.416   3.5775114e+14
      915.499   3.5835485e+14
      915.583   3.5843492e+14
      915.667   3.5818512e+14
      915.751   3.5786971e+14
      915.835   3.5788098e+14
      915.919   3.5808412e+14
      916.003   3.5842975e+14
      916.086   3.5875653e+14
      916.170   3.5901934e+14
      916.254   3.5840156e+14
      916.338   3.5755021e+14
      916.422   3.5659645e+14
      916.506   3.5565666e+14
      916.590   3.5464782e+14
      916.674   3.5423839e+14
      916.758   3.5393557e+14
      916.842   3.5409298e+14
      916.926   3.5429314e+14
      917.011   3.5438006e+14
      917.095   3.5432404e+14
      917.179   3.5341077e+14
      917.263   3.5184738e+14
      917.347   3.5046826e+14
      917.431   3.4938541e+14
      917.515   3.4858649e+14
      917.600   3.4889059e+14
      917.684   3.4939507e+14
      917.768   3.5046246e+14
      917.852   3.5177439e+14
      917.937   3.5306320e+14
      918.021   3.5411393e+14
      918.105   3.5507127e+14
      918.189   3.5518261e+14
      918.274   3.5521972e+14
      918.358   3.5547710e+14
      918.442   3.5581520e+14
      918.527   3.5613603e+14
      918.611   3.5670349e+14
      918.695   3.5695908e+14
      918.780   3.5697582e+14
      918.864   3.5693395e+14
      918.949   3.5696877e+14
      919.033   3.5676196e+14
      919.118   3.5646200e+14
      919.202   3.5608767e+14
      919.287   3.5594546e+14
      919.371   3.5585530e+14
      919.456   3.5591300e+14
      919.540   3.5598601e+14
      919.625   3.5619610e+14
      919.709   3.5618107e+14
      919.794   3.5560600e+14
      919.879   3.5477855e+14
      919.963   3.5411828e+14
      920.048   3.5325937e+14
      920.133   3.5204215e+14
      920.217   3.5119296e+14
      920.302   3.5063070e+14
      920.387   3.5050392e+14
      920.471   3.5062577e+14
      920.556   3.5094544e+14
      920.641   3.5115836e+14
      920.726   3.5149105e+14
      920.810   3.5053721e+14
      920.895   3.4917170e+14
      920.980   3.4771566e+14
      921.065   3.4589464e+14
      921.150   3.4296501e+14
      921.234   3.4080122e+14
      921.319   3.3898808e+14
      921.404   3.3838388e+14
      921.489   3.3873372e+14
      921.574   3.3953759e+14
      921.659   3.4031993e+14
      921.744   3.4197011e+14
      921.829   3.4292491e+14
      921.914   3.4374261e+14
      921.999   3.4496373e+14
      922.084   3.4639801e+14
      922.169   3.4763615e+14
      922.254   3.4869522e+14
      922.339   3.4896590e+14
      922.424   3.4902428e+14
      922.509   3.4848637e+14
      922.594   3.4608479e+14
      922.680   3.4204370e+14
      922.765   3.3742013e+14
      922.850   3.3283533e+14
      922.935   3.2874595e+14
      923.020   3.2561274e+14
      923.105   3.2406906e+14
      923.191   3.2465806e+14
      923.276   3.2695943e+14
      923.361   3.3039824e+14
      923.446   3.3465997e+14
      923.532   3.3894642e+14
      923.617   3.4179488e+14
      923.702   3.4334691e+14
      923.788   3.4387635e+14
      923.873   3.4383882e+14
      923.958   3.4367396e+14
      924.044   3.4387949e+14
      924.129   3.4447568e+14
      924.214   3.4576486e+14
      924.300   3.4701717e+14
      924.385   3.4815607e+14
      924.471   3.4852200e+14
      924.556   3.4818530e+14
      924.642   3.4733609e+14
      924.727   3.4623862e+14
      924.813   3.4539035e+14
      924.898   3.4554093e+14
      924.984   3.4626949e+14
      925.069   3.4746544e+14
      925.155   3.4872400e+14
      925.241   3.4976105e+14
      925.326   3.5043104e+14
      925.412   3.4884031e+14
      925.497   3.4594713e+14
      925.583   3.4314210e+14
      925.669   3.3967907e+14
      925.755   3.3565784e+14
      925.840   3.3325489e+14
      925.926   3.3212482e+14
      926.012   3.3281648e+14
      926.097   3.3413471e+14
      926.183   3.3600110e+14
      926.269   3.3893491e+14
      926.355   3.4212620e+14
      926.441   3.4360775e+14
      926.526   3.4525905e+14
      926.612   3.4721887e+14
      926.698   3.4874813e+14
      926.784   3.4963767e+14
      926.870   3.5051353e+14
      926.956   3.5136099e+14
      927.042   3.5236821e+14
      927.128   3.5286053e+14
      927.214   3.5303464e+14
      927.300   3.5325320e+14
      927.386   3.5369921e+14
      927.472   3.5397209e+14
      927.558   3.5431873e+14
      927.644   3.5464668e+14
      927.730   3.5479737e+14
      927.816   3.5457211e+14
      927.902   3.5421187e+14
      927.988   3.5369537e+14
      928.074   3.5327307e+14
      928.160   3.5296930e+14
      928.247   3.5297943e+14
      928.333   3.5328298e+14
      928.419   3.5365959e+14
      928.505   3.5380653e+14
      928.591   3.5389312e+14
      928.678   3.5368949e+14
      928.764   3.5273400e+14
      928.850   3.5108425e+14
      928.936   3.4941016e+14
      929.023   3.4793349e+14
      929.109   3.4685455e+14
      929.195   3.4637506e+14
      929.282   3.4630455e+14
      929.368   3.4682799e+14
      929.454   3.4759496e+14
      929.541   3.4802683e+14
      929.627   3.4829419e+14
      929.714   3.4875434e+14
      929.800   3.4879304e+14
      929.887   3.4885015e+14
      929.973   3.4899876e+14
      930.060   3.4955233e+14
      930.146   3.5051924e+14
      930.233   3.5163799e+14
      930.319   3.5222427e+14
      930.406   3.5289010e+14
      930.492   3.5315283e+14
      930.579   3.5311917e+14
      930.665   3.5282703e+14
      930.752   3.5258646e+14
      930.839   3.5223407e+14
      930.925   3.5201291e+14
      931.012   3.5153864e+14
      931.099   3.5131511e+14
      931.185   3.5140247e+14
      931.272   3.5145100e+14
      931.359   3.5140214e+14
      931.446   3.5174211e+14
      931.532   3.5194257e+14
      931.619   3.5137252e+14
      931.706   3.5047966e+14
      931.793   3.4968706e+14
      931.880   3.4900270e+14
      931.966   3.4830063e+14
      932.053   3.4783512e+14
      932.140   3.4811270e+14
      932.227   3.4897822e+14
      932.314   3.4959853e+14
      932.401   3.5023363e+14
      932.488   3.5103076e+14
      932.575   3.5127596e+14
      932.662   3.5097437e+14
      932.749   3.5074737e+14
      932.836   3.5083229e+14
      932.923   3.5127638e+14
      933.010   3.5195293e+14
      933.097   3.5264411e+14
      933.184   3.5306963e+14
      933.271   3.5291234e+14
      933.358   3.5246254e+14
      933.445   3.5191088e+14
      933.532   3.5117124e+14
      933.620   3.5048759e+14
      933.707   3.5015224e+14
      933.794   3.5038288e+14
      933.881   3.5088393e+14
      933.968   3.5157227e+14
      934.056   3.5248443e+14
      934.143   3.5315695e+14
      934.230   3.5322446e+14
      934.317   3.5287151e+14
      934.405   3.5206304e+14
      934.492   3.5116613e+14
      934.579   3.5047151e+14
      934.667   3.4991395e+14
      934.754   3.4951164e+14
      934.842   3.4861781e+14
      934.929   3.4770499e+14
      935.016   3.4720684e+14
      935.104   3.4664903e+14
      935.191   3.4601847e+14
      935.279   3.4590064e+14
      935.366   3.4620787e+14
      935.454   3.4677655e+14
      935.541   3.4728576e+14
      935.629   3.4773951e+14
      935.716   3.4798858e+14
      935.804   3.4737326e+14
      935.891   3.4612125e+14
      935.979   3.4501213e+14
      936.067   3.4374564e+14
      936.154   3.4282702e+14
      936.242   3.4276841e+14
      936.330   3.4327547e+14
      936.417   3.4418968e+14
      936.505   3.4552324e+14
      936.593   3.4723526e+14
      936.680   3.4894476e+14
      936.768   3.5005021e+14
      936.856   3.5062817e+14
      936.944   3.5113040e+14
      937.031   3.5125383e+14
      937.119   3.5029426e+14
      937.207   3.4920059e+14
      937.295   3.4829666e+14
      937.383   3.4740110e+14
      937.471   3.4679786e+14
      937.559   3.4678523e+14
      937.646   3.4728023e+14
      937.734   3.4831098e+14
      937.822   3.4924676e+14
      937.910   3.4988223e+14
      937.998   3.5049558e+14
      938.086   3.5073274e+14
      938.174   3.5015688e+14
      938.262   3.4941392e+14
      938.350   3.4885679e+14
      938.438   3.4873089e+14
      938.526   3.4874848e+14
      938.615   3.4853759e+14
      938.703   3.4845488e+14
      938.791   3.4846258e+14
      938.879   3.4801222e+14
      938.967   3.4739709e+14
      939.055   3.4693498e+14
      939.143   3.4646820e+14
      939.232   3.4600671e+14
      939.320   3.4560250e+14
      939.408   3.4542484e+14
      939.496   3.4559029e+14
      939.585   3.4580860e+14
      939.673   3.4619460e+14
      939.761   3.4699781e+14
      939.850   3.4774003e+14
      939.938   3.4778141e+14
      940.026   3.4753320e+14
      940.115   3.4719975e+14
      940.203   3.4655391e+14
      940.291   3.4521699e+14
      940.380   3.4288253e+14
      940.468   3.4050792e+14
      940.557   3.3856568e+14
      940.645   3.3661896e+14
      940.734   3.3508402e+14
      940.822   3.3468630e+14
      940.911   3.3523747e+14
      940.999   3.3643477e+14
      941.088   3.3762288e+14
      941.176   3.3698878e+14
      941.265   3.3451322e+14
      941.354   3.3043444e+14
      941.442   3.2527543e+14
      941.531   3.2042692e+14
      941.620   3.1718313e+14
      941.708   3.1709590e+14
      941.797   3.2053512e+14
      941.886   3.2548224e+14
      941.974   3.3073675e+14
      942.063   3.3634748e+14
      942.152   3.4131665e+14
      942.241   3.4395403e+14
      942.329   3.4472780e+14
      942.418   3.4487587e+14
      942.507   3.4548287e+14
      942.596   3.4635267e+14
      942.685   3.4709210e+14
      942.774   3.4768586e+14
      942.862   3.4820762e+14
      942.951   3.4819566e+14
      943.040   3.4710721e+14
      943.129   3.4533265e+14
      943.218   3.4361624e+14
      943.307   3.4208659e+14
      943.396   3.4089789e+14
      943.485   3.4007138e+14
      943.574   3.3941725e+14
      943.663   3.3856646e+14
      943.752   3.3755133e+14
      943.841   3.3650031e+14
      943.930   3.3568974e+14
      944.020   3.3533979e+14
      944.109   3.3578682e+14
      944.198   3.3675382e+14
      944.287   3.3807653e+14
      944.376   3.3956167e+14
      944.465   3.4081801e+14
      944.555   3.4113642e+14
      944.644   3.4066097e+14
      944.733   3.3987506e+14
      944.822   3.3949416e+14
      944.912   3.3959167e+14
      945.001   3.4018354e+14
      945.090   3.4142241e+14
      945.180   3.4278694e+14
      945.269   3.4328622e+14
      945.358   3.4335367e+14
      945.448   3.4339541e+14
      945.537   3.4316992e+14
      945.627   3.4284392e+14
      945.716   3.4275831e+14
      945.805   3.4306839e+14
      945.895   3.4407441e+14
      945.984   3.4525600e+14
      946.074   3.4582718e+14
      946.163   3.4566201e+14
      946.253   3.4504239e+14
      946.342   3.4404570e+14
      946.432   3.4277473e+14
      946.522   3.4162076e+14
      946.611   3.4137223e+14
      946.701   3.4206400e+14
      946.790   3.4292109e+14
      946.880   3.4379597e+14
      946.970   3.4494523e+14
      947.059   3.4609755e+14
      947.149   3.4652616e+14
      947.239   3.4618082e+14
      947.328   3.4582045e+14
      947.418   3.4573940e+14
      947.508   3.4554960e+14
      947.598   3.4524773e+14
      947.688   3.4516280e+14
      947.777   3.4529704e+14
      947.867   3.4544712e+14
      947.957   3.4544798e+14
      948.047   3.4549019e+14
      948.137   3.4586077e+14
      948.227   3.4622263e+14
      948.317   3.4622822e+14
      948.407   3.4604449e+14
      948.497   3.4592864e+14
      948.587   3.4578112e+14
      948.677   3.4533870e+14
      948.767   3.4485285e+14
      948.857   3.4476272e+14
      948.947   3.4501211e+14
      949.037   3.4538812e+14
      949.127   3.4592316e+14
      949.217   3.4656637e+14
      949.307   3.4694263e+14
      949.397   3.4679017e+14
      949.487   3.4632919e+14
      949.577   3.4574536e+14
      949.668   3.4509047e+14
      949.758   3.4470050e+14
      949.848   3.4474561e+14
      949.938   3.4501916e+14
      950.029   3.4520462e+14
      950.119   3.4532958e+14
      950.209   3.4530706e+14
      950.299   3.4456586e+14
      950.390   3.4329004e+14
      950.480   3.4217983e+14
      950.570   3.4132604e+14
      950.661   3.4064508e+14
      950.751   3.4042298e+14
      950.841   3.4067748e+14
      950.932   3.4117456e+14
      951.022   3.4166387e+14
      951.113   3.4192145e+14
      951.203   3.4214311e+14
      951.294   3.4232385e+14
      951.384   3.4247273e+14
      951.475   3.4274598e+14
      951.565   3.4309715e+14
      951.656   3.4347428e+14
      951.746   3.4390796e+14
      951.837   3.4387545e+14
      951.928   3.4331450e+14
      952.018   3.4290760e+14
      952.109   3.4262539e+14
      952.200   3.4242098e+14
      952.290   3.4259511e+14
      952.381   3.4323429e+14
      952.472   3.4386647e+14
      952.562   3.4417031e+14
      952.653   3.4416873e+14
      952.744   3.4361982e+14
      952.835   3.4242244e+14
      952.925   3.4105832e+14
      953.016   3.4011923e+14
      953.107   3.3964756e+14
      953.198   3.3962988e+14
      953.289   3.3993675e+14
      953.380   3.4031268e+14
      953.471   3.4038736e+14
      953.562   3.4000533e+14
      953.653   3.3957350e+14
      953.743   3.3903683e+14
      953.834   3.3847428e+14
      953.925   3.3822914e+14
      954.016   3.3824233e+14
      954.107   3.3817650e+14
      954.198   3.3763249e+14
      954.290   3.3598738e+14
      954.381   3.3258895e+14
      954.472   3.2761971e+14
      954.563   3.2210055e+14
      954.654   3.1692191e+14
      954.745   3.1290217e+14
      954.836   3.1089848e+14
      954.927   3.1137132e+14
      955.019   3.1399774e+14
      955.110   3.1787757e+14
      955.201   3.2235281e+14
      955.292   3.2694097e+14
      955.384   3.3083433e+14
      955.475   3.3336085e+14
      955.566   3.3505308e+14
      955.657   3.3649531e+14
      955.749   3.3773005e+14
      955.840   3.3873990e+14
      955.932   3.3941297e+14
      956.023   3.3998044e+14
      956.114   3.4043791e+14
      956.206   3.4051910e+14
      956.297   3.4039159e+14
      956.389   3.4048034e+14
      956.480   3.4074691e+14
      956.572   3.4096866e+14
      956.663   3.4113621e+14
      956.755   3.4090239e+14
      956.846   3.4012605e+14
      956.938   3.3892566e+14
      957.029   3.3737418e+14
      957.121   3.3574768e+14
      957.213   3.3422698e+14
      957.304   3.3322276e+14
      957.396   3.3312371e+14
      957.488   3.3365511e+14
      957.579   3.3466440e+14
      957.671   3.3607689e+14
      957.763   3.3766786e+14
      957.854   3.3903504e+14
      957.946   3.4012385e+14
      958.038   3.4098108e+14
      958.130   3.4179885e+14
      958.222   3.4243342e+14
      958.313   3.4269935e+14
      958.405   3.4266427e+14
      958.497   3.4249759e+14
      958.589   3.4234481e+14
      958.681   3.4205917e+14
      958.773   3.4173510e+14
      958.865   3.4145273e+14
      958.957   3.4132250e+14
      959.049   3.4135986e+14
      959.141   3.4151766e+14
      959.233   3.4172702e+14
      959.325   3.4204986e+14
      959.417   3.4221073e+14
      959.509   3.4206139e+14
      959.601   3.4176514e+14
      959.693   3.4136248e+14
      959.785   3.4061601e+14
      959.877   3.3967102e+14
      959.969   3.3893981e+14
      960.061   3.3826169e+14
      960.154   3.3729832e+14
      960.246   3.3630054e+14
      960.338   3.3569504e+14
      960.430   3.3513708e+14
      960.523   3.3430229e+14
      960.615   3.3366292e+14
      960.707   3.3365439e+14
      960.799   3.3390123e+14
      960.892   3.3442615e+14
      960.984   3.3557650e+14
      961.076   3.3724586e+14
      961.169   3.3901157e+14
      961.261   3.4064145e+14
      961.354   3.4190748e+14
      961.446   3.4283964e+14
      961.538   3.4324875e+14
      961.631   3.4307363e+14
      961.723   3.4260326e+14
      961.816   3.4192457e+14
      961.908   3.4064492e+14
      962.001   3.3889056e+14
      962.094   3.3745030e+14
      962.186   3.3608013e+14
      962.279   3.3475664e+14
      962.371   3.3374963e+14
      962.464   3.3316150e+14
      962.557   3.3257959e+14
      962.649   3.3232206e+14
      962.742   3.3243660e+14
      962.835   3.3310010e+14
      962.927   3.3392597e+14
      963.020   3.3532158e+14
      963.113   3.3692614e+14
      963.206   3.3772509e+14
      963.298   3.3784684e+14
      963.391   3.3805021e+14
      963.484   3.3736197e+14
      963.577   3.3561493e+14
      963.670   3.3368789e+14
      963.763   3.3260661e+14
      963.855   3.3215227e+14
      963.948   3.3192116e+14
      964.041   3.3218050e+14
      964.134   3.3339733e+14
      964.227   3.3493492e+14
      964.320   3.3617592e+14
      964.413   3.3723893e+14
      964.506   3.3798530e+14
      964.599   3.3826983e+14
      964.692   3.3800973e+14
      964.785   3.3722097e+14
      964.878   3.3640661e+14
      964.972   3.3604131e+14
      965.065   3.3598980e+14
      965.158   3.3557611e+14
      965.251   3.3507656e+14
      965.344   3.3492075e+14
      965.437   3.3466900e+14
      965.531   3.3375603e+14
      965.624   3.3209415e+14
      965.717   3.3037029e+14
      965.810   3.2880236e+14
      965.904   3.2733856e+14
      965.997   3.2628737e+14
      966.090   3.2633476e+14
      966.184   3.2773426e+14
      966.277   3.2973381e+14
      966.370   3.3183198e+14
      966.464   3.3412787e+14
      966.557   3.3653781e+14
      966.651   3.3794056e+14
      966.744   3.3833583e+14
      966.837   3.3827783e+14
      966.931   3.3810111e+14
      967.024   3.3781881e+14
      967.118   3.3736676e+14
      967.212   3.3678269e+14
      967.305   3.3580708e+14
      967.399   3.3449459e+14
      967.492   3.3315839e+14
      967.586   3.3206540e+14
      967.680   3.3125353e+14
      967.773   3.3095926e+14
      967.867   3.3141424e+14
      967.961   3.3243956e+14
      968.054   3.3377171e+14
      968.148   3.3507862e+14
      968.242   3.3642106e+14
      968.335   3.3743758e+14
      968.429   3.3788795e+14
      968.523   3.3795538e+14
      968.617   3.3784163e+14
      968.711   3.3724208e+14
      968.805   3.3624804e+14
      968.898   3.3532935e+14
      968.992   3.3434509e+14
      969.086   3.3346418e+14
      969.180   3.3288254e+14
      969.274   3.3314008e+14
      969.368   3.3381510e+14
      969.462   3.3461484e+14
      969.556   3.3543600e+14
      969.650   3.3643902e+14
      969.744   3.3720372e+14
      969.838   3.3756448e+14
      969.932   3.3776829e+14
      970.026   3.3764013e+14
      970.120   3.3735663e+14
      970.214   3.3695568e+14
      970.309   3.3630997e+14
      970.403   3.3503983e+14
      970.497   3.3355385e+14
      970.591   3.3261457e+14
      970.685   3.3185994e+14
      970.780   3.3113416e+14
      970.874   3.3101855e+14
      970.968   3.3191421e+14
      971.062   3.3297598e+14
      971.157   3.3400938e+14
      971.251   3.3512418e+14
      971.345   3.3617680e+14
      971.440   3.3660882e+14
      971.534   3.3657216e+14
      971.628   3.3642356e+14
      971.723   3.3607312e+14
      971.817   3.3577782e+14
      971.912   3.3574653e+14
      972.006   3.3580338e+14
      972.101   3.3575670e+14
      972.195   3.3579262e+14
      972.290   3.3602983e+14
      972.384   3.3624113e+14
      972.479   3.3624707e+14
      972.573   3.3602167e+14
      972.668   3.3556257e+14
      972.763   3.3481028e+14
      972.857   3.3395445e+14
      972.952   3.3307993e+14
      973.047   3.3245957e+14
      973.141   3.3228483e+14
      973.236   3.3252693e+14
      973.331   3.3275532e+14
      973.426   3.3321158e+14
      973.520   3.3347701e+14
      973.615   3.3271683e+14
      973.710   3.3063053e+14
      973.805   3.2883198e+14
      973.899   3.2719673e+14
      973.994   3.2584337e+14
      974.089   3.2523997e+14
      974.184   3.2616152e+14
      974.279   3.2734041e+14
      974.374   3.2871203e+14
      974.469   3.2977567e+14
      974.564   3.3035307e+14
      974.659   3.3010770e+14
      974.754   3.2989319e+14
      974.849   3.2960269e+14
      974.944   3.2948453e+14
      975.039   3.3028677e+14
      975.134   3.3203611e+14
      975.229   3.3346231e+14
      975.324   3.3450128e+14
      975.419   3.3560271e+14
      975.515   3.3634200e+14
      975.610   3.3631368e+14
      975.705   3.3590033e+14
      975.800   3.3547620e+14
      975.895   3.3503909e+14
      975.991   3.3472802e+14
      976.086   3.3424477e+14
      976.181   3.3308162e+14
      976.276   3.3142906e+14
      976.372   3.2993800e+14
      976.467   3.2844849e+14
      976.563   3.2716907e+14
      976.658   3.2658081e+14
      976.753   3.2706498e+14
      976.849   3.2784000e+14
      976.944   3.2856974e+14
      977.040   3.2943240e+14
      977.135   3.3031465e+14
      977.231   3.3088704e+14
      977.326   3.3122867e+14
      977.422   3.3193147e+14
      977.517   3.3290235e+14
      977.613   3.3408833e+14
      977.708   3.3507163e+14
      977.804   3.3575863e+14
      977.899   3.3588067e+14
      977.995   3.3551126e+14
      978.091   3.3476669e+14
      978.186   3.3342957e+14
      978.282   3.3184386e+14
      978.378   3.3043473e+14
      978.474   3.2914237e+14
      978.569   3.2725380e+14
      978.665   3.2548700e+14
      978.761   3.2450944e+14
      978.857   3.2403803e+14
      978.953   3.2365257e+14
      979.048   3.2417268e+14
      979.144   3.2588730e+14
      979.240   3.2786432e+14
      979.336   3.2961341e+14
      979.432   3.3132974e+14
      979.528   3.3286125e+14
      979.624   3.3356571e+14
      979.720   3.3347601e+14
      979.816   3.3266227e+14
      979.912   3.3123869e+14
      980.008   3.3007431e+14
      980.104   3.2907868e+14
      980.200   3.2827299e+14
      980.296   3.2780130e+14
      980.392   3.2855150e+14
      980.488   3.2963663e+14
      980.584   3.3078286e+14
      980.681   3.3182752e+14
      980.777   3.3302864e+14
      980.873   3.3354767e+14
      980.969   3.3353980e+14
      981.065   3.3330175e+14
      981.162   3.3312355e+14
      981.258   3.3295148e+14
      981.354   3.3289726e+14
      981.451   3.3283255e+14
      981.547   3.3295063e+14
      981.643   3.3304885e+14
      981.740   3.3320619e+14
      981.836   3.3330186e+14
      981.932   3.3325019e+14
      982.029   3.3287214e+14
      982.125   3.3259828e+14
      982.222   3.3228406e+14
      982.318   3.3181728e+14
      982.415   3.3132566e+14
      982.511   3.3124692e+14
      982.608   3.3112485e+14
      982.704   3.3091849e+14
      982.801   3.3090012e+14
      982.898   3.3116423e+14
      982.994   3.3129603e+14
      983.091   3.3119102e+14
      983.188   3.3087778e+14
      983.284   3.3012446e+14
      983.381   3.2939818e+14
      983.478   3.2866870e+14
      983.574   3.2814816e+14
      983.671   3.2786294e+14
      983.768   3.2838808e+14
      983.865   3.2927713e+14
      983.961   3.3024780e+14
      984.058   3.3072835e+14
      984.155   3.3075599e+14
      984.252   3.3059645e+14
      984.349   3.3014958e+14
      984.446   3.2954406e+14
      984.543   3.2920319e+14
      984.640   3.2971684e+14
      984.737   3.3037452e+14
      984.834   3.3076487e+14
      984.931   3.3107645e+14
      985.028   3.3143557e+14
      985.125   3.3141452e+14
      985.222   3.3101405e+14
      985.319   3.3061648e+14
      985.416   3.3043966e+14
      985.513   3.3041374e+14
      985.610   3.3045893e+14
      985.707   3.3051280e+14
      985.804   3.3071946e+14
      985.902   3.3076329e+14
      985.999   3.3016362e+14
      986.096   3.2890842e+14
      986.193   3.2789037e+14
      986.291   3.2692546e+14
      986.388   3.2592702e+14
      986.485   3.2548241e+14
      986.582   3.2625624e+14
      986.680   3.2729027e+14
      986.777   3.2838063e+14
      986.875   3.2957701e+14
      986.972   3.3063737e+14
      987.069   3.3037426e+14
      987.167   3.2919264e+14
      987.264   3.2809380e+14
      987.362   3.2695688e+14
      987.459   3.2597227e+14
      987.557   3.2563428e+14
      987.654   3.2653743e+14
      987.752   3.2775685e+14
      987.849   3.2903179e+14
      987.947   3.3007039e+14
      988.045   3.3089125e+14
      988.142   3.3101332e+14
      988.240   3.3058551e+14
      988.338   3.3001572e+14
      988.435   3.2963512e+14
      988.533   3.2967744e+14
      988.631   3.2957783e+14
      988.729   3.2874215e+14
      988.826   3.2699995e+14
      988.924   3.2490686e+14
      989.022   3.2263356e+14
      989.120   3.2057574e+14
      989.218   3.1931098e+14
      989.315   3.1973434e+14
      989.413   3.2150530e+14
      989.511   3.2391870e+14
      989.609   3.2624461e+14
      989.707   3.2784806e+14
      989.805   3.2785785e+14
      989.903   3.2708713e+14
      990.001   3.2565373e+14
      990.099   3.2410417e+14
      990.197   3.2296190e+14
      990.295   3.2346641e+14
      990.393   3.2433115e+14
      990.491   3.2531602e+14
      990.589   3.2652515e+14
      990.688   3.2803799e+14
      990.786   3.2876741e+14
      990.884   3.2895254e+14
      990.982   3.2917571e+14
      991.080   3.2877544e+14
      991.179   3.2756891e+14
      991.277   3.2650441e+14
      991.375   3.2547726e+14
      991.473   3.2431719e+14
      991.572   3.2345755e+14
      991.670   3.2413673e+14
      991.768   3.2529106e+14
      991.867   3.2662548e+14
      991.965   3.2804150e+14
      992.063   3.2952069e+14
      992.162   3.3006666e+14
      992.260   3.2988061e+14
      992.359   3.2941008e+14
      992.457   3.2884071e+14
      992.556   3.2832274e+14
      992.654   3.2803066e+14
      992.753   3.2799855e+14
      992.852   3.2814513e+14
      992.950   3.2807985e+14
      993.049   3.2782962e+14
      993.147   3.2761495e+14
      993.246   3.2722781e+14
      993.345   3.2667217e+14
      993.443   3.2642457e+14
      993.542   3.2672089e+14
      993.641   3.2710299e+14
      993.739   3.2756410e+14
      993.838   3.2823640e+14
      993.937   3.2875224e+14
      994.036   3.2886067e+14
      994.135   3.2875160e+14
      994.233   3.2849478e+14
      994.332   3.2805555e+14
      994.431   3.2771834e+14
      994.530   3.2758814e+14
      994.629   3.2746444e+14
      994.728   3.2733544e+14
      994.827   3.2735273e+14
      994.926   3.2729419e+14
      995.025   3.2696137e+14
      995.124   3.2659424e+14
      995.223   3.2633831e+14
      995.322   3.2616033e+14
      995.421   3.2599719e+14
      995.520   3.2613113e+14
      995.619   3.2640100e+14
      995.718   3.2672832e+14
      995.818   3.2689388e+14
      995.917   3.2701700e+14
      996.016   3.2689897e+14
      996.115   3.2682520e+14
      996.214   3.2670051e+14
      996.314   3.2660166e+14
      996.413   3.2656285e+14
      996.512   3.2678209e+14
      996.612   3.2692316e+14
      996.711   3.2703758e+14
      996.810   3.2710148e+14
      996.910   3.2724483e+14
      997.009   3.2723646e+14
      997.108   3.2723584e+14
      997.208   3.2719207e+14
      997.307   3.2723799e+14
      997.407   3.2725439e+14
      997.506   3.2719268e+14
      997.606   3.2701928e+14
      997.705   3.2685956e+14
      997.805   3.2674407e+14
      997.904   3.2655222e+14
      998.004   3.2653644e+14
      998.104   3.2648457e+14
      998.203   3.2646051e+14
      998.303   3.2642972e+14
      998.403   3.2636863e+14
      998.502   3.2594580e+14
      998.602   3.2564797e+14
      998.702   3.2551290e+14
      998.801   3.2538182e+14
      998.901   3.2524443e+14
      999.001   3.2556984e+14
      999.101   3.2579626e+14
      999.201   3.2555814e+14
      999.300   3.2538686e+14
      999.400   3.2528856e+14
      999.500   3.2484028e+14
      999.600   3.2410796e+14
      999.700   3.2408780e+14
      999.800   3.2413850e+14
      999.900   3.2410733e+14
      1000.00   3.2406642e+14
      1000.10   3.2457564e+14
      1000.20   3.2482904e+14
      1000.30   3.2490448e+14
      1000.40   3.2510997e+14
      1000.50   3.2563539e+14
      1000.60   3.2598596e+14
      1000.70   3.2615409e+14
      1000.80   3.2628085e+14
      1000.90   3.2634769e+14
      1001.00   3.2622225e+14
      1001.10   3.2602313e+14
      1001.20   3.2594793e+14
      1001.30   3.2598729e+14
      1001.40   3.2608277e+14
      1001.50   3.2625461e+14
      1001.60   3.2645510e+14
      1001.70   3.2657310e+14
      1001.80   3.2651634e+14
      1001.90   3.2636645e+14
      1002.00   3.2610705e+14
      1002.10   3.2588991e+14
      1002.20   3.2567268e+14
      1002.30   3.2539537e+14
      1002.41   3.2489273e+14
      1002.51   3.2452489e+14
      1002.61   3.2416077e+14
      1002.71   3.2371303e+14
      1002.81   3.2324485e+14
      1002.91   3.2304844e+14
      1003.01   3.2266444e+14
      1003.11   3.2229718e+14
      1003.21   3.2206964e+14
      1003.31   3.2190863e+14
      1003.41   3.2130987e+14
      1003.51   3.2065090e+14
      1003.61   3.2027429e+14
      1003.71   3.1984983e+14
      1003.81   3.1937274e+14
      1003.91   3.1910817e+14
      1004.02   3.1937155e+14
      1004.12   3.1945309e+14
      1004.22   3.1937658e+14
      1004.32   3.1914866e+14
      1004.42   3.1874948e+14
      1004.52   3.1749287e+14
      1004.62   3.1502040e+14
      1004.72   3.1099116e+14
      1004.82   3.0572257e+14
      1004.92   3.0058565e+14
      1005.03   2.9597698e+14
      1005.13   2.9251125e+14
      1005.23   2.9139992e+14
      1005.33   2.9351115e+14
      1005.43   2.9730529e+14
      1005.53   3.0171956e+14
      1005.63   3.0601279e+14
      1005.73   3.0980165e+14
      1005.83   3.1224602e+14
      1005.93   3.1353653e+14
      1006.04   3.1422155e+14
      1006.14   3.1521663e+14
      1006.24   3.1656561e+14
      1006.34   3.1783323e+14
      1006.44   3.1896538e+14
      1006.54   3.2007773e+14
      1006.64   3.2075403e+14
      1006.74   3.2089971e+14
      1006.85   3.2103507e+14
      1006.95   3.2112175e+14
      1007.05   3.2122613e+14
      1007.15   3.2148856e+14
      1007.25   3.2208650e+14
      1007.35   3.2256316e+14
      1007.45   3.2302578e+14
      1007.56   3.2341973e+14
      1007.66   3.2377268e+14
      1007.76   3.2374109e+14
      1007.86   3.2350087e+14
      1007.96   3.2310263e+14
      1008.07   3.2274919e+14
      1008.17   3.2233723e+14
      1008.27   3.2189918e+14
      1008.37   3.2143374e+14
      1008.47   3.2115738e+14
      1008.57   3.2097661e+14
      1008.67   3.2093984e+14
      1008.78   3.2109226e+14
      1008.88   3.2147670e+14
      1008.98   3.2191274e+14
      1009.08   3.2225675e+14
      1009.18   3.2253992e+14
      1009.28   3.2270942e+14
      1009.39   3.2280045e+14
      1009.49   3.2275934e+14
      1009.59   3.2269463e+14
      1009.69   3.2257783e+14
      1009.80   3.2264349e+14
      1009.90   3.2269219e+14
      1010.00   3.2271960e+14
      1010.10   3.2274069e+14
      1010.20   3.2281218e+14
      1010.30   3.2254923e+14
      1010.41   3.2195990e+14
      1010.51   3.2151913e+14
      1010.61   3.2108191e+14
      1010.71   3.2063594e+14
      1010.82   3.2044934e+14
      1010.92   3.2090194e+14
      1011.02   3.2131356e+14
      1011.12   3.2165174e+14
      1011.22   3.2179510e+14
      1011.33   3.2188077e+14
      1011.43   3.2162237e+14
      1011.53   3.2132292e+14
      1011.63   3.2108562e+14
      1011.74   3.2122472e+14
      1011.84   3.2152141e+14
      1011.94   3.2177558e+14
      1012.04   3.2193568e+14
      1012.15   3.2178793e+14
      1012.25   3.2091616e+14
      1012.35   3.2000835e+14
      1012.45   3.1926700e+14
      1012.56   3.1853720e+14
      1012.66   3.1794236e+14
      1012.76   3.1847283e+14
      1012.86   3.1923870e+14
      1012.97   3.1986045e+14
      1013.07   3.2053094e+14
      1013.17   3.2148735e+14
      1013.27   3.2186800e+14
      1013.38   3.2182599e+14
      1013.48   3.2178452e+14
      1013.58   3.2167414e+14
      1013.68   3.2151330e+14
      1013.79   3.2134438e+14
      1013.89   3.2127919e+14
      1013.99   3.2112002e+14
      1014.10   3.2093270e+14
      1014.20   3.2062383e+14
      1014.30   3.1986937e+14
      1014.41   3.1810858e+14
      1014.51   3.1668092e+14
      1014.61   3.1550349e+14
      1014.71   3.1453866e+14
      1014.82   3.1369387e+14
      1014.92   3.1480161e+14
      1015.02   3.1619701e+14
      1015.12   3.1737403e+14
      1015.23   3.1816941e+14
      1015.33   3.1922473e+14
      1015.43   3.1913065e+14
      1015.54   3.1828749e+14
      1015.64   3.1758505e+14
      1015.74   3.1734195e+14
      1015.85   3.1731085e+14
      1015.95   3.1753259e+14
      1016.05   3.1818475e+14
      1016.16   3.1838019e+14
      1016.26   3.1743646e+14
      1016.36   3.1655513e+14
      1016.47   3.1550534e+14
      1016.57   3.1397137e+14
      1016.67   3.1263859e+14
      1016.78   3.1324989e+14
      1016.88   3.1419830e+14
      1016.98   3.1521214e+14
      1017.09   3.1666710e+14
      1017.19   3.1839462e+14
      1017.29   3.1919824e+14
      1017.40   3.1947180e+14
      1017.50   3.1971859e+14
      1017.60   3.1984933e+14
      1017.71   3.1997076e+14
      1017.81   3.1998004e+14
      1017.91   3.2000013e+14
      1018.02   3.1995603e+14
      1018.12   3.1930069e+14
      1018.23   3.1736990e+14
      1018.33   3.1550807e+14
      1018.43   3.1372659e+14
      1018.54   3.1173132e+14
      1018.64   3.1007963e+14
      1018.74   3.1046831e+14
      1018.85   3.1168368e+14
      1018.95   3.1263944e+14
      1019.06   3.1324946e+14
      1019.16   3.1373062e+14
      1019.26   3.1356001e+14
      1019.37   3.1230910e+14
      1019.47   3.1096944e+14
      1019.58   3.1060134e+14
      1019.68   3.1148309e+14
      1019.78   3.1231650e+14
      1019.89   3.1368418e+14
      1019.99   3.1537293e+14
      1020.10   3.1649951e+14
      1020.20   3.1651007e+14
      1020.30   3.1662398e+14
      1020.41   3.1651814e+14
      1020.51   3.1622347e+14
      1020.62   3.1613193e+14
      1020.72   3.1634371e+14
      1020.83   3.1653993e+14
      1020.93   3.1662825e+14
      1021.03   3.1673010e+14
      1021.14   3.1682549e+14
      1021.24   3.1702947e+14
      1021.35   3.1661848e+14
      1021.45   3.1521664e+14
      1021.55   3.1374240e+14
      1021.66   3.1206723e+14
      1021.76   3.1018592e+14
      1021.87   3.0852850e+14
      1021.97   3.0861466e+14
      1022.08   3.0951154e+14
      1022.18   3.1125791e+14
      1022.29   3.1338455e+14
      1022.39   3.1565814e+14
      1022.49   3.1712676e+14
      1022.60   3.1795473e+14
      1022.70   3.1818992e+14
      1022.81   3.1800792e+14
      1022.91   3.1783412e+14
      1023.02   3.1790353e+14
      1023.12   3.1798238e+14
      1023.23   3.1796989e+14
      1023.33   3.1801177e+14
      1023.44   3.1812315e+14
      1023.54   3.1800244e+14
      1023.65   3.1765652e+14
      1023.75   3.1735519e+14
      1023.86   3.1720130e+14
      1023.96   3.1694407e+14
      1024.07   3.1673861e+14
      1024.17   3.1680260e+14
      1024.28   3.1699823e+14
      1024.38   3.1682881e+14
      1024.48   3.1683942e+14
      1024.59   3.1691727e+14
      1024.69   3.1684573e+14
      1024.80   3.1654667e+14
      1024.91   3.1671480e+14
      1025.01   3.1679805e+14
      1025.11   3.1679599e+14
      1025.22   3.1690097e+14
      1025.33   3.1718787e+14
      1025.43   3.1725491e+14
      1025.54   3.1728316e+14
      1025.64   3.1738682e+14
      1025.75   3.1747424e+14
      1025.85   3.1754406e+14
      1025.96   3.1754596e+14
      1026.06   3.1742233e+14
      1026.17   3.1720144e+14
      1026.27   3.1691479e+14
      1026.38   3.1647228e+14
      1026.48   3.1607664e+14
      1026.59   3.1585402e+14
      1026.69   3.1575541e+14
      1026.80   3.1569609e+14
      1026.91   3.1589996e+14
      1027.01   3.1619903e+14
      1027.12   3.1638439e+14
      1027.22   3.1636812e+14
      1027.33   3.1645673e+14
      1027.43   3.1647709e+14
      1027.54   3.1642773e+14
      1027.64   3.1640000e+14
      1027.75   3.1662774e+14
      1027.85   3.1686083e+14
      1027.96   3.1703601e+14
      1028.07   3.1715879e+14
      1028.17   3.1723658e+14
      1028.28   3.1721110e+14
      1028.38   3.1712918e+14
      1028.49   3.1701667e+14
      1028.59   3.1655067e+14
      1028.70   3.1523708e+14
      1028.81   3.1374955e+14
      1028.91   3.1241876e+14
      1029.02   3.1110378e+14
      1029.12   3.0987523e+14
      1029.23   3.1010693e+14
      1029.34   3.1127514e+14
      1029.44   3.1251662e+14
      1029.55   3.1375880e+14
      1029.65   3.1521491e+14
      1029.76   3.1596083e+14
      1029.87   3.1591650e+14
      1029.97   3.1539885e+14
      1030.08   3.1477535e+14
      1030.18   3.1426969e+14
      1030.29   3.1402528e+14
      1030.40   3.1374369e+14
      1030.50   3.1367501e+14
      1030.61   3.1384149e+14
      1030.71   3.1410425e+14
      1030.82   3.1425569e+14
      1030.93   3.1451626e+14
      1031.03   3.1456207e+14
      1031.14   3.1429878e+14
      1031.25   3.1406373e+14
      1031.35   3.1385547e+14
      1031.46   3.1353883e+14
      1031.57   3.1324821e+14
      1031.67   3.1352065e+14
      1031.78   3.1381529e+14
      1031.89   3.1406785e+14
      1031.99   3.1426341e+14
      1032.10   3.1470251e+14
      1032.20   3.1481636e+14
      1032.31   3.1472344e+14
      1032.42   3.1442608e+14
      1032.52   3.1375645e+14
      1032.63   3.1217461e+14
      1032.74   3.1063117e+14
      1032.84   3.0849736e+14
      1032.95   3.0654955e+14
      1033.06   3.0484027e+14
      1033.17   3.0493457e+14
      1033.27   3.0520524e+14
      1033.38   3.0671596e+14
      1033.48   3.0850428e+14
      1033.59   3.1074013e+14
      1033.70   3.1213567e+14
      1033.81   3.1307838e+14
      1033.91   3.1276325e+14
      1034.02   3.1231946e+14
      1034.13   3.1124591e+14
      1034.23   3.0902486e+14
      1034.34   3.0714053e+14
      1034.45   3.0647041e+14
      1034.55   3.0569343e+14
      1034.66   3.0467566e+14
      1034.77   3.0585997e+14
      1034.88   3.0740563e+14
      1034.98   3.0840443e+14
      1035.09   3.0921416e+14
      1035.20   3.1082336e+14
      1035.30   3.1148248e+14
      1035.41   3.1168473e+14
      1035.52   3.1180121e+14
      1035.63   3.1202386e+14
      1035.73   3.1232476e+14
      1035.84   3.1256315e+14
      1035.95   3.1279524e+14
      1036.06   3.1308472e+14
      1036.16   3.1338121e+14
      1036.27   3.1329843e+14
      1036.38   3.1302092e+14
      1036.48   3.1272577e+14
      1036.59   3.1238333e+14
      1036.70   3.1207706e+14
      1036.81   3.1187696e+14
      1036.91   3.1098128e+14
      1037.02   3.0900166e+14
      1037.13   3.0746545e+14
      1037.24   3.0608273e+14
      1037.34   3.0453399e+14
      1037.45   3.0358027e+14
      1037.56   3.0484850e+14
      1037.67   3.0576139e+14
      1037.78   3.0640734e+14
      1037.88   3.0743665e+14
      1037.99   3.0861164e+14
      1038.10   3.0851315e+14
      1038.21   3.0861726e+14
      1038.31   3.0941709e+14
      1038.42   3.1020754e+14
      1038.53   3.1102849e+14
      1038.64   3.1189609e+14
      1038.74   3.1235850e+14
      1038.85   3.1224382e+14
      1038.96   3.1182106e+14
      1039.07   3.1138304e+14
      1039.18   3.1100772e+14
      1039.29   3.1057501e+14
      1039.39   3.0930047e+14
      1039.50   3.0823043e+14
      1039.61   3.0738868e+14
      1039.72   3.0653802e+14
      1039.82   3.0562116e+14
      1039.93   3.0616032e+14
      1040.04   3.0722231e+14
      1040.15   3.0819896e+14
      1040.26   3.0924735e+14
      1040.37   3.1039953e+14
      1040.47   3.1078315e+14
      1040.58   3.1037117e+14
      1040.69   3.0998355e+14
      1040.80   3.0958430e+14
      1040.91   3.0941788e+14
      1041.02   3.0947312e+14
      1041.12   3.1007878e+14
      1041.23   3.1062366e+14
      1041.34   3.1110531e+14
      1041.45   3.1138823e+14
      1041.56   3.1157496e+14
      1041.67   3.1145403e+14
      1041.78   3.1121842e+14
      1041.88   3.1101200e+14
      1041.99   3.1092181e+14
      1042.10   3.1062481e+14
      1042.21   3.0986951e+14
      1042.32   3.0918923e+14
      1042.43   3.0818072e+14
      1042.54   3.0665273e+14
      1042.64   3.0552394e+14
      1042.75   3.0544086e+14
      1042.86   3.0539912e+14
      1042.97   3.0577807e+14
      1043.08   3.0717202e+14
      1043.19   3.0859387e+14
      1043.30   3.0931989e+14
      1043.41   3.0971906e+14
      1043.52   3.1009718e+14
      1043.62   3.0999946e+14
      1043.73   3.0972167e+14
      1043.84   3.0946310e+14
      1043.95   3.0961633e+14
      1044.06   3.0980777e+14
      1044.17   3.1001442e+14
      1044.28   3.1025980e+14
      1044.39   3.1057335e+14
      1044.49   3.1066136e+14
      1044.60   3.1046974e+14
      1044.71   3.0980810e+14
      1044.82   3.0921675e+14
      1044.93   3.0868882e+14
      1045.04   3.0810825e+14
      1045.15   3.0754629e+14
      1045.26   3.0752018e+14
      1045.37   3.0656509e+14
      1045.48   3.0541440e+14
      1045.59   3.0437344e+14
      1045.70   3.0320382e+14
      1045.81   3.0069422e+14
      1045.92   2.9968695e+14
      1046.03   2.9972859e+14
      1046.14   3.0001219e+14
      1046.24   3.0042146e+14
      1046.35   3.0275455e+14
      1046.46   3.0511646e+14
      1046.57   3.0671950e+14
      1046.68   3.0769610e+14
      1046.79   3.0778604e+14
      1046.90   3.0737166e+14
      1047.01   3.0637593e+14
      1047.12   3.0515763e+14
      1047.23   3.0392782e+14
      1047.34   3.0467480e+14
      1047.45   3.0572595e+14
      1047.56   3.0674787e+14
      1047.67   3.0782497e+14
      1047.78   3.0926906e+14
      1047.89   3.0979085e+14
      1048.00   3.0976686e+14
      1048.11   3.0958742e+14
      1048.22   3.0949113e+14
      1048.33   3.0932129e+14
      1048.44   3.0880386e+14
      1048.55   3.0844534e+14
      1048.66   3.0830816e+14
      1048.77   3.0811222e+14
      1048.88   3.0785525e+14
      1048.99   3.0825806e+14
      1049.10   3.0864941e+14
      1049.21   3.0884842e+14
      1049.32   3.0889064e+14
      1049.43   3.0867794e+14
      1049.54   3.0827043e+14
      1049.65   3.0777120e+14
      1049.76   3.0734623e+14
      1049.87   3.0685883e+14
      1049.98   3.0690685e+14
      1050.09   3.0691878e+14
      1050.20   3.0703669e+14
      1050.31   3.0712070e+14
      1050.42   3.0724144e+14
      1050.53   3.0737590e+14
      1050.64   3.0760787e+14
      1050.75   3.0776988e+14
      1050.86   3.0774279e+14
      1050.97   3.0789791e+14
      1051.08   3.0795140e+14
      1051.19   3.0783776e+14
      1051.30   3.0764934e+14
      1051.41   3.0774842e+14
      1051.53   3.0770643e+14
      1051.64   3.0714769e+14
      1051.75   3.0680979e+14
      1051.86   3.0654233e+14
      1051.97   3.0603382e+14
      1052.08   3.0554405e+14
      1052.19   3.0606639e+14
      1052.30   3.0649027e+14
      1052.41   3.0685912e+14
      1052.52   3.0748372e+14
      1052.63   3.0819716e+14
      1052.74   3.0818419e+14
      1052.85   3.0778540e+14
      1052.96   3.0727045e+14
      1053.07   3.0590729e+14
      1053.19   3.0474816e+14
      1053.30   3.0371452e+14
      1053.41   3.0295375e+14
      1053.52   3.0223556e+14
      1053.63   3.0307070e+14
      1053.74   3.0396319e+14
      1053.85   3.0482333e+14
      1053.96   3.0574543e+14
      1054.07   3.0685870e+14
      1054.19   3.0715714e+14
      1054.30   3.0714051e+14
      1054.41   3.0713874e+14
      1054.52   3.0708617e+14
      1054.63   3.0705884e+14
      1054.74   3.0703752e+14
      1054.85   3.0700878e+14
      1054.96   3.0711050e+14
      1055.07   3.0730542e+14
      1055.19   3.0739344e+14
      1055.30   3.0742634e+14
      1055.41   3.0752369e+14
      1055.52   3.0760331e+14
      1055.63   3.0746038e+14
      1055.74   3.0731291e+14
      1055.85   3.0717363e+14
      1055.97   3.0698979e+14
      1056.08   3.0681967e+14
      1056.19   3.0681082e+14
      1056.30   3.0681294e+14
      1056.41   3.0674395e+14
      1056.52   3.0683920e+14
      1056.64   3.0692188e+14
      1056.75   3.0692506e+14
      1056.86   3.0692439e+14
      1056.97   3.0706669e+14
      1057.08   3.0706526e+14
      1057.19   3.0707431e+14
      1057.31   3.0708712e+14
      1057.42   3.0696708e+14
      1057.53   3.0660000e+14
      1057.64   3.0638175e+14
      1057.75   3.0614097e+14
      1057.86   3.0578723e+14
      1057.98   3.0520681e+14
      1058.09   3.0466867e+14
      1058.20   3.0345782e+14
      1058.31   3.0005318e+14
      1058.43   2.9668053e+14
      1058.54   2.9410267e+14
      1058.65   2.9194704e+14
      1058.76   2.8980122e+14
      1058.87   2.9167878e+14
      1058.98   2.9498645e+14
      1059.10   2.9809116e+14
      1059.21   3.0097160e+14
      1059.32   3.0446346e+14
      1059.43   3.0611048e+14
      1059.55   3.0634252e+14
      1059.66   3.0637394e+14
      1059.77   3.0647215e+14
      1059.88   3.0648629e+14
      1060.00   3.0631845e+14
      1060.11   3.0533261e+14
      1060.22   3.0262384e+14
      1060.33   2.9990178e+14
      1060.44   2.9744850e+14
      1060.56   2.9495387e+14
      1060.67   2.9308400e+14
      1060.78   2.9448849e+14
      1060.90   2.9671557e+14
      1061.01   2.9856596e+14
      1061.12   3.0079534e+14
      1061.23   3.0332997e+14
      1061.35   3.0418980e+14
      1061.46   3.0373765e+14
      1061.57   3.0372363e+14
      1061.68   3.0378491e+14
      1061.80   3.0379615e+14
      1061.91   3.0382209e+14
      1062.02   3.0444000e+14
      1062.14   3.0494900e+14
      1062.25   3.0526468e+14
      1062.36   3.0555250e+14
      1062.47   3.0539576e+14
      1062.59   3.0359559e+14
      1062.70   3.0203465e+14
      1062.81   3.0056706e+14
      1062.93   2.9894359e+14
      1063.04   2.9727189e+14
      1063.15   2.9828851e+14
      1063.26   2.9947314e+14
      1063.38   3.0059710e+14
      1063.49   3.0188588e+14
      1063.60   3.0372291e+14
      1063.72   3.0453780e+14
      1063.83   3.0478112e+14
      1063.94   3.0494247e+14
      1064.06   3.0516387e+14
      1064.17   3.0542614e+14
      1064.28   3.0545651e+14
      1064.40   3.0546593e+14
      1064.51   3.0548895e+14
      1064.62   3.0537854e+14
      1064.74   3.0526206e+14
      1064.85   3.0510947e+14
      1064.96   3.0495617e+14
      1065.08   3.0475325e+14
      1065.19   3.0473277e+14
      1065.30   3.0471338e+14
      1065.42   3.0475257e+14
      1065.53   3.0475622e+14
      1065.64   3.0470378e+14
      1065.76   3.0418245e+14
      1065.87   3.0248075e+14
      1065.98   2.9948765e+14
      1066.10   2.9710243e+14
      1066.21   2.9488962e+14
      1066.32   2.9282410e+14
      1066.44   2.9204831e+14
      1066.55   2.9416803e+14
      1066.67   2.9631598e+14
      1066.78   2.9846601e+14
      1066.89   3.0075703e+14
      1067.01   3.0273383e+14
      1067.12   3.0336421e+14
      1067.24   3.0345966e+14
      1067.35   3.0344829e+14
      1067.46   3.0346792e+14
      1067.58   3.0380326e+14
      1067.69   3.0395069e+14
      1067.81   3.0399270e+14
      1067.92   3.0392025e+14
      1068.03   3.0326894e+14
      1068.15   3.0098052e+14
      1068.26   2.9867984e+14
      1068.38   2.9529078e+14
      1068.49   2.9232130e+14
      1068.60   2.8959716e+14
      1068.72   2.8936687e+14
      1068.83   2.8735922e+14
      1068.95   2.8635997e+14
      1069.06   2.8600734e+14
      1069.18   2.8575437e+14
      1069.29   2.8276509e+14
      1069.40   2.8254775e+14
      1069.52   2.8470309e+14
      1069.63   2.8657701e+14
      1069.75   2.8851385e+14
      1069.86   2.9350111e+14
      1069.98   2.9778161e+14
      1070.09   2.9987646e+14
      1070.20   3.0133342e+14
      1070.32   3.0302267e+14
      1070.44   3.0308607e+14
      1070.55   3.0163457e+14
      1070.66   3.0050322e+14
      1070.78   2.9956681e+14
      1070.89   2.9858561e+14
      1071.01   2.9747905e+14
      1071.12   2.9861316e+14
      1071.24   2.9977085e+14
      1071.35   3.0072826e+14
      1071.47   3.0155543e+14
      1071.58   3.0225660e+14
      1071.70   3.0207459e+14
      1071.81   3.0147677e+14
      1071.93   3.0090367e+14
      1072.04   3.0033613e+14
      1072.16   3.0096377e+14
      1072.27   3.0143168e+14
      1072.39   3.0149819e+14
      1072.50   3.0081595e+14
      1072.62   2.9899623e+14
      1072.73   2.9620587e+14
      1072.85   2.9298154e+14
      1072.96   2.9035276e+14
      1073.08   2.8834312e+14
      1073.19   2.8891216e+14
      1073.31   2.9074837e+14
      1073.42   2.9366520e+14
      1073.54   2.9654803e+14
      1073.65   2.9973567e+14
      1073.77   3.0175036e+14
      1073.88   3.0272743e+14
      1074.00   3.0276309e+14
      1074.11   3.0262142e+14
      1074.23   3.0217151e+14
      1074.34   3.0106897e+14
      1074.46   3.0003888e+14
      1074.58   2.9940595e+14
      1074.69   2.9803992e+14
      1074.81   2.9494350e+14
      1074.92   2.9350516e+14
      1075.04   2.9239245e+14
      1075.15   2.9019544e+14
      1075.27   2.8829464e+14
      1075.39   2.9038090e+14
      1075.50   2.9193097e+14
      1075.62   2.9303720e+14
      1075.73   2.9555480e+14
      1075.85   2.9908217e+14
      1075.96   3.0057990e+14
      1076.08   3.0151520e+14
      1076.19   3.0264764e+14
      1076.31   3.0316875e+14
      1076.43   3.0273051e+14
      1076.54   3.0207241e+14
      1076.66   3.0122853e+14
      1076.77   3.0035889e+14
      1076.89   2.9948045e+14
      1077.01   2.9928141e+14
      1077.12   2.9931501e+14
      1077.24   2.9984786e+14
      1077.35   3.0050758e+14
      1077.47   3.0133609e+14
      1077.59   3.0192871e+14
      1077.70   3.0239012e+14
      1077.82   3.0250140e+14
      1077.94   3.0229785e+14
      1078.05   3.0172275e+14
      1078.17   3.0030757e+14
      1078.28   2.9843384e+14
      1078.40   2.9620240e+14
      1078.52   2.9233405e+14
      1078.63   2.8938318e+14
      1078.75   2.8795775e+14
      1078.86   2.8764236e+14
      1078.98   2.8735307e+14
      1079.10   2.9085805e+14
      1079.21   2.9434634e+14
      1079.33   2.9706522e+14
      1079.45   2.9888543e+14
      1079.56   3.0114406e+14
      1079.68   3.0127626e+14
      1079.80   3.0079127e+14
      1079.91   3.0023617e+14
      1080.03   3.0010881e+14
      1080.15   2.9977306e+14
      1080.26   2.9978586e+14
      1080.38   2.9991553e+14
      1080.50   3.0019028e+14
      1080.61   3.0015928e+14
      1080.73   2.9996387e+14
      1080.85   2.9872091e+14
      1080.96   2.9509534e+14
      1081.08   2.9212246e+14
      1081.20   2.8932905e+14
      1081.31   2.8694216e+14
      1081.43   2.8494951e+14
      1081.55   2.8742413e+14
      1081.67   2.8954025e+14
      1081.78   2.9162433e+14
      1081.90   2.9242835e+14
      1082.02   2.9361406e+14
      1082.13   2.9274609e+14
      1082.25   2.9200863e+14
      1082.37   2.9031255e+14
      1082.48   2.8857459e+14
      1082.60   2.8670179e+14
      1082.72   2.8531222e+14
      1082.84   2.8320541e+14
      1082.95   2.8139550e+14
      1083.07   2.8230434e+14
      1083.19   2.8510910e+14
      1083.31   2.8734819e+14
      1083.42   2.9039851e+14
      1083.54   2.9424928e+14
      1083.66   2.9651637e+14
      1083.78   2.9686620e+14
      1083.89   2.9779391e+14
      1084.01   2.9829635e+14
      1084.13   2.9822659e+14
      1084.25   2.9712703e+14
      1084.36   2.9683579e+14
      1084.48   2.9604942e+14
      1084.60   2.9500040e+14
      1084.72   2.9399102e+14
      1084.83   2.9530970e+14
      1084.95   2.9632406e+14
      1085.07   2.9728807e+14
      1085.19   2.9842340e+14
      1085.31   2.9988723e+14
      1085.42   3.0021538e+14
      1085.54   3.0030909e+14
      1085.66   3.0034511e+14
      1085.78   3.0030530e+14
      1085.89   3.0025352e+14
      1086.01   2.9984643e+14
      1086.13   2.9844763e+14
      1086.25   2.9726063e+14
      1086.37   2.9621077e+14
      1086.48   2.9499495e+14
      1086.60   2.9299898e+14
      1086.72   2.8981044e+14
      1086.84   2.8606875e+14
      1086.96   2.8283683e+14
      1087.07   2.7957844e+14
      1087.19   2.7655185e+14
      1087.31   2.7781263e+14
      1087.43   2.8165638e+14
      1087.55   2.8545457e+14
      1087.67   2.8968977e+14
      1087.78   2.9483198e+14
      1087.90   2.9779387e+14
      1088.02   2.9806175e+14
      1088.14   2.9706040e+14
      1088.26   2.9521873e+14
      1088.38   2.9231853e+14
      1088.49   2.8973280e+14
      1088.61   2.8770623e+14
      1088.73   2.8678060e+14
      1088.85   2.8667081e+14
      1088.97   2.8864733e+14
      1089.09   2.9085664e+14
      1089.21   2.9289882e+14
      1089.32   2.9418267e+14
      1089.44   2.9461811e+14
      1089.56   2.9458147e+14
      1089.68   2.9413124e+14
      1089.80   2.9371549e+14
      1089.92   2.9370564e+14
      1090.04   2.9505527e+14
      1090.16   2.9606849e+14
      1090.28   2.9694392e+14
      1090.39   2.9753899e+14
      1090.51   2.9820880e+14
      1090.63   2.9820586e+14
      1090.75   2.9784793e+14
      1090.87   2.9741812e+14
      1090.99   2.9758209e+14
      1091.11   2.9755518e+14
      1091.23   2.9682972e+14
      1091.35   2.9530108e+14
      1091.46   2.9429925e+14
      1091.58   2.9302189e+14
      1091.70   2.9144709e+14
      1091.82   2.9050448e+14
      1091.94   2.9163387e+14
      1092.06   2.9257129e+14
      1092.18   2.9337531e+14
      1092.30   2.9449562e+14
      1092.42   2.9520548e+14
      1092.54   2.9467850e+14
      1092.66   2.9365665e+14
      1092.78   2.9250302e+14
      1092.90   2.9104836e+14
      1093.02   2.9000648e+14
      1093.14   2.8883595e+14
      1093.26   2.8746646e+14
      1093.37   2.8571144e+14
      1093.49   2.8279844e+14
      1093.61   2.7783089e+14
      1093.73   2.7249060e+14
      1093.85   2.6756753e+14
      1093.97   2.6328088e+14
      1094.09   2.6083794e+14
      1094.21   2.6240362e+14
      1094.33   2.6617393e+14
      1094.45   2.7094408e+14
      1094.57   2.7618087e+14
      1094.69   2.8128635e+14
      1094.81   2.8478685e+14
      1094.93   2.8681024e+14
      1095.05   2.8742820e+14
      1095.17   2.8707803e+14
      1095.29   2.8707133e+14
      1095.41   2.8667471e+14
      1095.53   2.8469095e+14
      1095.65   2.8374320e+14
      1095.77   2.8445984e+14
      1095.89   2.8476286e+14
      1096.01   2.8439509e+14
      1096.13   2.8665433e+14
      1096.25   2.8793973e+14
      1096.37   2.8648324e+14
      1096.49   2.8497588e+14
      1096.61   2.8437195e+14
      1096.73   2.8254144e+14
      1096.85   2.8045099e+14
      1096.97   2.8173932e+14
      1097.09   2.8343316e+14
      1097.21   2.8504481e+14
      1097.33   2.8675915e+14
      1097.45   2.8952859e+14
      1097.57   2.9014773e+14
      1097.69   2.8880316e+14
      1097.81   2.8707009e+14
      1097.94   2.8530887e+14
      1098.06   2.8196327e+14
      1098.18   2.7871115e+14
      1098.30   2.7710193e+14
      1098.42   2.7722831e+14
      1098.54   2.7712843e+14
      1098.66   2.7947623e+14
      1098.78   2.8214671e+14
      1098.90   2.8517237e+14
      1099.02   2.8709840e+14
      1099.14   2.8956821e+14
      1099.26   2.9064456e+14
      1099.38   2.9134249e+14
      1099.51   2.9166635e+14
      1099.63   2.9156583e+14
      1099.75   2.9114739e+14
      1099.87   2.9078704e+14
      1099.99   2.9068250e+14
      1100.11   2.9033366e+14
      1100.23   2.9050048e+14
      1100.35   2.9031054e+14
      1100.47   2.9015644e+14
      1100.59   2.9002654e+14
      1100.72   2.9036430e+14
      1100.84   2.9007629e+14
      1100.96   2.9033728e+14
      1101.08   2.9025388e+14
      1101.20   2.8958246e+14
      1101.32   2.8849001e+14
      1101.44   2.8748979e+14
      1101.56   2.8455399e+14
      1101.69   2.8181834e+14
      1101.81   2.8038751e+14
      1101.93   2.7915352e+14
      1102.05   2.7760590e+14
      1102.17   2.7898203e+14
      1102.29   2.8142453e+14
      1102.41   2.8359339e+14
      1102.54   2.8581161e+14
      1102.66   2.8825808e+14
      1102.78   2.8943219e+14
      1102.90   2.8990348e+14
      1103.02   2.8982945e+14
      1103.14   2.8936058e+14
      1103.27   2.8914818e+14
      1103.39   2.8962567e+14
      1103.51   2.8980655e+14
      1103.63   2.8958732e+14
      1103.75   2.8950077e+14
      1103.88   2.8971133e+14
      1104.00   2.8909482e+14
      1104.12   2.8849500e+14
      1104.24   2.8855077e+14
      1104.36   2.8857835e+14
      1104.48   2.8830033e+14
      1104.61   2.8801542e+14
      1104.73   2.8781030e+14
      1104.85   2.8758171e+14
      1104.97   2.8782580e+14
      1105.09   2.8810642e+14
      1105.22   2.8892164e+14
      1105.34   2.8963636e+14
      1105.46   2.8996459e+14
      1105.58   2.8972972e+14
      1105.70   2.8918493e+14
      1105.83   2.8840108e+14
      1105.95   2.8782040e+14
      1106.07   2.8772748e+14
      1106.19   2.8775272e+14
      1106.32   2.8827056e+14
      1106.44   2.8863246e+14
      1106.56   2.8880899e+14
      1106.68   2.8816595e+14
      1106.81   2.8785085e+14
      1106.93   2.8744459e+14
      1107.05   2.8698734e+14
      1107.18   2.8645875e+14
      1107.30   2.8674408e+14
      1107.42   2.8723424e+14
      1107.54   2.8761166e+14
      1107.67   2.8793573e+14
      1107.79   2.8809529e+14
      1107.91   2.8841016e+14
      1108.03   2.8818824e+14
      1108.16   2.8771061e+14
      1108.28   2.8747954e+14
      1108.40   2.8770698e+14
      1108.53   2.8770642e+14
      1108.65   2.8784866e+14
      1108.77   2.8834889e+14
      1108.89   2.8809913e+14
      1109.02   2.8788987e+14
      1109.14   2.8757403e+14
      1109.26   2.8754255e+14
      1109.39   2.8715618e+14
      1109.51   2.8751996e+14
      1109.63   2.8791877e+14
      1109.76   2.8859742e+14
      1109.88   2.8858901e+14
      1110.00   2.8835802e+14
      1110.12   2.8857363e+14
      1110.25   2.8863105e+14
      1110.37   2.8804030e+14
      1110.49   2.8793492e+14
      1110.62   2.8841560e+14
      1110.74   2.8821719e+14
      1110.86   2.8755027e+14
      1110.99   2.8721098e+14
      1111.11   2.8666078e+14
      1111.23   2.8590873e+14
      1111.36   2.8547656e+14
      1111.48   2.8570504e+14
      1111.60   2.8590289e+14
      1111.73   2.8559206e+14
      1111.85   2.8517947e+14
      1111.98   2.8495077e+14
      1112.10   2.8399131e+14
      1112.22   2.8318627e+14
      1112.35   2.8320138e+14
      1112.47   2.8406509e+14
      1112.59   2.8467882e+14
      1112.72   2.8589282e+14
      1112.84   2.8586960e+14
      1112.97   2.8540192e+14
      1113.09   2.8450052e+14
      1113.21   2.8324322e+14
      1113.34   2.8154347e+14
      1113.46   2.8183667e+14
      1113.59   2.8298680e+14
      1113.71   2.8417156e+14
      1113.83   2.8566394e+14
      1113.96   2.8770213e+14
      1114.08   2.8895223e+14
      1114.21   2.8931230e+14
      1114.33   2.8883648e+14
      1114.45   2.8811202e+14
      1114.58   2.8732722e+14
      1114.70   2.8599854e+14
      1114.83   2.8504638e+14
      1114.95   2.8475530e+14
      1115.08   2.8498288e+14
      1115.20   2.8476756e+14
      1115.32   2.8534698e+14
      1115.45   2.8566468e+14
      1115.57   2.8517943e+14
      1115.70   2.8425366e+14
      1115.82   2.8360578e+14
      1115.95   2.8301702e+14
      1116.07   2.8256066e+14
      1116.20   2.8337153e+14
      1116.32   2.8463039e+14
      1116.44   2.8633959e+14
      1116.57   2.8743964e+14
      1116.69   2.8864086e+14
      1116.82   2.8899576e+14
      1116.94   2.8857888e+14
      1117.07   2.8768615e+14
      1117.19   2.8705522e+14
      1117.32   2.8628742e+14
      1117.44   2.8577146e+14
      1117.57   2.8604326e+14
      1117.69   2.8607497e+14
      1117.82   2.8627669e+14
      1117.94   2.8659872e+14
      1118.07   2.8690653e+14
      1118.19   2.8677068e+14
      1118.32   2.8651450e+14
      1118.44   2.8561081e+14
      1118.57   2.8379503e+14
      1118.69   2.8170411e+14
      1118.82   2.7953474e+14
      1118.94   2.7789894e+14
      1119.07   2.7722756e+14
      1119.19   2.7890930e+14
      1119.32   2.8107455e+14
      1119.44   2.8258409e+14
      1119.57   2.8359174e+14
      1119.69   2.8368184e+14
      1119.82   2.8224218e+14
      1119.95   2.8020538e+14
      1120.07   2.7969681e+14
      1120.20   2.7949412e+14
      1120.32   2.7986506e+14
      1120.45   2.8053671e+14
      1120.57   2.8180512e+14
      1120.70   2.8220586e+14
      1120.82   2.8267117e+14
      1120.95   2.8302246e+14
      1121.08   2.8319408e+14
      1121.20   2.8303478e+14
      1121.33   2.8324182e+14
      1121.45   2.8335912e+14
      1121.58   2.8357015e+14
      1121.70   2.8396376e+14
      1121.83   2.8473586e+14
      1121.96   2.8516179e+14
      1122.08   2.8542059e+14
      1122.21   2.8539719e+14
      1122.33   2.8532993e+14
      1122.46   2.8510236e+14
      1122.59   2.8485549e+14
      1122.71   2.8434977e+14
      1122.84   2.8406129e+14
      1122.96   2.8386285e+14
      1123.09   2.8361783e+14
      1123.22   2.8374767e+14
      1123.34   2.8453876e+14
      1123.47   2.8527055e+14
      1123.59   2.8574244e+14
      1123.72   2.8584009e+14
      1123.85   2.8551084e+14
      1123.97   2.8485738e+14
      1124.10   2.8408157e+14
      1124.23   2.8295440e+14
      1124.35   2.8211028e+14
      1124.48   2.8162418e+14
      1124.61   2.8131105e+14
      1124.73   2.8110867e+14
      1124.86   2.8117135e+14
      1124.99   2.8078484e+14
      1125.11   2.7900519e+14
      1125.24   2.7587333e+14
      1125.37   2.7232516e+14
      1125.49   2.6977392e+14
      1125.62   2.6844931e+14
      1125.75   2.6934572e+14
      1125.87   2.7210323e+14
      1126.00   2.7533482e+14
      1126.13   2.7777658e+14
      1126.25   2.7947502e+14
      1126.38   2.8038408e+14
      1126.51   2.8109216e+14
      1126.63   2.8191170e+14
      1126.76   2.8262112e+14
      1126.89   2.8319500e+14
      1127.02   2.8323781e+14
      1127.14   2.8260564e+14
      1127.27   2.8164232e+14
      1127.40   2.8072646e+14
      1127.52   2.7959531e+14
      1127.65   2.7853972e+14
      1127.78   2.7787172e+14
      1127.90   2.7766466e+14
      1128.03   2.7777415e+14
      1128.16   2.7877046e+14
      1128.29   2.8047503e+14
      1128.41   2.8189988e+14
      1128.54   2.8281326e+14
      1128.67   2.8323923e+14
      1128.80   2.8202430e+14
      1128.92   2.8002006e+14
      1129.05   2.7822728e+14
      1129.18   2.7650838e+14
      1129.31   2.7498461e+14
      1129.43   2.7518571e+14
      1129.56   2.7563324e+14
      1129.69   2.7543288e+14
      1129.82   2.7550976e+14
      1129.94   2.7597218e+14
      1130.07   2.7606811e+14
      1130.20   2.7645816e+14
      1130.33   2.7813322e+14
      1130.45   2.7965380e+14
      1130.58   2.8047787e+14
      1130.71   2.8102876e+14
      1130.84   2.8119821e+14
      1130.97   2.8038029e+14
      1131.09   2.7961061e+14
      1131.22   2.7931280e+14
      1131.35   2.7891008e+14
      1131.48   2.7883424e+14
      1131.61   2.7923358e+14
      1131.73   2.7970546e+14
      1131.86   2.8033778e+14
      1131.99   2.8111354e+14
      1132.12   2.8138051e+14
      1132.25   2.8134731e+14
      1132.38   2.8118748e+14
      1132.50   2.8071835e+14
      1132.63   2.8011927e+14
      1132.76   2.7953562e+14
      1132.89   2.7851764e+14
      1133.02   2.7719883e+14
      1133.15   2.7545805e+14
      1133.27   2.7391916e+14
      1133.40   2.7326352e+14
      1133.53   2.7353915e+14
      1133.66   2.7403062e+14
      1133.79   2.7530474e+14
      1133.92   2.7668895e+14
      1134.04   2.7760234e+14
      1134.17   2.7824877e+14
      1134.30   2.7938895e+14
      1134.43   2.8032343e+14
      1134.56   2.8104983e+14
      1134.69   2.8151291e+14
      1134.82   2.8167193e+14
      1134.94   2.8134282e+14
      1135.07   2.8056607e+14
      1135.20   2.7952173e+14
      1135.33   2.7859787e+14
      1135.46   2.7778075e+14
      1135.59   2.7711400e+14
      1135.72   2.7697808e+14
      1135.85   2.7733713e+14
      1135.98   2.7795826e+14
      1136.10   2.7882406e+14
      1136.23   2.7973063e+14
      1136.36   2.8061001e+14
      1136.49   2.8120012e+14
      1136.62   2.8152116e+14
      1136.75   2.8162967e+14
      1136.88   2.8138673e+14
      1137.01   2.8062748e+14
      1137.14   2.7923644e+14
      1137.27   2.7737666e+14
      1137.40   2.7550268e+14
      1137.53   2.7406238e+14
      1137.66   2.7321744e+14
      1137.79   2.7344539e+14
      1137.92   2.7359678e+14
      1138.05   2.7348501e+14
      1138.17   2.7324639e+14
      1138.30   2.7281122e+14
      1138.43   2.7254335e+14
      1138.56   2.7376407e+14
      1138.69   2.7512669e+14
      1138.82   2.7572342e+14
      1138.95   2.7601513e+14
      1139.08   2.7563871e+14
      1139.21   2.7440847e+14
      1139.34   2.7375960e+14
      1139.47   2.7426324e+14
      1139.60   2.7491029e+14
      1139.73   2.7564045e+14
      1139.86   2.7638231e+14
      1139.99   2.7657025e+14
      1140.12   2.7533650e+14
      1140.25   2.7388766e+14
      1140.38   2.7237103e+14
      1140.51   2.7063167e+14
      1140.64   2.6929843e+14
      1140.77   2.6965765e+14
      1140.90   2.7061087e+14
      1141.03   2.7184615e+14
      1141.16   2.7312479e+14
      1141.29   2.7407523e+14
      1141.42   2.7484312e+14
      1141.55   2.7539136e+14
      1141.68   2.7590073e+14
      1141.81   2.7685849e+14
      1141.94   2.7778302e+14
      1142.07   2.7728311e+14
      1142.20   2.7642023e+14
      1142.33   2.7518598e+14
      1142.46   2.7347180e+14
      1142.60   2.7207334e+14
      1142.73   2.7242979e+14
      1142.86   2.7346168e+14
      1142.99   2.7498018e+14
      1143.12   2.7679784e+14
      1143.25   2.7841135e+14
      1143.38   2.7895832e+14
      1143.51   2.7887327e+14
      1143.64   2.7761081e+14
      1143.77   2.7551516e+14
      1143.90   2.7350432e+14
      1144.03   2.7188675e+14
      1144.17   2.7082049e+14
      1144.30   2.7139828e+14
      1144.43   2.7291077e+14
      1144.56   2.7421355e+14
      1144.69   2.7515706e+14
      1144.82   2.7555174e+14
      1144.95   2.7539290e+14
      1145.08   2.7540172e+14
      1145.21   2.7559695e+14
      1145.34   2.7613586e+14
      1145.47   2.7711958e+14
      1145.61   2.7768986e+14
      1145.74   2.7777725e+14
      1145.87   2.7787729e+14
      1146.00   2.7788937e+14
      1146.13   2.7781524e+14
      1146.26   2.7816409e+14
      1146.40   2.7867010e+14
      1146.53   2.7906567e+14
      1146.66   2.7939608e+14
      1146.79   2.7966859e+14
      1146.92   2.7952983e+14
      1147.05   2.7894233e+14
      1147.18   2.7825376e+14
      1147.31   2.7756475e+14
      1147.45   2.7697052e+14
      1147.58   2.7684941e+14
      1147.71   2.7723024e+14
      1147.84   2.7766311e+14
      1147.97   2.7786001e+14
      1148.11   2.7776367e+14
      1148.24   2.7706570e+14
      1148.37   2.7615347e+14
      1148.50   2.7534994e+14
      1148.63   2.7494005e+14
      1148.77   2.7486605e+14
      1148.90   2.7558335e+14
      1149.03   2.7654015e+14
      1149.16   2.7729938e+14
      1149.29   2.7735086e+14
      1149.43   2.7703114e+14
      1149.56   2.7626184e+14
      1149.69   2.7540234e+14
      1149.82   2.7500003e+14
      1149.95   2.7553632e+14
      1150.09   2.7603470e+14
      1150.22   2.7627458e+14
      1150.35   2.7630004e+14
      1150.48   2.7590363e+14
      1150.62   2.7523316e+14
      1150.75   2.7512546e+14
      1150.88   2.7539252e+14
      1151.01   2.7591433e+14
      1151.15   2.7655598e+14
      1151.28   2.7697745e+14
      1151.41   2.7688155e+14
      1151.54   2.7644587e+14
      1151.68   2.7561566e+14
      1151.81   2.7472248e+14
      1151.94   2.7382475e+14
      1152.07   2.7306255e+14
      1152.21   2.7273977e+14
      1152.34   2.7291652e+14
      1152.47   2.7318690e+14
      1152.60   2.7361089e+14
      1152.74   2.7419676e+14
      1152.87   2.7462240e+14
      1153.00   2.7489047e+14
      1153.14   2.7518067e+14
      1153.27   2.7557530e+14
      1153.40   2.7598856e+14
      1153.54   2.7641468e+14
      1153.67   2.7684799e+14
      1153.80   2.7709145e+14
      1153.94   2.7698006e+14
      1154.07   2.7668316e+14
      1154.20   2.7631696e+14
      1154.33   2.7593967e+14
      1154.47   2.7587694e+14
      1154.60   2.7622231e+14
      1154.73   2.7663505e+14
      1154.87   2.7693041e+14
      1155.00   2.7711442e+14
      1155.14   2.7689087e+14
      1155.27   2.7589972e+14
      1155.40   2.7478240e+14
      1155.54   2.7384814e+14
      1155.67   2.7290265e+14
      1155.80   2.7242649e+14
      1155.94   2.7295523e+14
      1156.07   2.7369347e+14
      1156.20   2.7441429e+14
      1156.34   2.7516077e+14
      1156.47   2.7564076e+14
      1156.60   2.7565356e+14
      1156.74   2.7553208e+14
      1156.87   2.7523080e+14
      1157.01   2.7504134e+14
      1157.14   2.7491358e+14
      1157.27   2.7469310e+14
      1157.41   2.7448968e+14
      1157.54   2.7450793e+14
      1157.68   2.7451711e+14
      1157.81   2.7449915e+14
      1157.94   2.7466983e+14
      1158.08   2.7500481e+14
      1158.21   2.7531664e+14
      1158.35   2.7524916e+14
      1158.48   2.7502065e+14
      1158.61   2.7456912e+14
      1158.75   2.7371014e+14
      1158.88   2.7241084e+14
      1159.02   2.7111274e+14
      1159.15   2.6892747e+14
      1159.29   2.6646102e+14
      1159.42   2.6461473e+14
      1159.56   2.6372469e+14
      1159.69   2.6400626e+14
      1159.82   2.6620831e+14
      1159.96   2.6893232e+14
      1160.09   2.7114723e+14
      1160.23   2.7266961e+14
      1160.36   2.7323950e+14
      1160.50   2.7192964e+14
      1160.63   2.6999635e+14
      1160.77   2.6783176e+14
      1160.90   2.6456141e+14
      1161.04   2.6142143e+14
      1161.17   2.6035536e+14
      1161.31   2.6001974e+14
      1161.44   2.6088894e+14
      1161.57   2.6392970e+14
      1161.71   2.6697579e+14
      1161.84   2.6895848e+14
      1161.98   2.7091244e+14
      1162.11   2.7211380e+14
      1162.25   2.7253572e+14
      1162.39   2.7317011e+14
      1162.52   2.7380954e+14
      1162.66   2.7388094e+14
      1162.79   2.7355326e+14
      1162.93   2.7301659e+14
      1163.06   2.7225436e+14
      1163.20   2.7165062e+14
      1163.33   2.7189890e+14
      1163.47   2.7250858e+14
      1163.60   2.7202067e+14
      1163.74   2.7089791e+14
      1163.87   2.6934404e+14
      1164.01   2.6694775e+14
      1164.14   2.6501370e+14
      1164.28   2.6531885e+14
      1164.42   2.6653349e+14
      1164.55   2.6819029e+14
      1164.69   2.7029209e+14
      1164.82   2.7190148e+14
      1164.96   2.7232600e+14
      1165.09   2.7216262e+14
      1165.23   2.7163140e+14
      1165.36   2.7093818e+14
      1165.50   2.7008038e+14
      1165.64   2.6888418e+14
      1165.77   2.6767894e+14
      1165.91   2.6668861e+14
      1166.05   2.6601046e+14
      1166.18   2.6586512e+14
      1166.32   2.6685584e+14
      1166.45   2.6864151e+14
      1166.59   2.7025715e+14
      1166.72   2.7101950e+14
      1166.86   2.7109778e+14
      1167.00   2.7046696e+14
      1167.13   2.6927292e+14
      1167.27   2.6856284e+14
      1167.41   2.6911407e+14
      1167.54   2.7014373e+14
      1167.68   2.7126297e+14
      1167.81   2.7246114e+14
      1167.95   2.7313868e+14
      1168.09   2.7308616e+14
      1168.22   2.7269598e+14
      1168.36   2.7211556e+14
      1168.50   2.7153424e+14
      1168.63   2.7089057e+14
      1168.77   2.6896187e+14
      1168.91   2.6655185e+14
      1169.04   2.6443243e+14
      1169.18   2.6221837e+14
      1169.32   2.6090709e+14
      1169.45   2.6249061e+14
      1169.59   2.6499950e+14
      1169.73   2.6717818e+14
      1169.86   2.6939735e+14
      1170.00   2.7100682e+14
      1170.14   2.7108818e+14
      1170.28   2.7097115e+14
      1170.41   2.7120082e+14
      1170.55   2.7149519e+14
      1170.69   2.7170384e+14
      1170.82   2.7195433e+14
      1170.96   2.7194691e+14
      1171.10   2.7170054e+14
      1171.23   2.7155704e+14
      1171.37   2.7139714e+14
      1171.51   2.7130115e+14
      1171.65   2.7154295e+14
      1171.78   2.7181588e+14
      1171.92   2.7199747e+14
      1172.06   2.7214935e+14
      1172.20   2.7197339e+14
      1172.33   2.7145232e+14
      1172.47   2.7089073e+14
      1172.61   2.7029946e+14
      1172.74   2.6989377e+14
      1172.88   2.7003414e+14
      1173.02   2.7052472e+14
      1173.16   2.7101718e+14
      1173.30   2.7154635e+14
      1173.43   2.7189557e+14
      1173.57   2.7190305e+14
      1173.71   2.7176900e+14
      1173.85   2.7150792e+14
      1173.98   2.7118585e+14
      1174.12   2.7099876e+14
      1174.26   2.7078155e+14
      1174.40   2.7050979e+14
      1174.54   2.7001754e+14
      1174.67   2.6915316e+14
      1174.81   2.6813705e+14
      1174.95   2.6688404e+14
      1175.09   2.6492595e+14
      1175.23   2.6273376e+14
      1175.36   2.6068847e+14
      1175.50   2.5873841e+14
      1175.64   2.5772015e+14
      1175.78   2.5873580e+14
      1175.92   2.6136899e+14
      1176.06   2.6464412e+14
      1176.19   2.6798942e+14
      1176.33   2.7066428e+14
      1176.47   2.7196819e+14
      1176.61   2.7219017e+14
      1176.75   2.7167254e+14
      1176.89   2.7079115e+14
      1177.03   2.6944942e+14
      1177.16   2.6782473e+14
      1177.30   2.6652801e+14
      1177.44   2.6570661e+14
      1177.58   2.6526529e+14
      1177.72   2.6584575e+14
      1177.86   2.6673671e+14
      1177.99   2.6698654e+14
      1178.13   2.6618731e+14
      1178.27   2.6490079e+14
      1178.41   2.6335099e+14
      1178.55   2.6194680e+14
      1178.69   2.6175161e+14
      1178.83   2.6365509e+14
      1178.97   2.6611608e+14
      1179.11   2.6834005e+14
      1179.24   2.7048693e+14
      1179.38   2.7173575e+14
      1179.52   2.7174665e+14
      1179.66   2.7153219e+14
      1179.80   2.7106893e+14
      1179.94   2.7033411e+14
      1180.08   2.6967781e+14
      1180.22   2.6913294e+14
      1180.36   2.6875596e+14
      1180.50   2.6892862e+14
      1180.64   2.6953472e+14
      1180.78   2.7001823e+14
      1180.92   2.6982867e+14
      1181.06   2.6905992e+14
      1181.19   2.6801852e+14
      1181.33   2.6679510e+14
      1181.47   2.6605427e+14
      1181.61   2.6655351e+14
      1181.75   2.6762629e+14
      1181.89   2.6845744e+14
      1182.03   2.6913295e+14
      1182.17   2.6940359e+14
      1182.31   2.6882555e+14
      1182.45   2.6736453e+14
      1182.59   2.6397131e+14
      1182.73   2.5934565e+14
      1182.87   2.5480335e+14
      1183.01   2.5064320e+14
      1183.15   2.4896000e+14
      1183.29   2.5166364e+14
      1183.43   2.5638269e+14
      1183.57   2.6104709e+14
      1183.71   2.6490788e+14
      1183.85   2.6659836e+14
      1183.99   2.6605236e+14
      1184.13   2.6480745e+14
      1184.27   2.6402470e+14
      1184.41   2.6463442e+14
      1184.55   2.6581286e+14
      1184.69   2.6688304e+14
      1184.83   2.6802336e+14
      1184.97   2.6862004e+14
      1185.11   2.6838140e+14
      1185.26   2.6817510e+14
      1185.40   2.6822864e+14
      1185.54   2.6832017e+14
      1185.68   2.6857063e+14
      1185.82   2.6882165e+14
      1185.96   2.6867864e+14
      1186.10   2.6814347e+14
      1186.24   2.6748191e+14
      1186.38   2.6690114e+14
      1186.52   2.6667781e+14
      1186.66   2.6697276e+14
      1186.80   2.6766822e+14
      1186.94   2.6839952e+14
      1187.08   2.6883843e+14
      1187.22   2.6891069e+14
      1187.37   2.6869214e+14
      1187.51   2.6836007e+14
      1187.65   2.6806648e+14
      1187.79   2.6775261e+14
      1187.93   2.6721592e+14
      1188.07   2.6508855e+14
      1188.21   2.6092010e+14
      1188.35   2.5639110e+14
      1188.49   2.5217806e+14
      1188.64   2.4906882e+14
      1188.78   2.4922674e+14
      1188.92   2.5241742e+14
      1189.06   2.5581183e+14
      1189.20   2.5863691e+14
      1189.34   2.6066437e+14
      1189.48   2.6112533e+14
      1189.63   2.6099576e+14
      1189.77   2.6146237e+14
      1189.91   2.6271641e+14
      1190.05   2.6446937e+14
      1190.19   2.6606368e+14
      1190.33   2.6716126e+14
      1190.48   2.6790495e+14
      1190.62   2.6818125e+14
      1190.76   2.6803419e+14
      1190.90   2.6803415e+14
      1191.04   2.6806116e+14
      1191.19   2.6798506e+14
      1191.33   2.6797205e+14
      1191.47   2.6798166e+14
      1191.61   2.6787967e+14
      1191.75   2.6777085e+14
      1191.90   2.6761248e+14
      1192.04   2.6735717e+14
      1192.18   2.6704544e+14
      1192.32   2.6666465e+14
      1192.46   2.6629343e+14
      1192.61   2.6610038e+14
      1192.75   2.6603631e+14
      1192.89   2.6602173e+14
      1193.03   2.6628661e+14
      1193.18   2.6675796e+14
      1193.32   2.6712346e+14
      1193.46   2.6731629e+14
      1193.60   2.6740778e+14
      1193.74   2.6728907e+14
      1193.89   2.6690073e+14
      1194.03   2.6660265e+14
      1194.17   2.6656591e+14
      1194.31   2.6657944e+14
      1194.46   2.6665839e+14
      1194.60   2.6681574e+14
      1194.74   2.6632863e+14
      1194.89   2.6528895e+14
      1195.03   2.6433510e+14
      1195.17   2.6313088e+14
      1195.31   2.6194207e+14
      1195.46   2.6171389e+14
      1195.60   2.6204312e+14
      1195.74   2.6215858e+14
      1195.89   2.6270966e+14
      1196.03   2.6363207e+14
      1196.17   2.6418705e+14
      1196.31   2.6459004e+14
      1196.46   2.6510564e+14
      1196.60   2.6530669e+14
      1196.74   2.6494594e+14
      1196.89   2.6419946e+14
      1197.03   2.6202872e+14
      1197.18   2.5863543e+14
      1197.32   2.5543469e+14
      1197.46   2.5242151e+14
      1197.60   2.5100934e+14
      1197.75   2.5273325e+14
      1197.89   2.5613929e+14
      1198.04   2.5905000e+14
      1198.18   2.6008823e+14
      1198.32   2.5853769e+14
      1198.47   2.5541241e+14
      1198.61   2.5164927e+14
      1198.75   2.4927930e+14
      1198.90   2.4908529e+14
      1199.04   2.4942481e+14
      1199.19   2.4975541e+14
      1199.33   2.5027275e+14
      1199.47   2.5092549e+14
      1199.62   2.5292524e+14
      1199.76   2.5635838e+14
      1199.90   2.5980677e+14
      1200.05   2.6323908e+14
      1200.19   2.6533640e+14
      1200.34   2.6563869e+14
      1200.48   2.6539084e+14
      1200.62   2.6501889e+14
      1200.77   2.6465528e+14
      1200.91   2.6449650e+14
      1201.06   2.6448595e+14
      1201.20   2.6439316e+14
      1201.35   2.6440718e+14
      1201.49   2.6454885e+14
      1201.63   2.6468312e+14
      1201.78   2.6484207e+14
      1201.92   2.6506076e+14
      1202.07   2.6506318e+14
      1202.21   2.6483919e+14
      1202.36   2.6455112e+14
      1202.50   2.6403643e+14
      1202.65   2.6337418e+14
      1202.79   2.6217475e+14
      1202.94   2.5891676e+14
      1203.08   2.5432510e+14
      1203.22   2.5014472e+14
      1203.37   2.4627670e+14
      1203.51   2.4488899e+14
      1203.66   2.4747331e+14
      1203.80   2.5155048e+14
      1203.95   2.5533037e+14
      1204.09   2.5893778e+14
      1204.24   2.6071981e+14
      1204.38   2.6099596e+14
      1204.53   2.6144452e+14
      1204.67   2.6202935e+14
      1204.82   2.6263668e+14
      1204.96   2.6319680e+14
      1205.11   2.6323568e+14
      1205.26   2.6274371e+14
      1205.40   2.6213344e+14
      1205.55   2.6143964e+14
      1205.69   2.6101752e+14
      1205.84   2.6106819e+14
      1205.98   2.6152381e+14
      1206.13   2.6216467e+14
      1206.27   2.6289646e+14
      1206.42   2.6340071e+14
      1206.56   2.6361438e+14
      1206.71   2.6367438e+14
      1206.85   2.6363069e+14
      1207.00   2.6358645e+14
      1207.15   2.6346789e+14
      1207.29   2.6335269e+14
      1207.44   2.6316547e+14
      1207.58   2.6259658e+14
      1207.73   2.6175686e+14
      1207.88   2.6052292e+14
      1208.02   2.5746301e+14
      1208.17   2.5231170e+14
      1208.31   2.4686335e+14
      1208.46   2.4185271e+14
      1208.60   2.3845434e+14
      1208.75   2.3935961e+14
      1208.90   2.4397170e+14
      1209.04   2.4947443e+14
      1209.19   2.5482038e+14
      1209.34   2.5908878e+14
      1209.48   2.6095909e+14
      1209.63   2.6128921e+14
      1209.78   2.6133111e+14
      1209.92   2.6107322e+14
      1210.07   2.5953526e+14
      1210.21   2.5698677e+14
      1210.36   2.5466931e+14
      1210.51   2.5239643e+14
      1210.65   2.5139551e+14
      1210.80   2.5250958e+14
      1210.95   2.5452083e+14
      1211.09   2.5626776e+14
      1211.24   2.5796836e+14
      1211.39   2.5890006e+14
      1211.53   2.5926947e+14
      1211.68   2.5967749e+14
      1211.83   2.6000023e+14
      1211.97   2.6043200e+14
      1212.12   2.6066519e+14
      1212.27   2.6069223e+14
      1212.42   2.6092605e+14
      1212.56   2.6126800e+14
      1212.71   2.6145246e+14
      1212.86   2.6155815e+14
      1213.00   2.6137501e+14
      1213.15   2.6094381e+14
      1213.30   2.6048654e+14
      1213.44   2.6010473e+14
      1213.59   2.5990626e+14
      1213.74   2.5998843e+14
      1213.89   2.6022058e+14
      1214.03   2.6057352e+14
      1214.18   2.6100399e+14
      1214.33   2.6131093e+14
      1214.48   2.6141908e+14
      1214.62   2.6145024e+14
      1214.77   2.6140218e+14
      1214.92   2.6131682e+14
      1215.07   2.6125798e+14
      1215.21   2.6121768e+14
      1215.36   2.6116043e+14
      1215.51   2.6103168e+14
      1215.66   2.6088409e+14
      1215.81   2.6082191e+14
      1215.95   2.6085133e+14
      1216.10   2.6094764e+14
      1216.25   2.6109880e+14
      1216.40   2.6123600e+14
      1216.55   2.6119260e+14
      1216.69   2.6101957e+14
      1216.84   2.6083572e+14
      1216.99   2.6065831e+14
      1217.14   2.6050447e+14
      1217.29   2.6044370e+14
      1217.43   2.6045411e+14
      1217.58   2.6037233e+14
      1217.73   2.6026588e+14
      1217.88   2.6022560e+14
      1218.03   2.6010908e+14
      1218.18   2.5991370e+14
      1218.32   2.5981431e+14
      1218.47   2.5973948e+14
      1218.62   2.5957732e+14
      1218.77   2.5935774e+14
      1218.92   2.5909442e+14
      1219.07   2.5878558e+14
      1219.21   2.5841974e+14
      1219.36   2.5827725e+14
      1219.51   2.5843783e+14
      1219.66   2.5881625e+14
      1219.81   2.5925836e+14
      1219.96   2.5979794e+14
      1220.11   2.6018527e+14
      1220.26   2.6034994e+14
      1220.41   2.6030696e+14
      1220.55   2.6017386e+14
      1220.70   2.5995120e+14
      1220.85   2.5971281e+14
      1221.00   2.5944572e+14
      1221.15   2.5919425e+14
      1221.30   2.5899126e+14
      1221.45   2.5874040e+14
      1221.60   2.5851896e+14
      1221.75   2.5844539e+14
      1221.90   2.5854192e+14
      1222.05   2.5860306e+14
      1222.19   2.5874552e+14
      1222.34   2.5884700e+14
      1222.49   2.5856720e+14
      1222.64   2.5796817e+14
      1222.79   2.5748155e+14
      1222.94   2.5692272e+14
      1223.09   2.5653913e+14
      1223.24   2.5674525e+14
      1223.39   2.5728488e+14
      1223.54   2.5781673e+14
      1223.69   2.5848498e+14
      1223.84   2.5898114e+14
      1223.99   2.5914492e+14
      1224.14   2.5916485e+14
      1224.29   2.5900943e+14
      1224.44   2.5873001e+14
      1224.59   2.5838343e+14
      1224.74   2.5797289e+14
      1224.89   2.5767484e+14
      1225.04   2.5749584e+14
      1225.19   2.5748788e+14
      1225.34   2.5762073e+14
      1225.49   2.5789279e+14
      1225.64   2.5815410e+14
      1225.79   2.5840698e+14
      1225.94   2.5839206e+14
      1226.09   2.5815224e+14
      1226.24   2.5777652e+14
      1226.39   2.5723468e+14
      1226.54   2.5682332e+14
      1226.69   2.5642671e+14
      1226.84   2.5521050e+14
      1226.99   2.5316617e+14
      1227.15   2.5138219e+14
      1227.30   2.4938878e+14
      1227.45   2.4856623e+14
      1227.60   2.4978643e+14
      1227.75   2.5212180e+14
      1227.90   2.5430908e+14
      1228.05   2.5657618e+14
      1228.20   2.5776509e+14
      1228.35   2.5783234e+14
      1228.50   2.5770198e+14
      1228.65   2.5756341e+14
      1228.80   2.5744926e+14
      1228.95   2.5737363e+14
      1229.10   2.5738487e+14
      1229.26   2.5736135e+14
      1229.41   2.5731990e+14
      1229.56   2.5725690e+14
      1229.71   2.5713441e+14
      1229.86   2.5682920e+14
      1230.01   2.5645434e+14
      1230.16   2.5613939e+14
      1230.31   2.5579151e+14
      1230.47   2.5566325e+14
      1230.62   2.5582458e+14
      1230.77   2.5612662e+14
      1230.92   2.5638597e+14
      1231.07   2.5651075e+14
      1231.22   2.5627982e+14
      1231.38   2.5587661e+14
      1231.53   2.5538147e+14
      1231.68   2.5484809e+14
      1231.83   2.5445319e+14
      1231.98   2.5427956e+14
      1232.13   2.5409004e+14
      1232.29   2.5402466e+14
      1232.44   2.5421533e+14
      1232.59   2.5454009e+14
      1232.74   2.5486306e+14
      1232.89   2.5526079e+14
      1233.05   2.5554852e+14
      1233.20   2.5564601e+14
      1233.35   2.5557449e+14
      1233.50   2.5547787e+14
      1233.65   2.5544503e+14
      1233.81   2.5534237e+14
      1233.96   2.5501435e+14
      1234.11   2.5459751e+14
      1234.26   2.5422563e+14
      1234.42   2.5370056e+14
      1234.57   2.5337269e+14
      1234.72   2.5342792e+14
      1234.87   2.5365425e+14
      1235.03   2.5374667e+14
      1235.18   2.5401293e+14
      1235.33   2.5417584e+14
      1235.48   2.5425489e+14
      1235.64   2.5441586e+14
      1235.79   2.5473073e+14
      1235.94   2.5499946e+14
      1236.09   2.5522396e+14
      1236.25   2.5535121e+14
      1236.40   2.5534843e+14
      1236.55   2.5524536e+14
      1236.70   2.5510308e+14
      1236.86   2.5499198e+14
      1237.01   2.5492947e+14
      1237.16   2.5494409e+14
      1237.32   2.5501011e+14
      1237.47   2.5504735e+14
      1237.62   2.5507881e+14
      1237.78   2.5511708e+14
      1237.93   2.5514005e+14
      1238.08   2.5510771e+14
      1238.24   2.5503178e+14
      1238.39   2.5492275e+14
      1238.54   2.5468940e+14
      1238.70   2.5422015e+14
      1238.85   2.5350686e+14
      1239.00   2.5288069e+14
      1239.16   2.5216322e+14
      1239.31   2.5138825e+14
      1239.46   2.5068356e+14
      1239.62   2.5045896e+14
      1239.77   2.5011591e+14
      1239.93   2.5034614e+14
      1240.08   2.5115953e+14
      1240.23   2.5222062e+14
      1240.39   2.5304395e+14
      1240.54   2.5386692e+14
      1240.69   2.5422056e+14
      1240.85   2.5413053e+14
      1241.00   2.5399272e+14
      1241.16   2.5397229e+14
      1241.31   2.5400618e+14
      1241.46   2.5384906e+14
      1241.62   2.5353879e+14
      1241.77   2.5322346e+14
      1241.93   2.5277026e+14
      1242.08   2.5214913e+14
      1242.24   2.5149028e+14
      1242.39   2.5095212e+14
      1242.55   2.5021944e+14
      1242.70   2.4999353e+14
      1242.85   2.5023263e+14
      1243.01   2.5024791e+14
      1243.16   2.4967040e+14
      1243.32   2.4932666e+14
      1243.47   2.4840914e+14
      1243.63   2.4787433e+14
      1243.78   2.4843991e+14
      1243.94   2.4977556e+14
      1244.09   2.5107414e+14
      1244.24   2.5250157e+14
      1244.40   2.5335523e+14
      1244.56   2.5360933e+14
      1244.71   2.5368792e+14
      1244.86   2.5367796e+14
      1245.02   2.5353089e+14
      1245.18   2.5331993e+14
      1245.33   2.5302903e+14
      1245.48   2.5276230e+14
      1245.64   2.5245693e+14
      1245.80   2.5213849e+14
      1245.95   2.5182412e+14
      1246.11   2.5148704e+14
      1246.26   2.5134058e+14
      1246.42   2.5148140e+14
      1246.57   2.5174883e+14
      1246.73   2.5181345e+14
      1246.88   2.5168916e+14
      1247.04   2.5144825e+14
      1247.19   2.5098306e+14
      1247.35   2.5082804e+14
      1247.51   2.5113597e+14
      1247.66   2.5175456e+14
      1247.82   2.5229309e+14
      1247.97   2.5287776e+14
      1248.13   2.5311320e+14
      1248.28   2.5305392e+14
      1248.44   2.5291379e+14
      1248.59   2.5280365e+14
      1248.75   2.5276361e+14
      1248.91   2.5281082e+14
      1249.06   2.5290111e+14
      1249.22   2.5294114e+14
      1249.38   2.5288395e+14
      1249.53   2.5274661e+14
      1249.69   2.5249447e+14
      1249.84   2.5226803e+14
      1250.00   2.5214491e+14
      1250.16   2.5205877e+14
      1250.31   2.5204580e+14
      1250.47   2.5213602e+14
      1250.62   2.5217208e+14
      1250.78   2.5197102e+14
      1250.94   2.5156280e+14
      1251.09   2.5107557e+14
      1251.25   2.5043086e+14
      1251.41   2.4993171e+14
      1251.56   2.4970454e+14
      1251.72   2.4963251e+14
      1251.88   2.4934178e+14
      1252.04   2.4883557e+14
      1252.19   2.4849237e+14
      1252.35   2.4805955e+14
      1252.51   2.4807698e+14
      1252.66   2.4868630e+14
      1252.82   2.4964151e+14
      1252.98   2.5023399e+14
      1253.13   2.5077235e+14
      1253.29   2.5094387e+14
      1253.45   2.5078339e+14
      1253.60   2.5062617e+14
      1253.76   2.5057092e+14
      1253.92   2.5055802e+14
      1254.08   2.5057321e+14
      1254.23   2.5061388e+14
      1254.39   2.5073057e+14
      1254.55   2.5086080e+14
      1254.70   2.5085989e+14
      1254.86   2.5069213e+14
      1255.02   2.5055853e+14
      1255.18   2.5033957e+14
      1255.33   2.5018751e+14
      1255.49   2.5012507e+14
      1255.65   2.5015788e+14
      1255.81   2.5008315e+14
      1255.97   2.4994173e+14
      1256.12   2.4970694e+14
      1256.28   2.4959687e+14
      1256.44   2.4941085e+14
      1256.60   2.4929761e+14
      1256.76   2.4916539e+14
      1256.91   2.4911762e+14
      1257.07   2.4896535e+14
      1257.23   2.4911108e+14
      1257.39   2.4941532e+14
      1257.55   2.4992293e+14
      1257.70   2.5038645e+14
      1257.86   2.5074569e+14
      1258.02   2.5067354e+14
      1258.18   2.5028025e+14
      1258.34   2.4951450e+14
      1258.49   2.4880717e+14
      1258.65   2.4850978e+14
      1258.81   2.4862178e+14
      1258.97   2.4911617e+14
      1259.13   2.4995176e+14
      1259.29   2.5067591e+14
      1259.45   2.5114755e+14
      1259.60   2.5144747e+14
      1259.76   2.5147849e+14
      1259.92   2.5126713e+14
      1260.08   2.5088513e+14
      1260.24   2.5051473e+14
      1260.40   2.5019417e+14
      1260.56   2.5011633e+14
      1260.72   2.5036187e+14
      1260.88   2.5081275e+14
      1261.03   2.5107740e+14
      1261.19   2.5093040e+14
      1261.35   2.5013559e+14
      1261.51   2.4891643e+14
      1261.67   2.4779631e+14
      1261.83   2.4705618e+14
      1261.99   2.4715083e+14
      1262.15   2.4788026e+14
      1262.31   2.4892315e+14
      1262.47   2.4989949e+14
      1262.63   2.5066335e+14
      1262.79   2.5096028e+14
      1262.94   2.5098333e+14
      1263.10   2.5095631e+14
      1263.26   2.5089779e+14
      1263.42   2.5081929e+14
      1263.58   2.5035047e+14
      1263.74   2.4938533e+14
      1263.90   2.4849763e+14
      1264.06   2.4747497e+14
      1264.22   2.4703028e+14
      1264.38   2.4742807e+14
      1264.54   2.4812430e+14
      1264.70   2.4826631e+14
      1264.86   2.4858458e+14
      1265.02   2.4822473e+14
      1265.18   2.4781503e+14
      1265.34   2.4800795e+14
      1265.50   2.4871421e+14
      1265.66   2.4938051e+14
      1265.82   2.5018901e+14
      1265.98   2.5060406e+14
      1266.14   2.5060138e+14
      1266.30   2.5033681e+14
      1266.46   2.4965746e+14
      1266.62   2.4861171e+14
      1266.79   2.4763948e+14
      1266.94   2.4674322e+14
      1267.11   2.4652280e+14
      1267.27   2.4694950e+14
      1267.43   2.4770777e+14
      1267.59   2.4794950e+14
      1267.75   2.4744876e+14
      1267.91   2.4641661e+14
      1268.07   2.4491492e+14
      1268.23   2.4386213e+14
      1268.39   2.4384974e+14
      1268.55   2.4477190e+14
      1268.71   2.4587093e+14
      1268.88   2.4729105e+14
      1269.04   2.4828103e+14
      1269.20   2.4869584e+14
      1269.36   2.4897096e+14
      1269.52   2.4909563e+14
      1269.68   2.4909117e+14
      1269.84   2.4915126e+14
      1270.00   2.4918555e+14
      1270.16   2.4929140e+14
      1270.32   2.4948247e+14
      1270.49   2.4967550e+14
      1270.65   2.4978287e+14
      1270.81   2.4984050e+14
      1270.97   2.4972023e+14
      1271.13   2.4943371e+14
      1271.29   2.4916767e+14
      1271.46   2.4888605e+14
      1271.62   2.4869996e+14
      1271.78   2.4867000e+14
      1271.94   2.4872686e+14
      1272.10   2.4879951e+14
      1272.27   2.4892960e+14
      1272.43   2.4897863e+14
      1272.59   2.4889763e+14
      1272.75   2.4877118e+14
      1272.91   2.4854463e+14
      1273.07   2.4827184e+14
      1273.24   2.4795301e+14
      1273.40   2.4767271e+14
      1273.56   2.4739287e+14
      1273.72   2.4707971e+14
      1273.89   2.4679969e+14
      1274.05   2.4665849e+14
      1274.21   2.4656831e+14
      1274.37   2.4669859e+14
      1274.54   2.4701806e+14
      1274.70   2.4737912e+14
      1274.86   2.4770777e+14
      1275.02   2.4804588e+14
      1275.19   2.4823367e+14
      1275.35   2.4836614e+14
      1275.51   2.4845440e+14
      1275.67   2.4847911e+14
      1275.84   2.4846488e+14
      1276.00   2.4843233e+14
      1276.16   2.4839263e+14
      1276.32   2.4836138e+14
      1276.49   2.4835952e+14
      1276.65   2.4833785e+14
      1276.81   2.4832577e+14
      1276.98   2.4828314e+14
      1277.14   2.4821171e+14
      1277.30   2.4811080e+14
      1277.46   2.4797311e+14
      1277.63   2.4783668e+14
      1277.79   2.4768532e+14
      1277.95   2.4756786e+14
      1278.12   2.4747328e+14
      1278.28   2.4739360e+14
      1278.44   2.4727312e+14
      1278.61   2.4705609e+14
      1278.77   2.4663591e+14
      1278.94   2.4622947e+14
      1279.10   2.4576248e+14
      1279.26   2.4540436e+14
      1279.43   2.4518161e+14
      1279.59   2.4509616e+14
      1279.75   2.4490894e+14
      1279.92   2.4477829e+14
      1280.08   2.4452400e+14
      1280.25   2.4413906e+14
      1280.41   2.4342719e+14
      1280.57   2.4219291e+14
      1280.74   2.4064202e+14
      1280.90   2.3871407e+14
      1281.07   2.3659749e+14
      1281.23   2.3434032e+14
      1281.39   2.3117461e+14
      1281.56   2.2622081e+14
      1281.72   2.2016070e+14
      1281.89   2.1435031e+14
      1282.05   2.0987479e+14
      1282.22   2.0903268e+14
      1282.38   2.1200592e+14
      1282.55   2.1742951e+14
      1282.71   2.2357145e+14
      1282.87   2.2921936e+14
      1283.04   2.3296153e+14
      1283.20   2.3537126e+14
      1283.37   2.3711051e+14
      1283.53   2.3851358e+14
      1283.70   2.3975874e+14
      1283.86   2.4073031e+14
      1284.03   2.4150910e+14
      1284.19   2.4205974e+14
      1284.36   2.4242320e+14
      1284.52   2.4260841e+14
      1284.69   2.4287354e+14
      1284.85   2.4290749e+14
      1285.02   2.4292205e+14
      1285.18   2.4299812e+14
      1285.35   2.4301669e+14
      1285.51   2.4298172e+14
      1285.68   2.4313646e+14
      1285.84   2.4330195e+14
      1286.01   2.4344010e+14
      1286.17   2.4379708e+14
      1286.34   2.4426506e+14
      1286.51   2.4466884e+14
      1286.67   2.4503781e+14
      1286.84   2.4520639e+14
      1287.00   2.4525807e+14
      1287.17   2.4521470e+14
      1287.33   2.4521177e+14
      1287.50   2.4527601e+14
      1287.66   2.4516596e+14
      1287.83   2.4465536e+14
      1288.00   2.4425523e+14
      1288.16   2.4366002e+14
      1288.33   2.4333151e+14
      1288.49   2.4344710e+14
      1288.66   2.4398195e+14
      1288.83   2.4444502e+14
      1288.99   2.4507303e+14
      1289.16   2.4542223e+14
      1289.32   2.4534356e+14
      1289.49   2.4494149e+14
      1289.66   2.4409167e+14
      1289.82   2.4244311e+14
      1289.99   2.4111228e+14
      1290.16   2.4001162e+14
      1290.32   2.3984044e+14
      1290.49   2.4047655e+14
      1290.66   2.4180116e+14
      1290.82   2.4249417e+14
      1290.99   2.4326350e+14
      1291.16   2.4337937e+14
      1291.32   2.4332197e+14
      1291.49   2.4349333e+14
      1291.66   2.4392190e+14
      1291.82   2.4421964e+14
      1291.99   2.4456378e+14
      1292.16   2.4475247e+14
      1292.32   2.4485657e+14
      1292.49   2.4504245e+14
      1292.66   2.4520449e+14
      1292.82   2.4526787e+14
      1292.99   2.4512474e+14
      1293.16   2.4455986e+14
      1293.33   2.4366001e+14
      1293.49   2.4280186e+14
      1293.66   2.4205664e+14
      1293.83   2.4171709e+14
      1294.00   2.4195140e+14
      1294.16   2.4254978e+14
      1294.33   2.4316632e+14
      1294.50   2.4382746e+14
      1294.67   2.4423747e+14
      1294.83   2.4432442e+14
      1295.00   2.4437050e+14
      1295.17   2.4439499e+14
      1295.34   2.4441892e+14
      1295.51   2.4453056e+14
      1295.67   2.4475669e+14
      1295.84   2.4490510e+14
      1296.01   2.4496866e+14
      1296.18   2.4491805e+14
      1296.34   2.4477334e+14
      1296.51   2.4467275e+14
      1296.68   2.4452741e+14
      1296.85   2.4423352e+14
      1297.02   2.4396516e+14
      1297.19   2.4346652e+14
      1297.35   2.4276730e+14
      1297.52   2.4197929e+14
      1297.69   2.4148366e+14
      1297.86   2.4101509e+14
      1298.03   2.4120401e+14
      1298.19   2.4178655e+14
      1298.36   2.4258207e+14
      1298.53   2.4334844e+14
      1298.70   2.4406772e+14
      1298.87   2.4434180e+14
      1299.04   2.4435375e+14
      1299.21   2.4431726e+14
      1299.38   2.4424524e+14
      1299.55   2.4415021e+14
      1299.71   2.4402752e+14
      1299.88   2.4386049e+14
      1300.05   2.4367039e+14
      1300.22   2.4345144e+14
      1300.39   2.4330040e+14
      1300.56   2.4320280e+14
      1300.73   2.4321629e+14
      1300.90   2.4320519e+14
      1301.07   2.4304361e+14
      1301.24   2.4256405e+14
      1301.41   2.4206211e+14
      1301.57   2.4145961e+14
      1301.74   2.4100962e+14
      1301.91   2.4096820e+14
      1302.08   2.4118076e+14
      1302.25   2.4137799e+14
      1302.42   2.4150991e+14
      1302.59   2.4149207e+14
      1302.76   2.4086850e+14
      1302.93   2.4027593e+14
      1303.10   2.3969567e+14
      1303.27   2.3908948e+14
      1303.44   2.3882812e+14
      1303.61   2.3902304e+14
      1303.78   2.3918516e+14
      1303.95   2.3946158e+14
      1304.12   2.4002145e+14
      1304.29   2.4038521e+14
      1304.46   2.4088128e+14
      1304.63   2.4138267e+14
      1304.80   2.4177755e+14
      1304.97   2.4191181e+14
      1305.14   2.4204322e+14
      1305.31   2.4207777e+14
      1305.48   2.4204166e+14
      1305.65   2.4195695e+14
      1305.82   2.4205795e+14
      1305.99   2.4207689e+14
      1306.17   2.4209565e+14
      1306.34   2.4223775e+14
      1306.51   2.4234961e+14
      1306.68   2.4223843e+14
      1306.85   2.4194034e+14
      1307.02   2.4153166e+14
      1307.19   2.4104760e+14
      1307.36   2.4064602e+14
      1307.53   2.4047288e+14
      1307.70   2.4051600e+14
      1307.87   2.4061412e+14
      1308.04   2.4086336e+14
      1308.22   2.4108505e+14
      1308.39   2.4116529e+14
      1308.56   2.4118184e+14
      1308.73   2.4114161e+14
      1308.90   2.4107139e+14
      1309.07   2.4103981e+14
      1309.24   2.4110731e+14
      1309.42   2.4117034e+14
      1309.59   2.4114744e+14
      1309.76   2.4081686e+14
      1309.93   2.4040135e+14
      1310.10   2.3971804e+14
      1310.27   2.3913083e+14
      1310.44   2.3880371e+14
      1310.62   2.3879047e+14
      1310.79   2.3901742e+14
      1310.96   2.3957279e+14
      1311.13   2.4004980e+14
      1311.30   2.4033555e+14
      1311.47   2.4037702e+14
      1311.65   2.4004293e+14
      1311.82   2.3945970e+14
      1311.99   2.3785517e+14
      1312.16   2.3476762e+14
      1312.34   2.3219447e+14
      1312.51   2.2948266e+14
      1312.68   2.2856723e+14
      1312.85   2.2974175e+14
      1313.03   2.3259934e+14
      1313.20   2.3498891e+14
      1313.37   2.3737082e+14
      1313.54   2.3830612e+14
      1313.71   2.3814789e+14
      1313.89   2.3815959e+14
      1314.06   2.3847061e+14
      1314.23   2.3903548e+14
      1314.41   2.3914848e+14
      1314.58   2.3881063e+14
      1314.75   2.3733668e+14
      1314.92   2.3401130e+14
      1315.10   2.3095274e+14
      1315.27   2.2804172e+14
      1315.44   2.2676470e+14
      1315.62   2.2762139e+14
      1315.79   2.3051130e+14
      1315.96   2.3341680e+14
      1316.14   2.3646150e+14
      1316.31   2.3822069e+14
      1316.48   2.3867339e+14
      1316.66   2.3872777e+14
      1316.83   2.3868988e+14
      1317.00   2.3872097e+14
      1317.18   2.3888071e+14
      1317.35   2.3865622e+14
      1317.52   2.3776421e+14
      1317.70   2.3687850e+14
      1317.87   2.3568547e+14
      1318.04   2.3524082e+14
      1318.22   2.3558437e+14
      1318.39   2.3672924e+14
      1318.56   2.3772134e+14
      1318.74   2.3891006e+14
      1318.91   2.3934768e+14
      1319.09   2.3933934e+14
      1319.26   2.3924744e+14
      1319.44   2.3911229e+14
      1319.61   2.3898877e+14
      1319.78   2.3880817e+14
      1319.96   2.3856008e+14
      1320.13   2.3830316e+14
      1320.31   2.3797954e+14
      1320.48   2.3770626e+14
      1320.66   2.3737950e+14
      1320.83   2.3719530e+14
      1321.00   2.3685572e+14
      1321.18   2.3675035e+14
      1321.35   2.3657962e+14
      1321.53   2.3660893e+14
      1321.70   2.3670362e+14
      1321.88   2.3703493e+14
      1322.05   2.3720946e+14
      1322.23   2.3746310e+14
      1322.40   2.3760708e+14
      1322.58   2.3762319e+14
      1322.75   2.3758737e+14
      1322.93   2.3752816e+14
      1323.10   2.3733063e+14
      1323.28   2.3721744e+14
      1323.45   2.3718640e+14
      1323.63   2.3726651e+14
      1323.80   2.3746096e+14
      1323.98   2.3777971e+14
      1324.15   2.3804005e+14
      1324.33   2.3819771e+14
      1324.50   2.3820703e+14
      1324.68   2.3798013e+14
      1324.85   2.3760345e+14
      1325.03   2.3722331e+14
      1325.20   2.3683114e+14
      1325.38   2.3669605e+14
      1325.56   2.3673820e+14
      1325.73   2.3686582e+14
      1325.91   2.3673772e+14
      1326.08   2.3660076e+14
      1326.26   2.3591243e+14
      1326.44   2.3526441e+14
      1326.61   2.3473486e+14
      1326.79   2.3452235e+14
      1326.96   2.3464464e+14
      1327.14   2.3522701e+14
      1327.32   2.3585949e+14
      1327.49   2.3641157e+14
      1327.67   2.3678948e+14
      1327.84   2.3667835e+14
      1328.02   2.3612031e+14
      1328.20   2.3549232e+14
      1328.37   2.3428702e+14
      1328.55   2.3237222e+14
      1328.73   2.3102261e+14
      1328.90   2.2975105e+14
      1329.08   2.2921094e+14
      1329.26   2.2947654e+14
      1329.43   2.3077168e+14
      1329.61   2.3152481e+14
      1329.79   2.3293834e+14
      1329.96   2.3379929e+14
      1330.14   2.3447500e+14
      1330.32   2.3500185e+14
      1330.49   2.3565431e+14
      1330.67   2.3576727e+14
      1330.85   2.3565633e+14
      1331.03   2.3553121e+14
      1331.20   2.3548739e+14
      1331.38   2.3523211e+14
      1331.56   2.3428142e+14
      1331.73   2.3271310e+14
      1331.91   2.3117222e+14
      1332.09   2.2985073e+14
      1332.27   2.2969354e+14
      1332.44   2.3076091e+14
      1332.62   2.3252003e+14
      1332.80   2.3423734e+14
      1332.98   2.3567022e+14
      1333.16   2.3617845e+14
      1333.33   2.3631940e+14
      1333.51   2.3629049e+14
      1333.69   2.3632416e+14
      1333.87   2.3627811e+14
      1334.05   2.3625747e+14
      1334.22   2.3623855e+14
      1334.40   2.3630175e+14
      1334.58   2.3630941e+14
      1334.76   2.3635193e+14
      1334.94   2.3609596e+14
      1335.11   2.3536885e+14
      1335.29   2.3471707e+14
      1335.47   2.3397697e+14
      1335.65   2.3371455e+14
      1335.83   2.3396455e+14
      1336.01   2.3473501e+14
      1336.18   2.3536503e+14
      1336.36   2.3608206e+14
      1336.54   2.3620520e+14
      1336.72   2.3592998e+14
      1336.90   2.3544373e+14
      1337.08   2.3500314e+14
      1337.26   2.3457601e+14
      1337.44   2.3437977e+14
      1337.61   2.3427624e+14
      1337.79   2.3430594e+14
      1337.97   2.3428768e+14
      1338.15   2.3418403e+14
      1338.33   2.3403351e+14
      1338.51   2.3379702e+14
      1338.69   2.3326223e+14
      1338.87   2.3244559e+14
      1339.05   2.3102107e+14
      1339.23   2.2972343e+14
      1339.41   2.2862891e+14
      1339.58   2.2848409e+14
      1339.76   2.2916088e+14
      1339.94   2.3067426e+14
      1340.12   2.3217662e+14
      1340.30   2.3357743e+14
      1340.48   2.3430777e+14
      1340.66   2.3435996e+14
      1340.84   2.3422292e+14
      1341.02   2.3391591e+14
      1341.20   2.3359459e+14
      1341.38   2.3326896e+14
      1341.56   2.3319938e+14
      1341.74   2.3312917e+14
      1341.92   2.3321229e+14
      1342.10   2.3343575e+14
      1342.28   2.3366635e+14
      1342.46   2.3372638e+14
      1342.64   2.3388437e+14
      1342.82   2.3374288e+14
      1343.00   2.3342924e+14
      1343.18   2.3325828e+14
      1343.36   2.3316956e+14
      1343.54   2.3320503e+14
      1343.72   2.3348533e+14
      1343.91   2.3381969e+14
      1344.09   2.3407869e+14
      1344.27   2.3435799e+14
      1344.45   2.3449188e+14
      1344.63   2.3447707e+14
      1344.81   2.3431328e+14
      1344.99   2.3406962e+14
      1345.17   2.3363522e+14
      1345.35   2.3327696e+14
      1345.53   2.3284824e+14
      1345.71   2.3245223e+14
      1345.90   2.3208470e+14
      1346.08   2.3191861e+14
      1346.26   2.3181091e+14
      1346.44   2.3205642e+14
      1346.62   2.3245812e+14
      1346.80   2.3290408e+14
      1346.98   2.3327036e+14
      1347.16   2.3338112e+14
      1347.35   2.3327066e+14
      1347.53   2.3306702e+14
      1347.71   2.3296799e+14
      1347.89   2.3298239e+14
      1348.07   2.3314709e+14
      1348.25   2.3329587e+14
      1348.44   2.3332222e+14
      1348.62   2.3308275e+14
      1348.80   2.3280016e+14
      1348.98   2.3247904e+14
      1349.16   2.3214925e+14
      1349.35   2.3161053e+14
      1349.53   2.3122294e+14
      1349.71   2.3059965e+14
      1349.89   2.3004375e+14
      1350.07   2.2942905e+14
      1350.26   2.2932402e+14
      1350.44   2.2929412e+14
      1350.62   2.2981890e+14
      1350.80   2.3023026e+14
      1350.99   2.3082292e+14
      1351.17   2.3122254e+14
      1351.35   2.3178854e+14
      1351.53   2.3212136e+14
      1351.72   2.3247760e+14
      1351.90   2.3271698e+14
      1352.08   2.3295058e+14
      1352.27   2.3293443e+14
      1352.45   2.3279544e+14
      1352.63   2.3261269e+14
      1352.81   2.3246599e+14
      1353.00   2.3230246e+14
      1353.18   2.3212270e+14
      1353.36   2.3189371e+14
      1353.55   2.3172042e+14
      1353.73   2.3156988e+14
      1353.91   2.3157896e+14
      1354.10   2.3166530e+14
      1354.28   2.3160002e+14
      1354.46   2.3098490e+14
      1354.65   2.3040803e+14
      1354.83   2.2942303e+14
      1355.01   2.2841014e+14
      1355.20   2.2797497e+14
      1355.38   2.2797572e+14
      1355.56   2.2817884e+14
      1355.75   2.2879509e+14
      1355.93   2.2931973e+14
      1356.12   2.2904490e+14
      1356.30   2.2827252e+14
      1356.48   2.2743079e+14
      1356.67   2.2636408e+14
      1356.85   2.2609050e+14
      1357.04   2.2667586e+14
      1357.22   2.2779165e+14
      1357.41   2.2858923e+14
      1357.59   2.2965022e+14
      1357.77   2.2991403e+14
      1357.96   2.2996813e+14
      1358.14   2.3017907e+14
      1358.33   2.3051001e+14
      1358.51   2.3066210e+14
      1358.70   2.3066814e+14
      1358.88   2.3025803e+14
      1359.06   2.2912793e+14
      1359.25   2.2828293e+14
      1359.43   2.2727247e+14
      1359.62   2.2692026e+14
      1359.80   2.2673778e+14
      1359.99   2.2736980e+14
      1360.17   2.2770130e+14
      1360.36   2.2853490e+14
      1360.54   2.2907578e+14
      1360.73   2.2978378e+14
      1360.92   2.3027814e+14
      1361.10   2.3072115e+14
      1361.29   2.3081999e+14
      1361.47   2.3076379e+14
      1361.66   2.3064805e+14
      1361.84   2.3044642e+14
      1362.03   2.3013689e+14
      1362.21   2.2931113e+14
      1362.40   2.2812135e+14
      1362.58   2.2686905e+14
      1362.77   2.2588733e+14
      1362.95   2.2554293e+14
      1363.14   2.2611940e+14
      1363.33   2.2703848e+14
      1363.51   2.2798543e+14
      1363.70   2.2876004e+14
      1363.88   2.2895661e+14
      1364.07   2.2848900e+14
      1364.26   2.2826790e+14
      1364.44   2.2796407e+14
      1364.63   2.2803905e+14
      1364.81   2.2838435e+14
      1365.00   2.2895896e+14
      1365.19   2.2929860e+14
      1365.37   2.2967446e+14
      1365.56   2.2959922e+14
      1365.75   2.2919276e+14
      1365.93   2.2885957e+14
      1366.12   2.2848981e+14
      1366.31   2.2828234e+14
      1366.49   2.2779749e+14
      1366.68   2.2729839e+14
      1366.87   2.2682955e+14
      1367.05   2.2661019e+14
      1367.24   2.2669606e+14
      1367.43   2.2711586e+14
      1367.61   2.2780508e+14
      1367.80   2.2828689e+14
      1367.99   2.2849423e+14
      1368.18   2.2775094e+14
      1368.36   2.2696493e+14
      1368.55   2.2565181e+14
      1368.74   2.2512728e+14
      1368.93   2.2475969e+14
      1369.11   2.2506935e+14
      1369.30   2.2552092e+14
      1369.49   2.2602016e+14
      1369.68   2.2575262e+14
      1369.86   2.2554224e+14
      1370.05   2.2521398e+14
      1370.24   2.2510405e+14
      1370.43   2.2539581e+14
      1370.61   2.2577272e+14
      1370.80   2.2561135e+14
      1370.99   2.2561947e+14
      1371.18   2.2535163e+14
      1371.37   2.2545333e+14
      1371.55   2.2594175e+14
      1371.74   2.2690709e+14
      1371.93   2.2767385e+14
      1372.12   2.2836133e+14
      1372.31   2.2872758e+14
      1372.49   2.2868136e+14
      1372.68   2.2846965e+14
      1372.87   2.2831782e+14
      1373.06   2.2811681e+14
      1373.25   2.2811221e+14
      1373.44   2.2816988e+14
      1373.63   2.2839242e+14
      1373.81   2.2843550e+14
      1374.00   2.2810519e+14
      1374.19   2.2716495e+14
      1374.38   2.2620005e+14
      1374.57   2.2529997e+14
      1374.76   2.2500379e+14
      1374.95   2.2519881e+14
      1375.14   2.2565369e+14
      1375.33   2.2539766e+14
      1375.52   2.2514641e+14
      1375.70   2.2393394e+14
      1375.89   2.2325976e+14
      1376.08   2.2270448e+14
      1376.27   2.2301948e+14
      1376.46   2.2340843e+14
      1376.65   2.2440968e+14
      1376.84   2.2513471e+14
      1377.03   2.2595132e+14
      1377.22   2.2651860e+14
      1377.41   2.2650949e+14
      1377.60   2.2625605e+14
      1377.79   2.2572073e+14
      1377.98   2.2532814e+14
      1378.17   2.2538934e+14
      1378.36   2.2593262e+14
      1378.55   2.2663677e+14
      1378.74   2.2732214e+14
      1378.93   2.2777544e+14
      1379.12   2.2777218e+14
      1379.31   2.2754026e+14
      1379.50   2.2696840e+14
      1379.69   2.2652713e+14
      1379.88   2.2608326e+14
      1380.07   2.2596182e+14
      1380.26   2.2596802e+14
      1380.45   2.2634219e+14
      1380.64   2.2653389e+14
      1380.83   2.2678702e+14
      1381.03   2.2683819e+14
      1381.21   2.2666755e+14
      1381.41   2.2601693e+14
      1381.60   2.2538453e+14
      1381.79   2.2445605e+14
      1381.98   2.2380361e+14
      1382.17   2.2337955e+14
      1382.36   2.2351169e+14
      1382.55   2.2376562e+14
      1382.74   2.2435666e+14
      1382.94   2.2454770e+14
      1383.13   2.2482076e+14
      1383.32   2.2494305e+14
      1383.51   2.2527466e+14
      1383.70   2.2565095e+14
      1383.89   2.2609728e+14
      1384.08   2.2632609e+14
      1384.28   2.2649113e+14
      1384.47   2.2604480e+14
      1384.66   2.2549295e+14
      1384.85   2.2466714e+14
      1385.04   2.2414933e+14
      1385.23   2.2386575e+14
      1385.43   2.2411652e+14
      1385.62   2.2457799e+14
      1385.81   2.2540263e+14
      1386.00   2.2580666e+14
      1386.19   2.2556623e+14
      1386.39   2.2522080e+14
      1386.58   2.2449837e+14
      1386.77   2.2413718e+14
      1386.96   2.2400412e+14
      1387.16   2.2430002e+14
      1387.35   2.2448408e+14
      1387.54   2.2484564e+14
      1387.73   2.2495680e+14
      1387.93   2.2502942e+14
      1388.12   2.2524726e+14
      1388.31   2.2551421e+14
      1388.50   2.2575740e+14
      1388.70   2.2587816e+14
      1388.89   2.2599586e+14
      1389.08   2.2599722e+14
      1389.28   2.2555759e+14
      1389.47   2.2443473e+14
      1389.66   2.2335832e+14
      1389.85   2.2223968e+14
      1390.05   2.2187067e+14
      1390.24   2.2219816e+14
      1390.43   2.2318639e+14
      1390.63   2.2407381e+14
      1390.82   2.2501100e+14
      1391.01   2.2530073e+14
      1391.21   2.2536374e+14
      1391.40   2.2542657e+14
      1391.59   2.2541368e+14
      1391.79   2.2532904e+14
      1391.98   2.2505630e+14
      1392.18   2.2464148e+14
      1392.37   2.2426047e+14
      1392.56   2.2405737e+14
      1392.76   2.2396014e+14
      1392.95   2.2404507e+14
      1393.15   2.2418560e+14
      1393.34   2.2421188e+14
      1393.53   2.2394406e+14
      1393.73   2.2346291e+14
      1393.92   2.2291735e+14
      1394.12   2.2256590e+14
      1394.31   2.2264943e+14
      1394.51   2.2298538e+14
      1394.70   2.2298611e+14
      1394.90   2.2286452e+14
      1395.09   2.2247735e+14
      1395.28   2.2209085e+14
      1395.48   2.2210023e+14
      1395.67   2.2265712e+14
      1395.87   2.2325272e+14
      1396.06   2.2390045e+14
      1396.26   2.2409704e+14
      1396.45   2.2399333e+14
      1396.65   2.2380972e+14
      1396.84   2.2385956e+14
      1397.04   2.2393292e+14
      1397.23   2.2414277e+14
      1397.43   2.2427318e+14
      1397.62   2.2433463e+14
      1397.82   2.2428803e+14
      1398.02   2.2418016e+14
      1398.21   2.2408886e+14
      1398.41   2.2394189e+14
      1398.60   2.2391932e+14
      1398.80   2.2389880e+14
      1398.99   2.2388134e+14
      1399.19   2.2354485e+14
      1399.38   2.2228894e+14
      1399.58   2.2071312e+14
      1399.78   2.1903574e+14
      1399.97   2.1779674e+14
      1400.17   2.1765924e+14
      1400.36   2.1828906e+14
      1400.56   2.1863403e+14
      1400.76   2.1938581e+14
      1400.95   2.1948395e+14
      1401.15   2.1961801e+14
      1401.34   2.2017078e+14
      1401.54   2.2106993e+14
      1401.74   2.2169262e+14
      1401.94   2.2247906e+14
      1402.13   2.2254703e+14
      1402.33   2.2233106e+14
      1402.53   2.2181892e+14
      1402.72   2.2126854e+14
      1402.92   2.2041030e+14
      1403.11   2.1999218e+14
      1403.31   2.1969027e+14
      1403.51   2.2013239e+14
      1403.71   2.2035683e+14
      1403.90   2.2098831e+14
      1404.10   2.2102868e+14
      1404.30   2.2111327e+14
      1404.49   2.2056899e+14
      1404.69   2.2050170e+14
      1404.89   2.2025051e+14
      1405.09   2.2064767e+14
      1405.28   2.2116474e+14
      1405.48   2.2187054e+14
      1405.68   2.2196226e+14
      1405.88   2.2202208e+14
      1406.07   2.2138886e+14
      1406.27   2.2071993e+14
      1406.47   2.2041929e+14
      1406.67   2.2056258e+14
      1406.86   2.2085109e+14
      1407.06   2.2109118e+14
      1407.26   2.2127017e+14
      1407.46   2.2112661e+14
      1407.66   2.2111284e+14
      1407.86   2.2094455e+14
      1408.05   2.2103090e+14
      1408.25   2.2095930e+14
      1408.45   2.2112699e+14
      1408.65   2.2123835e+14
      1408.85   2.2148164e+14
      1409.05   2.2167799e+14
      1409.24   2.2195140e+14
      1409.44   2.2202726e+14
      1409.64   2.2186145e+14
      1409.84   2.2165123e+14
      1410.04   2.2132702e+14
      1410.24   2.2099290e+14
      1410.44   2.2089812e+14
      1410.64   2.2081581e+14
      1410.83   2.2035950e+14
      1411.03   2.1861778e+14
      1411.23   2.1702949e+14
      1411.43   2.1472019e+14
      1411.63   2.1371536e+14
      1411.83   2.1365643e+14
      1412.03   2.1511154e+14
      1412.23   2.1643543e+14
      1412.43   2.1769079e+14
      1412.63   2.1764468e+14
      1412.83   2.1706204e+14
      1413.03   2.1679943e+14
      1413.23   2.1694015e+14
      1413.43   2.1779446e+14
      1413.63   2.1856178e+14
      1413.83   2.1935456e+14
      1414.03   2.1925814e+14
      1414.23   2.1900564e+14
      1414.43   2.1860127e+14
      1414.63   2.1877746e+14
      1414.83   2.1913309e+14
      1415.03   2.1995377e+14
      1415.23   2.2051422e+14
      1415.43   2.2083322e+14
      1415.63   2.2025315e+14
      1415.83   2.1947940e+14
      1416.03   2.1858047e+14
      1416.23   2.1814226e+14
      1416.43   2.1819941e+14
      1416.63   2.1876261e+14
      1416.83   2.1941223e+14
      1417.03   2.2011417e+14
      1417.23   2.2046633e+14
      1417.43   2.2060409e+14
      1417.64   2.2073764e+14
      1417.84   2.2064051e+14
      1418.04   2.2023273e+14
      1418.24   2.1974387e+14
      1418.44   2.1917299e+14
      1418.64   2.1860696e+14
      1418.84   2.1835218e+14
      1419.04   2.1833147e+14
      1419.24   2.1830372e+14
      1419.45   2.1793425e+14
      1419.65   2.1776932e+14
      1419.85   2.1718814e+14
      1420.05   2.1742980e+14
      1420.25   2.1771996e+14
      1420.45   2.1857178e+14
      1420.66   2.1914246e+14
      1420.86   2.1943988e+14
      1421.06   2.1796209e+14
      1421.26   2.1660484e+14
      1421.46   2.1502984e+14
      1421.67   2.1449683e+14
      1421.87   2.1443515e+14
      1422.07   2.1520886e+14
      1422.27   2.1469579e+14
      1422.47   2.1496578e+14
      1422.68   2.1419662e+14
      1422.88   2.1447985e+14
      1423.08   2.1518061e+14
      1423.29   2.1645891e+14
      1423.49   2.1609134e+14
      1423.69   2.1589518e+14
      1423.89   2.1468868e+14
      1424.10   2.1425761e+14
      1424.30   2.1470201e+14
      1424.50   2.1603595e+14
      1424.70   2.1710766e+14
      1424.91   2.1738709e+14
      1425.11   2.1642617e+14
      1425.31   2.1494084e+14
      1425.52   2.1378603e+14
      1425.72   2.1246920e+14
      1425.92   2.1217000e+14
      1426.13   2.1208257e+14
      1426.33   2.1286973e+14
      1426.53   2.1381149e+14
      1426.74   2.1421971e+14
      1426.94   2.1437210e+14
      1427.14   2.1399004e+14
      1427.35   2.1376801e+14
      1427.55   2.1359700e+14
      1427.76   2.1474177e+14
      1427.96   2.1588801e+14
      1428.16   2.1703422e+14
      1428.37   2.1638884e+14
      1428.57   2.1551214e+14
      1428.78   2.1394193e+14
      1428.98   2.1220312e+14
      1429.18   2.1093497e+14
      1429.39   2.1044878e+14
      1429.59   2.1039096e+14
      1429.80   2.1147941e+14
      1430.00   2.1303098e+14
      1430.21   2.1467651e+14
      1430.41   2.1602202e+14
      1430.61   2.1593065e+14
      1430.82   2.1493608e+14
      1431.03   2.1372483e+14
      1431.23   2.1350097e+14
      1431.43   2.1402741e+14
      1431.64   2.1545799e+14
      1431.84   2.1693479e+14
      1432.05   2.1835875e+14
      1432.25   2.1887434e+14
      1432.46   2.1899494e+14
      1432.67   2.1899029e+14
      1432.87   2.1861766e+14
      1433.07   2.1764680e+14
      1433.28   2.1653725e+14
      1433.49   2.1536616e+14
      1433.69   2.1487458e+14
      1433.90   2.1490414e+14
      1434.10   2.1541155e+14
      1434.31   2.1603296e+14
      1434.51   2.1658888e+14
      1434.72   2.1675310e+14
      1434.93   2.1670864e+14
      1435.13   2.1674881e+14
      1435.34   2.1682845e+14
      1435.54   2.1702078e+14
      1435.75   2.1675723e+14
      1435.96   2.1647767e+14
      1436.16   2.1628543e+14
      1436.37   2.1623951e+14
      1436.57   2.1654211e+14
      1436.78   2.1688701e+14
      1436.99   2.1722995e+14
      1437.19   2.1750427e+14
      1437.40   2.1752795e+14
      1437.61   2.1696770e+14
      1437.81   2.1669417e+14
      1438.02   2.1636331e+14
      1438.23   2.1652872e+14
      1438.44   2.1673689e+14
      1438.64   2.1730309e+14
      1438.85   2.1755357e+14
      1439.06   2.1788196e+14
      1439.26   2.1757072e+14
      1439.47   2.1628114e+14
      1439.68   2.1388249e+14
      1439.89   2.0995091e+14
      1440.09   2.0632852e+14
      1440.30   2.0343802e+14
      1440.51   2.0326170e+14
      1440.71   2.0512487e+14
      1440.92   2.0897000e+14
      1441.13   2.1251592e+14
      1441.34   2.1525469e+14
      1441.55   2.1521296e+14
      1441.75   2.1333831e+14
      1441.96   2.1108054e+14
      1442.17   2.0896286e+14
      1442.38   2.0809804e+14
      1442.58   2.0830703e+14
      1442.79   2.0959101e+14
      1443.00   2.1111670e+14
      1443.21   2.1273458e+14
      1443.42   2.1344794e+14
      1443.63   2.1353386e+14
      1443.83   2.1324396e+14
      1444.04   2.1177247e+14
      1444.25   2.1082544e+14
      1444.46   2.0991208e+14
      1444.67   2.1058586e+14
      1444.88   2.1179400e+14
      1445.09   2.1393596e+14
      1445.30   2.1513082e+14
      1445.50   2.1595199e+14
      1445.71   2.1564978e+14
      1445.92   2.1472457e+14
      1446.13   2.1381654e+14
      1446.34   2.1264947e+14
      1446.55   2.1210654e+14
      1446.76   2.1174633e+14
      1446.97   2.1210651e+14
      1447.18   2.1262458e+14
      1447.39   2.1342216e+14
      1447.60   2.1392570e+14
      1447.81   2.1447457e+14
      1448.02   2.1466494e+14
      1448.23   2.1463189e+14
      1448.44   2.1466247e+14
      1448.65   2.1448799e+14
      1448.85   2.1438661e+14
      1449.06   2.1439974e+14
      1449.28   2.1459166e+14
      1449.48   2.1430706e+14
      1449.70   2.1411581e+14
      1449.91   2.1304751e+14
      1450.12   2.1193323e+14
      1450.33   2.1103098e+14
      1450.54   2.1076892e+14
      1450.75   2.1061030e+14
      1450.96   2.0982540e+14
      1451.17   2.0926416e+14
      1451.38   2.0818517e+14
      1451.59   2.0845884e+14
      1451.80   2.0901613e+14
      1452.01   2.1064810e+14
      1452.22   2.1153123e+14
      1452.43   2.1267620e+14
      1452.64   2.1238534e+14
      1452.85   2.1192994e+14
      1453.07   2.1169103e+14
      1453.28   2.1153198e+14
      1453.49   2.1133292e+14
      1453.70   2.1113069e+14
      1453.91   2.1021621e+14
      1454.12   2.0920082e+14
      1454.33   2.0854271e+14
      1454.55   2.0824708e+14
      1454.76   2.0872366e+14
      1454.97   2.0961358e+14
      1455.18   2.0953406e+14
      1455.39   2.0939716e+14
      1455.60   2.0871721e+14
      1455.82   2.0823662e+14
      1456.03   2.0856189e+14
      1456.24   2.0962619e+14
      1456.45   2.1016234e+14
      1456.66   2.1084204e+14
      1456.88   2.1059077e+14
      1457.09   2.1034021e+14
      1457.30   2.1055546e+14
      1457.51   2.1115475e+14
      1457.73   2.1191676e+14
      1457.94   2.1262321e+14
      1458.15   2.1301051e+14
      1458.36   2.1327051e+14
      1458.58   2.1371157e+14
      1458.79   2.1382806e+14
      1459.00   2.1357369e+14
      1459.21   2.1301626e+14
      1459.43   2.1229678e+14
      1459.64   2.1189045e+14
      1459.85   2.1161678e+14
      1460.07   2.1140322e+14
      1460.28   2.1131077e+14
      1460.49   2.1126056e+14
      1460.71   2.1123930e+14
      1460.92   2.1134381e+14
      1461.13   2.1161836e+14
      1461.35   2.1134620e+14
      1461.56   2.1101829e+14
      1461.78   2.1029976e+14
      1461.99   2.0972351e+14
      1462.20   2.0915763e+14
      1462.42   2.0920713e+14
      1462.63   2.0883666e+14
      1462.84   2.0884066e+14
      1463.06   2.0863688e+14
      1463.27   2.0851942e+14
      1463.49   2.0810769e+14
      1463.70   2.0846557e+14
      1463.92   2.0856447e+14
      1464.13   2.0928892e+14
      1464.34   2.1018642e+14
      1464.56   2.1111875e+14
      1464.77   2.1124843e+14
      1464.99   2.1043503e+14
      1465.20   2.0907717e+14
      1465.42   2.0739367e+14
      1465.63   2.0684339e+14
      1465.85   2.0717301e+14
      1466.06   2.0861644e+14
      1466.28   2.0998740e+14
      1466.49   2.1147456e+14
      1466.71   2.1191565e+14
      1466.92   2.1185105e+14
      1467.14   2.1136524e+14
      1467.35   2.1025425e+14
      1467.57   2.0933788e+14
      1467.78   2.0848195e+14
      1468.00   2.0827336e+14
      1468.21   2.0853036e+14
      1468.43   2.0926188e+14
      1468.65   2.1002945e+14
      1468.86   2.1075343e+14
      1469.08   2.1118247e+14
      1469.29   2.1140951e+14
      1469.51   2.1155773e+14
      1469.72   2.1096584e+14
      1469.94   2.0992371e+14
      1470.16   2.0811812e+14
      1470.37   2.0667013e+14
      1470.59   2.0561587e+14
      1470.81   2.0563100e+14
      1471.02   2.0633780e+14
      1471.24   2.0761598e+14
      1471.45   2.0835799e+14
      1471.67   2.0830675e+14
      1471.89   2.0791862e+14
      1472.10   2.0687268e+14
      1472.32   2.0659581e+14
      1472.54   2.0612047e+14
      1472.75   2.0655033e+14
      1472.97   2.0652939e+14
      1473.19   2.0602340e+14
      1473.41   2.0462489e+14
      1473.62   2.0304867e+14
      1473.84   2.0207491e+14
      1474.06   2.0219133e+14
      1474.27   2.0369582e+14
      1474.49   2.0518309e+14
      1474.71   2.0613966e+14
      1474.93   2.0611787e+14
      1475.14   2.0500760e+14
      1475.36   2.0443953e+14
      1475.58   2.0430102e+14
      1475.80   2.0486061e+14
      1476.02   2.0565555e+14
      1476.23   2.0659553e+14
      1476.45   2.0673771e+14
      1476.67   2.0636475e+14
      1476.89   2.0562003e+14
      1477.10   2.0507174e+14
      1477.32   2.0485635e+14
      1477.54   2.0506068e+14
      1477.76   2.0501677e+14
      1477.98   2.0514325e+14
      1478.20   2.0492347e+14
      1478.42   2.0500338e+14
      1478.63   2.0528558e+14
      1478.85   2.0624511e+14
      1479.07   2.0769217e+14
      1479.29   2.0897290e+14
      1479.51   2.0950405e+14
      1479.73   2.0938316e+14
      1479.95   2.0866775e+14
      1480.17   2.0791727e+14
      1480.39   2.0688732e+14
      1480.60   2.0635911e+14
      1480.82   2.0575583e+14
      1481.04   2.0594988e+14
      1481.26   2.0597029e+14
      1481.48   2.0662196e+14
      1481.70   2.0707998e+14
      1481.92   2.0770910e+14
      1482.14   2.0768633e+14
      1482.36   2.0669711e+14
      1482.58   2.0584821e+14
      1482.80   2.0457563e+14
      1483.02   2.0372068e+14
      1483.24   2.0321632e+14
      1483.46   2.0392859e+14
      1483.68   2.0453578e+14
      1483.90   2.0598456e+14
      1484.12   2.0675071e+14
      1484.34   2.0760858e+14
      1484.56   2.0849771e+14
      1484.78   2.0910759e+14
      1485.00   2.0898228e+14
      1485.22   2.0880367e+14
      1485.44   2.0827176e+14
      1485.66   2.0775939e+14
      1485.88   2.0672363e+14
      1486.10   2.0610623e+14
      1486.33   2.0535419e+14
      1486.55   2.0532073e+14
      1486.77   2.0517249e+14
      1486.99   2.0494310e+14
      1487.21   2.0334954e+14
      1487.43   1.9872622e+14
      1487.65   1.9251502e+14
      1487.87   1.8640759e+14
      1488.09   1.8347270e+14
      1488.32   1.8443672e+14
      1488.54   1.8974872e+14
      1488.76   1.9626642e+14
      1488.98   2.0284997e+14
      1489.20   2.0675502e+14
      1489.43   2.0782775e+14
      1489.65   2.0747507e+14
      1489.87   2.0701580e+14
      1490.09   2.0646902e+14
      1490.31   2.0640883e+14
      1490.54   2.0654708e+14
      1490.76   2.0685804e+14
      1490.98   2.0680182e+14
      1491.20   2.0677953e+14
      1491.42   2.0610151e+14
      1491.65   2.0540158e+14
      1491.87   2.0508133e+14
      1492.09   2.0514275e+14
      1492.31   2.0559508e+14
      1492.54   2.0633847e+14
      1492.76   2.0694074e+14
      1492.98   2.0717457e+14
      1493.21   2.0740978e+14
      1493.43   2.0723388e+14
      1493.65   2.0720187e+14
      1493.88   2.0740600e+14
      1494.10   2.0778598e+14
      1494.32   2.0806930e+14
      1494.55   2.0809577e+14
      1494.77   2.0753747e+14
      1494.99   2.0688288e+14
      1495.21   2.0577716e+14
      1495.44   2.0402450e+14
      1495.66   2.0261930e+14
      1495.89   2.0093329e+14
      1496.11   2.0042201e+14
      1496.33   2.0050193e+14
      1496.56   2.0165501e+14
      1496.78   2.0234388e+14
      1497.01   2.0380200e+14
      1497.23   2.0391831e+14
      1497.45   2.0437706e+14
      1497.68   2.0460779e+14
      1497.90   2.0518331e+14
      1498.13   2.0535987e+14
      1498.35   2.0487011e+14
      1498.58   2.0410015e+14
      1498.80   2.0319112e+14
      1499.03   2.0311551e+14
      1499.25   2.0356871e+14
      1499.47   2.0464216e+14
      1499.70   2.0541037e+14
      1499.93   2.0614341e+14
      1500.15   2.0598676e+14
      1500.38   2.0573957e+14
      1500.60   2.0557619e+14
      1500.82   2.0542476e+14
      1501.05   2.0543449e+14
      1501.28   2.0538089e+14
      1501.50   2.0509897e+14
      1501.73   2.0469042e+14
      1501.95   2.0313780e+14
      1502.18   1.9852678e+14
      1502.40   1.9354813e+14
      1502.63   1.8849158e+14
      1502.85   1.8626724e+14
      1503.08   1.8709489e+14
      1503.31   1.9102281e+14
      1503.53   1.9456962e+14
      1503.76   1.9561409e+14
      1503.98   1.9443212e+14
      1504.21   1.9056964e+14
      1504.44   1.8731989e+14
      1504.66   1.8574713e+14
      1504.89   1.8542137e+14
      1505.12   1.8611604e+14
      1505.34   1.8811719e+14
      1505.57   1.8980726e+14
      1505.80   1.9179172e+14
      1506.02   1.9519225e+14
      1506.25   1.9755228e+14
      1506.48   1.9955034e+14
      1506.70   2.0099496e+14
      1506.93   2.0164312e+14
      1507.16   2.0243467e+14
      1507.39   2.0233011e+14
      1507.61   2.0201112e+14
      1507.84   2.0086468e+14
      1508.07   1.9912599e+14
      1508.30   1.9763514e+14
      1508.52   1.9697044e+14
      1508.75   1.9742005e+14
      1508.98   1.9893332e+14
      1509.21   2.0073005e+14
      1509.43   2.0215955e+14
      1509.66   2.0327260e+14
      1509.89   2.0344960e+14
      1510.12   2.0347111e+14
      1510.35   2.0350266e+14
      1510.57   2.0372270e+14
      1510.80   2.0388377e+14
      1511.03   2.0408129e+14
      1511.26   2.0398477e+14
      1511.49   2.0344250e+14
      1511.72   2.0231135e+14
      1511.94   2.0059341e+14
      1512.17   1.9929273e+14
      1512.40   1.9837440e+14
      1512.63   1.9856801e+14
      1512.86   1.9884986e+14
      1513.09   1.9946448e+14
      1513.32   1.9931835e+14
      1513.55   1.9916882e+14
      1513.78   1.9864939e+14
      1514.01   1.9868744e+14
      1514.23   1.9885922e+14
      1514.46   1.9954499e+14
      1514.69   2.0008715e+14
      1514.92   2.0051357e+14
      1515.15   2.0086001e+14
      1515.38   2.0100544e+14
      1515.61   2.0069981e+14
      1515.84   2.0036108e+14
      1516.07   1.9944557e+14
      1516.30   1.9888894e+14
      1516.53   1.9830314e+14
      1516.76   1.9845025e+14
      1516.99   1.9863986e+14
      1517.22   1.9966396e+14
      1517.45   2.0026248e+14
      1517.68   2.0119661e+14
      1517.91   2.0155722e+14
      1518.14   2.0149991e+14
      1518.37   2.0070382e+14
      1518.60   1.9992180e+14
      1518.83   1.9924397e+14
      1519.06   1.9911337e+14
      1519.30   1.9948421e+14
      1519.53   2.0014808e+14
      1519.76   2.0054481e+14
      1519.99   2.0094637e+14
      1520.22   2.0053830e+14
      1520.45   1.9910953e+14
      1520.68   1.9807891e+14
      1520.91   1.9693853e+14
      1521.14   1.9669934e+14
      1521.38   1.9662145e+14
      1521.61   1.9646258e+14
      1521.84   1.9610001e+14
      1522.07   1.9604511e+14
      1522.30   1.9603684e+14
      1522.53   1.9635780e+14
      1522.77   1.9744749e+14
      1523.00   1.9815543e+14
      1523.23   1.9887647e+14
      1523.46   1.9882350e+14
      1523.69   1.9888555e+14
      1523.93   1.9888144e+14
      1524.16   1.9800435e+14
      1524.39   1.9725971e+14
      1524.62   1.9611669e+14
      1524.85   1.9580502e+14
      1525.09   1.9606322e+14
      1525.32   1.9750187e+14
      1525.55   1.9883132e+14
      1525.79   2.0026563e+14
      1526.02   2.0022975e+14
      1526.25   1.9975986e+14
      1526.48   1.9916014e+14
      1526.72   1.9887048e+14
      1526.95   1.9879294e+14
      1527.18   1.9922090e+14
      1527.42   1.9965918e+14
      1527.65   2.0002824e+14
      1527.88   2.0004850e+14
      1528.12   1.9981956e+14
      1528.35   1.9951867e+14
      1528.58   1.9918291e+14
      1528.82   1.9879961e+14
      1529.05   1.9741738e+14
      1529.29   1.9513567e+14
      1529.52   1.9227617e+14
      1529.75   1.8985080e+14
      1529.99   1.8883202e+14
      1530.22   1.8962370e+14
      1530.46   1.9182820e+14
      1530.69   1.9460340e+14
      1530.93   1.9709595e+14
      1531.16   1.9836367e+14
      1531.39   1.9878058e+14
      1531.63   1.9874350e+14
      1531.86   1.9829264e+14
      1532.10   1.9770666e+14
      1532.33   1.9718056e+14
      1532.57   1.9676326e+14
      1532.80   1.9667832e+14
      1533.04   1.9672482e+14
      1533.27   1.9597611e+14
      1533.51   1.9543368e+14
      1533.74   1.9447184e+14
      1533.98   1.9367618e+14
      1534.21   1.9327627e+14
      1534.45   1.9357249e+14
      1534.68   1.9401077e+14
      1534.92   1.9498799e+14
      1535.16   1.9570775e+14
      1535.39   1.9628647e+14
      1535.63   1.9695954e+14
      1535.86   1.9716443e+14
      1536.10   1.9710599e+14
      1536.33   1.9705227e+14
      1536.57   1.9707707e+14
      1536.81   1.9731650e+14
      1537.04   1.9737344e+14
      1537.28   1.9664944e+14
      1537.52   1.9544225e+14
      1537.75   1.9405104e+14
      1537.99   1.9317876e+14
      1538.22   1.9298317e+14
      1538.46   1.9365606e+14
      1538.70   1.9453829e+14
      1538.94   1.9519526e+14
      1539.17   1.9412265e+14
      1539.41   1.9278484e+14
      1539.65   1.9100501e+14
      1539.88   1.9018299e+14
      1540.12   1.8977355e+14
      1540.36   1.9051453e+14
      1540.59   1.9122642e+14
      1540.83   1.9229128e+14
      1541.07   1.9277610e+14
      1541.31   1.9310224e+14
      1541.55   1.9374655e+14
      1541.78   1.9404469e+14
      1542.02   1.9400503e+14
      1542.26   1.9380417e+14
      1542.50   1.9373425e+14
      1542.73   1.9386098e+14
      1542.97   1.9426829e+14
      1543.21   1.9504286e+14
      1543.45   1.9561242e+14
      1543.69   1.9605654e+14
      1543.93   1.9590633e+14
      1544.16   1.9581907e+14
      1544.40   1.9575104e+14
      1544.64   1.9593932e+14
      1544.88   1.9611871e+14
      1545.12   1.9637360e+14
      1545.36   1.9642114e+14
      1545.59   1.9642401e+14
      1545.83   1.9619042e+14
      1546.07   1.9592442e+14
      1546.31   1.9566659e+14
      1546.55   1.9528694e+14
      1546.79   1.9417323e+14
      1547.03   1.9314325e+14
      1547.27   1.9139793e+14
      1547.51   1.9019221e+14
      1547.75   1.8923545e+14
      1547.99   1.8961791e+14
      1548.23   1.9030604e+14
      1548.47   1.9172911e+14
      1548.71   1.9235652e+14
      1548.95   1.9286565e+14
      1549.19   1.9276873e+14
      1549.43   1.9224052e+14
      1549.67   1.9174798e+14
      1549.91   1.9099068e+14
      1550.15   1.9085482e+14
      1550.39   1.9060047e+14
      1550.63   1.9096227e+14
      1550.87   1.9146837e+14
      1551.11   1.9255030e+14
      1551.35   1.9323950e+14
      1551.59   1.9407984e+14
      1551.83   1.9422376e+14
      1552.07   1.9422625e+14
      1552.31   1.9413831e+14
      1552.55   1.9386116e+14
      1552.80   1.9299265e+14
      1553.04   1.9185043e+14
      1553.28   1.9055588e+14
      1553.52   1.8944956e+14
      1553.76   1.8894162e+14
      1554.00   1.8845436e+14
      1554.24   1.8865919e+14
      1554.48   1.8907844e+14
      1554.73   1.8986546e+14
      1554.97   1.8996220e+14
      1555.21   1.9026913e+14
      1555.45   1.8948142e+14
      1555.69   1.8904131e+14
      1555.94   1.8832365e+14
      1556.18   1.8851008e+14
      1556.42   1.8922534e+14
      1556.66   1.9072103e+14
      1556.91   1.9174219e+14
      1557.15   1.9250886e+14
      1557.39   1.9232162e+14
      1557.63   1.9201923e+14
      1557.88   1.9134165e+14
      1558.12   1.9108442e+14
      1558.36   1.9090334e+14
      1558.60   1.9110547e+14
      1558.85   1.9075296e+14
      1559.09   1.9043734e+14
      1559.33   1.8974148e+14
      1559.58   1.8946984e+14
      1559.82   1.8956502e+14
      1560.06   1.9025618e+14
      1560.31   1.9134733e+14
      1560.55   1.9249628e+14
      1560.79   1.9318278e+14
      1561.04   1.9330441e+14
      1561.28   1.9335442e+14
      1561.52   1.9329070e+14
      1561.77   1.9280047e+14
      1562.01   1.9232954e+14
      1562.26   1.9172439e+14
      1562.50   1.9160540e+14
      1562.74   1.9137601e+14
      1562.99   1.9069405e+14
      1563.23   1.9006828e+14
      1563.48   1.8926907e+14
      1563.72   1.8911019e+14
      1563.97   1.8930372e+14
      1564.21   1.9052136e+14
      1564.46   1.9114314e+14
      1564.70   1.9214419e+14
      1564.94   1.9180047e+14
      1565.19   1.9162226e+14
      1565.44   1.9060936e+14
      1565.68   1.9002014e+14
      1565.93   1.8900120e+14
      1566.17   1.8856336e+14
      1566.42   1.8822357e+14
      1566.66   1.8841874e+14
      1566.91   1.8899308e+14
      1567.15   1.8969571e+14
      1567.40   1.8973724e+14
      1567.64   1.8893832e+14
      1567.89   1.8788417e+14
      1568.14   1.8693411e+14
      1568.38   1.8671615e+14
      1568.63   1.8726826e+14
      1568.87   1.8761556e+14
      1569.12   1.8797956e+14
      1569.37   1.8785303e+14
      1569.61   1.8761969e+14
      1569.86   1.8764187e+14
      1570.10   1.8834267e+14
      1570.35   1.8952089e+14
      1570.60   1.9069447e+14
      1570.84   1.9148220e+14
      1571.09   1.9161266e+14
      1571.34   1.9164040e+14
      1571.59   1.9172549e+14
      1571.83   1.9166652e+14
      1572.08   1.9101946e+14
      1572.33   1.9042533e+14
      1572.57   1.8967920e+14
      1572.82   1.8946772e+14
      1573.07   1.8962481e+14
      1573.32   1.9030465e+14
      1573.56   1.9046743e+14
      1573.81   1.8881370e+14
      1574.06   1.8698819e+14
      1574.31   1.8403145e+14
      1574.56   1.8093290e+14
      1574.80   1.7908821e+14
      1575.05   1.7869090e+14
      1575.30   1.7980431e+14
      1575.55   1.8190087e+14
      1575.80   1.8415253e+14
      1576.04   1.8454112e+14
      1576.29   1.8333941e+14
      1576.54   1.7917577e+14
      1576.79   1.7457936e+14
      1577.04   1.7178376e+14
      1577.29   1.7196353e+14
      1577.54   1.7483580e+14
      1577.79   1.7873716e+14
      1578.03   1.8324158e+14
      1578.28   1.8572478e+14
      1578.53   1.8665804e+14
      1578.78   1.8719052e+14
      1579.03   1.8776127e+14
      1579.28   1.8811525e+14
      1579.53   1.8875578e+14
      1579.78   1.8882387e+14
      1580.03   1.8910175e+14
      1580.28   1.8946700e+14
      1580.53   1.8981485e+14
      1580.78   1.8951926e+14
      1581.03   1.8957840e+14
      1581.28   1.8846510e+14
      1581.53   1.8661937e+14
      1581.78   1.8430232e+14
      1582.03   1.8219244e+14
      1582.28   1.8131985e+14
      1582.53   1.8134480e+14
      1582.78   1.8280364e+14
      1583.03   1.8414980e+14
      1583.28   1.8498386e+14
      1583.53   1.8460260e+14
      1583.78   1.8415511e+14
      1584.03   1.8381170e+14
      1584.28   1.8422704e+14
      1584.54   1.8567776e+14
      1584.79   1.8724670e+14
      1585.04   1.8774178e+14
      1585.29   1.8737622e+14
      1585.54   1.8679321e+14
      1585.79   1.8644132e+14
      1586.04   1.8598360e+14
      1586.29   1.8602655e+14
      1586.55   1.8552554e+14
      1586.80   1.8491136e+14
      1587.05   1.8362907e+14
      1587.30   1.8301290e+14
      1587.55   1.8188188e+14
      1587.81   1.8129657e+14
      1588.06   1.7985198e+14
      1588.31   1.7818438e+14
      1588.56   1.7402091e+14
      1588.81   1.7074894e+14
      1589.07   1.6829943e+14
      1589.32   1.6849847e+14
      1589.57   1.6932398e+14
      1589.82   1.7189457e+14
      1590.08   1.7414694e+14
      1590.33   1.7541381e+14
      1590.58   1.7520507e+14
      1590.84   1.7513355e+14
      1591.09   1.7604580e+14
      1591.34   1.7769312e+14
      1591.60   1.7990945e+14
      1591.85   1.8210674e+14
      1592.10   1.8414455e+14
      1592.36   1.8575098e+14
      1592.61   1.8674343e+14
      1592.86   1.8712888e+14
      1593.12   1.8720759e+14
      1593.37   1.8719203e+14
      1593.62   1.8715298e+14
      1593.88   1.8714461e+14
      1594.13   1.8746443e+14
      1594.39   1.8795806e+14
      1594.64   1.8839227e+14
      1594.90   1.8829525e+14
      1595.15   1.8733769e+14
      1595.41   1.8587163e+14
      1595.66   1.8317245e+14
      1595.91   1.8073140e+14
      1596.17   1.7854175e+14
      1596.42   1.7839066e+14
      1596.68   1.7912153e+14
      1596.93   1.8164105e+14
      1597.19   1.8413007e+14
      1597.44   1.8663760e+14
      1597.70   1.8772541e+14
      1597.95   1.8822576e+14
      1598.21   1.8798969e+14
      1598.46   1.8678871e+14
      1598.72   1.8547720e+14
      1598.98   1.8435228e+14
      1599.23   1.8410676e+14
      1599.49   1.8414943e+14
      1599.74   1.8486531e+14
      1600.00   1.8498783e+14
      1600.26   1.8447678e+14
      1600.51   1.8289325e+14
      1600.77   1.8165026e+14
      1601.03   1.8057220e+14
      1601.28   1.8054223e+14
      1601.54   1.8108942e+14
      1601.79   1.8203102e+14
      1602.05   1.8245548e+14
      1602.31   1.8285357e+14
      1602.56   1.8286114e+14
      1602.82   1.8294791e+14
      1603.08   1.8313239e+14
      1603.33   1.8366794e+14
      1603.59   1.8374560e+14
      1603.85   1.8349136e+14
      1604.11   1.8289953e+14
      1604.36   1.8229448e+14
      1604.62   1.8164065e+14
      1604.88   1.8150951e+14
      1605.14   1.8199211e+14
      1605.39   1.8276755e+14
      1605.65   1.8266215e+14
      1605.91   1.8177337e+14
      1606.17   1.8041815e+14
      1606.43   1.7963802e+14
      1606.68   1.7929810e+14
      1606.94   1.8003808e+14
      1607.20   1.8127977e+14
      1607.46   1.8272164e+14
      1607.72   1.8339316e+14
      1607.98   1.8356688e+14
      1608.23   1.8341696e+14
      1608.49   1.8325205e+14
      1608.75   1.8299898e+14
      1609.01   1.8163335e+14
      1609.27   1.7913259e+14
      1609.53   1.7629056e+14
      1609.79   1.7394345e+14
      1610.05   1.7238979e+14
      1610.31   1.7221332e+14
      1610.56   1.7364504e+14
      1610.82   1.7564254e+14
      1611.08   1.7711699e+14
      1611.34   1.7760635e+14
      1611.60   1.7780099e+14
      1611.86   1.7779747e+14
      1612.12   1.7806825e+14
      1612.38   1.7854087e+14
      1612.64   1.7943010e+14
      1612.90   1.8036275e+14
      1613.16   1.8090925e+14
      1613.42   1.8061478e+14
      1613.68   1.8016703e+14
      1613.94   1.7995064e+14
      1614.20   1.8010208e+14
      1614.47   1.8036008e+14
      1614.73   1.8021178e+14
      1614.99   1.7932635e+14
      1615.25   1.7737814e+14
      1615.51   1.7504344e+14
      1615.77   1.7327144e+14
      1616.03   1.7235889e+14
      1616.29   1.7225574e+14
      1616.55   1.7289262e+14
      1616.81   1.7417894e+14
      1617.08   1.7552467e+14
      1617.34   1.7708474e+14
      1617.60   1.7853997e+14
      1617.86   1.7981996e+14
      1618.12   1.8033450e+14
      1618.39   1.8025328e+14
      1618.65   1.7989676e+14
      1618.91   1.7971165e+14
      1619.17   1.7977662e+14
      1619.43   1.7871190e+14
      1619.70   1.7677164e+14
      1619.96   1.7425308e+14
      1620.22   1.7261011e+14
      1620.48   1.7136639e+14
      1620.74   1.7202754e+14
      1621.01   1.7348988e+14
      1621.27   1.7529756e+14
      1621.53   1.7603830e+14
      1621.80   1.7676983e+14
      1622.06   1.7720053e+14
      1622.32   1.7778945e+14
      1622.59   1.7863274e+14
      1622.85   1.7982086e+14
      1623.11   1.8070728e+14
      1623.38   1.8115332e+14
      1623.64   1.8139637e+14
      1623.90   1.8104625e+14
      1624.17   1.8015612e+14
      1624.43   1.7912620e+14
      1624.69   1.7846968e+14
      1624.96   1.7812109e+14
      1625.22   1.7839875e+14
      1625.49   1.7897327e+14
      1625.75   1.7929115e+14
      1626.02   1.7929367e+14
      1626.28   1.7932163e+14
      1626.55   1.7953909e+14
      1626.81   1.7975460e+14
      1627.07   1.8021839e+14
      1627.34   1.8071652e+14
      1627.60   1.8102214e+14
      1627.87   1.8106776e+14
      1628.13   1.8108585e+14
      1628.40   1.8114452e+14
      1628.67   1.8107429e+14
      1628.93   1.8051017e+14
      1629.19   1.7965793e+14
      1629.46   1.7875910e+14
      1629.73   1.7812240e+14
      1629.99   1.7773371e+14
      1630.26   1.7802920e+14
      1630.52   1.7865199e+14
      1630.79   1.7898475e+14
      1631.06   1.7891030e+14
      1631.32   1.7877552e+14
      1631.59   1.7877810e+14
      1631.85   1.7869916e+14
      1632.12   1.7846907e+14
      1632.39   1.7818593e+14
      1632.65   1.7780445e+14
      1632.92   1.7672215e+14
      1633.19   1.7522339e+14
      1633.45   1.7430382e+14
      1633.72   1.7433605e+14
      1633.99   1.7467457e+14
      1634.25   1.7536683e+14
      1634.52   1.7647414e+14
      1634.79   1.7747704e+14
      1635.06   1.7775210e+14
      1635.32   1.7768589e+14
      1635.59   1.7757228e+14
      1635.86   1.7709671e+14
      1636.13   1.7549380e+14
      1636.39   1.7349369e+14
      1636.66   1.7195360e+14
      1636.93   1.7139778e+14
      1637.20   1.7111300e+14
      1637.46   1.7149250e+14
      1637.73   1.7076045e+14
      1638.00   1.6899732e+14
      1638.27   1.6665179e+14
      1638.54   1.6564390e+14
      1638.81   1.6524459e+14
      1639.08   1.6626598e+14
      1639.34   1.6775137e+14
      1639.61   1.6894893e+14
      1639.88   1.6882240e+14
      1640.15   1.6854455e+14
      1640.42   1.6815916e+14
      1640.69   1.6785545e+14
      1640.96   1.6741563e+14
      1641.23   1.6711838e+14
      1641.50   1.6695394e+14
      1641.77   1.6730316e+14
      1642.04   1.6799115e+14
      1642.31   1.6892177e+14
      1642.58   1.6987907e+14
      1642.84   1.7080368e+14
      1643.11   1.7111585e+14
      1643.39   1.7066274e+14
      1643.66   1.7010041e+14
      1643.93   1.6983081e+14
      1644.20   1.6920493e+14
      1644.47   1.6863964e+14
      1644.74   1.6884697e+14
      1645.01   1.6962150e+14
      1645.28   1.7006590e+14
      1645.55   1.7068572e+14
      1645.82   1.7161596e+14
      1646.09   1.7224851e+14
      1646.36   1.7236554e+14
      1646.63   1.7236438e+14
      1646.90   1.7256576e+14
      1647.18   1.7266151e+14
      1647.45   1.7273237e+14
      1647.72   1.7273122e+14
      1647.99   1.7275803e+14
      1648.26   1.7192111e+14
      1648.53   1.7078581e+14
      1648.81   1.7004326e+14
      1649.08   1.7001598e+14
      1649.35   1.7010205e+14
      1649.62   1.7097647e+14
      1649.89   1.7219233e+14
      1650.17   1.7228742e+14
      1650.44   1.7132462e+14
      1650.71   1.7052263e+14
      1650.98   1.7028954e+14
      1651.26   1.7011016e+14
      1651.53   1.7083690e+14
      1651.80   1.7199127e+14
      1652.07   1.7241007e+14
      1652.35   1.7204392e+14
      1652.62   1.7180426e+14
      1652.89   1.7185166e+14
      1653.17   1.7174955e+14
      1653.44   1.7210314e+14
      1653.71   1.7249075e+14
      1653.99   1.7242915e+14
      1654.26   1.7184175e+14
      1654.53   1.7140437e+14
      1654.81   1.7124174e+14
      1655.08   1.7141081e+14
      1655.36   1.7186903e+14
      1655.63   1.7233992e+14
      1655.90   1.7269372e+14
      1656.18   1.7293189e+14
      1656.45   1.7299913e+14
      1656.73   1.7286055e+14
      1657.00   1.7278249e+14
      1657.28   1.7283045e+14
      1657.55   1.7287409e+14
      1657.82   1.7282918e+14
      1658.10   1.7272297e+14
      1658.38   1.7236719e+14
      1658.65   1.7178683e+14
      1658.93   1.7124762e+14
      1659.20   1.7103690e+14
      1659.48   1.7117342e+14
      1659.75   1.7168594e+14
      1660.03   1.7240786e+14
      1660.30   1.7301606e+14
      1660.58   1.7336287e+14
      1660.85   1.7354198e+14
      1661.13   1.7353776e+14
      1661.41   1.7337745e+14
      1661.68   1.7304994e+14
      1661.96   1.7263795e+14
      1662.23   1.7222212e+14
      1662.51   1.7189867e+14
      1662.79   1.7151596e+14
      1663.06   1.7125222e+14
      1663.34   1.7117214e+14
      1663.62   1.7120897e+14
      1663.89   1.7111612e+14
      1664.17   1.7094779e+14
      1664.45   1.7080826e+14
      1664.72   1.7056493e+14
      1665.00   1.7010597e+14
      1665.28   1.6952090e+14
      1665.56   1.6916024e+14
      1665.83   1.6906205e+14
      1666.11   1.6906385e+14
      1666.39   1.6921782e+14
      1666.67   1.6947866e+14
      1666.94   1.6953022e+14
      1667.22   1.6922266e+14
      1667.50   1.6856533e+14
      1667.78   1.6733974e+14
      1668.06   1.6612049e+14
      1668.33   1.6575410e+14
      1668.61   1.6620403e+14
      1668.89   1.6703984e+14
      1669.17   1.6840277e+14
      1669.45   1.6980638e+14
      1669.73   1.7051692e+14
      1670.01   1.7045213e+14
      1670.29   1.7019244e+14
      1670.56   1.6990960e+14
      1670.84   1.6961179e+14
      1671.12   1.6890309e+14
      1671.40   1.6723030e+14
      1671.68   1.6523097e+14
      1671.96   1.6354350e+14
      1672.24   1.6256067e+14
      1672.52   1.6239305e+14
      1672.80   1.6362946e+14
      1673.08   1.6542444e+14
      1673.36   1.6677598e+14
      1673.64   1.6733269e+14
      1673.92   1.6752507e+14
      1674.20   1.6746707e+14
      1674.48   1.6704947e+14
      1674.76   1.6580604e+14
      1675.04   1.6433076e+14
      1675.32   1.6336682e+14
      1675.60   1.6303003e+14
      1675.88   1.6256929e+14
      1676.17   1.6292143e+14
      1676.45   1.6389504e+14
      1676.73   1.6477715e+14
      1677.01   1.6492301e+14
      1677.29   1.6528183e+14
      1677.57   1.6556249e+14
      1677.85   1.6536837e+14
      1678.13   1.6471074e+14
      1678.42   1.6406030e+14
      1678.70   1.6345734e+14
      1678.98   1.6286692e+14
      1679.26   1.6219471e+14
      1679.54   1.6097956e+14
      1679.82   1.5926980e+14
      1680.11   1.5739461e+14
      1680.39   1.5546480e+14
      1680.67   1.5371463e+14
      1680.95   1.5295356e+14
      1681.24   1.5315809e+14
      1681.52   1.5379601e+14
      1681.80   1.5500698e+14
      1682.09   1.5678910e+14
      1682.37   1.5828463e+14
      1682.65   1.5937797e+14
      1682.94   1.6047777e+14
      1683.22   1.6154042e+14
      1683.50   1.6224108e+14
      1683.78   1.6287658e+14
      1684.07   1.6352523e+14
      1684.35   1.6406435e+14
      1684.64   1.6442951e+14
      1684.92   1.6463177e+14
      1685.20   1.6442687e+14
      1685.49   1.6397166e+14
      1685.77   1.6366738e+14
      1686.06   1.6366604e+14
      1686.34   1.6362715e+14
      1686.62   1.6376262e+14
      1686.91   1.6386059e+14
      1687.19   1.6384344e+14
      1687.48   1.6371047e+14
      1687.76   1.6395894e+14
      1688.05   1.6436095e+14
      1688.33   1.6468027e+14
      1688.62   1.6408367e+14
      1688.90   1.6293143e+14
      1689.19   1.6192266e+14
      1689.47   1.6172309e+14
      1689.76   1.6192328e+14
      1690.05   1.6290758e+14
      1690.33   1.6420160e+14
      1690.62   1.6508773e+14
      1690.90   1.6517997e+14
      1691.19   1.6513587e+14
      1691.47   1.6522058e+14
      1691.76   1.6539352e+14
      1692.05   1.6551146e+14
      1692.33   1.6551186e+14
      1692.62   1.6542700e+14
      1692.91   1.6528036e+14
      1693.19   1.6510870e+14
      1693.48   1.6493030e+14
      1693.77   1.6483103e+14
      1694.05   1.6485320e+14
      1694.34   1.6488442e+14
      1694.63   1.6485603e+14
      1694.92   1.6484045e+14
      1695.20   1.6484798e+14
      1695.49   1.6474548e+14
      1695.78   1.6457503e+14
      1696.06   1.6433345e+14
      1696.35   1.6411607e+14
      1696.64   1.6388951e+14
      1696.93   1.6380408e+14
      1697.22   1.6375658e+14
      1697.51   1.6383067e+14
      1697.79   1.6390323e+14
      1698.08   1.6402725e+14
      1698.37   1.6401826e+14
      1698.66   1.6388139e+14
      1698.95   1.6359932e+14
      1699.23   1.6311278e+14
      1699.52   1.6253157e+14
      1699.81   1.6196303e+14
      1700.10   1.6161079e+14
      1700.39   1.6135534e+14
      1700.68   1.6115279e+14
      1700.97   1.6093585e+14
      1701.26   1.6101717e+14
      1701.55   1.6125003e+14
      1701.84   1.6108298e+14
      1702.13   1.6072189e+14
      1702.42   1.6042120e+14
      1702.71   1.6009322e+14
      1703.00   1.5957026e+14
      1703.29   1.5964466e+14
      1703.58   1.6032663e+14
      1703.87   1.6115361e+14
      1704.16   1.6169864e+14
      1704.45   1.6214680e+14
      1704.74   1.6240072e+14
      1705.03   1.6221383e+14
      1705.32   1.6172547e+14
      1705.61   1.6134164e+14
      1705.90   1.6113928e+14
      1706.19   1.6079403e+14
      1706.48   1.6051181e+14
      1706.78   1.6032816e+14
      1707.07   1.5959887e+14
      1707.36   1.5827585e+14
      1707.65   1.5740382e+14
      1707.94   1.5745375e+14
      1708.23   1.5765729e+14
      1708.53   1.5800766e+14
      1708.82   1.5867836e+14
      1709.11   1.5931114e+14
      1709.40   1.5953799e+14
      1709.69   1.5977243e+14
      1709.99   1.6014773e+14
      1710.28   1.5973690e+14
      1710.57   1.5736763e+14
      1710.86   1.5425369e+14
      1711.16   1.5235805e+14
      1711.45   1.5216425e+14
      1711.74   1.5308346e+14
      1712.04   1.5564348e+14
      1712.33   1.5871112e+14
      1712.62   1.6057086e+14
      1712.92   1.6091339e+14
      1713.21   1.6097168e+14
      1713.50   1.6104668e+14
      1713.80   1.6110578e+14
      1714.09   1.6110612e+14
      1714.38   1.6113012e+14
      1714.68   1.6115488e+14
      1714.97   1.6111706e+14
      1715.27   1.6096338e+14
      1715.56   1.6056186e+14
      1715.85   1.5998220e+14
      1716.15   1.5955599e+14
      1716.44   1.5946639e+14
      1716.74   1.5949986e+14
      1717.03   1.5940645e+14
      1717.33   1.5928625e+14
      1717.62   1.5920961e+14
      1717.92   1.5916041e+14
      1718.21   1.5911581e+14
      1718.51   1.5934424e+14
      1718.80   1.5945425e+14
      1719.10   1.5920610e+14
      1719.39   1.5881940e+14
      1719.69   1.5861080e+14
      1719.99   1.5811359e+14
      1720.28   1.5749671e+14
      1720.58   1.5716758e+14
      1720.87   1.5708652e+14
      1721.17   1.5698782e+14
      1721.47   1.5734510e+14
      1721.76   1.5812170e+14
      1722.06   1.5797951e+14
      1722.36   1.5667850e+14
      1722.65   1.5496991e+14
      1722.95   1.5340640e+14
      1723.25   1.5221438e+14
      1723.54   1.5255279e+14
      1723.84   1.5400493e+14
      1724.14   1.5561418e+14
      1724.44   1.5670350e+14
      1724.73   1.5725190e+14
      1725.03   1.5712537e+14
      1725.33   1.5689347e+14
      1725.62   1.5671669e+14
      1725.92   1.5681124e+14
      1726.22   1.5716720e+14
      1726.52   1.5762409e+14
      1726.82   1.5773515e+14
      1727.12   1.5739451e+14
      1727.41   1.5664738e+14
      1727.71   1.5589773e+14
      1728.01   1.5544857e+14
      1728.31   1.5529352e+14
      1728.61   1.5561128e+14
      1728.91   1.5638828e+14
      1729.21   1.5716655e+14
      1729.51   1.5744874e+14
      1729.81   1.5749449e+14
      1730.10   1.5741593e+14
      1730.40   1.5718383e+14
      1730.70   1.5686067e+14
      1731.00   1.5663988e+14
      1731.30   1.5627010e+14
      1731.60   1.5577425e+14
      1731.90   1.5496074e+14
      1732.20   1.5308460e+14
      1732.50   1.5045184e+14
      1732.80   1.4856365e+14
      1733.10   1.4784110e+14
      1733.40   1.4734485e+14
      1733.70   1.4756909e+14
      1734.00   1.4868402e+14
      1734.31   1.4961916e+14
      1734.61   1.4941450e+14
      1734.91   1.4887848e+14
      1735.21   1.4820232e+14
      1735.51   1.4703928e+14
      1735.81   1.4519668e+14
      1736.11   1.4338770e+14
      1736.41   1.4240566e+14
      1736.71   1.4245932e+14
      1737.02   1.4325760e+14
      1737.32   1.4470003e+14
      1737.62   1.4660160e+14
      1737.92   1.4839976e+14
      1738.22   1.4970605e+14
      1738.53   1.5058777e+14
      1738.83   1.5117117e+14
      1739.13   1.5156239e+14
      1739.43   1.5191417e+14
      1739.74   1.5233740e+14
      1740.04   1.5267299e+14
      1740.34   1.5233532e+14
      1740.64   1.5158785e+14
      1740.95   1.5114594e+14
      1741.25   1.5117192e+14
      1741.55   1.5126932e+14
      1741.86   1.5192027e+14
      1742.16   1.5283527e+14
      1742.46   1.5323265e+14
      1742.77   1.5312611e+14
      1743.07   1.5320823e+14
      1743.38   1.5346438e+14
      1743.68   1.5377187e+14
      1743.98   1.5409263e+14
      1744.29   1.5398687e+14
      1744.59   1.5314603e+14
      1744.90   1.5211219e+14
      1745.20   1.5130268e+14
      1745.51   1.5074288e+14
      1745.81   1.5066115e+14
      1746.11   1.5079245e+14
      1746.42   1.5033265e+14
      1746.72   1.4980344e+14
      1747.03   1.4978292e+14
      1747.33   1.4995382e+14
      1747.64   1.5055451e+14
      1747.95   1.5199063e+14
      1748.25   1.5324822e+14
      1748.56   1.5342758e+14
      1748.86   1.5300189e+14
      1749.17   1.5257681e+14
      1749.47   1.5205731e+14
      1749.78   1.5131866e+14
      1750.09   1.5062660e+14
      1750.39   1.5021171e+14
      1750.70   1.5009216e+14
      1751.01   1.5031345e+14
      1751.31   1.5052142e+14
      1751.62   1.5068198e+14
      1751.93   1.5093856e+14
      1752.23   1.5113044e+14
      1752.54   1.5104532e+14
      1752.85   1.5131766e+14
      1753.16   1.5197508e+14
      1753.46   1.5239369e+14
      1753.77   1.5242669e+14
      1754.08   1.5223072e+14
      1754.39   1.5171916e+14
      1754.69   1.5121678e+14
      1755.00   1.5103231e+14
      1755.31   1.5100492e+14
      1755.62   1.5119324e+14
      1755.93   1.5169443e+14
      1756.23   1.5212155e+14
      1756.54   1.5232503e+14
      1756.85   1.5238157e+14
      1757.16   1.5210861e+14
      1757.47   1.5163841e+14
      1757.78   1.5139032e+14
      1758.09   1.5131442e+14
      1758.40   1.5116326e+14
      1758.71   1.5119071e+14
      1759.02   1.5134417e+14
      1759.32   1.5130340e+14
      1759.63   1.5107542e+14
      1759.94   1.5076425e+14
      1760.25   1.5031416e+14
      1760.56   1.4989923e+14
      1760.87   1.4955396e+14
      1761.18   1.4866897e+14
      1761.49   1.4750603e+14
      1761.80   1.4669724e+14
      1762.11   1.4625546e+14
      1762.43   1.4610620e+14
      1762.74   1.4687692e+14
      1763.05   1.4805307e+14
      1763.36   1.4860445e+14
      1763.67   1.4842881e+14
      1763.98   1.4819273e+14
      1764.29   1.4806173e+14
      1764.60   1.4806035e+14
      1764.91   1.4848972e+14
      1765.22   1.4921657e+14
      1765.54   1.4960543e+14
      1765.85   1.4945106e+14
      1766.16   1.4920923e+14
      1766.47   1.4900439e+14
      1766.78   1.4858387e+14
      1767.10   1.4806492e+14
      1767.41   1.4780542e+14
      1767.72   1.4775128e+14
      1768.03   1.4767594e+14
      1768.35   1.4784389e+14
      1768.66   1.4818269e+14
      1768.97   1.4822945e+14
      1769.28   1.4781926e+14
      1769.60   1.4733171e+14
      1769.91   1.4691726e+14
      1770.22   1.4653666e+14
      1770.54   1.4632373e+14
      1770.85   1.4647986e+14
      1771.17   1.4677554e+14
      1771.48   1.4703351e+14
      1771.79   1.4730422e+14
      1772.11   1.4757105e+14
      1772.42   1.4773141e+14
      1772.73   1.4781526e+14
      1773.05   1.4780289e+14
      1773.36   1.4772727e+14
      1773.68   1.4762878e+14
      1773.99   1.4742195e+14
      1774.31   1.4706977e+14
      1774.62   1.4671193e+14
      1774.94   1.4631599e+14
      1775.25   1.4588900e+14
      1775.57   1.4559103e+14
      1775.88   1.4531755e+14
      1776.20   1.4498456e+14
      1776.52   1.4442053e+14
      1776.83   1.4352075e+14
      1777.15   1.4278532e+14
      1777.46   1.4278012e+14
      1777.78   1.4320155e+14
      1778.09   1.4388997e+14
      1778.41   1.4460241e+14
      1778.73   1.4483352e+14
      1779.04   1.4456176e+14
      1779.36   1.4430406e+14
      1779.68   1.4425080e+14
      1779.99   1.4456609e+14
      1780.31   1.4513599e+14
      1780.63   1.4556491e+14
      1780.94   1.4547929e+14
      1781.26   1.4500734e+14
      1781.58   1.4457961e+14
      1781.90   1.4424309e+14
      1782.21   1.4378896e+14
      1782.53   1.4356079e+14
      1782.85   1.4376373e+14
      1783.17   1.4388574e+14
      1783.48   1.4374329e+14
      1783.80   1.4371518e+14
      1784.12   1.4358136e+14
      1784.44   1.4308679e+14
      1784.76   1.4269927e+14
      1785.08   1.4273975e+14
      1785.40   1.4296354e+14
      1785.71   1.4341076e+14
      1786.03   1.4406659e+14
      1786.35   1.4463275e+14
      1786.67   1.4496679e+14
      1786.99   1.4515615e+14
      1787.31   1.4518154e+14
      1787.63   1.4511145e+14
      1787.95   1.4501497e+14
      1788.27   1.4489626e+14
      1788.59   1.4468269e+14
      1788.91   1.4437422e+14
      1789.23   1.4411266e+14
      1789.55   1.4399765e+14
      1789.87   1.4394473e+14
      1790.19   1.4395566e+14
      1790.51   1.4403509e+14
      1790.83   1.4404364e+14
      1791.15   1.4386151e+14
      1791.47   1.4362351e+14
      1791.79   1.4344762e+14
      1792.11   1.4329882e+14
      1792.44   1.4315153e+14
      1792.76   1.4310159e+14
      1793.08   1.4310919e+14
      1793.40   1.4295219e+14
      1793.72   1.4268179e+14
      1794.04   1.4259181e+14
      1794.37   1.4264964e+14
      1794.69   1.4274743e+14
      1795.01   1.4300275e+14
      1795.33   1.4331763e+14
      1795.66   1.4333682e+14
      1795.98   1.4309921e+14
      1796.30   1.4285999e+14
      1796.62   1.4262457e+14
      1796.94   1.4243957e+14
      1797.27   1.4247138e+14
      1797.59   1.4266811e+14
      1797.91   1.4286486e+14
      1798.24   1.4309144e+14
      1798.56   1.4334201e+14
      1798.89   1.4352466e+14
      1799.21   1.4357427e+14
      1799.53   1.4345890e+14
      1799.86   1.4306453e+14
      1800.18   1.4241028e+14
      1800.50   1.4187845e+14
      1800.83   1.4168243e+14
      1801.15   1.4134204e+14
      1801.48   1.4075833e+14
      1801.80   1.4034623e+14
      1802.13   1.3997887e+14
      1802.45   1.3947886e+14
      1802.78   1.3944841e+14
      1803.10   1.4008604e+14
      1803.43   1.4083563e+14
      1803.75   1.4145925e+14
      1804.08   1.4199635e+14
      1804.40   1.4224843e+14
      1804.73   1.4222485e+14
      1805.05   1.4212887e+14
      1805.38   1.4199077e+14
      1805.71   1.4166839e+14
      1806.03   1.4125089e+14
      1806.36   1.4104403e+14
      1806.69   1.4096111e+14
      1807.01   1.4080554e+14
      1807.34   1.4077806e+14
      1807.67   1.4091405e+14
      1807.99   1.4099600e+14
      1808.32   1.4108617e+14
      1808.64   1.4119972e+14
      1808.97   1.4119654e+14
      1809.30   1.4115530e+14
      1809.63   1.4112290e+14
      1809.95   1.4106395e+14
      1810.28   1.4103070e+14
      1810.61   1.4097732e+14
      1810.94   1.4080923e+14
      1811.27   1.4048516e+14
      1811.59   1.4011161e+14
      1811.92   1.3986477e+14
      1812.25   1.3976659e+14
      1812.58   1.3975396e+14
      1812.91   1.3981100e+14
      1813.24   1.3980737e+14
      1813.57   1.3947680e+14
      1813.89   1.3887726e+14
      1814.22   1.3833101e+14
      1814.55   1.3783217e+14
      1814.88   1.3726907e+14
      1815.21   1.3676585e+14
      1815.54   1.3626682e+14
      1815.87   1.3547351e+14
      1816.20   1.3430554e+14
      1816.53   1.3271022e+14
      1816.86   1.3051776e+14
      1817.19   1.2804921e+14
      1817.52   1.2612893e+14
      1817.85   1.2530372e+14
      1818.18   1.2567299e+14
      1818.51   1.2716410e+14
      1818.84   1.2938252e+14
      1819.17   1.3158199e+14
      1819.51   1.3322780e+14
      1819.84   1.3427347e+14
      1820.17   1.3499879e+14
      1820.50   1.3558391e+14
      1820.83   1.3568606e+14
      1821.16   1.3534659e+14
      1821.49   1.3500297e+14
      1821.83   1.3442941e+14
      1822.16   1.3376795e+14
      1822.49   1.3384401e+14
      1822.82   1.3455782e+14
      1823.15   1.3538312e+14
      1823.49   1.3648979e+14
      1823.82   1.3758297e+14
      1824.15   1.3805376e+14
      1824.48   1.3808323e+14
      1824.82   1.3796471e+14
      1825.15   1.3784202e+14
      1825.48   1.3781891e+14
      1825.82   1.3786656e+14
      1826.15   1.3799801e+14
      1826.48   1.3817432e+14
      1826.82   1.3820906e+14
      1827.15   1.3813386e+14
      1827.48   1.3805299e+14
      1827.82   1.3750389e+14
      1828.15   1.3650841e+14
      1828.49   1.3594422e+14
      1828.82   1.3591341e+14
      1829.16   1.3597228e+14
      1829.49   1.3636358e+14
      1829.83   1.3711774e+14
      1830.16   1.3755422e+14
      1830.50   1.3759299e+14
      1830.83   1.3763177e+14
      1831.17   1.3772933e+14
      1831.50   1.3753237e+14
      1831.84   1.3687603e+14
      1832.17   1.3603594e+14
      1832.51   1.3522493e+14
      1832.84   1.3478097e+14
      1833.18   1.3500301e+14
      1833.52   1.3564643e+14
      1833.85   1.3627618e+14
      1834.19   1.3673949e+14
      1834.53   1.3680029e+14
      1834.86   1.3650969e+14
      1835.20   1.3621395e+14
      1835.54   1.3604112e+14
      1835.87   1.3603090e+14
      1836.21   1.3618908e+14
      1836.55   1.3633424e+14
      1836.89   1.3598305e+14
      1837.22   1.3515312e+14
      1837.56   1.3460933e+14
      1837.90   1.3443430e+14
      1838.23   1.3436078e+14
      1838.57   1.3466132e+14
      1838.91   1.3522393e+14
      1839.25   1.3528729e+14
      1839.59   1.3494194e+14
      1839.93   1.3478402e+14
      1840.27   1.3490794e+14
      1840.60   1.3516546e+14
      1840.94   1.3543454e+14
      1841.28   1.3538394e+14
      1841.62   1.3442835e+14
      1841.96   1.3292216e+14
      1842.30   1.3185749e+14
      1842.64   1.3137407e+14
      1842.98   1.3140154e+14
      1843.32   1.3208877e+14
      1843.66   1.3299616e+14
      1844.00   1.3349676e+14
      1844.34   1.3375368e+14
      1844.68   1.3391543e+14
      1845.02   1.3401593e+14
      1845.36   1.3422682e+14
      1845.70   1.3436313e+14
      1846.04   1.3344839e+14
      1846.38   1.3146158e+14
      1846.72   1.2980196e+14
      1847.06   1.2873693e+14
      1847.40   1.2833439e+14
      1847.75   1.2914911e+14
      1848.09   1.3091933e+14
      1848.43   1.3234795e+14
      1848.77   1.3328826e+14
      1849.11   1.3389050e+14
      1849.45   1.3418343e+14
      1849.80   1.3440742e+14
      1850.14   1.3464537e+14
      1850.48   1.3483891e+14
      1850.82   1.3491644e+14
      1851.17   1.3484306e+14
      1851.51   1.3460897e+14
      1851.85   1.3414222e+14
      1852.19   1.3345097e+14
      1852.54   1.3280312e+14
      1852.88   1.3242733e+14
      1853.22   1.3240461e+14
      1853.57   1.3275405e+14
      1853.91   1.3337944e+14
      1854.26   1.3389196e+14
      1854.60   1.3390409e+14
      1854.94   1.3310510e+14
      1855.29   1.3186826e+14
      1855.63   1.3115934e+14
      1855.98   1.3106259e+14
      1856.32   1.3134533e+14
      1856.67   1.3218041e+14
      1857.01   1.3330528e+14
      1857.36   1.3388797e+14
      1857.70   1.3384130e+14
      1858.05   1.3341730e+14
      1858.39   1.3285582e+14
      1858.74   1.3230812e+14
      1859.08   1.3157237e+14
      1859.43   1.3088098e+14
      1859.77   1.3068880e+14
      1860.12   1.3081212e+14
      1860.47   1.3083360e+14
      1860.81   1.3074152e+14
      1861.16   1.3079785e+14
      1861.50   1.3091629e+14
      1861.85   1.3078441e+14
      1862.20   1.3052557e+14
      1862.54   1.3076847e+14
      1862.89   1.3114170e+14
      1863.24   1.3104459e+14
      1863.59   1.3085459e+14
      1863.93   1.3098396e+14
      1864.28   1.3097227e+14
      1864.63   1.3086267e+14
      1864.98   1.3085264e+14
      1865.32   1.3067367e+14
      1865.67   1.3001906e+14
      1866.02   1.2912393e+14
      1866.37   1.2849020e+14
      1866.72   1.2818053e+14
      1867.06   1.2800865e+14
      1867.41   1.2807800e+14
      1867.76   1.2869897e+14
      1868.11   1.2923460e+14
      1868.46   1.2956400e+14
      1868.81   1.3009185e+14
      1869.16   1.3071476e+14
      1869.51   1.3088394e+14
      1869.86   1.3065998e+14
      1870.21   1.3035254e+14
      1870.56   1.3006485e+14
      1870.91   1.2972290e+14
      1871.26   1.2923240e+14
      1871.61   1.2844453e+14
      1871.96   1.2724487e+14
      1872.31   1.2624668e+14
      1872.66   1.2566037e+14
      1873.01   1.2507218e+14
      1873.36   1.2448032e+14
      1873.71   1.2396759e+14
      1874.06   1.2251351e+14
      1874.41   1.1918541e+14
      1874.77   1.1444772e+14
      1875.12   1.1038465e+14
      1875.47   1.0839625e+14
      1875.82   1.0848861e+14
      1876.17   1.1094876e+14
      1876.53   1.1548733e+14
      1876.88   1.1994014e+14
      1877.23   1.2282145e+14
      1877.58   1.2448894e+14
      1877.93   1.2557326e+14
      1878.29   1.2631629e+14
      1878.64   1.2674127e+14
      1878.99   1.2678441e+14
      1879.35   1.2667928e+14
      1879.70   1.2661850e+14
      1880.05   1.2676810e+14
      1880.41   1.2719425e+14
      1880.76   1.2788795e+14
      1881.11   1.2851813e+14
      1881.47   1.2880555e+14
      1881.82   1.2872660e+14
      1882.18   1.2856541e+14
      1882.53   1.2849562e+14
      1882.89   1.2848288e+14
      1883.24   1.2850448e+14
      1883.59   1.2854545e+14
      1883.95   1.2838078e+14
      1884.30   1.2797012e+14
      1884.66   1.2765755e+14
      1885.01   1.2701084e+14
      1885.37   1.2584629e+14
      1885.72   1.2538934e+14
      1886.08   1.2573541e+14
      1886.44   1.2613283e+14
      1886.79   1.2685720e+14
      1887.15   1.2791476e+14
      1887.51   1.2836149e+14
      1887.86   1.2827108e+14
      1888.22   1.2804869e+14
      1888.57   1.2776727e+14
      1888.93   1.2740675e+14
      1889.29   1.2669692e+14
      1889.64   1.2562420e+14
      1890.00   1.2511498e+14
      1890.36   1.2525121e+14
      1890.72   1.2544058e+14
      1891.07   1.2549689e+14
      1891.43   1.2573521e+14
      1891.79   1.2538227e+14
      1892.15   1.2424657e+14
      1892.51   1.2310036e+14
      1892.86   1.2272066e+14
      1893.22   1.2298310e+14
      1893.58   1.2341849e+14
      1893.94   1.2378988e+14
      1894.30   1.2420953e+14
      1894.66   1.2447748e+14
      1895.02   1.2390548e+14
      1895.38   1.2279728e+14
      1895.73   1.2187684e+14
      1896.09   1.2128780e+14
      1896.45   1.2111136e+14
      1896.81   1.2139077e+14
      1897.17   1.2220247e+14
      1897.53   1.2335492e+14
      1897.89   1.2436166e+14
      1898.25   1.2438431e+14
      1898.61   1.2387771e+14
      1898.97   1.2364061e+14
      1899.33   1.2345252e+14
      1899.70   1.2343689e+14
      1900.06   1.2402696e+14
      1900.42   1.2496671e+14
      1900.78   1.2552431e+14
      1901.14   1.2585957e+14
      1901.50   1.2596204e+14
      1901.86   1.2583513e+14
      1902.23   1.2547947e+14
      1902.59   1.2461960e+14
      1902.95   1.2360936e+14
      1903.31   1.2312164e+14
      1903.67   1.2299229e+14
      1904.04   1.2297138e+14
      1904.40   1.2324226e+14
      1904.76   1.2373972e+14
      1905.12   1.2394066e+14
      1905.49   1.2384779e+14
      1905.85   1.2380832e+14
      1906.21   1.2399210e+14
      1906.58   1.2403248e+14
      1906.94   1.2371620e+14
      1907.31   1.2326055e+14
      1907.67   1.2287944e+14
      1908.03   1.2264180e+14
      1908.40   1.2265050e+14
      1908.76   1.2293545e+14
      1909.13   1.2332511e+14
      1909.49   1.2362813e+14
      1909.86   1.2364728e+14
      1910.22   1.2339419e+14
      1910.58   1.2291726e+14
      1910.95   1.2202573e+14
      1911.31   1.2109214e+14
      1911.68   1.2079837e+14
      1912.05   1.2087574e+14
      1912.41   1.2105191e+14
      1912.78   1.2175532e+14
      1913.14   1.2263538e+14
      1913.51   1.2294490e+14
      1913.88   1.2291795e+14
      1914.24   1.2295826e+14
      1914.61   1.2288438e+14
      1914.97   1.2259553e+14
      1915.34   1.2226536e+14
      1915.71   1.2209972e+14
      1916.08   1.2199969e+14
      1916.44   1.2198412e+14
      1916.81   1.2212729e+14
      1917.18   1.2225860e+14
      1917.55   1.2212613e+14
      1917.91   1.2183977e+14
      1918.28   1.2167640e+14
      1918.65   1.2137880e+14
      1919.02   1.2061280e+14
      1919.39   1.1989869e+14
      1919.75   1.1980232e+14
      1920.12   1.1989061e+14
      1920.49   1.2015085e+14
      1920.86   1.2097907e+14
      1921.23   1.2189075e+14
      1921.60   1.2219257e+14
      1921.97   1.2214529e+14
      1922.34   1.2183442e+14
      1922.71   1.2129901e+14
      1923.08   1.2104432e+14
      1923.45   1.2094374e+14
      1923.82   1.2074371e+14
      1924.19   1.2089150e+14
      1924.56   1.2136156e+14
      1924.93   1.2156270e+14
      1925.30   1.2154426e+14
      1925.67   1.2154296e+14
      1926.04   1.2148335e+14
      1926.41   1.2131733e+14
      1926.78   1.2095388e+14
      1927.15   1.2048566e+14
      1927.53   1.2021544e+14
      1927.90   1.1965157e+14
      1928.27   1.1859967e+14
      1928.64   1.1785660e+14
      1929.01   1.1795680e+14
      1929.39   1.1808030e+14
      1929.76   1.1812300e+14
      1930.13   1.1855938e+14
      1930.50   1.1878102e+14
      1930.88   1.1830886e+14
      1931.25   1.1801711e+14
      1931.62   1.1791016e+14
      1931.99   1.1754076e+14
      1932.37   1.1736654e+14
      1932.74   1.1754005e+14
      1933.11   1.1763780e+14
      1933.49   1.1803268e+14
      1933.86   1.1878255e+14
      1934.24   1.1918038e+14
      1934.61   1.1910622e+14
      1934.98   1.1906657e+14
      1935.36   1.1905714e+14
      1935.73   1.1903603e+14
      1936.11   1.1923308e+14
      1936.48   1.1966133e+14
      1936.86   1.1986380e+14
      1937.23   1.1983601e+14
      1937.61   1.1971660e+14
      1937.98   1.1920334e+14
      1938.36   1.1793666e+14
      1938.74   1.1666586e+14
      1939.11   1.1597168e+14
      1939.49   1.1576639e+14
      1939.86   1.1605989e+14
      1940.24   1.1699797e+14
      1940.62   1.1787330e+14
      1940.99   1.1810792e+14
      1941.37   1.1785186e+14
      1941.75   1.1734978e+14
      1942.12   1.1660058e+14
      1942.50   1.1543427e+14
      1942.88   1.1378991e+14
      1943.26   1.1201644e+14
      1943.64   1.1024548e+14
      1944.01   1.0812141e+14
      1944.39   1.0596680e+14
      1944.77   1.0462931e+14
      1945.15   1.0400706e+14
      1945.53   1.0456560e+14
      1945.90   1.0650633e+14
      1946.28   1.0904924e+14
      1946.66   1.1129152e+14
      1947.04   1.1329305e+14
      1947.42   1.1453944e+14
      1947.80   1.1522671e+14
      1948.18   1.1576647e+14
      1948.56   1.1599187e+14
      1948.94   1.1565330e+14
      1949.32   1.1540590e+14
      1949.70   1.1535054e+14
      1950.08   1.1469178e+14
      1950.46   1.1335199e+14
      1950.84   1.1280325e+14
      1951.22   1.1274055e+14
      1951.60   1.1280044e+14
      1951.98   1.1359902e+14
      1952.36   1.1539238e+14
      1952.74   1.1677898e+14
      1953.12   1.1740435e+14
      1953.51   1.1760687e+14
      1953.89   1.1768749e+14
      1954.27   1.1775948e+14
      1954.65   1.1763641e+14
      1955.03   1.1730293e+14
      1955.42   1.1711038e+14
      1955.80   1.1703532e+14
      1956.18   1.1689840e+14
      1956.56   1.1677359e+14
      1956.95   1.1689895e+14
      1957.33   1.1696506e+14
      1957.71   1.1686028e+14
      1958.10   1.1673892e+14
      1958.48   1.1670034e+14
      1958.86   1.1649426e+14
      1959.25   1.1629770e+14
      1959.63   1.1621366e+14
      1960.02   1.1619243e+14
      1960.40   1.1620698e+14
      1960.78   1.1606696e+14
      1961.17   1.1556358e+14
      1961.55   1.1526881e+14
      1961.94   1.1489347e+14
      1962.32   1.1402604e+14
      1962.71   1.1345028e+14
      1963.09   1.1325279e+14
      1963.48   1.1269324e+14
      1963.86   1.1256469e+14
      1964.25   1.1313932e+14
      1964.64   1.1361006e+14
      1965.02   1.1381328e+14
      1965.41   1.1408329e+14
      1965.80   1.1399365e+14
      1966.18   1.1387421e+14
      1966.57   1.1397712e+14
      1966.95   1.1433233e+14
      1967.34   1.1472800e+14
      1967.73   1.1503442e+14
      1968.12   1.1495192e+14
      1968.50   1.1475976e+14
      1968.89   1.1463852e+14
      1969.28   1.1455323e+14
      1969.67   1.1457577e+14
      1970.06   1.1470445e+14
      1970.44   1.1467437e+14
      1970.83   1.1448726e+14
      1971.22   1.1415607e+14
      1971.61   1.1316995e+14
      1972.00   1.1157061e+14
      1972.39   1.1073464e+14
      1972.78   1.1027868e+14
      1973.17   1.0976192e+14
      1973.55   1.1016666e+14
      1973.94   1.1146625e+14
      1974.33   1.1210357e+14
      1974.72   1.1240263e+14
      1975.11   1.1289486e+14
      1975.50   1.1305953e+14
      1975.89   1.1291370e+14
      1976.28   1.1280568e+14
      1976.68   1.1265093e+14
      1977.07   1.1185183e+14
      1977.46   1.1036743e+14
      1977.85   1.0975332e+14
      1978.24   1.0966918e+14
      1978.63   1.0943618e+14
      1979.02   1.0946645e+14
      1979.41   1.1046095e+14
      1979.81   1.1071717e+14
      1980.20   1.1029194e+14
      1980.59   1.1023957e+14
      1980.98   1.1070760e+14
      1981.38   1.1092169e+14
      1981.77   1.1114209e+14
      1982.16   1.1144818e+14
      1982.55   1.1162281e+14
      1982.95   1.1152566e+14
      1983.34   1.1122088e+14
      1983.73   1.1096719e+14
      1984.13   1.1073730e+14
      1984.52   1.1023161e+14
      1984.92   1.0959842e+14
      1985.31   1.0944632e+14
      1985.70   1.0910746e+14
      1986.10   1.0854738e+14
      1986.49   1.0868502e+14
      1986.89   1.0936057e+14
      1987.28   1.0981610e+14
      1987.68   1.1037889e+14
      1988.07   1.1110750e+14
      1988.47   1.1136883e+14
      1988.86   1.1132472e+14
      1989.26   1.1126291e+14
      1989.65   1.1121083e+14
      1990.05   1.1115870e+14
      1990.45   1.1110123e+14
      1990.84   1.1098168e+14
      1991.24   1.1068123e+14
      1991.64   1.1021743e+14
      1992.03   1.0966123e+14
      1992.43   1.0897260e+14
      1992.83   1.0819140e+14
      1993.22   1.0760161e+14
      1993.62   1.0760811e+14
      1994.02   1.0793877e+14
      1994.42   1.0843919e+14
      1994.81   1.0908008e+14
      1995.21   1.0972184e+14
      1995.61   1.0979293e+14
      1996.01   1.0942846e+14
      1996.41   1.0907539e+14
      1996.81   1.0851413e+14
      1997.20   1.0790460e+14
      1997.60   1.0778677e+14
      1998.00   1.0803812e+14
      1998.40   1.0826643e+14
      1998.80   1.0873256e+14
      1999.20   1.0926471e+14
      1999.60   1.0944358e+14
      2000.00   1.0941677e+14
      2000.40   1.0934182e+14
      2000.80   1.0931139e+14
      2001.20   1.0925960e+14
      2001.60   1.0904548e+14
      2002.00   1.0860306e+14
      2002.40   1.0823624e+14
      2002.80   1.0787461e+14
      2003.20   1.0746375e+14
      2003.61   1.0736243e+14
      2004.01   1.0766803e+14
      2004.41   1.0782291e+14
      2004.81   1.0763228e+14
      2005.21   1.0754213e+14
      2005.62   1.0754719e+14
      2006.02   1.0751652e+14
      2006.42   1.0763782e+14
      2006.82   1.0808089e+14
      2007.23   1.0845266e+14
      2007.63   1.0853038e+14
      2008.03   1.0844353e+14
      2008.44   1.0831375e+14
      2008.84   1.0821876e+14
      2009.24   1.0813897e+14
      2009.65   1.0807702e+14
      2010.05   1.0802044e+14
      2010.45   1.0797188e+14
      2010.86   1.0790187e+14
      2011.26   1.0782638e+14
      2011.67   1.0773298e+14
      2012.07   1.0770493e+14
      2012.48   1.0769123e+14
      2012.88   1.0757980e+14
      2013.29   1.0734189e+14
      2013.69   1.0720163e+14
      2014.10   1.0713310e+14
      2014.50   1.0709233e+14
      2014.91   1.0713503e+14
      2015.32   1.0727533e+14
      2015.72   1.0727790e+14
      2016.13   1.0717808e+14
      2016.54   1.0707465e+14
      2016.94   1.0700259e+14
      2017.35   1.0696289e+14
      2017.76   1.0695553e+14
      2018.16   1.0695802e+14
      2018.57   1.0694620e+14
      2018.98   1.0683178e+14
      2019.39   1.0644931e+14
      2019.79   1.0573292e+14
      2020.20   1.0482368e+14
      2020.61   1.0405900e+14
      2021.02   1.0373874e+14
      2021.43   1.0372170e+14
      2021.84   1.0407393e+14
      2022.24   1.0477483e+14
      2022.65   1.0541024e+14
      2023.06   1.0564401e+14
      2023.47   1.0565078e+14
      2023.88   1.0546740e+14
      2024.29   1.0530106e+14
      2024.70   1.0519862e+14
      2025.11   1.0512080e+14
      2025.52   1.0521415e+14
      2025.93   1.0541584e+14
      2026.34   1.0544518e+14
      2026.75   1.0541322e+14
      2027.16   1.0538300e+14
      2027.57   1.0517039e+14
      2027.99   1.0479421e+14
      2028.40   1.0456607e+14
      2028.81   1.0413717e+14
      2029.22   1.0343524e+14
      2029.63   1.0295538e+14
      2030.05   1.0267512e+14
      2030.46   1.0260089e+14
      2030.87   1.0282149e+14
      2031.28   1.0337693e+14
      2031.69   1.0394520e+14
      2032.11   1.0451466e+14
      2032.52   1.0472768e+14
      2032.93   1.0478869e+14
      2033.35   1.0475740e+14
      2033.76   1.0432118e+14
      2034.17   1.0336936e+14
      2034.59   1.0275240e+14
      2035.00   1.0256475e+14
      2035.42   1.0253864e+14
      2035.83   1.0288611e+14
      2036.24   1.0371610e+14
      2036.66   1.0400772e+14
      2037.07   1.0341306e+14
      2037.49   1.0221741e+14
      2037.91   1.0145691e+14
      2038.32   1.0121450e+14
      2038.74   1.0123615e+14
      2039.15   1.0182550e+14
      2039.57   1.0298831e+14
      2039.98   1.0366459e+14
      2040.40   1.0367954e+14
      2040.82   1.0349815e+14
      2041.23   1.0336672e+14
      2041.65   1.0327706e+14
      2042.07   1.0323283e+14
      2042.48   1.0333232e+14
      2042.90   1.0355742e+14
      2043.32   1.0364881e+14
      2043.74   1.0362194e+14
      2044.15   1.0356318e+14
      2044.57   1.0353626e+14
      2044.99   1.0351387e+14
      2045.41   1.0346633e+14
      2045.83   1.0342420e+14
      2046.24   1.0334290e+14
      2046.66   1.0313392e+14
      2047.08   1.0288929e+14
      2047.50   1.0276403e+14
      2047.92   1.0271626e+14
      2048.34   1.0271412e+14
      2048.76   1.0277580e+14
      2049.18   1.0285672e+14
      2049.60   1.0274047e+14
      2050.02   1.0255937e+14
      2050.44   1.0242654e+14
      2050.86   1.0227996e+14
      2051.28   1.0203285e+14
      2051.70   1.0167596e+14
      2052.12   1.0140211e+14
      2052.54   1.0126436e+14
      2052.97   1.0120524e+14
      2053.39   1.0121645e+14
      2053.81   1.0149850e+14
      2054.23   1.0175869e+14
      2054.65   1.0184968e+14
      2055.08   1.0186370e+14
      2055.50   1.0188646e+14
      2055.92   1.0184515e+14
      2056.34   1.0178092e+14
      2056.77   1.0172674e+14
      2057.19   1.0160838e+14
      2057.61   1.0138734e+14
      2058.04   1.0130466e+14
      2058.46   1.0123930e+14
      2058.88   1.0114186e+14
      2059.31   1.0103613e+14
      2059.73   1.0069183e+14
      2060.16   9.9971201e+13
      2060.58   9.9626590e+13
      2061.01   9.9584740e+13
      2061.43   9.9685161e+13
      2061.85   1.0010696e+14
      2062.28   1.0033522e+14
      2062.71   9.9381256e+13
      2063.13   9.8431553e+13
      2063.56   9.8086152e+13
      2063.98   9.7989644e+13
      2064.41   9.8347292e+13
      2064.84   9.9474763e+13
      2065.26   1.0035181e+14
      2065.69   1.0056859e+14
      2066.12   1.0057750e+14
      2066.54   1.0051372e+14
      2066.97   1.0033206e+14
      2067.40   1.0014940e+14
      2067.82   1.0007720e+14
      2068.25   1.0004453e+14
      2068.68   1.0000912e+14
      2069.11   9.9751595e+13
      2069.54   9.9037709e+13
      2069.97   9.8648072e+13
      2070.39   9.8496107e+13
      2070.82   9.8333044e+13
      2071.25   9.8395004e+13
      2071.68   9.9035508e+13
      2072.11   9.9357882e+13
      2072.54   9.9434905e+13
      2072.97   9.9561794e+13
      2073.40   9.9778264e+13
      2073.83   9.9869232e+13
      2074.26   9.9847591e+13
      2074.69   9.9802761e+13
      2075.12   9.9754849e+13
      2075.55   9.9686849e+13
      2075.98   9.9601213e+13
      2076.41   9.9516483e+13
      2076.84   9.9449271e+13
      2077.27   9.9382063e+13
      2077.71   9.9314797e+13
      2078.14   9.9129032e+13
      2078.57   9.8698775e+13
      2079.00   9.8395181e+13
      2079.43   9.8139637e+13
      2079.87   9.7841391e+13
      2080.30   9.7726488e+13
      2080.73   9.7945140e+13
      2081.17   9.8051807e+13
      2081.60   9.8068512e+13
      2082.03   9.8019373e+13
      2082.47   9.7688274e+13
      2082.90   9.7280885e+13
      2083.33   9.7035775e+13
      2083.77   9.6908429e+13
      2084.20   9.6997374e+13
      2084.64   9.7363007e+13
      2085.07   9.7696143e+13
      2085.51   9.7905762e+13
      2085.94   9.8032748e+13
      2086.38   9.8007381e+13
      2086.81   9.7983860e+13
      2087.25   9.7985464e+13
      2087.68   9.7908023e+13
      2088.12   9.7832392e+13
      2088.55   9.7799528e+13
      2088.99   9.7740593e+13
      2089.43   9.7706746e+13
      2089.86   9.7630103e+13
      2090.30   9.7403545e+13
      2090.74   9.7107058e+13
      2091.18   9.6408121e+13
      2091.61   9.5525437e+13
      2092.05   9.5112847e+13
      2092.49   9.4975033e+13
      2092.93   9.5062717e+13
      2093.36   9.5458987e+13
      2093.80   9.5812511e+13
      2094.24   9.5835143e+13
      2094.68   9.5603120e+13
      2095.12   9.5439836e+13
      2095.56   9.5454052e+13
      2096.00   9.5628861e+13
      2096.44   9.5779410e+13
      2096.88   9.6012243e+13
      2097.31   9.6131162e+13
      2097.75   9.6148357e+13
      2098.20   9.6098320e+13
      2098.64   9.6053801e+13
      2099.08   9.6149492e+13
      2099.52   9.6124642e+13
      2099.96   9.5990332e+13
      2100.40   9.6046799e+13
      2100.84   9.6107035e+13
      2101.28   9.6082149e+13
      2101.72   9.5986053e+13
      2102.17   9.5847831e+13
      2102.61   9.5751670e+13
      2103.05   9.5694857e+13
      2103.49   9.5652938e+13
      2103.93   9.5730971e+13
      2104.38   9.5973118e+13
      2104.82   9.6115054e+13
      2105.26   9.6120966e+13
      2105.71   9.6092482e+13
      2106.15   9.6042325e+13
      2106.59   9.5964049e+13
      2107.04   9.5884787e+13
      2107.48   9.5778207e+13
      2107.93   9.5623781e+13
      2108.37   9.5299228e+13
      2108.81   9.4741593e+13
      2109.26   9.4388563e+13
      2109.71   9.4275962e+13
      2110.15   9.4261070e+13
      2110.59   9.4438923e+13
      2111.04   9.4847288e+13
      2111.49   9.5045065e+13
      2111.93   9.4967357e+13
      2112.38   9.4873544e+13
      2112.82   9.4822994e+13
      2113.27   9.4791240e+13
      2113.72   9.4769867e+13
      2114.17   9.4808756e+13
      2114.61   9.4812796e+13
      2115.06   9.4670804e+13
      2115.51   9.4326329e+13
      2115.95   9.3672472e+13
      2116.40   9.3335158e+13
      2116.85   9.3241938e+13
      2117.30   9.3226952e+13
      2117.75   9.3462953e+13
      2118.20   9.3901887e+13
      2118.64   9.3782284e+13
      2119.09   9.3459657e+13
      2119.54   9.3336122e+13
      2119.99   9.3241797e+13
      2120.44   9.3155031e+13
      2120.89   9.3187275e+13
      2121.34   9.3348992e+13
      2121.79   9.3333053e+13
      2122.24   9.3153545e+13
      2122.69   9.2946565e+13
      2123.14   9.2676088e+13
      2123.59   9.2319418e+13
      2124.04   9.2167935e+13
      2124.50   9.2209506e+13
      2124.95   9.2331499e+13
      2125.40   9.2458170e+13
      2125.85   9.2442863e+13
      2126.30   9.2412370e+13
      2126.75   9.2399904e+13
      2127.21   9.2399712e+13
      2127.66   9.2565419e+13
      2128.11   9.2864836e+13
      2128.56   9.2924495e+13
      2129.02   9.2775557e+13
      2129.47   9.2709020e+13
      2129.93   9.2697548e+13
      2130.38   9.2708776e+13
      2130.83   9.2760873e+13
      2131.29   9.2865220e+13
      2131.74   9.2860365e+13
      2132.20   9.2794769e+13
      2132.65   9.2727213e+13
      2133.11   9.2633972e+13
      2133.56   9.2540695e+13
      2134.02   9.2440706e+13
      2134.47   9.2104872e+13
      2134.93   9.1347496e+13
      2135.38   9.0975070e+13
      2135.84   9.0881271e+13
      2136.30   9.0846459e+13
      2136.75   9.1077184e+13
      2137.21   9.1770791e+13
      2137.67   9.2106590e+13
      2138.12   9.2112947e+13
      2138.58   9.2024023e+13
      2139.04   9.1964600e+13
      2139.50   9.1935684e+13
      2139.95   9.1927708e+13
      2140.41   9.1954054e+13
      2140.87   9.2025235e+13
      2141.33   9.2034476e+13
      2141.79   9.1996912e+13
      2142.25   9.1938377e+13
      2142.70   9.1850207e+13
      2143.16   9.1787776e+13
      2143.62   9.1703379e+13
      2144.08   9.1560623e+13
      2144.54   9.1415937e+13
      2145.00   9.1193780e+13
      2145.46   9.0977999e+13
      2145.92   9.0951468e+13
      2146.38   9.1081684e+13
      2146.84   9.1189035e+13
      2147.30   9.1390186e+13
      2147.77   9.1569424e+13
      2148.23   9.1574564e+13
      2148.69   9.1509766e+13
      2149.15   9.1441157e+13
      2149.61   9.1372506e+13
      2150.07   9.1308606e+13
      2150.54   9.1249502e+13
      2151.00   9.1167314e+13
      2151.46   9.1045819e+13
      2151.93   9.0841807e+13
      2152.39   9.0711540e+13
      2152.85   9.0615787e+13
      2153.32   9.0503628e+13
      2153.78   9.0450952e+13
      2154.24   9.0519186e+13
      2154.71   9.0528882e+13
      2155.17   9.0520625e+13
      2155.64   9.0535370e+13
      2156.10   9.0521295e+13
      2156.57   9.0481232e+13
      2157.03   9.0436343e+13
      2157.50   9.0384688e+13
      2157.96   9.0296468e+13
      2158.43   9.0177403e+13
      2158.90   9.0063080e+13
      2159.36   8.9950590e+13
      2159.83   8.9828386e+13
      2160.29   8.9690753e+13
      2160.76   8.9488459e+13
      2161.23   8.9255183e+13
      2161.70   8.9043940e+13
      2162.16   8.8790122e+13
      2162.63   8.8486978e+13
      2163.10   8.8160497e+13
      2163.57   8.7676455e+13
      2164.03   8.6807779e+13
      2164.50   8.5313621e+13
      2164.97   8.3132607e+13
      2165.44   8.1164683e+13
      2165.91   8.0187053e+13
      2166.38   8.0126477e+13
      2166.85   8.0983354e+13
      2167.32   8.2798684e+13
      2167.79   8.4751818e+13
      2168.26   8.6031371e+13
      2168.73   8.6759901e+13
      2169.20   8.7321261e+13
      2169.67   8.7713470e+13
      2170.14   8.7927719e+13
      2170.61   8.8034602e+13
      2171.08   8.8073747e+13
      2171.55   8.8140025e+13
      2172.02   8.8206286e+13
      2172.50   8.8214498e+13
      2172.97   8.8192689e+13
      2173.44   8.8262851e+13
      2173.91   8.8251698e+13
      2174.39   8.8226960e+13
      2174.86   8.8166367e+13
      2175.33   8.7989838e+13
      2175.80   8.7702576e+13
      2176.28   8.7601396e+13
      2176.75   8.7545709e+13
      2177.23   8.7240740e+13
      2177.70   8.6582476e+13
      2178.18   8.6501371e+13
      2178.65   8.6551208e+13
      2179.12   8.6579747e+13
      2179.60   8.6935515e+13
      2180.07   8.7759532e+13
      2180.55   8.8042829e+13
      2181.02   8.7787005e+13
      2181.50   8.7155975e+13
      2181.98   8.6859047e+13
      2182.45   8.6761274e+13
      2182.93   8.6699451e+13
      2183.41   8.6899248e+13
      2183.88   8.7448359e+13
      2184.36   8.7666875e+13
      2184.84   8.7698602e+13
      2185.31   8.7743253e+13
      2185.79   8.7740768e+13
      2186.27   8.7657496e+13
      2186.75   8.7412470e+13
      2187.23   8.6753288e+13
      2187.71   8.5842320e+13
      2188.18   8.5441745e+13
      2188.66   8.5228175e+13
      2189.14   8.5031076e+13
      2189.62   8.5404497e+13
      2190.10   8.6129353e+13
      2190.58   8.6346105e+13
      2191.06   8.6387245e+13
      2191.54   8.6554350e+13
      2192.02   8.6561364e+13
      2192.50   8.6460930e+13
      2192.98   8.6340949e+13
      2193.46   8.6232675e+13
      2193.95   8.6141892e+13
      2194.43   8.6066700e+13
      2194.91   8.5979761e+13
      2195.39   8.5884124e+13
      2195.87   8.5782156e+13
      2196.35   8.5711437e+13
      2196.84   8.5669063e+13
      2197.32   8.5626705e+13
      2197.80   8.5598026e+13
      2198.28   8.5583038e+13
      2198.77   8.5509305e+13
      2199.25   8.5430604e+13
      2199.74   8.5345036e+13
      2200.22   8.5222180e+13
      2200.70   8.5113984e+13
      2201.19   8.5047881e+13
      2201.67   8.4971982e+13
      2202.16   8.4928400e+13
      2202.64   8.4933857e+13
      2203.13   8.4946172e+13
      2203.61   8.4940854e+13
      2204.10   8.4885473e+13
      2204.58   8.4582593e+13
      2205.07   8.3832379e+13
      2205.56   8.3042662e+13
      2206.04   8.2100276e+13
      2206.53   8.1682193e+13
      2207.02   8.1650260e+13
      2207.50   8.1993896e+13
      2207.99   8.2158752e+13
      2208.48   8.2779146e+13
      2208.97   8.3096769e+13
      2209.46   8.3279702e+13
      2209.95   8.3514899e+13
      2210.43   8.3951076e+13
      2210.92   8.4076259e+13
      2211.41   8.4044834e+13
      2211.90   8.3984822e+13
      2212.39   8.3912935e+13
      2212.88   8.3835135e+13
      2213.37   8.3780956e+13
      2213.86   8.3730685e+13
      2214.35   8.3659666e+13
      2214.84   8.3542211e+13
      2215.33   8.3331656e+13
      2215.82   8.3007359e+13
      2216.31   8.2726365e+13
      2216.80   8.2599346e+13
      2217.29   8.2525634e+13
      2217.79   8.2640639e+13
      2218.28   8.2898992e+13
      2218.77   8.3105049e+13
      2219.26   8.3160890e+13
      2219.76   8.3203927e+13
      2220.25   8.3152994e+13
      2220.74   8.3045642e+13
      2221.24   8.2972881e+13
      2221.73   8.2917924e+13
      2222.22   8.2838154e+13
      2222.72   8.2766300e+13
      2223.21   8.2733027e+13
      2223.71   8.2655202e+13
      2224.20   8.2581259e+13
      2224.69   8.2415149e+13
      2225.19   8.1971877e+13
      2225.68   8.1559917e+13
      2226.18   8.1444310e+13
      2226.68   8.1368324e+13
      2227.17   8.1300198e+13
      2227.67   8.1578407e+13
      2228.16   8.1899454e+13
      2228.66   8.1961503e+13
      2229.16   8.1933177e+13
      2229.65   8.1950560e+13
      2230.15   8.1960021e+13
      2230.65   8.1883982e+13
      2231.15   8.1794025e+13
      2231.65   8.1770634e+13
      2232.14   8.1808874e+13
      2232.64   8.1799384e+13
      2233.14   8.1775981e+13
      2233.64   8.1709733e+13
      2234.14   8.1616624e+13
      2234.64   8.1530472e+13
      2235.14   8.1433139e+13
      2235.64   8.1367324e+13
      2236.14   8.1287522e+13
      2236.64   8.1148898e+13
      2237.14   8.0889611e+13
      2237.64   8.0445838e+13
      2238.14   8.0170352e+13
      2238.64   8.0007416e+13
      2239.14   7.9872343e+13
      2239.64   7.9989659e+13
      2240.14   8.0371409e+13
      2240.65   8.0543785e+13
      2241.15   8.0530478e+13
      2241.65   8.0432345e+13
      2242.15   8.0312160e+13
      2242.66   8.0162969e+13
      2243.16   8.0076652e+13
      2243.66   8.0111265e+13
      2244.17   8.0276800e+13
      2244.67   8.0328444e+13
      2245.17   8.0335729e+13
      2245.68   8.0308142e+13
      2246.18   8.0182479e+13
      2246.69   7.9865642e+13
      2247.19   7.9559634e+13
      2247.70   7.9429715e+13
      2248.20   7.9365816e+13
      2248.71   7.9346010e+13
      2249.21   7.9530587e+13
      2249.72   7.9712241e+13
      2250.23   7.9702498e+13
      2250.73   7.9659645e+13
      2251.24   7.9612788e+13
      2251.75   7.9535809e+13
      2252.25   7.9433681e+13
      2252.76   7.9216114e+13
      2253.27   7.8683153e+13
      2253.77   7.8448190e+13
      2254.28   7.8371836e+13
      2254.79   7.8235180e+13
      2255.30   7.8307055e+13
      2255.81   7.8649412e+13
      2256.32   7.8756642e+13
      2256.83   7.8797545e+13
      2257.34   7.8889751e+13
      2257.85   7.8919653e+13
      2258.36   7.8980752e+13
      2258.87   7.8993564e+13
      2259.38   7.8958050e+13
      2259.89   7.8909460e+13
      2260.40   7.8750059e+13
      2260.91   7.8499923e+13
      2261.42   7.7962534e+13
      2261.93   7.7600284e+13
      2262.44   7.7480800e+13
      2262.96   7.7547721e+13
      2263.47   7.7697420e+13
      2263.98   7.8023640e+13
      2264.49   7.8090759e+13
      2265.01   7.8017677e+13
      2265.52   7.7933255e+13
      2266.03   7.7843732e+13
      2266.55   7.7899600e+13
      2267.06   7.8031240e+13
      2267.57   7.8057819e+13
      2268.09   7.8026888e+13
      2268.60   7.7998970e+13
      2269.12   7.7963917e+13
      2269.63   7.7875280e+13
      2270.15   7.7695560e+13
      2270.66   7.7612913e+13
      2271.18   7.7609128e+13
      2271.70   7.7609401e+13
      2272.21   7.7654196e+13
      2272.73   7.7775973e+13
      2273.24   7.7712471e+13
      2273.76   7.7454428e+13
      2274.28   7.7315817e+13
      2274.79   7.7224770e+13
      2275.31   7.7172860e+13
      2275.83   7.7211253e+13
      2276.35   7.7390641e+13
      2276.87   7.7439224e+13
      2277.39   7.7420861e+13
      2277.90   7.7347699e+13
      2278.42   7.7271468e+13
      2278.94   7.7182019e+13
      2279.46   7.7041718e+13
      2279.98   7.6600736e+13
      2280.50   7.5683087e+13
      2281.02   7.5197921e+13
      2281.54   7.4936153e+13
      2282.06   7.4861340e+13
      2282.58   7.5073222e+13
      2283.10   7.5817082e+13
      2283.63   7.6107564e+13
      2284.15   7.6124504e+13
      2284.67   7.6093618e+13
      2285.19   7.6059894e+13
      2285.71   7.6029926e+13
      2286.24   7.6041701e+13
      2286.76   7.6096251e+13
      2287.28   7.6083586e+13
      2287.81   7.6090271e+13
      2288.33   7.6052142e+13
      2288.85   7.5992560e+13
      2289.38   7.5955402e+13
      2289.90   7.5890735e+13
      2290.43   7.5764816e+13
      2290.95   7.5712301e+13
      2291.48   7.5679154e+13
      2292.00   7.5517423e+13
      2292.53   7.5038288e+13
      2293.05   7.4604916e+13
      2293.58   7.4248961e+13
      2294.10   7.3911254e+13
      2294.63   7.3722533e+13
      2295.16   7.3844941e+13
      2295.68   7.3914354e+13
      2296.21   7.3706856e+13
      2296.74   7.3673055e+13
      2297.27   7.3762904e+13
      2297.79   7.3919305e+13
      2298.32   7.4124881e+13
      2298.85   7.4429854e+13
      2299.38   7.4508728e+13
      2299.91   7.4561072e+13
      2300.44   7.4548907e+13
      2300.97   7.4561352e+13
      2301.50   7.4635231e+13
      2302.03   7.4648701e+13
      2302.56   7.4591444e+13
      2303.09   7.4538252e+13
      2303.62   7.4461461e+13
      2304.15   7.4379457e+13
      2304.68   7.4364141e+13
      2305.21   7.4357552e+13
      2305.74   7.4336741e+13
      2306.27   7.4361128e+13
      2306.80   7.4330061e+13
      2307.34   7.4307180e+13
      2307.87   7.4175380e+13
      2308.40   7.4035274e+13
      2308.94   7.3943429e+13
      2309.47   7.3917350e+13
      2310.00   7.3859352e+13
      2310.54   7.3888821e+13
      2311.07   7.3949180e+13
      2311.60   7.3933371e+13
      2312.14   7.3898012e+13
      2312.67   7.3854394e+13
      2313.21   7.3757123e+13
      2313.74   7.3545483e+13
      2314.28   7.3331647e+13
      2314.81   7.3217730e+13
      2315.35   7.3099666e+13
      2315.89   7.2882939e+13
      2316.42   7.2874517e+13
      2316.96   7.2878476e+13
      2317.50   7.2667825e+13
      2318.03   7.2584027e+13
      2318.57   7.2657112e+13
      2319.11   7.2698179e+13
      2319.65   7.2782633e+13
      2320.19   7.2972447e+13
      2320.72   7.3022869e+13
      2321.26   7.2777945e+13
      2321.80   7.1974127e+13
      2322.34   7.1293019e+13
      2322.88   7.0801820e+13
      2323.42   7.0374566e+13
      2323.96   7.0159068e+13
      2324.50   7.0422077e+13
      2325.04   7.0526762e+13
      2325.58   7.0601751e+13
      2326.12   7.0744038e+13
      2326.66   7.0981626e+13
      2327.21   7.1211031e+13
      2327.75   7.1455079e+13
      2328.29   7.1561532e+13
      2328.83   7.1605881e+13
      2329.37   7.1533157e+13
      2329.92   7.1463520e+13
      2330.46   7.1408357e+13
      2331.00   7.1325150e+13
      2331.55   7.1249178e+13
      2332.09   7.1269666e+13
      2332.63   7.1282892e+13
      2333.18   7.1372931e+13
      2333.72   7.1336313e+13
      2334.27   7.1058699e+13
      2334.81   7.0903526e+13
      2335.36   7.0980872e+13
      2335.90   7.0951579e+13
      2336.45   7.1050178e+13
      2337.00   7.1158184e+13
      2337.54   7.0833368e+13
      2338.09   7.0588549e+13
      2338.63   7.0563237e+13
      2339.18   7.0502527e+13
      2339.73   7.0669928e+13
      2340.28   7.1042613e+13
      2340.82   7.1220649e+13
      2341.37   7.1205920e+13
      2341.92   7.1165094e+13
      2342.47   7.1108635e+13
      2343.02   7.1058398e+13
      2343.57   7.0963243e+13
      2344.12   7.0847165e+13
      2344.67   7.0787432e+13
      2345.22   7.0718869e+13
      2345.77   7.0670883e+13
      2346.32   7.0650031e+13
      2346.87   7.0600982e+13
      2347.42   7.0573852e+13
      2347.97   7.0560302e+13
      2348.52   7.0522705e+13
      2349.07   7.0484044e+13
      2349.62   7.0461068e+13
      2350.18   7.0345015e+13
      2350.73   7.0014584e+13
      2351.28   6.9398518e+13
      2351.83   6.8674566e+13
      2352.39   6.8138739e+13
      2352.94   6.7801526e+13
      2353.50   6.7668290e+13
      2354.05   6.7879318e+13
      2354.60   6.8247396e+13
      2355.16   6.8438954e+13
      2355.71   6.8480020e+13
      2356.27   6.8356655e+13
      2356.82   6.8289780e+13
      2357.38   6.8304608e+13
      2357.94   6.8369845e+13
      2358.49   6.8487474e+13
      2359.05   6.8734279e+13
      2359.60   6.8889923e+13
      2360.16   6.8956417e+13
      2360.72   6.9008252e+13
      2361.27   6.8956108e+13
      2361.83   6.8931283e+13
      2362.39   6.8928512e+13
      2362.95   6.8912045e+13
      2363.51   6.8821975e+13
      2364.07   6.8760213e+13
      2364.62   6.8748945e+13
      2365.19   6.8751041e+13
      2365.74   6.8738657e+13
      2366.30   6.8773691e+13
      2366.86   6.8825597e+13
      2367.42   6.8751068e+13
      2367.99   6.8703920e+13
      2368.55   6.8576611e+13
      2369.11   6.8335353e+13
      2369.67   6.8216314e+13
      2370.23   6.8187981e+13
      2370.79   6.8180734e+13
      2371.35   6.8140749e+13
      2371.92   6.8221126e+13
      2372.48   6.7954054e+13
      2373.04   6.7315014e+13
      2373.60   6.6903883e+13
      2374.17   6.6769479e+13
      2374.73   6.6777725e+13
      2375.30   6.7034474e+13
      2375.86   6.7648029e+13
      2376.43   6.8015345e+13
      2376.99   6.8073861e+13
      2377.56   6.8040340e+13
      2378.12   6.7934848e+13
      2378.69   6.7828271e+13
      2379.25   6.7726946e+13
      2379.82   6.7656294e+13
      2380.39   6.7626920e+13
      2380.95   6.7620815e+13
      2381.52   6.7295883e+13
      2382.09   6.6548150e+13
      2382.65   6.5930483e+13
      2383.22   6.5210894e+13
      2383.79   6.4519680e+13
      2384.36   6.4217319e+13
      2384.93   6.4364404e+13
      2385.50   6.4287649e+13
      2386.06   6.4499567e+13
      2386.64   6.4803973e+13
      2387.21   6.5080964e+13
      2387.77   6.5296517e+13
      2388.34   6.5653471e+13
      2388.92   6.5786474e+13
      2389.49   6.5855741e+13
      2390.06   6.5827251e+13
      2390.63   6.5811543e+13
      2391.20   6.5777687e+13
      2391.77   6.5601236e+13
      2392.34   6.5497050e+13
      2392.92   6.5509958e+13
      2393.49   6.5447238e+13
      2394.06   6.5418564e+13
      2394.64   6.5476194e+13
      2395.21   6.5504695e+13
      2395.78   6.5427278e+13
      2396.36   6.5452214e+13
      2396.93   6.5399291e+13
      2397.51   6.5454142e+13