Solar Flux predicition from Claire et al, 2012
Computed for 2.40000 Ga and 1.00000 AU
wavelength (nm)   flux (photons/cm^2/s/nm)
     0.500000       8649075.5
      1.50000       17297093.
      2.50000   2.3431753e+08
      3.50000   2.1317747e+08
      4.50000   3.7780812e+08
      5.50000   7.9070490e+08
      6.50000   8.2805304e+08
      7.50000   9.9918397e+08
      8.50000   6.8748069e+08
      9.50000   8.5906292e+08
      10.5000   3.2853743e+08
      11.5000   2.5689984e+08
      12.5000   1.7429797e+08
      13.5000   1.8096991e+08
      14.5000   6.1521272e+08
      15.5000   7.9022570e+08
      16.5000   1.1395989e+09
      17.5000   5.3376189e+09
      18.5000   2.8064277e+09
      19.5000   3.0352437e+09
      20.5000   1.5411434e+09
      21.5000   1.2444504e+09
      22.5000   1.8220543e+09
      23.5000   9.5130612e+08
      24.5000   2.4828612e+09
      25.5000   4.2537462e+09
      26.5000   1.4696921e+09
      27.5000   2.6714678e+09
      28.5000   5.7773415e+09
      29.5000   9.9555741e+08
      30.5000   2.6813107e+10
      31.5000   4.3482140e+09
      32.5000   6.2069478e+09
      33.5000   6.2596626e+09
      34.5000   2.7459515e+09
      35.5000   2.4217885e+09
      36.5000   6.2496381e+09
      37.5000   5.6749232e+08
      38.5000   2.4889115e+08
      39.5000   2.5286854e+08
      40.5000   4.3320305e+08
      41.5000   8.6771863e+08
      42.5000   2.1897284e+08
      43.5000   5.2052163e+08
      44.5000   2.0815558e+08
      45.5000   2.3725934e+08
      46.5000   8.7327837e+08
      47.5000   3.5290678e+08
      48.5000   5.9780462e+08
      49.5000   2.1641263e+09
      50.5000   8.9619775e+08
      51.5000   3.1203374e+08
      52.5000   5.5838106e+08
      53.5000   4.1778992e+08
      54.5000   2.7330210e+08
      55.5000   1.2415729e+09
      56.5000   3.8392062e+08
      57.5000   3.8780531e+08
      58.5000   2.2264425e+09
      59.5000   4.7079910e+08
      60.5000   1.9616879e+09
      61.5000   6.0409341e+08
      62.5000   2.6559215e+09
      63.5000   6.8050312e+08
      64.5000   1.5712096e+08
      65.5000   1.2553075e+08
      66.5000   1.1255284e+08
      67.5000   1.1675889e+08
      68.5000   4.0720702e+08
      69.5000   3.0531151e+08
      70.5000   8.0612860e+08
      71.5000   3.5683741e+08
      72.5000   2.7212815e+08
      73.5000   3.5808798e+08
      74.5000   4.4558573e+08
      75.5000   6.8495768e+08
      76.5000   1.7427164e+09
      77.5000   1.6207992e+09
      78.5000   2.2789841e+09
      79.5000   1.0746062e+09
      80.5000   1.1226534e+09
      81.5000   1.2866118e+09
      82.5000   1.9175739e+09
      83.5000   3.2791758e+09
      84.5000   2.4207704e+09
      85.5000   2.7173062e+09
      86.5000   2.9033730e+09
      87.5000   3.4824977e+09
      88.5000   4.0105041e+09
      89.5000   4.9144984e+09
      90.5000   5.8303092e+09
      91.5000   4.4886927e+09
      92.5000   1.6140246e+09
      93.5000   1.4224953e+09
      94.5000   1.0213130e+09
      95.5000   5.9172300e+08
      96.5000   6.1939720e+08
      97.5000   1.2304228e+10
      98.5000   1.2779317e+09
      99.5000   1.9842160e+09
      100.500   8.0880421e+08
      101.500   9.4045207e+08
      102.500   1.3058585e+10
      103.500   1.1544798e+10
      104.500   1.3211580e+09
      105.500   1.1250507e+09
      106.500   1.0771113e+09
      107.500   1.1494458e+09
      108.500   1.9386262e+09
      109.500   1.3115157e+09
      110.500   1.4059474e+09
      111.500   1.2824523e+09
      112.500   1.4234420e+09
      113.500   1.1023964e+09
      114.500   7.4962529e+08
      115.500   1.2376588e+09
      116.500   1.4060784e+09
      117.500   8.1937290e+09
      118.500   1.5976630e+09
      119.500   5.3808142e+09
      119.750   5.2030590e+09
      119.800   5.4378208e+09
      119.850   5.7241809e+09
      119.900   5.9906422e+09
      119.950   6.1561014e+09
      120.000   6.1565571e+09
      120.050   5.9918954e+09
      120.100   5.7040072e+09
      120.150   5.3844763e+09
      120.200   5.1278335e+09
      120.250   5.0640429e+09
      120.300   5.6786392e+09
      120.350   7.9096617e+09
      120.400   1.2580334e+10
      120.450   1.9802276e+10
      120.500   3.6757700e+10
      120.550   4.7612331e+10
      120.600   5.4759100e+10
      120.650   5.5800374e+10
      120.700   5.0323405e+10
      120.750   3.1491247e+10
      120.800   2.4966913e+10
      120.850   1.7134703e+10
      120.900   1.1987779e+10
      120.950   9.8227705e+09
      121.000   9.9594434e+09
      121.050   1.1480343e+10
      121.100   1.4494824e+10
      121.150   2.3094657e+10
      121.200   5.7776157e+10
      121.250   1.7358833e+11
      121.300   4.4383242e+11
      121.350   9.0070192e+11
      121.400   1.5033600e+12
      121.450   2.1443491e+12
      121.500   2.6569004e+12
      121.550   2.8677802e+12
      121.600   2.7063085e+12
      121.650   2.2350136e+12
      121.700   1.6120976e+12
      121.750   1.0020124e+12
      121.800   5.2722644e+11
      121.850   2.3438402e+11
      121.900   9.5412083e+10
      121.950   4.4105405e+10
      122.000   2.6057180e+10
      122.050   1.7957858e+10
      122.100   1.3276347e+10
      122.150   1.0502096e+10
      122.200   8.7938192e+09
      122.250   7.6348378e+09
      122.300   6.7904713e+09
      122.350   6.1512989e+09
      122.400   5.6510296e+09
      122.450   4.7987732e+09
      122.500   4.5170908e+09
      122.550   4.3115339e+09
      122.600   4.1763601e+09
      122.650   4.0903729e+09
      122.700   4.0304244e+09
      122.750   3.9791429e+09
      122.800   3.9085133e+09
      122.850   3.8049917e+09
      122.900   3.6801570e+09
      122.950   3.5359287e+09
      123.000   3.3819656e+09
      123.050   3.2395421e+09
      123.100   3.1270492e+09
      123.150   3.0454742e+09
      123.200   2.9929012e+09
      123.250   2.9635406e+09
      123.300   2.9438504e+09
      123.350   2.9270565e+09
      123.400   2.9044421e+09
      123.450   2.8701890e+09
      123.500   2.8630587e+09
      123.550   2.9800110e+09
      123.600   3.3306951e+09
      123.650   3.9579366e+09
      123.700   4.8502737e+09
      123.750   5.8574872e+09
      123.800   6.6885095e+09
      123.850   7.0665796e+09
      123.900   6.9205292e+09
      123.950   6.3354755e+09
      124.000   5.5646475e+09
      124.050   4.9411577e+09
      124.100   4.6652777e+09
      124.150   4.7041867e+09
      124.200   4.8724069e+09
      124.250   4.9454075e+09
      124.300   4.7548731e+09
      124.350   4.2811786e+09
      124.400   3.6593874e+09
      124.450   3.0704169e+09
      124.500   2.6330441e+09
      124.550   2.3785219e+09
      124.600   2.2816483e+09
      124.650   2.2704471e+09
      124.700   2.2709312e+09
      124.750   2.2587475e+09
      124.800   2.2446088e+09
      124.850   2.2402121e+09
      124.900   2.2553143e+09
      124.950   2.2831009e+09
      125.000   2.2982178e+09
      125.050   2.3026081e+09
      125.100   2.3216379e+09
      125.150   2.3680061e+09
      125.200   2.4690663e+09
      125.250   2.6355950e+09
      125.300   2.8178209e+09
      125.350   2.9610462e+09
      125.400   3.0437498e+09
      125.450   3.0551420e+09
      125.500   3.0147293e+09
      125.550   2.9733210e+09
      125.600   2.9671008e+09
      125.650   3.0293485e+09
      125.700   3.2060898e+09
      125.750   3.5306683e+09
      125.800   4.0227525e+09
      125.850   4.6432881e+09
      125.900   5.2689787e+09
      125.950   5.7205992e+09
      126.000   5.8589386e+09
      126.050   5.6073753e+09
      126.100   4.9940854e+09
      126.150   4.2413493e+09
      126.200   3.7275183e+09
      126.250   3.7812481e+09
      126.300   4.5009752e+09
      126.350   5.7458477e+09
      126.400   7.1560830e+09
      126.450   8.2214391e+09
      126.500   8.4881869e+09
      126.550   7.8674629e+09
      126.600   6.6277928e+09
      126.650   5.1508882e+09
      126.700   3.7834047e+09
      126.750   2.7740225e+09
      126.800   2.1770207e+09
      126.850   1.8894345e+09
      126.900   1.7679002e+09
      126.950   1.7279427e+09
      127.000   1.7273149e+09
      127.050   1.7335737e+09
      127.100   1.7250736e+09
      127.150   1.7067271e+09
      127.200   1.7110153e+09
      127.250   1.7684778e+09
      127.300   1.9027838e+09
      127.350   2.1139807e+09
      127.400   2.3735425e+09
      127.450   2.6282826e+09
      127.500   2.8486276e+09
      127.550   3.0138526e+09
      127.600   3.1061739e+09
      127.650   3.1403413e+09
      127.700   3.1390082e+09
      127.750   3.1011667e+09
      127.800   3.0425846e+09
      127.850   2.9849648e+09
      127.900   2.9184356e+09
      127.950   2.8222540e+09
      128.000   2.6845496e+09
      128.050   2.4924548e+09
      128.100   2.2518651e+09
      128.150   2.0012942e+09
      128.200   1.7802766e+09
      128.250   1.6135473e+09
      128.300   1.5149841e+09
      128.350   1.4678135e+09
      128.400   1.4433770e+09
      128.450   1.4327836e+09
      128.500   1.4459382e+09
      128.550   1.5105720e+09
      128.600   1.6475081e+09
      128.650   1.8666927e+09
      128.700   2.1473751e+09
      128.750   2.4390676e+09
      128.800   2.6674600e+09
      128.850   2.7789957e+09
      128.900   2.7597261e+09
      128.950   2.6175052e+09
      129.000   2.3968844e+09
      129.050   2.1573293e+09
      129.100   1.9404958e+09
      129.150   1.7741811e+09
      129.200   1.6812426e+09
      129.250   1.6776067e+09
      129.300   1.7613412e+09
      129.350   1.9285258e+09
      129.400   2.1543786e+09
      129.450   2.3902555e+09
      129.500   2.5805176e+09
      129.550   2.6963158e+09
      129.600   2.7415821e+09
      129.650   2.7451072e+09
      129.700   2.7625557e+09
      129.750   2.8436673e+09
      129.800   3.0024075e+09
      129.850   3.2945439e+09
      129.900   3.9649805e+09
      129.950   5.4340095e+09
      130.000   7.9400548e+09
      130.050   1.1192950e+10
      130.100   1.4661265e+10
      130.150   1.7792229e+10
      130.200   2.0097409e+10
      130.250   2.1596246e+10
      130.300   2.7259686e+10
      130.350   3.0034806e+10
      130.400   3.3777107e+10
      130.450   3.7439855e+10
      130.500   3.9515367e+10
      130.550   3.2836513e+10
      130.600   2.9449850e+10
      130.650   2.3955748e+10
      130.700   1.7850511e+10
      130.750   1.2621609e+10
      130.800   8.9696783e+09
      130.850   6.8916426e+09
      130.900   5.9677887e+09
      130.950   5.5712173e+09
      131.000   5.2074748e+09
      131.050   4.7376212e+09
      131.100   4.2035912e+09
      131.150   3.6933548e+09
      131.200   3.2689464e+09
      131.250   2.9464220e+09
      131.300   2.6938200e+09
      131.350   2.5091790e+09
      131.400   2.4215690e+09
      131.450   2.4430620e+09
      131.500   2.5556946e+09
      131.550   2.7364814e+09
      131.600   2.9343686e+09
      131.650   3.0892438e+09
      131.700   3.1860497e+09
      131.750   3.2357792e+09
      131.800   3.2183523e+09
      131.850   3.1166838e+09
      131.900   2.9347365e+09
      131.950   2.6845033e+09
      132.000   2.3960458e+09
      132.050   2.1365812e+09
      132.100   1.9703659e+09
      132.150   1.9235561e+09
      132.200   1.9811582e+09
      132.250   2.0980371e+09
      132.300   2.2179739e+09
      132.350   2.2917392e+09
      132.400   2.3042330e+09
      132.450   2.2694921e+09
      132.500   2.2186533e+09
      132.550   2.1778495e+09
      132.600   2.1832902e+09
      132.650   2.2752356e+09
      132.700   2.4658077e+09
      132.750   2.7389623e+09
      132.800   3.0444252e+09
      132.850   3.3067187e+09
      132.900   3.4392325e+09
      132.950   3.4006077e+09
      133.000   3.2018262e+09
      133.050   2.9334608e+09
      133.100   2.9319971e+09
      133.150   4.1650234e+09
      133.200   7.8377214e+09
      133.250   1.4890027e+10
      133.300   2.5923786e+10
      133.350   4.0037616e+10
      133.400   6.4545293e+10
      133.450   7.6770363e+10
      133.500   8.1377683e+10
      133.550   7.6514513e+10
      133.600   6.3388054e+10
      133.650   3.8709388e+10
      133.700   2.4871931e+10
      133.750   1.3938146e+10
      133.800   6.9269309e+09
      133.850   3.4949256e+09
      133.900   2.3344252e+09
      133.950   2.1003619e+09
      134.000   2.0795215e+09
      134.050   2.1001295e+09
      134.100   2.1369259e+09
      134.150   2.1636204e+09
      134.200   2.1812192e+09
      134.250   2.1846578e+09
      134.300   2.1749404e+09
      134.350   2.1682558e+09
      134.400   2.1747298e+09
      134.450   2.1791809e+09
      134.500   2.1866717e+09
      134.550   2.2083470e+09
      134.600   2.2350957e+09
      134.650   2.2598268e+09
      134.700   2.2926755e+09
      134.750   2.3346595e+09
      134.800   2.3969371e+09
      134.850   2.5373243e+09
      134.900   2.7974501e+09
      134.950   3.1844819e+09
      135.000   3.6690633e+09
      135.050   4.1467173e+09
      135.100   4.4692428e+09
      135.150   4.5502600e+09
      135.200   4.4079152e+09
      135.250   4.1934103e+09
      135.300   4.1169733e+09
      135.350   4.3259951e+09
      135.400   4.8490827e+09
      135.450   5.5400558e+09
      135.500   6.1397916e+09
      135.550   6.4520157e+09
      135.600   6.4206430e+09
      135.650   6.1065112e+09
      135.700   5.6946084e+09
      135.750   5.3293579e+09
      135.800   5.0484377e+09
      135.850   4.8345905e+09
      135.900   4.6227010e+09
      135.950   4.3496445e+09
      136.000   4.0652866e+09
      136.050   3.7757332e+09
      136.100   3.5145995e+09
      136.150   3.3562807e+09
      136.200   3.2814702e+09
      136.250   3.2830776e+09
      136.300   3.3009965e+09
      136.350   3.3209606e+09
      136.400   3.2807615e+09
      136.450   3.2038276e+09
      136.500   3.1023812e+09
      136.550   3.0233463e+09
      136.600   2.9636730e+09
      136.650   2.9580765e+09
      136.700   2.9943352e+09
      136.750   3.0888085e+09
      136.800   3.2129318e+09
      136.850   3.3575281e+09
      136.900   3.5062615e+09
      136.950   3.6683309e+09
      137.000   3.8038852e+09
      137.050   3.8996219e+09
      137.100   3.9371168e+09
      137.150   3.9275875e+09
      137.200   3.8607816e+09
      137.250   3.7489439e+09
      137.300   3.5992121e+09
      137.350   3.4453339e+09
      137.400   3.3047051e+09
      137.450   3.1937116e+09
      137.500   3.1041786e+09
      137.550   3.0525011e+09
      137.600   3.0294816e+09
      137.650   3.0433295e+09
      137.700   3.0868934e+09
      137.750   3.1581390e+09
      137.800   3.2499066e+09
      137.850   3.3724582e+09
      137.900   3.4827482e+09
      137.950   3.5807719e+09
      138.000   3.6583174e+09
      138.050   3.6999868e+09
      138.100   3.6831906e+09
      138.150   3.6325249e+09
      138.200   3.5541311e+09
      138.250   3.4674974e+09
      138.300   3.3890461e+09
      138.350   3.3382925e+09
      138.400   3.3111416e+09
      138.450   3.3219881e+09
      138.500   3.3636592e+09
      138.550   3.4310333e+09
      138.600   3.5066521e+09
      138.650   3.5884636e+09
      138.700   3.6517973e+09
      138.750   3.6987001e+09
      138.800   3.7085946e+09
      138.850   3.7030618e+09
      138.900   3.6831232e+09
      138.950   3.6734676e+09
      139.000   3.8747855e+09
      139.050   4.7359766e+09
      139.100   6.6928647e+09
      139.150   9.8973777e+09
      139.200   1.4026779e+10
      139.250   1.8211156e+10
      139.300   2.1480069e+10
      139.350   2.3049946e+10
      139.400   2.2507682e+10
      139.450   1.9955273e+10
      139.500   1.6247355e+10
      139.550   1.2342260e+10
      139.600   8.9483742e+09
      139.650   6.4341895e+09
      139.700   5.0085453e+09
      139.750   4.5275459e+09
      139.800   4.6170652e+09
      139.850   4.9223343e+09
      139.900   7.6502534e+09
      139.950   8.8976718e+09
      140.000   1.0834805e+10
      140.050   1.3417231e+10
      140.100   1.6438698e+10
      140.150   1.3658923e+10
      140.200   1.5045954e+10
      140.250   1.5554933e+10
      140.300   1.5071706e+10
      140.350   1.3678483e+10
      140.400   1.1788432e+10
      140.450   9.8305174e+09
      140.500   8.1181349e+09
      140.550   6.8024605e+09
      140.600   5.9312925e+09
      140.650   5.4489693e+09
      140.700   5.2262978e+09
      140.750   5.0946565e+09
      140.800   4.9981757e+09
      140.850   4.9586223e+09
      140.900   4.9812024e+09
      140.950   5.0545532e+09
      141.000   5.1621205e+09
      141.050   5.2759412e+09
      141.100   5.3887623e+09
      141.150   5.4518597e+09
      141.200   5.4538035e+09
      141.250   5.4070077e+09
      141.300   5.3436003e+09
      141.350   5.2521621e+09
      141.400   5.1866305e+09
      141.450   5.1480577e+09
      141.500   5.1478727e+09
      141.550   5.1663716e+09
      141.600   5.1994110e+09
      141.650   5.2231141e+09
      141.700   5.2437095e+09
      141.750   5.2414586e+09
      141.800   5.2225836e+09
      141.850   5.1974675e+09
      141.900   5.1702628e+09
      141.950   5.1420097e+09
      142.000   5.1210238e+09
      142.050   5.1125069e+09
      142.100   5.1091866e+09
      142.150   5.1578687e+09
      142.200   5.2825065e+09
      142.250   5.5205929e+09
      142.300   5.8565739e+09
      142.350   6.2374180e+09
      142.400   6.5694601e+09
      142.450   6.7787572e+09
      142.500   6.7975652e+09
      142.550   6.6237082e+09
      142.600   6.3195884e+09
      142.650   5.9664039e+09
      142.700   5.6547826e+09
      142.750   5.4274730e+09
      142.800   5.2897269e+09
      142.850   5.2655662e+09
      142.900   5.3592151e+09
      142.950   5.5279776e+09
      143.000   5.7687596e+09
      143.050   6.1055890e+09
      143.100   6.4748696e+09
      143.150   6.8307024e+09
      143.200   7.1042013e+09
      143.250   7.2504392e+09
      143.300   7.2432564e+09
      143.350   7.1201675e+09
      143.400   6.9124456e+09
      143.450   6.7015235e+09
      143.500   6.5239623e+09
      143.550   6.3933607e+09
      143.600   6.3128762e+09
      143.650   6.2658100e+09
      143.700   6.2229096e+09
      143.750   6.1590845e+09
      143.800   6.0994206e+09
      143.850   6.0397371e+09
      143.900   5.9894467e+09
      143.950   5.9527403e+09
      144.000   5.9599682e+09
      144.050   5.9661504e+09
      144.100   6.0047811e+09
      144.150   6.0465630e+09
      144.200   6.0935931e+09
      144.250   6.1500614e+09
      144.300   6.2379675e+09
      144.350   6.3028550e+09
      144.400   6.3824294e+09
      144.450   6.4546936e+09
      144.500   6.5060196e+09
      144.550   6.5343012e+09
      144.600   6.5342858e+09
      144.650   6.4912801e+09
      144.700   6.4398710e+09
      144.750   6.3716638e+09
      144.800   6.2960909e+09
      144.850   6.2435750e+09
      144.900   6.2088797e+09
      144.950   6.1962123e+09
      145.000   6.2150300e+09
      145.050   6.2506500e+09
      145.100   6.2925802e+09
      145.150   6.3523745e+09
      145.200   6.4289922e+09
      145.250   6.5371475e+09
      145.300   6.6537414e+09
      145.350   6.7703700e+09
      145.400   6.8817791e+09
      145.450   6.9669439e+09
      145.500   6.9922101e+09
      145.550   6.9859395e+09
      145.600   6.9460135e+09
      145.650   6.9155398e+09
      145.700   6.9018871e+09
      145.750   6.9113766e+09
      145.800   6.9545406e+09
      145.850   7.0282379e+09
      145.900   7.0787988e+09
      145.950   7.1020035e+09
      146.000   7.1220553e+09
      146.050   7.1642275e+09
      146.100   7.2590748e+09
      146.150   7.4066202e+09
      146.200   7.5995161e+09
      146.250   7.7903625e+09
      146.300   7.9412178e+09
      146.350   8.0014683e+09
      146.400   8.0026982e+09
      146.450   7.9786220e+09
      146.500   8.0230849e+09
      146.550   8.1909620e+09
      146.600   8.4960242e+09
      146.650   8.8718659e+09
      146.700   9.2499324e+09
      146.750   9.5362969e+09
      146.800   9.6496410e+09
      146.850   9.5877734e+09
      146.900   9.4086858e+09
      146.950   9.2295424e+09
      147.000   9.1876462e+09
      147.050   9.4605236e+09
      147.100   1.0101142e+10
      147.150   1.1063176e+10
      147.200   1.2174514e+10
      147.250   1.3169920e+10
      147.300   1.3806200e+10
      147.350   1.3935168e+10
      147.400   1.3503721e+10
      147.450   1.2659672e+10
      147.500   1.1572076e+10
      147.550   1.0472514e+10
      147.600   9.5080536e+09
      147.650   8.7993978e+09
      147.700   8.3540733e+09
      147.750   8.1139775e+09
      147.800   8.0008560e+09
      147.850   8.0666525e+09
      147.900   8.3230956e+09
      147.950   8.7745116e+09
      148.000   9.4305196e+09
      148.050   1.0232939e+10
      148.100   1.0999568e+10
      148.150   1.1584130e+10
      148.200   1.1872066e+10
      148.250   1.1799629e+10
      148.300   1.1472692e+10
      148.350   1.1018399e+10
      148.400   1.0570331e+10
      148.450   1.0296100e+10
      148.500   1.0214879e+10
      148.550   1.0267333e+10
      148.600   1.0345272e+10
      148.650   1.0375467e+10
      148.700   1.0274034e+10
      148.750   1.0045160e+10
      148.800   9.7270178e+09
      148.850   9.4087798e+09
      148.900   9.1308089e+09
      148.950   8.9770534e+09
      149.000   8.9475674e+09
      149.050   9.0381551e+09
      149.100   9.2052925e+09
      149.150   9.3937382e+09
      149.200   9.5577858e+09
      149.250   9.6708410e+09
      149.300   9.6988516e+09
      149.350   9.6726233e+09
      149.400   9.6070255e+09
      149.450   9.5137454e+09
      149.500   9.4183087e+09
      149.550   9.3537060e+09
      149.600   9.3103716e+09
      149.650   9.3010878e+09
      149.700   9.3056421e+09
      149.750   9.3698303e+09
      149.800   9.4958075e+09
      149.850   9.6665577e+09
      149.900   9.8618582e+09
      149.950   1.0097704e+10
      150.000   1.0316567e+10
      150.050   1.0492361e+10
      150.100   1.0605155e+10
      150.150   1.0640102e+10
      150.200   1.0621756e+10
      150.250   1.0566130e+10
      150.300   1.0474321e+10
      150.350   1.0380394e+10
      150.400   1.0310921e+10
      150.450   1.0245695e+10
      150.500   1.0207015e+10
      150.550   1.0187630e+10
      150.600   1.0213885e+10
      150.650   1.0268754e+10
      150.700   1.0331000e+10
      150.750   1.0414395e+10
      150.800   1.0553898e+10
      150.850   1.0733554e+10
      150.900   1.0962856e+10
      150.950   1.1223752e+10
      151.000   1.1463282e+10
      151.050   1.1649727e+10
      151.100   1.1719679e+10
      151.150   1.1662684e+10
      151.200   1.1510590e+10
      151.250   1.1304866e+10
      151.300   1.1088676e+10
      151.350   1.0925371e+10
      151.400   1.0804336e+10
      151.450   1.0778253e+10
      151.500   1.0783731e+10
      151.550   1.0810201e+10
      151.600   1.0836560e+10
      151.650   1.0862809e+10
      151.700   1.0857394e+10
      151.750   1.0862977e+10
      151.800   1.0847485e+10
      151.850   1.0842467e+10
      151.900   1.0868905e+10
      151.950   1.0905769e+10
      152.000   1.0974028e+10
      152.050   1.1063142e+10
      152.100   1.1204532e+10
      152.150   1.1366684e+10
      152.200   1.1560048e+10
      152.250   1.1721771e+10
      152.300   1.1935581e+10
      152.350   1.2295505e+10
      152.400   1.2999858e+10
      152.450   1.4079456e+10
      152.500   1.5429301e+10
      152.550   1.6833265e+10
      152.600   1.7975597e+10
      152.650   1.8564517e+10
      152.700   1.8402475e+10
      152.750   1.7552675e+10
      152.800   1.6317912e+10
      152.850   1.5011033e+10
      152.900   1.3850753e+10
      152.950   1.3076416e+10
      153.000   1.2843810e+10
      153.050   1.3214899e+10
      153.100   1.4137182e+10
      153.150   1.5527031e+10
      153.200   1.7155375e+10
      153.250   1.8658217e+10
      153.300   1.9723930e+10
      153.350   2.0051543e+10
      153.400   1.9548170e+10
      153.450   1.8453188e+10
      153.500   1.7151185e+10
      153.550   1.5907957e+10
      153.600   1.4935575e+10
      153.650   1.4326951e+10
      153.700   1.3998646e+10
      153.750   1.3836330e+10
      153.800   1.3746580e+10
      153.850   1.3729311e+10
      153.900   1.3877492e+10
      153.950   1.4170157e+10
      154.000   1.4514127e+10
      154.050   1.4816423e+10
      154.100   1.4973880e+10
      154.150   1.4873283e+10
      154.200   1.4576861e+10
      154.250   1.4218890e+10
      154.300   1.3912756e+10
      154.350   1.3720110e+10
      154.400   1.3712807e+10
      154.450   1.4065317e+10
      154.500   1.5537529e+10
      154.550   1.9135044e+10
      154.600   2.4751381e+10
      154.650   3.1778143e+10
      154.700   3.9372229e+10
      154.750   4.6097663e+10
      154.800   5.0715988e+10
      154.850   5.2810384e+10
      154.900   8.8952614e+10
      154.950   8.4221661e+10
      155.000   7.7719688e+10
      155.050   7.0022812e+10
      155.100   6.1655362e+10
      155.150   3.1241386e+10
      155.200   2.6776379e+10
      155.250   2.2581080e+10
      155.300   1.8920084e+10
      155.350   1.6098305e+10
      155.400   1.4450494e+10
      155.450   1.3852738e+10
      155.500   1.3825243e+10
      155.550   1.4030035e+10
      155.600   1.4519038e+10
      155.650   1.5372893e+10
      155.700   1.6651757e+10
      155.750   1.8506979e+10
      155.800   2.0998176e+10
      155.850   2.4012732e+10
      155.900   2.7154890e+10
      155.950   2.9867969e+10
      156.000   3.1657602e+10
      156.050   3.2131626e+10
      156.100   3.1181575e+10
      156.150   2.9062486e+10
      156.200   2.6311078e+10
      156.250   2.3482686e+10
      156.300   2.1030504e+10
      156.350   1.9104740e+10
      156.400   1.7824906e+10
      156.450   1.7109419e+10
      156.500   1.6796428e+10
      156.550   1.6768129e+10
      156.600   1.6910355e+10
      156.650   1.7202826e+10
      156.700   1.7655339e+10
      156.750   1.8217589e+10
      156.800   1.8839341e+10
      156.850   1.9450493e+10
      156.900   1.9931031e+10
      156.950   2.0241213e+10
      157.000   2.0261327e+10
      157.050   2.0071756e+10
      157.100   1.9772564e+10
      157.150   1.9593394e+10
      157.200   1.9743469e+10
      157.250   2.0292059e+10
      157.300   2.1109103e+10
      157.350   2.1975163e+10
      157.400   2.2611481e+10
      157.450   2.2710046e+10
      157.500   2.2221890e+10
      157.550   2.1252593e+10
      157.600   2.0026368e+10
      157.650   1.8772070e+10
      157.700   1.7717764e+10
      157.750   1.6981950e+10
      157.800   1.6623366e+10
      157.850   1.6601634e+10
      157.900   1.6856675e+10
      157.950   1.7200244e+10
      158.000   1.7503789e+10
      158.050   1.7678552e+10
      158.100   1.7626311e+10
      158.150   1.7396756e+10
      158.200   1.7118277e+10
      158.250   1.6977851e+10
      158.300   1.7053858e+10
      158.350   1.7296661e+10
      158.400   1.7666658e+10
      158.450   1.8026207e+10
      158.500   1.8297026e+10
      158.550   1.8508535e+10
      158.600   1.8700138e+10
      158.650   1.8910906e+10
      158.700   1.9189736e+10
      158.750   1.9448544e+10
      158.800   1.9609352e+10
      158.850   1.9613863e+10
      158.900   1.9433214e+10
      158.950   1.9087355e+10
      159.000   1.8722505e+10
      159.050   1.8397074e+10
      159.100   1.8188580e+10
      159.150   1.8135622e+10
      159.200   1.8286288e+10
      159.250   1.8533618e+10
      159.300   1.8838542e+10
      159.350   1.9113900e+10
      159.400   1.9282455e+10
      159.450   1.9267238e+10
      159.500   1.9020338e+10
      159.550   1.8571416e+10
      159.600   1.8046081e+10
      159.650   1.7531141e+10
      159.700   1.7084317e+10
      159.750   1.6801543e+10
      159.800   1.6720899e+10
      159.850   1.6832202e+10
      159.900   1.7106378e+10
      159.950   1.7619521e+10
      160.000   1.8294607e+10
      160.050   1.9073658e+10
      160.100   1.9841946e+10
      160.150   2.0465663e+10
      160.200   2.0830650e+10
      160.250   2.0851726e+10
      160.300   2.0567873e+10
      160.350   2.0084553e+10
      160.400   1.9535444e+10
      160.450   1.9025115e+10
      160.500   1.8705495e+10
      160.550   1.8622972e+10
      160.600   1.8824942e+10
      160.650   1.9234840e+10
      160.700   1.9757427e+10
      160.750   2.0288585e+10
      160.800   2.0837624e+10
      160.850   2.1329032e+10
      160.900   2.1781815e+10
      160.950   2.2233670e+10
      161.000   2.2778849e+10
      161.050   2.3398207e+10
      161.100   2.4138566e+10
      161.150   2.4877510e+10
      161.200   2.5474395e+10
      161.250   2.5779608e+10
      161.300   2.5700355e+10
      161.350   2.5153376e+10
      161.400   2.4242985e+10
      161.450   2.3212696e+10
      161.500   2.2221487e+10
      161.550   2.1455813e+10
      161.600   2.1064041e+10
      161.650   2.1035773e+10
      161.700   2.1258447e+10
      161.750   2.1619940e+10
      161.800   2.1943530e+10
      161.850   2.2220182e+10
      161.900   2.2505587e+10
      161.950   2.2845902e+10
      162.000   2.3324078e+10
      162.050   2.4004620e+10
      162.100   2.4729903e+10
      162.150   2.5361759e+10
      162.200   2.5872460e+10
      162.250   2.6198121e+10
      162.300   2.6385225e+10
      162.350   2.6516824e+10
      162.400   2.6648121e+10
      162.450   2.6861524e+10
      162.500   2.7056214e+10
      162.550   2.7135433e+10
      162.600   2.7059011e+10
      162.650   2.6845641e+10
      162.700   2.6568642e+10
      162.750   2.6319508e+10
      162.800   2.6134519e+10
      162.850   2.6004417e+10
      162.900   2.5919968e+10
      162.950   2.5835657e+10
      163.000   2.5815146e+10
      163.050   2.5876209e+10
      163.100   2.6191315e+10
      163.150   2.6786748e+10
      163.200   2.7444702e+10
      163.250   2.8029141e+10
      163.300   2.8404790e+10
      163.350   2.8354958e+10
      163.400   2.7953019e+10
      163.450   2.7461581e+10
      163.500   2.6961855e+10
      163.550   2.6705518e+10
      163.600   2.6764648e+10
      163.650   2.7129284e+10
      163.700   2.7960465e+10
      163.750   2.9463723e+10
      163.800   3.1493602e+10
      163.850   3.3878645e+10
      163.900   8.7154210e+10
      163.950   9.2039703e+10
      164.000   9.4583993e+10
      164.050   9.4290145e+10
      164.100   9.1478341e+10
      164.150   3.6003328e+10
      164.200   3.3915163e+10
      164.250   3.2159880e+10
      164.300   3.0878929e+10
      164.350   3.0088989e+10
      164.400   2.9637715e+10
      164.450   2.9098530e+10
      164.500   2.8418302e+10
      164.550   2.7741372e+10
      164.600   2.7198079e+10
      164.650   2.6903345e+10
      164.700   2.6909727e+10
      164.750   2.7030834e+10
      164.800   2.7169445e+10
      164.850   2.7228502e+10
      164.900   2.7119972e+10
      164.950   2.6844233e+10
      165.000   2.6463267e+10
      165.050   2.6039005e+10
      165.100   2.5773594e+10
      165.150   2.5815798e+10
      165.200   2.6173787e+10
      165.250   2.6934598e+10
      165.300   2.8325206e+10
      165.350   3.0764204e+10
      165.400   3.4660486e+10
      165.450   4.0369311e+10
      165.500   4.7956548e+10
      165.550   5.6760931e+10
      165.600   1.0420430e+11
      165.650   1.1569572e+11
      165.700   1.2223954e+11
      165.750   1.2248467e+11
      165.800   1.1655037e+11
      165.850   6.6026293e+10
      165.900   5.7658024e+10
      165.950   4.9481184e+10
      166.000   4.2670156e+10
      166.050   3.7755149e+10
      166.100   3.4730356e+10
      166.150   3.3210471e+10
      166.200   3.2536807e+10
      166.250   3.2242395e+10
      166.300   3.2103056e+10
      166.350   3.2006630e+10
      166.400   3.1867736e+10
      166.450   3.1805971e+10
      166.500   3.1812526e+10
      166.550   3.1785668e+10
      166.600   3.1724921e+10
      166.650   3.1587522e+10
      166.700   3.1390950e+10
      166.750   3.1525691e+10
      166.800   3.2423888e+10
      166.850   3.4176132e+10
      166.900   3.6627140e+10
      166.950   3.9368250e+10
      167.000   4.1672416e+10
      167.050   4.2933450e+10
      167.100   4.2834548e+10
      167.150   4.1531602e+10
      167.200   3.9592165e+10
      167.250   3.7677423e+10
      167.300   3.6192784e+10
      167.350   3.5339343e+10
      167.400   3.5066015e+10
      167.450   3.5112059e+10
      167.500   3.5141261e+10
      167.550   3.4969445e+10
      167.600   3.4663794e+10
      167.650   3.4408623e+10
      167.700   3.4271257e+10
      167.750   3.4240861e+10
      167.800   3.4352649e+10
      167.850   3.4631306e+10
      167.900   3.4993111e+10
      167.950   3.5379232e+10
      168.000   3.5723046e+10
      168.050   3.5924366e+10
      168.100   3.5975731e+10
      168.150   3.5844170e+10
      168.200   3.5580015e+10
      168.250   3.5382505e+10
      168.300   3.5475328e+10
      168.350   3.6056861e+10
      168.400   3.7192035e+10
      168.450   3.8796307e+10
      168.500   4.0628838e+10
      168.550   4.2377522e+10
      168.600   4.3743206e+10
      168.650   4.4554420e+10
      168.700   4.4787435e+10
      168.750   4.4625795e+10
      168.800   4.4316407e+10
      168.850   4.4179883e+10
      168.900   4.4363000e+10
      168.950   4.4881289e+10
      169.000   4.5676302e+10
      169.050   4.6542980e+10
      169.100   4.7236530e+10
      169.150   4.7765267e+10
      169.200   4.8244419e+10
      169.250   4.8689513e+10
      169.300   4.9150279e+10
      169.350   4.9698803e+10
      169.400   5.0400212e+10
      169.450   5.1245926e+10
      169.500   5.2145899e+10
      169.550   5.3007534e+10
      169.600   5.3810468e+10
      169.650   5.4441814e+10
      169.700   5.4870581e+10
      169.750   5.4992268e+10
      169.800   5.4904738e+10
      169.850   5.4881595e+10
      169.900   5.5170440e+10
      169.950   5.5835076e+10
      170.000   5.6993975e+10
      170.050   5.8576128e+10
      170.100   6.0133794e+10
      170.150   6.1195368e+10
      170.200   6.1585535e+10
      170.250   6.1256395e+10
      170.300   6.0304179e+10
      170.350   5.8977262e+10
      170.400   5.7650483e+10
      170.450   5.6523738e+10
      170.500   5.5788582e+10
      170.550   5.5539381e+10
      170.600   5.5825066e+10
      170.650   5.6564707e+10
      170.700   5.7662735e+10
      170.750   5.8982535e+10
      170.800   6.0357290e+10
      170.850   6.1507667e+10
      170.900   6.2092095e+10
      170.950   6.2047998e+10
      171.000   6.1487264e+10
      171.050   6.0577671e+10
      171.100   5.9438097e+10
      171.150   5.8331960e+10
      171.200   5.7361422e+10
      171.250   5.6534686e+10
      171.300   5.5835468e+10
      171.350   5.5334939e+10
      171.400   5.5175330e+10
      171.450   5.5514767e+10
      171.500   5.6455426e+10
      171.550   5.7952933e+10
      171.600   5.9728954e+10
      171.650   6.1465989e+10
      171.700   6.2935231e+10
      171.750   6.3818721e+10
      171.800   6.4195901e+10
      171.850   6.4367140e+10
      171.900   6.4419240e+10
      171.950   6.4408143e+10
      172.000   6.4341463e+10
      172.050   6.4028860e+10
      172.100   6.3366304e+10
      172.150   6.2433683e+10
      172.200   6.1492007e+10
      172.250   6.0940002e+10
      172.300   6.0999772e+10
      172.350   6.1712180e+10
      172.400   6.2965709e+10
      172.450   6.4443732e+10
      172.500   6.5818687e+10
      172.550   6.6761084e+10
      172.600   6.7145586e+10
      172.650   6.7053178e+10
      172.700   6.6506454e+10
      172.750   6.5435633e+10
      172.800   6.3998789e+10
      172.850   6.2395510e+10
      172.900   6.0769472e+10
      172.950   5.9342783e+10
      173.000   5.8385555e+10
      173.050   5.8056214e+10
      173.100   5.8299474e+10
      173.150   5.8987684e+10
      173.200   5.9929519e+10
      173.250   6.0926093e+10
      173.300   6.1835904e+10
      173.350   6.2633750e+10
      173.400   6.3296856e+10
      173.450   6.3832251e+10
      173.500   6.4296541e+10
      173.550   6.4714044e+10
      173.600   6.5076320e+10
      173.650   6.5469873e+10
      173.700   6.5896011e+10
      173.750   6.6385174e+10
      173.800   6.6938440e+10
      173.850   6.7642330e+10
      173.900   6.8536831e+10
      173.950   6.9614352e+10
      174.000   7.0890805e+10
      174.050   7.2381578e+10
      174.100   7.3952296e+10
      174.150   7.5459757e+10
      174.200   7.6880118e+10
      174.250   7.8110395e+10
      174.300   7.9062550e+10
      174.350   7.9839787e+10
      174.400   8.0324126e+10
      174.450   8.0411596e+10
      174.500   8.0180881e+10
      174.550   7.9517830e+10
      174.600   7.8514629e+10
      174.650   7.7361837e+10
      174.700   7.6296742e+10
      174.750   7.5612535e+10
      174.800   7.5547629e+10
      174.850   7.6213013e+10
      174.900   7.7582984e+10
      174.950   7.9466707e+10
      175.000   8.1658036e+10
      175.050   8.3769019e+10
      175.100   8.5562316e+10
      175.150   8.7037543e+10
      175.200   8.8195368e+10
      175.250   8.9431813e+10
      175.300   9.0588713e+10
      175.350   9.1902504e+10
      175.400   9.3215365e+10
      175.450   9.4448383e+10
      175.500   9.5365508e+10
      175.550   9.6064409e+10
      175.600   9.6606502e+10
      175.650   9.6911528e+10
      175.700   9.7296118e+10
      175.750   9.7761170e+10
      175.800   9.8385371e+10
      175.850   9.9089326e+10
      175.900   9.9952972e+10
      175.950   1.0089762e+11
      176.000   1.0176404e+11
      176.050   1.0247248e+11
      176.100   1.0270458e+11
      176.150   1.0245888e+11
      176.200   1.0165425e+11
      176.250   1.0037010e+11
      176.300   9.8605015e+10
      176.350   9.6677920e+10
      176.400   9.4907537e+10
      176.450   9.3935067e+10
      176.500   9.4162202e+10
      176.550   9.5557552e+10
      176.600   9.8391727e+10
      176.650   1.0194230e+11
      176.700   1.0540949e+11
      176.750   1.0815474e+11
      176.800   1.1001949e+11
      176.850   1.1116369e+11
      176.900   1.1214673e+11
      176.950   1.1352825e+11
      177.000   1.1586413e+11
      177.050   1.1939287e+11
      177.100   1.2379430e+11
      177.150   1.2835011e+11
      177.200   1.3210659e+11
      177.250   1.3402992e+11
      177.300   1.3348966e+11
      177.350   1.3064562e+11
      177.400   1.2589900e+11
      177.450   1.2020618e+11
      177.500   1.1507289e+11
      177.550   1.1119840e+11
      177.600   1.0930616e+11
      177.650   1.0955456e+11
      177.700   1.1162864e+11
      177.750   1.1505252e+11
      177.800   1.1942888e+11
      177.850   1.2404471e+11
      177.900   1.2826415e+11
      177.950   1.3177004e+11
      178.000   1.3376881e+11
      178.050   1.3441822e+11
      178.100   1.3395616e+11
      178.150   1.3269980e+11
      178.200   1.3136375e+11
      178.250   1.3050451e+11
      178.300   1.3043945e+11
      178.350   1.3116888e+11
      178.400   1.3237463e+11
      178.450   1.3366118e+11
      178.500   1.3486798e+11
      178.550   1.3538069e+11
      178.600   1.3557536e+11
      178.650   1.3553053e+11
      178.700   1.3596166e+11
      178.750   1.3670869e+11
      178.800   1.3808530e+11
      178.850   1.4001296e+11
      178.900   1.4209343e+11
      178.950   1.4393385e+11
      179.000   1.4498365e+11
      179.050   1.4493026e+11
      179.100   1.4338075e+11
      179.150   1.4034384e+11
      179.200   1.3629161e+11
      179.250   1.3185511e+11
      179.300   1.2781645e+11
      179.350   1.2480273e+11
      179.400   1.2328159e+11
      179.450   1.2308923e+11
      179.500   1.2398932e+11
      179.550   1.2563138e+11
      179.600   1.2751300e+11
      179.650   1.2924295e+11
      179.700   1.3066328e+11
      179.750   1.3232085e+11
      179.800   1.3414064e+11
      179.850   1.3635837e+11
      179.900   1.3881897e+11
      179.950   1.4128377e+11
      180.000   1.4415022e+11
      180.050   1.4639109e+11
      180.100   1.4816189e+11
      180.150   1.4938149e+11
      180.200   1.5012719e+11
      180.250   1.5055565e+11
      180.300   1.5090639e+11
      180.350   1.5181577e+11
      180.400   1.5320485e+11
      180.450   1.5499731e+11
      180.500   1.5711409e+11
      180.550   1.6047320e+11
      180.600   1.6639787e+11
      180.650   1.7601723e+11
      180.700   1.8813115e+11
      180.750   1.9857186e+11
      180.800   2.0260020e+11
      180.850   1.9972510e+11
      180.900   1.9243119e+11
      180.950   1.8344050e+11
      181.000   1.7476347e+11
      181.050   1.6720177e+11
      181.100   1.6172848e+11
      181.150   1.5850560e+11
      181.200   1.5664812e+11
      181.250   1.5486883e+11
      181.300   1.5300770e+11
      181.350   1.5203303e+11
      181.400   1.5525684e+11
      181.450   1.6663829e+11
      181.500   1.8894383e+11
      181.550   2.2035990e+11
      181.600   2.5454221e+11
      181.650   2.8283999e+11
      181.700   2.9877279e+11
      181.750   2.9844846e+11
      181.800   2.8266433e+11
      181.850   2.5683250e+11
      181.900   2.2847380e+11
      181.950   2.0366524e+11
      182.000   1.8621724e+11
      182.050   1.7791980e+11
      182.100   1.7837433e+11
      182.150   1.8385519e+11
      182.200   1.9096369e+11
      182.250   1.9775146e+11
      182.300   2.0356892e+11
      182.350   2.0776497e+11
      182.400   2.0960813e+11
      182.450   2.0860990e+11
      182.500   2.0468503e+11
      182.550   1.9856102e+11
      182.600   1.9235906e+11
      182.650   1.8786224e+11
      182.700   1.8531727e+11
      182.750   1.8455930e+11
      182.800   1.8510040e+11
      182.850   1.8637116e+11
      182.900   1.8796758e+11
      182.950   1.8931860e+11
      183.000   1.9066913e+11
      183.050   1.9234448e+11
      183.100   1.9450671e+11
      183.150   1.9690920e+11
      183.200   1.9923138e+11
      183.250   2.0155288e+11
      183.300   2.0403652e+11
      183.350   2.0700405e+11
      183.400   2.0956628e+11
      183.450   2.1107352e+11
      183.500   2.1071774e+11
      183.550   2.0920643e+11
      183.600   2.0769271e+11
      183.650   2.0739358e+11
      183.700   2.0847418e+11
      183.750   2.1004394e+11
      183.800   2.1153485e+11
      183.850   2.1172549e+11
      183.900   2.0947486e+11
      183.950   2.0412905e+11
      184.000   1.9698765e+11
      184.050   1.8951214e+11
      184.100   1.8308786e+11
      184.150   1.7934901e+11
      184.200   1.7944156e+11
      184.250   1.8271824e+11
      184.300   1.8697772e+11
      184.350   1.8944422e+11
      184.400   1.8978571e+11
      184.450   1.8841165e+11
      184.500   1.8588870e+11
      184.550   1.8171344e+11
      184.600   1.7623402e+11
      184.650   1.7002107e+11
      184.700   1.6463278e+11
      184.750   1.6194427e+11
      184.800   1.6252322e+11
      184.850   1.6563085e+11
      184.900   1.6987594e+11
      184.950   1.7395459e+11
      185.000   1.7599308e+11
      185.050   1.7477119e+11
      185.100   1.7135247e+11
      185.150   1.6842494e+11
      185.200   1.6867241e+11
      185.250   1.7347112e+11
      185.300   1.8257216e+11
      185.350   1.9531775e+11
      185.400   2.0967539e+11
      185.450   2.2255815e+11
      185.500   2.3137542e+11
      185.550   2.3557703e+11
      185.600   2.3539741e+11
      185.650   2.3165658e+11
      185.700   2.2589364e+11
      185.750   2.1964970e+11
      185.800   2.1437902e+11
      185.850   2.1057068e+11
      185.900   2.0830192e+11
      185.950   2.0764925e+11
      186.000   2.0836824e+11
      186.050   2.1029916e+11
      186.100   2.1303692e+11
      186.150   2.1633601e+11
      186.200   2.1995390e+11
      186.250   2.2324350e+11
      186.300   2.2492254e+11
      186.350   2.2450548e+11
      186.400   2.2248046e+11
      186.450   2.2005037e+11
      186.500   2.1818782e+11
      186.550   2.1895917e+11
      186.600   2.2367335e+11
      186.650   2.3265380e+11
      186.700   2.4348945e+11
      186.750   2.5336455e+11
      186.800   2.6066493e+11
      186.850   2.6603636e+11
      186.900   2.7052282e+11
      186.950   2.7428814e+11
      187.000   2.7692451e+11
      187.050   2.7811319e+11
      187.100   2.7800892e+11
      187.150   2.7677774e+11
      187.200   2.7498140e+11
      187.250   2.7294220e+11
      187.300   2.7154339e+11
      187.350   2.7119758e+11
      187.400   2.7141781e+11
      187.450   2.7106958e+11
      187.500   2.6999648e+11
      187.550   2.6838942e+11
      187.600   2.6686408e+11
      187.650   2.6550225e+11
      187.700   2.6421891e+11
      187.750   2.6269318e+11
      187.800   2.6116731e+11
      187.850   2.5972102e+11
      187.900   2.5835856e+11
      187.950   2.5691101e+11
      188.000   2.5514329e+11
      188.050   2.5337336e+11
      188.100   2.5297891e+11
      188.150   2.5556993e+11
      188.200   2.6172048e+11
      188.250   2.7045512e+11
      188.300   2.7943159e+11
      188.350   2.8671371e+11
      188.400   2.9205566e+11
      188.450   2.9521469e+11
      188.500   2.9667791e+11
      188.550   2.9699014e+11
      188.600   2.9657359e+11
      188.650   2.9607479e+11
      188.700   2.9590042e+11
      188.750   2.9588789e+11
      188.800   2.9644296e+11
      188.850   2.9837313e+11
      188.900   3.0240686e+11
      188.950   3.0863148e+11
      189.000   3.1647900e+11
      189.050   3.2465284e+11
      189.100   3.3177682e+11
      189.150   3.3655200e+11
      189.200   3.3833082e+11
      189.250   3.3791953e+11
      189.300   3.3677939e+11
      189.350   3.3563867e+11
      189.400   3.3449472e+11
      189.450   3.3302692e+11
      189.500   3.3091029e+11
      189.550   3.2840040e+11
      189.600   3.2548303e+11
      189.650   3.2134523e+11
      189.700   3.1501086e+11
      189.750   3.0655944e+11
      189.800   2.9834861e+11
      189.850   2.9281624e+11
      189.900   2.9167316e+11
      189.950   2.9370326e+11
      190.000   2.9671243e+11
      190.050   2.9931488e+11
      190.100   3.0224322e+11
      190.150   3.0663939e+11
      190.200   3.1299613e+11
      190.250   3.2065908e+11
      190.300   3.2873239e+11
      190.350   3.3623763e+11
      190.400   3.4162718e+11
      190.450   3.4375706e+11
      190.500   3.4270095e+11
      190.550   3.4037545e+11
      190.600   3.3919492e+11
      190.650   3.4013274e+11
      190.700   3.4335853e+11
      190.750   3.4854362e+11
      190.800   3.5422135e+11
      190.850   3.5851180e+11
      190.900   3.6010306e+11
      190.950   3.5867598e+11
      191.000   3.5446887e+11
      191.050   3.4895179e+11
      191.100   3.4441429e+11
      191.150   3.4306212e+11
      191.200   3.4547429e+11
      191.250   3.4984507e+11
      191.300   3.5405468e+11
      191.350   3.5752634e+11
      191.400   3.6239043e+11
      191.450   3.7011991e+11
      191.500   3.7932058e+11
      191.550   3.8630788e+11
      191.600   3.8814239e+11
      191.650   3.8522293e+11
      191.700   3.8041356e+11
      191.750   3.7576123e+11
      191.800   3.7348453e+11
      191.850   3.7481873e+11
      191.900   3.8035354e+11
      191.950   3.8893920e+11
      192.000   3.9852716e+11
      192.050   4.0721989e+11
      192.100   4.1303524e+11
      192.150   4.1415714e+11
      192.200   4.1081367e+11
      192.250   4.0515167e+11
      192.300   3.9980906e+11
      192.350   3.9561953e+11
      192.400   3.9258539e+11
      192.450   3.9045565e+11
      192.500   3.8898342e+11
      192.550   3.8781391e+11
      192.600   3.8697452e+11
      192.650   3.8688342e+11
      192.700   3.8828244e+11
      192.750   3.9084614e+11
      192.800   3.9100340e+11
      192.850   3.8542635e+11
      192.900   3.7278376e+11
      192.950   3.5464673e+11
      193.000   3.3351464e+11
      193.050   3.1212281e+11
      193.100   2.9404971e+11
      193.150   2.8195972e+11
      193.200   2.7643625e+11
      193.250   2.7606940e+11
      193.300   2.7919647e+11
      193.350   2.8282508e+11
      193.400   2.8378775e+11
      193.450   2.8000818e+11
      193.500   2.7339477e+11
      193.550   2.6679267e+11
      193.600   2.6377428e+11
      193.650   2.6716249e+11
      193.700   2.8009306e+11
      193.750   3.0271240e+11
      193.800   3.3068618e+11
      193.850   3.5845610e+11
      193.900   3.8295788e+11
      193.950   4.0378181e+11
      194.000   4.2233949e+11
      194.050   4.3937886e+11
      194.100   4.5672990e+11
      194.150   4.7520643e+11
      194.200   4.9283280e+11
      194.250   5.0622334e+11
      194.300   5.1292934e+11
      194.350   5.1263290e+11
      194.400   5.0683068e+11
      194.450   4.9791120e+11
      194.500   4.8867394e+11
      194.550   4.8263239e+11
      194.600   4.8118305e+11
      194.650   4.8523532e+11
      194.700   4.9486869e+11
      194.750   5.0803152e+11
      194.800   5.1963774e+11
      194.850   5.2492079e+11
      194.900   5.2240361e+11
      194.950   5.1347695e+11
      195.000   4.9987259e+11
      195.050   4.8454203e+11
      195.100   4.6994530e+11
      195.150   4.5895915e+11
      195.200   4.5364497e+11
      195.250   4.5530690e+11
      195.300   4.6370648e+11
      195.350   4.7539085e+11
      195.400   4.8485423e+11
      195.450   4.8939500e+11
      195.500   4.9039939e+11
      195.550   4.9081000e+11
      195.600   4.9211992e+11
      195.650   4.9375763e+11
      195.700   4.9400110e+11
      195.750   4.9358367e+11
      195.800   4.9431722e+11
      195.850   4.9775636e+11
      195.900   5.0217862e+11
      195.950   5.0421643e+11
      196.000   5.0166476e+11
      196.050   4.9517608e+11
      196.100   4.8704815e+11
      196.150   4.7982275e+11
      196.200   4.7604593e+11
      196.250   4.7734834e+11
      196.300   4.8471016e+11
      196.350   4.9722901e+11
      196.400   5.1367115e+11
      196.450   5.3198770e+11
      196.500   5.5005548e+11
      196.550   5.6598611e+11
      196.600   5.7871694e+11
      196.650   5.8833376e+11
      196.700   5.9499993e+11
      196.750   5.9968758e+11
      196.800   6.0176042e+11
      196.850   6.0129541e+11
      196.900   5.9770960e+11
      196.950   5.9084299e+11
      197.000   5.8076489e+11
      197.050   5.7042376e+11
      197.100   5.6270444e+11
      197.150   5.5949112e+11
      197.200   5.5866189e+11
      197.250   5.5775140e+11
      197.300   5.5543507e+11
      197.350   5.5278629e+11
      197.400   5.5078935e+11
      197.450   5.4920694e+11
      197.500   5.4762033e+11
      197.550   5.4570354e+11
      197.600   5.4328190e+11
      197.650   5.4097188e+11
      197.700   5.3973192e+11
      197.750   5.3915321e+11
      197.800   5.3832427e+11
      197.850   5.3675380e+11
      197.900   5.3658390e+11
      197.950   5.4038497e+11
      198.000   5.4897496e+11
      198.050   5.6004375e+11
      198.100   5.7078195e+11
      198.150   5.7895345e+11
      198.200   5.8349342e+11
      198.250   5.8315320e+11
      198.300   5.7876399e+11
      198.350   5.7329608e+11
      198.400   5.6923985e+11
      198.450   5.6591361e+11
      198.500   5.6093893e+11
      198.550   5.5183877e+11
      198.600   5.3952825e+11
      198.650   5.2748312e+11
      198.700   5.1833068e+11
      198.750   5.1330040e+11
      198.800   5.1189018e+11
      198.850   5.1328843e+11
      198.900   5.1698323e+11
      198.950   5.2207136e+11
      199.000   5.2813149e+11
      199.050   5.3690084e+11
      199.100   5.4943186e+11
      199.150   5.6556343e+11
      199.200   5.8281695e+11
      199.250   5.9841586e+11
      199.300   6.1039967e+11
      199.350   6.1770012e+11
      199.400   6.1901259e+11
      199.450   6.1509720e+11
      199.500   6.0766844e+11
      199.550   5.9912162e+11
      199.600   5.9147880e+11
      199.650   5.8604320e+11
      199.700   5.8403909e+11
      199.750   5.8570756e+11
      199.800   5.9022665e+11
      199.850   5.9620996e+11
      199.900   6.0169701e+11
      199.950   6.0449158e+11
      200.000   6.0442853e+11
      200.050   6.0477727e+11
      200.100   6.0902180e+11
      200.150   6.1742134e+11
      200.225   6.2812994e+11
      200.275   6.3219894e+11
      200.325   6.3586105e+11
      200.375   6.3731974e+11
      200.425   6.3464231e+11
      200.475   6.3244825e+11
      200.525   6.3727568e+11
      200.575   6.4822940e+11
      200.625   6.5561550e+11
      200.675   6.5610247e+11
      200.725   6.5042215e+11
      200.775   6.4580295e+11
      200.825   6.4734190e+11
      200.875   6.5251873e+11
      200.925   6.5923365e+11
      200.975   6.6634694e+11
      201.025   6.6989085e+11
      201.075   6.6656469e+11
      201.125   6.6007822e+11
      201.175   6.6038916e+11
      201.225   6.7290227e+11
      201.275   6.8919828e+11
      201.325   6.9951526e+11
      201.375   7.0239367e+11
      201.425   6.9791723e+11
      201.475   6.9135013e+11
      201.525   6.8910895e+11
      201.575   6.8894840e+11
      201.625   6.9047925e+11
      201.675   6.9846079e+11
      201.725   7.1159700e+11
      201.775   7.2264447e+11
      201.825   7.2916154e+11
      201.875   7.2834531e+11
      201.925   7.2187429e+11
      201.975   7.1798726e+11
      202.025   7.1708923e+11
      202.075   7.1449341e+11
      202.125   7.0721900e+11
      202.175   6.9648531e+11
      202.225   6.9042381e+11
      202.275   6.9580378e+11
      202.325   7.0987684e+11
      202.375   7.2063578e+11
      202.425   7.1964050e+11
      202.475   7.0866718e+11
      202.525   6.8889247e+11
      202.575   6.6354669e+11
      202.625   6.4756716e+11
      202.675   6.5255883e+11
      202.725   6.7751904e+11
      202.775   7.1229451e+11
      202.825   7.3572826e+11
      202.875   7.4391434e+11
      202.925   7.4632480e+11
      202.975   7.4817431e+11
      203.025   7.5584476e+11
      203.075   7.6956554e+11
      203.125   7.8398571e+11
      203.175   7.9431561e+11
      203.225   7.9450891e+11
      203.275   7.8277096e+11
      203.325   7.6444703e+11
      203.375   7.4797100e+11
      203.425   7.3953473e+11
      203.475   7.4206416e+11
      203.525   7.5555230e+11
      203.575   7.7451021e+11
      203.625   7.9122792e+11
      203.675   7.9937231e+11
      203.725   7.9849459e+11
      203.775   7.9429574e+11
      203.825   7.8701498e+11
      203.875   7.8186127e+11
      203.925   7.7450797e+11
      203.975   7.7386985e+11
      204.025   7.8262459e+11
      204.075   8.0254210e+11
      204.125   8.2576350e+11
      204.175   8.4603603e+11
      204.225   8.6196106e+11
      204.275   8.7219723e+11
      204.325   8.7211823e+11
      204.375   8.6324089e+11
      204.425   8.5311609e+11
      204.475   8.4911745e+11
      204.525   8.5671103e+11
      204.575   8.7379678e+11
      204.625   8.8915356e+11
      204.675   8.9241966e+11
      204.725   8.8312247e+11
      204.775   8.7004928e+11
      204.825   8.6506337e+11
      204.875   8.7051779e+11
      204.925   8.7692016e+11
      204.975   8.7970591e+11
      205.025   8.8484689e+11
      205.075   8.9093265e+11
      205.125   8.9300727e+11
      205.175   8.9335296e+11
      205.225   8.9707649e+11
      205.275   9.0370702e+11
      205.325   9.0884862e+11
      205.375   9.0911128e+11
      205.425   9.0236562e+11
      205.475   8.9114165e+11
      205.525   8.7835405e+11
      205.575   8.6592471e+11
      205.625   8.6489145e+11
      205.675   8.7564880e+11
      205.725   8.8544791e+11
      205.775   8.8487541e+11
      205.825   8.7260859e+11
      205.875   8.6599285e+11
      205.925   8.7530583e+11
      205.975   8.9009558e+11
      206.025   9.0188816e+11
      206.075   9.0395802e+11
      206.125   8.9209553e+11
      206.175   8.7263918e+11
      206.225   8.6055264e+11
      206.275   8.6732012e+11
      206.325   8.8673908e+11
      206.375   9.0263267e+11
      206.425   9.1194809e+11
      206.475   9.2156031e+11
      206.525   9.2591380e+11
      206.575   9.2086853e+11
      206.625   9.1871237e+11
      206.675   9.2896001e+11
      206.725   9.4527409e+11
      206.775   9.5611082e+11
      206.825   9.5783374e+11
      206.875   9.5620673e+11
      206.925   9.5644510e+11
      206.975   9.6336909e+11
      207.025   9.7542715e+11
      207.075   9.8638035e+11
      207.125   9.9623789e+11
      207.175   1.0020510e+12
      207.225   1.0027237e+12
      207.275   1.0082077e+12
      207.325   1.0197359e+12
      207.375   1.0323512e+12
      207.425   1.0421807e+12
      207.475   1.0468519e+12
      207.525   1.0495158e+12
      207.575   1.0551056e+12
      207.625   1.0623699e+12
      207.675   1.0673276e+12
      207.725   1.0669163e+12
      207.775   1.0598430e+12
      207.825   1.0537555e+12
      207.875   1.0519310e+12
      207.925   1.0573170e+12
      207.975   1.0692762e+12
      208.025   1.0766696e+12
      208.075   1.0730425e+12
      208.125   1.0639415e+12
      208.175   1.0599363e+12
      208.225   1.0610101e+12
      208.275   1.0674716e+12
      208.325   1.0851943e+12
      208.375   1.0973740e+12
      208.425   1.0931126e+12
      208.475   1.0964699e+12
      208.525   1.1287882e+12
      208.575   1.1784097e+12
      208.625   1.2205957e+12
      208.675   1.2458758e+12
      208.725   1.2615788e+12
      208.775   1.2948859e+12
      208.825   1.3349795e+12
      208.875   1.3512827e+12
      208.925   1.3366270e+12
      208.975   1.3131790e+12
      209.025   1.3135025e+12
      209.075   1.3338422e+12
      209.125   1.3645143e+12
      209.175   1.3965626e+12
      209.225   1.4548434e+12
      209.275   1.5472488e+12
      209.325   1.6109166e+12
      209.375   1.5914186e+12
      209.425   1.5251476e+12
      209.475   1.5138863e+12
      209.525   1.5760342e+12
      209.575   1.6551308e+12
      209.625   1.7019043e+12
      209.675   1.7100113e+12
      209.725   1.7372268e+12
      209.775   1.7963143e+12
      209.825   1.8461597e+12
      209.875   1.8410279e+12
      209.925   1.7857376e+12
      209.975   1.7291381e+12
      210.025   1.7163868e+12
      210.075   1.7943298e+12
      210.125   1.9663810e+12
      210.175   2.1222422e+12
      210.225   2.1772428e+12
      210.275   2.0830631e+12
      210.325   1.9103707e+12
      210.375   1.8491549e+12
      210.425   1.9198713e+12
      210.475   2.0853240e+12
      210.525   2.2816686e+12
      210.575   2.3979123e+12
      210.625   2.3950145e+12
      210.675   2.3434110e+12
      210.725   2.3000945e+12
      210.775   2.2540308e+12
      210.825   2.1593652e+12
      210.875   2.0303177e+12
      210.925   1.9357024e+12
      210.975   1.9081969e+12
      211.025   1.9552444e+12
      211.075   2.0522268e+12
      211.125   2.2205342e+12
      211.175   2.4372341e+12
      211.225   2.5697141e+12
      211.275   2.5599055e+12
      211.325   2.4650197e+12
      211.375   2.3683103e+12
      211.425   2.3063840e+12
      211.475   2.2601872e+12
      211.525   2.2633033e+12
      211.575   2.3895281e+12
      211.625   2.5983778e+12
      211.675   2.7835212e+12
      211.725   2.8769431e+12
      211.775   2.8648091e+12
      211.825   2.7507569e+12
      211.875   2.6504559e+12
      211.925   2.6955115e+12
      211.975   2.8413796e+12
      212.025   2.9848891e+12
      212.075   2.9693633e+12
      212.125   2.7911991e+12
      212.175   2.5935028e+12
      212.225   2.4218242e+12
      212.275   2.2705512e+12
      212.325   2.0973695e+12
      212.375   1.9113866e+12
      212.425   1.7846440e+12
      212.475   1.7546990e+12
      212.525   1.8438698e+12
      212.575   2.0079957e+12
      212.625   2.1837666e+12
      212.675   2.3357485e+12
      212.725   2.4186216e+12
      212.775   2.4464639e+12
      212.825   2.4525084e+12
      212.875   2.4456171e+12
      212.925   2.4065384e+12
      212.975   2.3044036e+12
      213.025   2.1814561e+12
      213.075   2.1185253e+12
      213.125   2.1433455e+12
      213.175   2.2138093e+12
      213.225   2.2482866e+12
      213.275   2.2543376e+12
      213.325   2.2901577e+12
      213.375   2.3386295e+12
      213.425   2.3317355e+12
      213.475   2.2689583e+12
      213.525   2.2340148e+12
      213.575   2.2801649e+12
      213.625   2.4104971e+12
      213.675   2.5791632e+12
      213.725   2.7252730e+12
      213.775   2.7514508e+12
      213.825   2.5761113e+12
      213.875   2.3803739e+12
      213.925   2.3479005e+12
      213.975   2.4176638e+12
      214.025   2.5841976e+12
      214.075   2.8766644e+12
      214.125   3.1794316e+12
      214.175   3.3220299e+12
      214.225   3.2956621e+12
      214.275   3.2502598e+12
      214.325   3.2638000e+12
      214.375   3.2877500e+12
      214.425   3.2702835e+12
      214.475   3.1867952e+12
      214.525   3.0519065e+12
      214.575   2.9113656e+12
      214.625   2.8217384e+12
      214.675   2.7923379e+12
      214.725   2.8079181e+12
      214.775   2.8529092e+12
      214.825   2.9193070e+12
      214.875   2.9996913e+12
      214.925   3.0753025e+12
      214.975   3.1010325e+12
      215.025   3.0086163e+12
      215.075   2.8251711e+12
      215.125   2.6656463e+12
      215.175   2.6556436e+12
      215.225   2.7423573e+12
      215.275   2.8431866e+12
      215.325   2.9696984e+12
      215.375   3.0649932e+12
      215.425   3.0489996e+12
      215.475   2.9451811e+12
      215.525   2.8358378e+12
      215.575   2.7351128e+12
      215.625   2.6212666e+12
      215.675   2.4915193e+12
      215.725   2.3506512e+12
      215.775   2.2263838e+12
      215.825   2.1537995e+12
      215.875   2.1339126e+12
      215.925   2.1751136e+12
      215.975   2.3092227e+12
      216.025   2.5232056e+12
      216.075   2.7061937e+12
      216.125   2.7917536e+12
      216.175   2.7794246e+12
      216.225   2.7218972e+12
      216.275   2.6986862e+12
      216.325   2.7043694e+12
      216.375   2.6929500e+12
      216.425   2.6387207e+12
      216.475   2.5785016e+12
      216.525   2.5138773e+12
      216.575   2.3914246e+12
      216.625   2.2096402e+12
      216.675   2.0452357e+12
      216.725   1.9942755e+12
      216.775   2.0683981e+12
      216.825   2.1876983e+12
      216.875   2.2756560e+12
      216.925   2.2630475e+12
      216.975   2.2213448e+12
      217.025   2.2586938e+12
      217.075   2.3676886e+12
      217.125   2.4788093e+12
      217.175   2.5346419e+12
      217.225   2.5842544e+12
      217.275   2.6331915e+12
      217.325   2.6219737e+12
      217.375   2.5266109e+12
      217.425   2.4170568e+12
      217.475   2.3397695e+12
      217.525   2.3146266e+12
      217.575   2.3949656e+12
      217.625   2.5298796e+12
      217.675   2.6155602e+12
      217.725   2.6149185e+12
      217.775   2.5422052e+12
      217.825   2.5216764e+12
      217.875   2.6643677e+12
      217.925   2.9334750e+12
      217.975   3.2306587e+12
      218.025   3.4556129e+12
      218.075   3.5685647e+12
      218.125   3.6272447e+12
      218.175   3.7129164e+12
      218.225   3.8189675e+12
      218.275   3.8620934e+12
      218.325   3.7826691e+12
      218.375   3.6128273e+12
      218.425   3.4143329e+12
      218.475   3.3479394e+12
      218.525   3.4477953e+12
      218.575   3.5442992e+12
      218.625   3.5114931e+12
      218.675   3.2774548e+12
      218.725   3.0122024e+12
      218.775   2.9515162e+12
      218.825   3.0756682e+12
      218.875   3.2250798e+12
      218.925   3.2612081e+12
      218.975   3.2554608e+12
      219.025   3.3100973e+12
      219.075   3.3850572e+12
      219.125   3.3796738e+12
      219.175   3.3288543e+12
      219.225   3.3431389e+12
      219.275   3.5212445e+12
      219.325   3.8369769e+12
      219.375   4.0413728e+12
      219.425   4.0066005e+12
      219.475   3.8135110e+12
      219.525   3.5598443e+12
      219.575   3.3424837e+12
      219.625   3.2647381e+12
      219.675   3.3418105e+12
      219.725   3.5348013e+12
      219.775   3.7836873e+12
      219.825   3.9954693e+12
      219.875   4.1027480e+12
      219.925   4.0898987e+12
      219.975   3.9518428e+12
      220.025   3.7001337e+12
      220.075   3.4293142e+12
      220.125   3.3023761e+12
      220.175   3.4035511e+12
      220.225   3.6927498e+12
      220.275   3.9911079e+12
      220.325   4.1953183e+12
      220.375   4.3216434e+12
      220.425   4.3139558e+12
      220.475   4.1848775e+12
      220.525   4.0801127e+12
      220.575   4.0328088e+12
      220.625   3.8911188e+12
      220.675   3.6672303e+12
      220.725   3.4796387e+12
      220.775   3.3212674e+12
      220.825   3.1605787e+12
      220.875   3.0534883e+12
      220.925   3.0533859e+12
      220.975   3.0279088e+12
      221.025   2.8660153e+12
      221.075   2.6343753e+12
      221.125   2.4616528e+12
      221.175   2.4303778e+12
      221.225   2.5321378e+12
      221.275   2.7614612e+12
      221.325   3.0534719e+12
      221.375   3.2438563e+12
      221.425   3.2706107e+12
      221.475   3.2421292e+12
      221.525   3.2399024e+12
      221.575   3.2000144e+12
      221.625   3.0460618e+12
      221.675   2.8253097e+12
      221.725   2.6611607e+12
      221.775   2.6341233e+12
      221.825   2.7311179e+12
      221.875   2.9364046e+12
      221.925   3.2338914e+12
      221.975   3.5176664e+12
      222.025   3.6855016e+12
      222.075   3.7743421e+12
      222.125   3.8514049e+12
      222.175   3.9400023e+12
      222.225   3.9591844e+12
      222.275   3.8774232e+12
      222.325   3.7848341e+12
      222.375   3.7847913e+12
      222.425   3.8669769e+12
      222.475   3.9026768e+12
      222.525   3.9098933e+12
      222.575   3.9401639e+12
      222.625   3.9561860e+12
      222.675   3.9227400e+12
      222.725   3.8667472e+12
      222.775   3.8621246e+12
      222.825   3.9689081e+12
      222.875   4.1677706e+12
      222.925   4.3185457e+12
      222.975   4.3618273e+12
      223.025   4.3347240e+12
      223.075   4.2453727e+12
      223.125   4.1884160e+12
      223.175   4.2861581e+12
      223.225   4.5348329e+12
      223.275   4.9296677e+12
      223.325   5.3698075e+12
      223.375   5.6303407e+12
      223.425   5.6503881e+12
      223.475   5.5752473e+12
      223.525   5.5731717e+12
      223.575   5.6443594e+12
      223.625   5.6497150e+12
      223.675   5.5475230e+12
      223.725   5.3849519e+12
      223.775   5.1900393e+12
      223.825   5.0031446e+12
      223.875   4.8895615e+12
      223.925   4.9278024e+12
      223.975   5.1056349e+12
      224.025   5.2095424e+12
      224.075   5.1121054e+12
      224.125   4.9231420e+12
      224.175   4.7375234e+12
      224.225   4.6210657e+12
      224.275   4.5660562e+12
      224.325   4.5099342e+12
      224.375   4.4476131e+12
      224.425   4.3774685e+12
      224.475   4.3708819e+12
      224.525   4.4717944e+12
      224.575   4.6802952e+12
      224.625   4.8680009e+12
      224.675   4.9536231e+12
      224.725   5.0267859e+12
      224.775   5.1018415e+12
      224.825   5.1461174e+12
      224.875   4.9804889e+12
      224.925   4.6931203e+12
      224.975   4.5098026e+12
      225.025   4.4308547e+12
      225.075   4.4039191e+12
      225.125   4.3449367e+12
      225.175   4.3250043e+12
      225.225   4.4044597e+12
      225.275   4.4869782e+12
      225.325   4.4236913e+12
      225.375   4.2376440e+12
      225.425   4.1013262e+12
      225.475   4.1174147e+12
      225.525   4.1900825e+12
      225.575   4.1446005e+12
      225.625   4.0111242e+12
      225.675   3.9352837e+12
      225.725   3.9884610e+12
      225.775   4.0519385e+12
      225.825   4.0420181e+12
      225.875   4.0279341e+12
      225.925   4.0282958e+12
      225.975   3.8909450e+12
      226.025   3.6403867e+12
      226.075   3.4725493e+12
      226.125   3.4518519e+12
      226.175   3.5514247e+12
      226.225   3.6422715e+12
      226.275   3.6284291e+12
      226.325   3.5172883e+12
      226.375   3.3422687e+12
      226.425   3.1900053e+12
      226.475   3.0570855e+12
      226.525   2.9274379e+12
      226.575   2.8454453e+12
      226.625   2.8144128e+12
      226.675   2.8003343e+12
      226.725   2.7574150e+12
      226.775   2.7100262e+12
      226.825   2.6794293e+12
      226.875   2.6457302e+12
      226.925   2.6107674e+12
      226.975   2.5813353e+12
      227.025   2.5691736e+12
      227.075   2.5863772e+12
      227.125   2.6127038e+12
      227.175   2.6466917e+12
      227.225   2.6952553e+12
      227.275   2.7643036e+12
      227.325   2.8256704e+12
      227.375   2.8527701e+12
      227.425   2.8574305e+12
      227.475   2.9084651e+12
      227.525   3.0005316e+12
      227.575   3.0401123e+12
      227.625   3.0559575e+12
      227.675   3.1482471e+12
      227.725   3.3056610e+12
      227.775   3.4383057e+12
      227.825   3.5279545e+12
      227.875   3.6189569e+12
      227.925   3.6959260e+12
      227.975   3.7252605e+12
      228.025   3.7705784e+12
      228.075   3.9035740e+12
      228.125   4.1373025e+12
      228.175   4.3768955e+12
      228.225   4.5146625e+12
      228.275   4.5440322e+12
      228.325   4.4332083e+12
      228.375   4.2784260e+12
      228.425   4.2701024e+12
      228.475   4.3941422e+12
      228.525   4.5284787e+12
      228.575   4.5902236e+12
      228.625   4.4701643e+12
      228.675   4.1935536e+12
      228.725   3.9257456e+12
      228.775   3.8063514e+12
      228.825   3.9189264e+12
      228.875   4.0956284e+12
      228.925   4.1371882e+12
      228.975   4.0326502e+12
      229.025   3.8684966e+12
      229.075   3.7793520e+12
      229.125   3.7862939e+12
      229.175   3.8185927e+12
      229.225   3.8627247e+12
      229.275   3.9172737e+12
      229.325   3.9675725e+12
      229.375   3.9960130e+12
      229.425   3.9903869e+12
      229.475   3.9885013e+12
      229.525   4.0809774e+12
      229.575   4.2275650e+12
      229.625   4.2703740e+12
      229.675   4.0192113e+12
      229.725   3.6511037e+12
      229.775   3.4240183e+12
      229.825   3.3228166e+12
      229.875   3.3217160e+12
      229.925   3.4017700e+12
      229.975   3.4951669e+12
      230.025   3.5524409e+12
      230.075   3.6101480e+12
      230.125   3.7156157e+12
      230.175   3.8681931e+12
      230.225   4.0060099e+12
      230.275   4.0457217e+12
      230.325   3.9509467e+12
      230.375   3.9003027e+12
      230.425   4.0034447e+12
      230.475   4.1694862e+12
      230.525   4.4400619e+12
      230.575   4.8426155e+12
      230.625   5.1576090e+12
      230.675   5.2462320e+12
      230.725   5.1861212e+12
      230.775   5.0227005e+12
      230.825   4.8302383e+12
      230.875   4.6770815e+12
      230.925   4.4650034e+12
      230.975   4.2039026e+12
      231.025   4.0236978e+12
      231.075   3.8961639e+12
      231.125   3.7487790e+12
      231.175   3.6159058e+12
      231.225   3.5318557e+12
      231.275   3.5019844e+12
      231.325   3.5082211e+12
      231.375   3.5418229e+12
      231.425   3.6869836e+12
      231.475   4.0164501e+12
      231.525   4.3737676e+12
      231.575   4.5743404e+12
      231.625   4.5829214e+12
      231.675   4.4763029e+12
      231.725   4.4062429e+12
      231.775   4.4071884e+12
      231.825   4.4552530e+12
      231.875   4.5137359e+12
      231.925   4.4746778e+12
      231.975   4.2860152e+12
      232.025   4.0351642e+12
      232.075   3.8486213e+12
      232.125   3.8309672e+12
      232.175   3.9088850e+12
      232.225   4.0650153e+12
      232.275   4.3963681e+12
      232.325   4.9056083e+12
      232.375   5.3254113e+12
      232.425   5.4404549e+12
      232.475   5.2868448e+12
      232.525   4.8804556e+12
      232.575   4.3786694e+12
      232.625   4.0297178e+12
      232.675   3.8831730e+12
      232.725   3.8518264e+12
      232.775   3.8983304e+12
      232.825   4.0433782e+12
      232.875   4.2757928e+12
      232.925   4.4774549e+12
      232.975   4.5520380e+12
      233.025   4.4893084e+12
      233.075   4.3434299e+12
      233.125   4.1542970e+12
      233.175   3.9329676e+12
      233.225   3.7510270e+12
      233.275   3.6422876e+12
      233.325   3.5923271e+12
      233.375   3.6251966e+12
      233.425   3.7937254e+12
      233.475   3.9948877e+12
      233.525   4.1317769e+12
      233.575   4.2668249e+12
      233.625   4.3724959e+12
      233.675   4.2970411e+12
      233.725   4.0038865e+12
      233.775   3.6620833e+12
      233.825   3.3848992e+12
      233.875   3.2095910e+12
      233.925   3.1763014e+12
      233.975   3.2393014e+12
      234.025   3.3716374e+12
      234.075   3.5269978e+12
      234.125   3.6664944e+12
      234.175   3.7815914e+12
      234.225   3.8316263e+12
      234.275   3.7547236e+12
      234.325   3.5166933e+12
      234.375   3.2238471e+12
      234.425   2.9954356e+12
      234.475   2.8954888e+12
      234.525   2.9493194e+12
      234.575   3.0423321e+12
      234.625   3.1062316e+12
      234.675   3.1766838e+12
      234.725   3.2686462e+12
      234.775   3.3110248e+12
      234.825   3.2595742e+12
      234.875   3.2341876e+12
      234.925   3.3630776e+12
      234.975   3.6707166e+12
      235.025   4.0040371e+12
      235.075   4.2036984e+12
      235.125   4.3112782e+12
      235.175   4.4219344e+12
      235.225   4.5932855e+12
      235.275   4.7797659e+12
      235.325   4.8848027e+12
      235.375   4.8418120e+12
      235.425   4.6958167e+12
      235.475   4.5247961e+12
      235.525   4.4012471e+12
      235.575   4.4363851e+12
      235.625   4.6639433e+12
      235.675   4.9252505e+12
      235.725   5.0529282e+12
      235.775   5.0592043e+12
      235.825   4.9831734e+12
      235.875   4.7628802e+12
      235.925   4.4354939e+12
      235.975   4.1056513e+12
      236.025   3.8460942e+12
      236.075   3.7789575e+12
      236.125   3.8918370e+12
      236.175   4.0347229e+12
      236.225   4.1701726e+12
      236.275   4.3820989e+12
      236.325   4.6233344e+12
      236.375   4.7098247e+12
      236.425   4.5848406e+12
      236.475   4.3494750e+12
      236.525   4.1485399e+12
      236.575   4.0830401e+12
      236.625   4.1011112e+12
      236.675   4.1026399e+12
      236.725   4.0612571e+12
      236.775   4.0615847e+12
      236.825   4.1335507e+12
      236.875   4.2150362e+12
      236.925   4.3355596e+12
      236.975   4.5207501e+12
      237.025   4.6759289e+12
      237.075   4.7709878e+12
      237.125   4.8922601e+12
      237.175   5.0543696e+12
      237.225   5.1210112e+12
      237.275   4.9846129e+12
      237.325   4.6496357e+12
      237.375   4.2214337e+12
      237.425   3.9694944e+12
      237.475   3.9675735e+12
      237.525   4.0460135e+12
      237.575   4.1602174e+12
      237.625   4.3938166e+12
      237.675   4.6856682e+12
      237.725   4.8755528e+12
      237.775   4.9003209e+12
      237.825   4.7160632e+12
      237.875   4.4132428e+12
      237.925   4.1348878e+12
      237.975   3.9096027e+12
      238.025   3.7686188e+12
      238.075   3.6609244e+12
      238.125   3.5049330e+12
      238.175   3.3191908e+12
      238.225   3.1697010e+12
      238.275   3.0775117e+12
      238.325   3.0702685e+12
      238.375   3.1525427e+12
      238.425   3.3167692e+12
      238.475   3.5534303e+12
      238.525   3.8194594e+12
      238.575   4.0630722e+12
      238.625   4.2542073e+12
      238.675   4.3751663e+12
      238.725   4.3709835e+12
      238.775   4.2196616e+12
      238.825   3.9841546e+12
      238.875   3.7638596e+12
      238.925   3.6751276e+12
      238.975   3.8030007e+12
      239.025   4.0954518e+12
      239.075   4.4292658e+12
      239.125   4.6785467e+12
      239.175   4.7360776e+12
      239.225   4.6843288e+12
      239.275   4.6639542e+12
      239.325   4.6430565e+12
      239.375   4.5515998e+12
      239.425   4.3448900e+12
      239.475   4.0320590e+12
      239.525   3.6933648e+12
      239.575   3.4395221e+12
      239.625   3.3414939e+12
      239.675   3.3700336e+12
      239.725   3.5094927e+12
      239.775   3.7176002e+12
      239.825   3.8778229e+12
      239.875   3.8912184e+12
      239.925   3.7673405e+12
      239.975   3.6352987e+12
      240.025   3.6756616e+12
      240.075   3.8872669e+12
      240.125   4.0903541e+12
      240.175   4.1841172e+12
      240.225   4.1721982e+12
      240.275   4.1046574e+12
      240.325   4.0394537e+12
      240.375   3.9726213e+12
      240.425   3.8290232e+12
      240.475   3.5788570e+12
      240.525   3.3306718e+12
      240.575   3.2232049e+12
      240.625   3.2473333e+12
      240.675   3.3101003e+12
      240.725   3.3444635e+12
      240.775   3.4082544e+12
      240.825   3.5789537e+12
      240.875   3.8004910e+12
      240.925   3.9594952e+12
      240.975   3.9922050e+12
      241.025   3.9017400e+12
      241.075   3.7058371e+12
      241.125   3.4903820e+12
      241.175   3.3987562e+12
      241.225   3.4923691e+12
      241.275   3.6970773e+12
      241.325   3.8573607e+12
      241.375   3.9111099e+12
      241.425   3.9799880e+12
      241.475   4.1612072e+12
      241.525   4.4262286e+12
      241.575   4.6728235e+12
      241.625   4.8808485e+12
      241.675   5.0673868e+12
      241.725   5.2105221e+12
      241.775   5.3152217e+12
      241.825   5.4235102e+12
      241.875   5.5779907e+12
      241.925   5.7342466e+12
      241.975   5.8456406e+12
      242.025   5.9620763e+12
      242.075   6.1227407e+12
      242.125   6.2632400e+12
      242.175   6.3749558e+12
      242.225   6.4833047e+12
      242.275   6.5262896e+12
      242.325   6.3791826e+12
      242.375   6.1499823e+12
      242.425   5.9846936e+12
      242.475   5.9131897e+12
      242.525   5.9465515e+12
      242.575   6.0545840e+12
      242.625   6.2295244e+12
      242.675   6.4803146e+12
      242.725   6.7042264e+12
      242.775   6.7551713e+12
      242.825   6.6484652e+12
      242.875   6.4094609e+12
      242.925   6.1808658e+12
      242.975   6.1326810e+12
      243.025   6.2204483e+12
      243.075   6.3418129e+12
      243.125   6.4079733e+12
      243.175   6.3347058e+12
      243.225   6.1814348e+12
      243.275   6.0120654e+12
      243.325   5.8803551e+12
      243.375   5.8635904e+12
      243.425   5.9066805e+12
      243.475   5.8737079e+12
      243.525   5.7035772e+12
      243.575   5.5310662e+12
      243.625   5.5097162e+12
      243.675   5.5814625e+12
      243.725   5.6955356e+12
      243.775   5.8606636e+12
      243.825   6.0152240e+12
      243.875   6.0344141e+12
      243.925   5.8963529e+12
      243.975   5.7163626e+12
      244.025   5.5989653e+12
      244.075   5.6374354e+12
      244.125   5.8053880e+12
      244.175   6.0062926e+12
      244.225   6.1701387e+12
      244.275   6.2371013e+12
      244.325   6.1790903e+12
      244.375   6.0219611e+12
      244.425   5.8037347e+12
      244.475   5.6537749e+12
      244.525   5.6067019e+12
      244.575   5.5762537e+12
      244.625   5.5278868e+12
      244.675   5.4156372e+12
      244.725   5.2735411e+12
      244.775   5.1426547e+12
      244.825   5.0013075e+12
      244.875   4.8864778e+12
      244.925   4.8786452e+12
      244.975   4.9050113e+12
      245.025   4.8711916e+12
      245.075   4.7749574e+12
      245.125   4.6659872e+12
      245.175   4.5909398e+12
      245.225   4.5212000e+12
      245.275   4.4579113e+12
      245.325   4.4321798e+12
      245.375   4.4261541e+12
      245.425   4.4154795e+12
      245.475   4.4265429e+12
      245.525   4.4893459e+12
      245.575   4.5362717e+12
      245.625   4.5002692e+12
      245.675   4.4471023e+12
      245.725   4.4335546e+12
      245.775   4.4947328e+12
      245.825   4.5917985e+12
      245.875   4.6270944e+12
      245.925   4.5755225e+12
      245.975   4.4818608e+12
      246.025   4.4323422e+12
      246.075   4.3943037e+12
      246.125   4.3120053e+12
      246.175   4.2230857e+12
      246.225   4.1385686e+12
      246.275   4.0698207e+12
      246.325   4.0334466e+12
      246.375   4.0844160e+12
      246.425   4.2311627e+12
      246.475   4.3775081e+12
      246.525   4.4812695e+12
      246.575   4.5250966e+12
      246.625   4.5340578e+12
      246.675   4.5525432e+12
      246.725   4.5978527e+12
      246.775   4.6815194e+12
      246.825   4.7766312e+12
      246.875   4.8483237e+12
      246.925   4.8752789e+12
      246.975   4.8885148e+12
      247.025   4.9152931e+12
      247.075   4.9405855e+12
      247.125   4.9700701e+12
      247.175   5.0208731e+12
      247.225   5.0524526e+12
      247.275   4.9670437e+12
      247.325   4.7571358e+12
      247.375   4.6747881e+12
      247.425   4.8479028e+12
      247.475   5.1090785e+12
      247.525   5.2622555e+12
      247.575   5.2715043e+12
      247.625   5.2379390e+12
      247.675   5.1848519e+12
      247.725   5.1008338e+12
      247.775   5.0196783e+12
      247.825   4.9250728e+12
      247.875   4.7784210e+12
      247.925   4.6057754e+12
      247.975   4.4445679e+12
      248.025   4.4070111e+12
      248.075   4.5066606e+12
      248.125   4.6055548e+12
      248.175   4.6270211e+12
      248.225   4.5092608e+12
      248.275   4.2182336e+12
      248.325   3.8870320e+12
      248.375   3.6310984e+12
      248.425   3.5326637e+12
      248.475   3.6113614e+12
      248.525   3.7770258e+12
      248.575   3.9800433e+12
      248.625   4.1518555e+12
      248.675   4.1873262e+12
      248.725   4.1113601e+12
      248.775   3.9919787e+12
      248.825   3.8266025e+12
      248.875   3.6670869e+12
      248.925   3.6041043e+12
      248.975   3.6023427e+12
      249.025   3.5861186e+12
      249.075   3.5533353e+12
      249.125   3.5548864e+12
      249.175   3.6547459e+12
      249.225   3.8446628e+12
      249.275   4.1307001e+12
      249.325   4.4453943e+12
      249.375   4.6947173e+12
      249.425   4.9348680e+12
      249.475   5.1893802e+12
      249.525   5.4436797e+12
      249.575   5.6319272e+12
      249.625   5.6890173e+12
      249.675   5.6265530e+12
      249.725   5.6088775e+12
      249.775   5.6849418e+12
      249.825   5.7527783e+12
      249.875   5.7703646e+12
      249.925   5.7915040e+12
      249.975   5.8934805e+12
      250.025   5.9861004e+12
      250.075   5.9655663e+12
      250.125   5.7546703e+12
      250.175   5.3940413e+12
      250.225   5.1658870e+12
      250.275   5.2026998e+12
      250.325   5.3629043e+12
      250.375   5.5288316e+12
      250.425   5.6445047e+12
      250.475   5.7102679e+12
      250.525   5.6729712e+12
      250.575   5.4765042e+12
      250.625   5.1758328e+12
      250.675   4.8699426e+12
      250.725   4.6428070e+12
      250.775   4.5579669e+12
      250.825   4.7010409e+12
      250.875   5.0072204e+12
      250.925   5.2561998e+12
      250.975   5.3774155e+12
      251.025   5.4184358e+12
      251.075   5.3093748e+12
      251.125   5.0795850e+12
      251.175   4.8962412e+12
      251.225   4.8205033e+12
      251.275   4.7880917e+12
      251.325   4.7241183e+12
      251.375   4.6029475e+12
      251.425   4.4085940e+12
      251.475   4.1836966e+12
      251.525   4.0306658e+12
      251.575   3.9632691e+12
      251.625   3.8996689e+12
      251.675   3.8040996e+12
      251.725   3.7597837e+12
      251.775   3.7949251e+12
      251.825   3.8216465e+12
      251.875   3.8205133e+12
      251.925   3.8104164e+12
      251.975   3.8262036e+12
      252.025   3.8981481e+12
      252.075   4.0428036e+12
      252.125   4.1600177e+12
      252.175   4.1382092e+12
      252.225   4.0317100e+12
      252.275   3.9038105e+12
      252.325   3.7525922e+12
      252.375   3.6393311e+12
      252.425   3.6103028e+12
      252.475   3.6400796e+12
      252.525   3.7244606e+12
      252.575   3.8855008e+12
      252.625   4.0476282e+12
      252.675   4.1254545e+12
      252.725   4.1271224e+12
      252.775   4.0315889e+12
      252.825   3.8821038e+12
      252.875   3.7781946e+12
      252.925   3.7563544e+12
      252.975   3.8349446e+12
      253.025   4.0324799e+12
      253.075   4.3087216e+12
      253.125   4.5859692e+12
      253.175   4.8195553e+12
      253.225   4.9592993e+12
      253.275   4.9902409e+12
      253.325   4.9779331e+12
      253.375   4.9744145e+12
      253.425   4.9849990e+12
      253.475   5.0059113e+12
      253.525   5.0148229e+12
      253.575   4.9982352e+12
      253.625   4.9447592e+12
      253.675   4.9133231e+12
      253.725   4.9500813e+12
      253.775   5.0368842e+12
      253.825   5.1351656e+12
      253.875   5.1817895e+12
      253.925   5.1640694e+12
      253.975   5.2021297e+12
      254.025   5.3296173e+12
      254.075   5.4137321e+12
      254.125   5.3571139e+12
      254.175   5.2632402e+12
      254.225   5.2866816e+12
      254.275   5.3889016e+12
      254.325   5.5444608e+12
      254.375   5.7111695e+12
      254.425   5.7929540e+12
      254.475   5.7823625e+12
      254.525   5.7503436e+12
      254.575   5.7116781e+12
      254.625   5.6421764e+12
      254.675   5.5812234e+12
      254.725   5.5800848e+12
      254.775   5.6701664e+12
      254.825   5.7589528e+12
      254.875   5.7617165e+12
      254.925   5.7285621e+12
      254.975   5.6926673e+12
      255.025   5.7603210e+12
      255.075   6.0174506e+12
      255.125   6.4142925e+12
      255.175   6.8612186e+12
      255.225   7.3131237e+12
      255.275   7.6005524e+12
      255.325   7.6274217e+12
      255.375   7.5870747e+12
      255.425   7.7147403e+12
      255.475   7.9794286e+12
      255.525   8.0973257e+12
      255.575   8.0106043e+12
      255.625   7.8927781e+12
      255.675   7.8941178e+12
      255.725   7.9462927e+12
      255.775   7.9729586e+12
      255.825   8.0504825e+12
      255.875   8.3035976e+12
      255.925   8.6678518e+12
      255.975   8.9567124e+12
      256.025   9.0768261e+12
      256.075   9.0077792e+12
      256.125   8.9070367e+12
      256.175   8.8320587e+12
      256.225   8.6772270e+12
      256.275   8.4074814e+12
      256.325   8.1820830e+12
      256.375   8.1845004e+12
      256.425   8.4317816e+12
      256.475   8.8190676e+12
      256.525   9.3398373e+12
      256.575   1.0015449e+13
      256.625   1.0610181e+13
      256.675   1.0980201e+13
      256.725   1.1180442e+13
      256.775   1.1225801e+13
      256.825   1.1269700e+13
      256.875   1.1405614e+13
      256.925   1.1604855e+13
      256.975   1.1897356e+13
      257.025   1.2257543e+13
      257.075   1.2505716e+13
      257.125   1.2554934e+13
      257.175   1.2509533e+13
      257.225   1.2591597e+13
      257.275   1.2771085e+13
      257.325   1.2940658e+13
      257.375   1.3185573e+13
      257.425   1.3330561e+13
      257.475   1.3022673e+13
      257.525   1.2317851e+13
      257.575   1.1474088e+13
      257.625   1.0781010e+13
      257.675   1.0542591e+13
      257.725   1.0732937e+13
      257.775   1.1141702e+13
      257.825   1.1665937e+13
      257.875   1.2287183e+13
      257.925   1.2890439e+13
      257.975   1.3433680e+13
      258.025   1.3942854e+13
      258.075   1.4404386e+13
      258.125   1.4867393e+13
      258.175   1.5249313e+13
      258.225   1.5233290e+13
      258.275   1.4479915e+13
      258.325   1.3362679e+13
      258.375   1.2770759e+13
      258.425   1.2662988e+13
      258.475   1.2438652e+13
      258.525   1.1731262e+13
      258.575   1.0912490e+13
      258.625   1.0473127e+13
      258.675   1.0354526e+13
      258.725   1.0682735e+13
      258.775   1.1392622e+13
      258.825   1.2064235e+13
      258.875   1.2547924e+13
      258.925   1.3158568e+13
      258.975   1.4108411e+13
      259.025   1.4730032e+13
      259.075   1.4584147e+13
      259.125   1.3869150e+13
      259.175   1.2857836e+13
      259.225   1.2062345e+13
      259.275   1.1743733e+13
      259.325   1.1533882e+13
      259.375   1.0986681e+13
      259.425   1.0298430e+13
      259.475   1.0097304e+13
      259.525   1.0429642e+13
      259.575   1.0835485e+13
      259.625   1.0963820e+13
      259.675   1.0745760e+13
      259.725   1.0389324e+13
      259.775   9.9044395e+12
      259.825   9.1394615e+12
      259.875   8.3094424e+12
      259.925   7.7051100e+12
      259.975   7.3726429e+12
      260.025   7.3329578e+12
      260.075   7.7125133e+12
      260.125   8.3736600e+12
      260.175   9.0370269e+12
      260.225   9.7186311e+12
      260.275   1.0250996e+13
      260.325   1.0461474e+13
      260.375   1.0441847e+13
      260.425   1.0293326e+13
      260.475   1.0021421e+13
      260.525   9.6303352e+12
      260.575   9.1562791e+12
      260.625   8.6285972e+12
      260.675   8.1269065e+12
      260.725   7.7814250e+12
      260.775   7.7032878e+12
      260.825   7.8945740e+12
      260.875   8.3052922e+12
      260.925   8.7953151e+12
      260.975   9.1495744e+12
      261.025   9.2880131e+12
      261.075   9.2337359e+12
      261.125   8.9443529e+12
      261.175   8.3956597e+12
      261.225   7.8840851e+12
      261.275   7.6406527e+12
      261.325   7.6865846e+12
      261.375   7.8862642e+12
      261.425   8.0510633e+12
      261.475   8.3114752e+12
      261.525   8.7928176e+12
      261.575   9.4832433e+12
      261.625   1.0162179e+13
      261.675   1.0505960e+13
      261.725   1.0522925e+13
      261.775   1.0258885e+13
      261.825   9.8188804e+12
      261.875   9.6878026e+12
      261.925   1.0036524e+13
      261.975   1.0609404e+13
      262.025   1.1190054e+13
      262.075   1.1421863e+13
      262.125   1.1271777e+13
      262.175   1.1114865e+13
      262.225   1.1077893e+13
      262.275   1.1331181e+13
      262.325   1.1749532e+13
      262.375   1.1951190e+13
      262.425   1.1969823e+13
      262.475   1.1956045e+13
      262.525   1.1691006e+13
      262.575   1.1093469e+13
      262.625   1.0494088e+13
      262.675   1.0197546e+13
      262.725   1.0262016e+13
      262.775   1.0380918e+13
      262.825   1.0303648e+13
      262.875   1.0111540e+13
      262.925   1.0125985e+13
      262.975   1.0340520e+13
      263.025   1.0455894e+13
      263.075   1.0336981e+13
      263.125   1.0138207e+13
      263.175   1.0101585e+13
      263.225   1.0442345e+13
      263.275   1.1111111e+13
      263.325   1.2064486e+13
      263.375   1.3265461e+13
      263.425   1.4593447e+13
      263.475   1.5816652e+13
      263.525   1.6835520e+13
      263.575   1.7609318e+13
      263.625   1.8314957e+13
      263.675   1.9274271e+13
      263.725   2.0442220e+13
      263.775   2.1728439e+13
      263.825   2.3199222e+13
      263.875   2.4587242e+13
      263.925   2.5498058e+13
      263.975   2.5724293e+13
      264.025   2.5298429e+13
      264.075   2.4892312e+13
      264.125   2.4848826e+13
      264.175   2.5124388e+13
      264.225   2.5754874e+13
      264.275   2.7051256e+13
      264.325   2.8731851e+13
      264.375   2.9848851e+13
      264.425   2.9786097e+13
      264.475   2.8687601e+13
      264.525   2.7579134e+13
      264.575   2.6918969e+13
      264.625   2.6343962e+13
      264.675   2.5707328e+13
      264.725   2.5202145e+13
      264.775   2.4802129e+13
      264.825   2.4279615e+13
      264.875   2.3513906e+13
      264.925   2.2943937e+13
      264.975   2.3099594e+13
      265.025   2.3639175e+13
      265.075   2.4021665e+13
      265.125   2.4243159e+13
      265.175   2.4479257e+13
      265.225   2.4799791e+13
      265.275   2.5349558e+13
      265.325   2.6045440e+13
      265.375   2.6627359e+13
      265.425   2.7148850e+13
      265.475   2.7953023e+13
      265.525   2.9056068e+13
      265.575   2.9763818e+13
      265.625   2.9547073e+13
      265.675   2.8973595e+13
      265.725   2.8879326e+13
      265.775   2.9062717e+13
      265.825   2.8802110e+13
      265.875   2.8255657e+13
      265.925   2.7987736e+13
      265.975   2.8290721e+13
      266.025   2.8728806e+13
      266.075   2.8723475e+13
      266.125   2.8329447e+13
      266.175   2.7566000e+13
      266.225   2.6668592e+13
      266.275   2.6304613e+13
      266.325   2.6283781e+13
      266.375   2.5957576e+13
      266.425   2.5272415e+13
      266.475   2.5191167e+13
      266.525   2.6079173e+13
      266.575   2.6779657e+13
      266.625   2.6645658e+13
      266.675   2.5785522e+13
      266.725   2.5287141e+13
      266.775   2.5774711e+13
      266.825   2.6601645e+13
      266.875   2.6906622e+13
      266.925   2.6492232e+13
      266.975   2.5903239e+13
      267.025   2.5540822e+13
      267.075   2.5759075e+13
      267.125   2.6650790e+13
      267.175   2.7352763e+13
      267.225   2.7228058e+13
      267.275   2.6168468e+13
      267.325   2.4758508e+13
      267.375   2.4491500e+13
      267.425   2.5449568e+13
      267.475   2.7109893e+13
      267.525   2.8893402e+13
      267.575   2.9666648e+13
      267.625   2.9586275e+13
      267.675   2.9257671e+13
      267.725   2.8590300e+13
      267.775   2.7521979e+13
      267.825   2.6612901e+13
      267.875   2.6008368e+13
      267.925   2.5460780e+13
      267.975   2.5136937e+13
      268.025   2.5318803e+13
      268.075   2.5873134e+13
      268.125   2.6437454e+13
      268.175   2.6919419e+13
      268.225   2.7250052e+13
      268.275   2.7341951e+13
      268.325   2.7264017e+13
      268.375   2.7016015e+13
      268.425   2.6653415e+13
      268.475   2.6371691e+13
      268.525   2.6229256e+13
      268.575   2.6378814e+13
      268.625   2.6911359e+13
      268.675   2.7465387e+13
      268.725   2.7582393e+13
      268.775   2.7325087e+13
      268.825   2.6785996e+13
      268.875   2.6087417e+13
      268.925   2.5479621e+13
      268.975   2.4919225e+13
      269.025   2.4315006e+13
      269.075   2.3954875e+13
      269.125   2.4126423e+13
      269.175   2.4617623e+13
      269.225   2.5284784e+13
      269.275   2.5857005e+13
      269.325   2.6034822e+13
      269.375   2.6096345e+13
      269.425   2.6219584e+13
      269.475   2.6269393e+13
      269.525   2.5646105e+13
      269.575   2.4546939e+13
      269.625   2.3732518e+13
      269.675   2.3526146e+13
      269.725   2.4133474e+13
      269.775   2.5151631e+13
      269.825   2.5885120e+13
      269.875   2.6182112e+13
      269.925   2.6265126e+13
      269.975   2.6825968e+13
      270.025   2.8424942e+13
      270.075   3.0182348e+13
      270.125   3.0974182e+13
      270.175   3.0193711e+13
      270.225   2.8754141e+13
      270.275   2.8271603e+13
      270.325   2.8954890e+13
      270.375   2.9829151e+13
      270.425   3.0120379e+13
      270.475   3.0407577e+13
      270.525   3.1036770e+13
      270.575   3.1249507e+13
      270.625   3.0380179e+13
      270.675   2.8968791e+13
      270.725   2.8087436e+13
      270.775   2.7870242e+13
      270.825   2.8012166e+13
      270.875   2.7899992e+13
      270.925   2.7503067e+13
      270.975   2.7363127e+13
      271.025   2.7548336e+13
      271.075   2.7650079e+13
      271.125   2.7391231e+13
      271.175   2.7003324e+13
      271.225   2.6795278e+13
      271.275   2.7286536e+13
      271.325   2.8143370e+13
      271.375   2.8127666e+13
      271.425   2.6808821e+13
      271.475   2.4675505e+13
      271.525   2.3095706e+13
      271.575   2.2799039e+13
      271.625   2.3056453e+13
      271.675   2.3478399e+13
      271.725   2.3743018e+13
      271.775   2.3442656e+13
      271.825   2.2440444e+13
      271.875   2.0910409e+13
      271.925   1.8889141e+13
      271.975   1.7295190e+13
      272.025   1.6877733e+13
      272.075   1.6926884e+13
      272.125   1.7095532e+13
      272.175   1.7786122e+13
      272.225   1.8831750e+13
      272.275   1.9614159e+13
      272.325   1.9940046e+13
      272.375   1.9821982e+13
      272.425   1.9524358e+13
      272.475   1.9490525e+13
      272.525   1.9868058e+13
      272.575   2.0409463e+13
      272.625   2.0892057e+13
      272.675   2.1173249e+13
      272.725   2.1285377e+13
      272.775   2.1255703e+13
      272.825   2.1350137e+13
      272.875   2.2190457e+13
      272.925   2.3743009e+13
      272.975   2.5344359e+13
      273.025   2.6549733e+13
      273.075   2.6651442e+13
      273.125   2.5696800e+13
      273.175   2.4730378e+13
      273.225   2.4330496e+13
      273.275   2.4209878e+13
      273.325   2.3717702e+13
      273.375   2.2749681e+13
      273.425   2.1620486e+13
      273.475   2.0982665e+13
      273.525   2.0872775e+13
      273.575   2.0776542e+13
      273.625   2.0544901e+13
      273.675   2.0120249e+13
      273.725   1.9166010e+13
      273.775   1.7846789e+13
      273.825   1.6989213e+13
      273.875   1.7027035e+13
      273.925   1.7093092e+13
      273.975   1.6445995e+13
      274.025   1.5578501e+13
      274.075   1.5165468e+13
      274.125   1.5368018e+13
      274.175   1.5582229e+13
      274.225   1.5300338e+13
      274.275   1.4600313e+13
      274.325   1.3709044e+13
      274.375   1.3160768e+13
      274.425   1.3282692e+13
      274.475   1.3756978e+13
      274.525   1.4340422e+13
      274.575   1.5042990e+13
      274.625   1.5380889e+13
      274.675   1.4976588e+13
      274.725   1.4235624e+13
      274.775   1.3674752e+13
      274.825   1.3997587e+13
      274.875   1.4644377e+13
      274.925   1.4674021e+13
      274.975   1.4157632e+13
      275.025   1.3683727e+13
      275.075   1.3966236e+13
      275.125   1.5137159e+13
      275.175   1.6736627e+13
      275.225   1.8481496e+13
      275.275   2.0017627e+13
      275.325   2.0845041e+13
      275.375   2.0824146e+13
      275.425   2.0117312e+13
      275.475   1.9356351e+13
      275.525   1.8763229e+13
      275.575   1.8139697e+13
      275.625   1.7506835e+13
      275.675   1.7356797e+13
      275.725   1.8107279e+13
      275.775   1.9487592e+13
      275.825   2.1429949e+13
      275.875   2.4030765e+13
      275.925   2.6480042e+13
      275.975   2.7517564e+13
      276.025   2.7299834e+13
      276.075   2.6869157e+13
      276.125   2.6669112e+13
      276.175   2.6275137e+13
      276.225   2.5341624e+13
      276.275   2.4527084e+13
      276.325   2.4525965e+13
      276.375   2.5522132e+13
      276.425   2.6813232e+13
      276.475   2.7943726e+13
      276.525   2.8968976e+13
      276.575   2.9723892e+13
      276.625   2.9692699e+13
      276.675   2.8972106e+13
      276.725   2.8222293e+13
      276.775   2.7687031e+13
      276.825   2.7384791e+13
      276.875   2.7035619e+13
      276.925   2.6627660e+13
      276.975   2.6481121e+13
      277.025   2.6880082e+13
      277.075   2.7688331e+13
      277.125   2.8360835e+13
      277.175   2.8672059e+13
      277.225   2.8330409e+13
      277.275   2.7661441e+13
      277.325   2.7548293e+13
      277.375   2.7977885e+13
      277.425   2.8461003e+13
      277.475   2.8427561e+13
      277.525   2.7833345e+13
      277.575   2.7115552e+13
      277.625   2.6323390e+13
      277.675   2.5356836e+13
      277.725   2.4513168e+13
      277.775   2.4037725e+13
      277.825   2.3443270e+13
      277.875   2.2410826e+13
      277.925   2.1437717e+13
      277.975   2.0855911e+13
      278.025   2.0387957e+13
      278.075   2.0006346e+13
      278.125   1.9745195e+13
      278.175   1.9524504e+13
      278.225   1.9374396e+13
      278.275   1.9310198e+13
      278.325   1.9098495e+13
      278.375   1.8647730e+13
      278.425   1.8312880e+13
      278.475   1.8212701e+13
      278.525   1.8279637e+13
      278.575   1.8278031e+13
      278.625   1.8093699e+13
      278.675   1.7846651e+13
      278.725   1.7483553e+13
      278.775   1.6881746e+13
      278.825   1.6087059e+13
      278.875   1.5336543e+13
      278.925   1.4768464e+13
      278.975   1.4285343e+13
      279.025   1.3709379e+13
      279.075   1.3108167e+13
      279.125   1.2550737e+13
      279.175   1.2021326e+13
      279.225   1.1448123e+13
      279.275   1.0917095e+13
      279.325   1.0446383e+13
      279.375   9.9771876e+12
      279.425   9.5240220e+12
      279.475   9.1313906e+12
      279.525   9.1196325e+12
      279.575   9.4831789e+12
      279.625   9.8240004e+12
      279.675   9.5224268e+12
      279.725   8.7849703e+12
      279.775   8.2841455e+12
      279.825   8.0894019e+12
      279.875   8.1025734e+12
      279.925   8.2479293e+12
      279.975   8.4392505e+12
      280.025   8.6069164e+12
      280.075   8.6710415e+12
      280.125   8.6131943e+12
      280.175   8.5439850e+12
      280.225   8.5900463e+12
      280.275   8.9894856e+12
      280.325   9.5278891e+12
      280.375   9.7325755e+12
      280.425   9.6560468e+12
      280.475   9.6779683e+12
      280.525   1.0022369e+13
      280.575   1.0611959e+13
      280.625   1.1254774e+13
      280.675   1.1893187e+13
      280.725   1.2547616e+13
      280.775   1.3258884e+13
      280.825   1.4030631e+13
      280.875   1.4842419e+13
      280.925   1.5714753e+13
      280.975   1.6621895e+13
      281.025   1.7422343e+13
      281.075   1.7988835e+13
      281.125   1.8393815e+13
      281.175   1.8788718e+13
      281.225   1.9242917e+13
      281.275   1.9812576e+13
      281.325   2.0416641e+13
      281.375   2.1097166e+13
      281.425   2.2240121e+13
      281.475   2.3723835e+13
      281.525   2.4950181e+13
      281.575   2.5725035e+13
      281.625   2.6031194e+13
      281.675   2.6108796e+13
      281.725   2.6236589e+13
      281.775   2.6498166e+13
      281.825   2.6923004e+13
      281.875   2.7714864e+13
      281.925   2.8592362e+13
      281.975   2.9254741e+13
      282.025   2.9882875e+13
      282.075   3.0514398e+13
      282.125   3.0897877e+13
      282.175   3.0976431e+13
      282.225   3.1028356e+13
      282.275   3.1171738e+13
      282.325   3.1394021e+13
      282.375   3.1940901e+13
      282.425   3.2852820e+13
      282.475   3.3711827e+13
      282.525   3.3792674e+13
      282.575   3.3094949e+13
      282.625   3.2299212e+13
      282.675   3.1944107e+13
      282.725   3.2466207e+13
      282.775   3.3142833e+13
      282.825   3.3391815e+13
      282.875   3.3617431e+13
      282.925   3.4162809e+13
      282.975   3.4952957e+13
      283.025   3.5607564e+13
      283.075   3.5825256e+13
      283.125   3.5707490e+13
      283.175   3.5657130e+13
      283.225   3.5498597e+13
      283.275   3.5053885e+13
      283.325   3.4740267e+13
      283.375   3.4925492e+13
      283.425   3.5017701e+13
      283.475   3.4427495e+13
      283.525   3.3469743e+13
      283.575   3.2239733e+13
      283.625   3.1168562e+13
      283.675   3.1257802e+13
      283.725   3.2419037e+13
      283.775   3.3835447e+13
      283.825   3.4634170e+13
      283.875   3.4480841e+13
      283.925   3.4048645e+13
      283.975   3.3537380e+13
      284.025   3.2809958e+13
      284.075   3.1816523e+13
      284.125   3.0879371e+13
      284.175   3.0414578e+13
      284.225   3.0445222e+13
      284.275   3.0328508e+13
      284.325   2.9288644e+13
      284.375   2.7600847e+13
      284.425   2.6154617e+13
      284.475   2.5775026e+13
      284.525   2.6135820e+13
      284.575   2.6138708e+13
      284.625   2.5294524e+13
      284.675   2.3833473e+13
      284.725   2.2421565e+13
      284.775   2.1262245e+13
      284.825   2.0112760e+13
      284.875   1.8823416e+13
      284.925   1.7475212e+13
      284.975   1.6346327e+13
      285.025   1.5343364e+13
      285.075   1.4366930e+13
      285.125   1.3445325e+13
      285.175   1.2561396e+13
      285.225   1.1883667e+13
      285.275   1.1462955e+13
      285.325   1.1412893e+13
      285.375   1.1834371e+13
      285.425   1.2624348e+13
      285.475   1.3626910e+13
      285.525   1.4641824e+13
      285.575   1.5783994e+13
      285.625   1.6947286e+13
      285.675   1.8068149e+13
      285.725   1.9248824e+13
      285.775   2.0561626e+13
      285.825   2.1936885e+13
      285.875   2.3222031e+13
      285.925   2.4411816e+13
      285.975   2.5874307e+13
      286.025   2.7790211e+13
      286.075   2.9520547e+13
      286.125   3.0519081e+13
      286.175   3.1078716e+13
      286.225   3.1760821e+13
      286.275   3.2469482e+13
      286.325   3.2970363e+13
      286.375   3.3559829e+13
      286.425   3.4311185e+13
      286.475   3.5310536e+13
      286.525   3.6070499e+13
      286.575   3.6288125e+13
      286.625   3.6564772e+13
      286.675   3.7024249e+13
      286.725   3.6881725e+13
      286.775   3.6200664e+13
      286.825   3.5761571e+13
      286.875   3.5804397e+13
      286.925   3.5804525e+13
      286.975   3.5751351e+13
      287.025   3.6322363e+13
      287.075   3.7882159e+13
      287.125   4.0069586e+13
      287.175   4.1964107e+13
      287.225   4.2902887e+13
      287.275   4.3018742e+13
      287.325   4.2486640e+13
      287.375   4.1429821e+13
      287.425   4.0145471e+13
      287.475   3.9233612e+13
      287.525   3.8981214e+13
      287.575   3.8808352e+13
      287.625   3.8219356e+13
      287.675   3.7265711e+13
      287.725   3.6643318e+13
      287.775   3.6652370e+13
      287.825   3.6865238e+13
      287.875   3.6424435e+13
      287.925   3.5066469e+13
      287.975   3.3235702e+13
      288.025   3.1456210e+13
      288.075   3.0003329e+13
      288.125   2.8674057e+13
      288.175   2.7255865e+13
      288.225   2.6254847e+13
      288.275   2.6502949e+13
      288.325   2.8027027e+13
      288.375   3.0326925e+13
      288.425   3.2981421e+13
      288.475   3.5753482e+13
      288.525   3.8524359e+13
      288.575   4.0868967e+13
      288.625   4.2226337e+13
      288.675   4.2672975e+13
      288.725   4.2789106e+13
      288.775   4.3098165e+13
      288.825   4.3445818e+13
      288.875   4.3778600e+13
      288.925   4.4385436e+13
      288.975   4.5011704e+13
      289.025   4.5401042e+13
      289.075   4.5952009e+13
      289.125   4.6796983e+13
      289.175   4.7519618e+13
      289.225   4.8243515e+13
      289.275   4.9094514e+13
      289.325   4.9630772e+13
      289.375   5.0099657e+13
      289.425   5.0897555e+13
      289.475   5.1989222e+13
      289.525   5.3173016e+13
      289.575   5.5007299e+13
      289.625   5.7613122e+13
      289.675   5.9657101e+13
      289.725   6.0563876e+13
      289.775   6.1058795e+13
      289.825   6.1564535e+13
      289.875   6.2401591e+13
      289.925   6.3636715e+13
      289.975   6.5419941e+13
      290.025   6.7714816e+13
      290.075   7.0020767e+13
      290.125   7.1664473e+13
      290.175   7.1325733e+13
      290.225   6.9603107e+13
      290.275   6.8663036e+13
      290.325   6.9782168e+13
      290.375   7.2059776e+13
      290.425   7.3704858e+13
      290.475   7.4251306e+13
      290.525   7.4367262e+13
      290.575   7.4105366e+13
      290.625   7.3097227e+13
      290.675   7.1978149e+13
      290.725   7.1275338e+13
      290.775   7.1064504e+13
      290.825   7.0699176e+13
      290.875   6.9859747e+13
      290.925   6.9390264e+13
      290.975   6.9373385e+13
      291.025   6.9316817e+13
      291.075   6.9113793e+13
      291.125   6.8973496e+13
      291.175   6.9077966e+13
      291.225   6.9406820e+13
      291.275   7.0433904e+13
      291.325   7.2605198e+13
      291.375   7.4278730e+13
      291.425   7.3862765e+13
      291.475   7.1725965e+13
      291.525   6.9354603e+13
      291.575   6.7698731e+13
      291.625   6.6728038e+13
      291.675   6.6533789e+13
      291.725   6.6903948e+13
      291.775   6.6686456e+13
      291.825   6.5624227e+13
      291.875   6.4819082e+13
      291.925   6.4880110e+13
      291.975   6.5565148e+13
      292.025   6.6047770e+13
      292.075   6.5782905e+13
      292.125   6.5429295e+13
      292.175   6.5605330e+13
      292.225   6.5713798e+13
      292.275   6.5445001e+13
      292.325   6.4616546e+13
      292.375   6.2904351e+13
      292.425   6.0654625e+13
      292.475   5.9307834e+13
      292.525   5.9365975e+13
      292.575   5.9507273e+13
      292.625   5.8611616e+13
      292.675   5.7431649e+13
      292.725   5.7157184e+13
      292.775   5.8123803e+13
      292.825   5.9329148e+13
      292.875   5.8734680e+13
      292.925   5.7176842e+13
      292.975   5.7084482e+13
      293.025   6.0193589e+13
      293.075   6.4838738e+13
      293.125   6.7746136e+13
      293.175   6.8468336e+13
      293.225   6.8930658e+13
      293.275   6.9379710e+13
      293.325   6.8476364e+13
      293.375   6.7206144e+13
      293.425   6.6874067e+13
      293.475   6.7939470e+13
      293.525   6.9606693e+13
      293.575   6.9899493e+13
      293.625   6.7848160e+13
      293.675   6.3234798e+13
      293.725   5.7799196e+13
      293.775   5.5325459e+13
      293.825   5.6072067e+13
      293.875   5.7464290e+13
      293.925   5.8252608e+13
      293.975   5.8858998e+13
      294.025   6.0034790e+13
      294.075   6.0914398e+13
      294.125   6.0537338e+13
      294.175   5.9305409e+13
      294.225   5.9176335e+13
      294.275   6.0785121e+13
      294.325   6.2873957e+13
      294.375   6.3993890e+13
      294.425   6.2765061e+13
      294.475   6.1136538e+13
      294.525   6.1143477e+13
      294.575   6.3070398e+13
      294.625   6.5586291e+13
      294.675   6.6012148e+13
      294.725   6.3631048e+13
      294.775   5.9180128e+13
      294.825   5.4264768e+13
      294.875   5.1921875e+13
      294.925   5.2410589e+13
      294.975   5.4081761e+13
      295.025   5.6891002e+13
      295.075   6.0538183e+13
      295.125   6.3836388e+13
      295.175   6.6047954e+13
      295.225   6.7947688e+13
      295.275   6.9163668e+13
      295.325   6.8231769e+13
      295.375   6.5362195e+13
      295.425   6.2276496e+13
      295.475   6.1505006e+13
      295.525   6.4107648e+13
      295.575   6.7062271e+13
      295.625   6.8067871e+13
      295.675   6.6979609e+13
      295.725   6.4999721e+13
      295.775   6.4150608e+13
      295.825   6.5238536e+13
      295.875   6.8046920e+13
      295.925   7.0393806e+13
      295.975   7.0310813e+13
      296.025   6.8553075e+13
      296.075   6.7077578e+13
      296.125   6.6680908e+13
      296.175   6.7259083e+13
      296.225   6.8452846e+13
      296.275   6.9923978e+13
      296.325   7.0986134e+13
      296.375   7.0529722e+13
      296.425   6.8239590e+13
      296.475   6.4387629e+13
      296.525   5.9638658e+13
      296.575   5.4912967e+13
      296.625   5.1427275e+13
      296.675   4.9288770e+13
      296.725   4.8023969e+13
      296.775   4.8665277e+13
      296.825   5.1459663e+13
      296.875   5.3815209e+13
      296.925   5.4080346e+13
      296.975   5.2596755e+13
      297.025   5.0496617e+13
      297.075   5.0088910e+13
      297.125   5.2166372e+13
      297.175   5.5237015e+13
      297.225   5.6900712e+13
      297.275   5.5810328e+13
      297.325   5.3811521e+13
      297.375   5.3181814e+13
      297.425   5.5502915e+13
      297.475   6.0235565e+13
      297.525   6.4202170e+13
      297.575   6.6168887e+13
      297.625   6.6656208e+13
      297.675   6.7495960e+13
      297.725   7.0184648e+13
      297.775   7.3268094e+13
      297.825   7.4650875e+13
      297.875   7.3400097e+13
      297.925   6.9732485e+13
      297.975   6.6266815e+13
      298.025   6.4200052e+13
      298.075   6.2479392e+13
      298.125   5.9911981e+13
      298.175   5.6423656e+13
      298.225   5.3528482e+13
      298.275   5.2498038e+13
      298.325   5.2117810e+13
      298.375   5.0231455e+13
      298.425   4.7807282e+13
      298.475   4.6514086e+13
      298.525   4.6356454e+13
      298.575   4.6814794e+13
      298.625   4.7688009e+13
      298.675   4.9295549e+13
      298.725   5.0905687e+13
      298.775   5.1681434e+13
      298.825   5.2672304e+13
      298.875   5.4780057e+13
      298.925   5.7603481e+13
      298.975   6.0774246e+13
      299.025   6.4125270e+13
      299.075   6.6569806e+13
      299.125   6.7397226e+13
      299.175   6.6648254e+13
      299.225   6.4717658e+13
      299.275   6.3110415e+13
      299.325   6.2020655e+13
      299.375   6.0604052e+13
      299.425   5.7626766e+13
      299.475   5.3740957e+13
      299.525   5.1867137e+13
      299.575   5.3022749e+13
      299.625   5.6429126e+13
      299.675   6.0076912e+13
      299.725   6.2394659e+13
      299.775   6.3751861e+13
      299.825   6.3787844e+13
      299.875   6.1511514e+13
      299.925   5.7173686e+13
      299.975   5.2625723e+13
      300.025   4.9753087e+13
      300.075   4.6908608e+13
      300.125   4.5009796e+13
      300.175   4.4134972e+13
      300.225   4.4053892e+13
      300.275   4.3913843e+13
      300.325   4.3389881e+13
      300.375   4.3613355e+13
      300.425   4.5241978e+13
      300.475   4.8733290e+13
      300.525   5.2494773e+13
      300.575   5.4282062e+13
      300.625   5.4540000e+13
      300.675   5.3799992e+13
      300.725   5.2127399e+13
      300.775   5.0279078e+13
      300.825   4.8930910e+13
      300.875   4.8461572e+13
      300.925   4.9018268e+13
      300.975   5.0295564e+13
      301.025   5.2281974e+13
      301.075   5.5211375e+13
      301.125   5.8205651e+13
      301.175   5.9044865e+13
      301.225   5.7480521e+13
      301.275   5.6615576e+13
      301.325   5.7598751e+13
      301.375   5.9015453e+13
      301.425   5.9586772e+13
      301.475   5.9254159e+13
      301.525   5.8857298e+13
      301.575   5.8523678e+13
      301.625   5.8133268e+13
      301.675   5.7588170e+13
      301.725   5.6671610e+13
      301.775   5.4978434e+13
      301.825   5.2598769e+13
      301.875   5.0504092e+13
      301.925   4.9003300e+13
      301.975   4.7541927e+13
      302.025   4.5896363e+13
      302.075   4.3948426e+13
      302.125   4.2445257e+13
      302.175   4.2688240e+13
      302.225   4.4893481e+13
      302.275   4.9176360e+13
      302.325   5.4598333e+13
      302.375   5.8844754e+13
      302.425   6.0505641e+13
      302.475   6.0349688e+13
      302.525   6.0112990e+13
      302.575   6.0046019e+13
      302.625   5.9483920e+13
      302.675   5.9328619e+13
      302.725   6.1997674e+13
      302.775   6.7781650e+13
      302.825   7.3148414e+13
      302.875   7.6123624e+13
      302.925   7.6684824e+13
      302.975   7.5751770e+13
      303.025   7.4856898e+13
      303.075   7.4636681e+13
      303.125   7.4723613e+13
      303.175   7.4017761e+13
      303.225   7.4129025e+13
      303.275   7.7043466e+13
      303.325   8.0491974e+13
      303.375   8.2115566e+13
      303.425   8.1719312e+13
      303.475   8.1120305e+13
      303.525   8.1294465e+13
      303.575   8.1913368e+13
      303.625   8.1788381e+13
      303.675   7.9813057e+13
      303.725   7.6551579e+13
      303.775   7.1694450e+13
      303.825   6.7270951e+13
      303.875   6.6809359e+13
      303.925   6.9197670e+13
      303.975   7.1965172e+13
      304.025   7.3344385e+13
      304.075   7.2731626e+13
      304.125   7.1316943e+13
      304.175   6.9983668e+13
      304.225   6.8594165e+13
      304.275   6.7921488e+13
      304.325   6.9094400e+13
      304.375   7.2011233e+13
      304.425   7.5043748e+13
      304.475   7.6871091e+13
      304.525   7.7773859e+13
      304.575   7.8463777e+13
      304.625   7.9280602e+13
      304.675   7.9461744e+13
      304.725   7.6842004e+13
      304.775   7.2187263e+13
      304.825   6.8719551e+13
      304.875   6.8033536e+13
      304.925   7.0677304e+13
      304.975   7.4793116e+13
      305.025   7.8029308e+13
      305.075   7.9442538e+13
      305.125   7.8761564e+13
      305.175   7.9357039e+13
      305.225   8.2538412e+13
      305.275   8.5476073e+13
      305.325   8.5723324e+13
      305.375   8.2725655e+13
      305.425   7.8395179e+13
      305.475   7.5160393e+13
      305.525   7.3460220e+13
      305.575   7.3369147e+13
      305.625   7.4031813e+13
      305.675   7.3594896e+13
      305.725   7.1159954e+13
      305.775   6.6578180e+13
      305.825   6.2033836e+13
      305.875   5.9819329e+13
      305.925   5.9309747e+13
      305.975   5.9386250e+13
      306.025   6.0907292e+13
      306.075   6.4092645e+13
      306.125   6.7778498e+13
      306.175   7.1045119e+13
      306.225   7.3662642e+13
      306.275   7.4899575e+13
      306.325   7.4829480e+13
      306.375   7.3870937e+13
      306.425   7.1875555e+13
      306.475   6.9664032e+13
      306.525   6.8811468e+13
      306.575   6.9711372e+13
      306.625   7.0731926e+13
      306.675   6.9624203e+13
      306.725   6.7156394e+13
      306.775   6.5841702e+13
      306.825   6.6370433e+13
      306.875   6.8714296e+13
      306.925   7.2307942e+13
      306.975   7.5762086e+13
      307.025   7.8054082e+13
      307.075   7.9413980e+13
      307.125   8.0156167e+13
      307.175   8.0317872e+13
      307.225   7.9919559e+13
      307.275   7.8801320e+13
      307.325   7.7972633e+13
      307.375   7.8565854e+13
      307.425   7.9596222e+13
      307.475   7.9864162e+13
      307.525   7.9204347e+13
      307.575   7.7001981e+13
      307.625   7.4903461e+13
      307.675   7.5202155e+13
      307.725   7.8037408e+13
      307.775   8.0532816e+13
      307.825   7.9943956e+13
      307.875   7.8243741e+13
      307.925   7.7896584e+13
      307.975   7.9554483e+13
      308.025   8.1726775e+13
      308.075   8.2136828e+13
      308.125   8.1082114e+13
      308.175   7.9062738e+13
      308.225   7.6190036e+13
      308.275   7.4158880e+13
      308.325   7.3950590e+13
      308.375   7.4401748e+13
      308.425   7.5231990e+13
      308.475   7.7728719e+13
      308.525   8.1053957e+13
      308.575   8.3118913e+13
      308.625   8.3373724e+13
      308.675   8.2050929e+13
      308.725   7.9710804e+13
      308.775   7.7176899e+13
      308.825   7.4724112e+13
      308.875   7.3140014e+13
      308.925   7.3258577e+13
      308.975   7.3237076e+13
      309.025   7.1916556e+13
      309.075   7.0190864e+13
      309.125   6.7921480e+13
      309.175   6.5131685e+13
      309.225   6.2969092e+13
      309.275   6.1407799e+13
      309.325   5.9368123e+13
      309.375   5.7470640e+13
      309.425   5.7622683e+13
      309.475   6.0067244e+13
      309.525   6.3597334e+13
      309.575   6.6087040e+13
      309.625   6.6514307e+13
      309.675   6.4843076e+13
      309.725   6.1661199e+13
      309.775   5.9513039e+13
      309.825   6.0030074e+13
      309.875   6.1892093e+13
      309.925   6.3285046e+13
      309.975   6.2895734e+13
      310.025   6.0318543e+13
      310.075   5.7610892e+13
      310.125   5.6514018e+13
      310.175   5.7524244e+13
      310.225   5.9807163e+13
      310.275   6.2862554e+13
      310.325   6.7481940e+13
      310.375   7.3754383e+13
      310.425   7.9345740e+13
      310.475   8.2707312e+13
      310.525   8.4771232e+13
      310.575   8.6008372e+13
      310.625   8.7066476e+13
      310.675   8.8830294e+13
      310.725   9.1284268e+13
      310.775   9.3644723e+13
      310.825   9.5760236e+13
      310.875   9.8256754e+13
      310.925   9.9904476e+13
      310.975   1.0023961e+14
      311.025   9.9686386e+13
      311.075   9.8128256e+13
      311.125   9.7083980e+13
      311.175   9.7579258e+13
      311.225   9.8444686e+13
      311.275   9.9124634e+13
      311.325   1.0016827e+14
      311.375   1.0071069e+14
      311.425   9.9417184e+13
      311.475   9.6685810e+13
      311.525   9.4945672e+13
      311.575   9.5488848e+13
      311.625   9.6063330e+13
      311.675   9.4697309e+13
      311.725   9.1079945e+13
      311.775   8.7783680e+13
      311.825   8.6322647e+13
      311.875   8.5319662e+13
      311.925   8.4143541e+13
      311.975   8.2945386e+13
      312.025   8.1712823e+13
      312.075   8.0953535e+13
      312.125   8.0900479e+13
      312.175   8.1067016e+13
      312.225   8.1064863e+13
      312.275   8.1209464e+13
      312.325   8.2305612e+13
      312.375   8.4614590e+13
      312.425   8.7218769e+13
      312.475   8.8655511e+13
      312.525   8.8281219e+13
      312.575   8.5714632e+13
      312.625   8.3183135e+13
      312.675   8.2969262e+13
      312.725   8.4023535e+13
      312.775   8.5506504e+13
      312.825   8.6991925e+13
      312.875   8.7614152e+13
      312.925   8.7273913e+13
      312.975   8.7298008e+13
      313.025   8.8378684e+13
      313.075   8.8739073e+13
      313.125   8.7843345e+13
      313.175   8.7428188e+13
      313.225   8.7840768e+13
      313.275   8.7939455e+13
      313.325   8.7653749e+13
      313.375   8.7754908e+13
      313.425   8.7657600e+13
      313.475   8.6838723e+13
      313.525   8.7116875e+13
      313.575   8.8951202e+13
      313.625   9.0456259e+13
      313.675   9.0888680e+13
      313.725   9.1102377e+13
      313.775   9.2544923e+13
      313.825   9.4686656e+13
      313.875   9.6548623e+13
      313.925   9.7670775e+13
      313.975   9.7673643e+13
      314.025   9.6684350e+13
      314.075   9.5218629e+13
      314.125   9.4478488e+13
      314.175   9.4673065e+13
      314.225   9.4068815e+13
      314.275   9.1844389e+13
      314.325   8.7875646e+13
      314.375   8.2354655e+13
      314.425   7.6667889e+13
      314.475   7.2718588e+13
      314.525   7.1681835e+13
      314.575   7.3737836e+13
      314.625   7.7339838e+13
      314.675   8.0377111e+13
      314.725   8.2337858e+13
      314.775   8.3106720e+13
      314.825   8.4006286e+13
      314.875   8.6259240e+13
      314.925   8.9098424e+13
      314.975   9.1280696e+13
      315.025   9.1373689e+13
      315.075   9.0065564e+13
      315.125   8.9385679e+13
      315.175   8.9568903e+13
      315.225   8.9772726e+13
      315.275   8.9336346e+13
      315.325   8.9035309e+13
      315.375   8.9198054e+13
      315.425   8.8968558e+13
      315.475   8.7485017e+13
      315.525   8.5704159e+13
      315.575   8.4701885e+13
      315.625   8.3853641e+13
      315.675   8.2005178e+13
      315.725   7.8621116e+13
      315.775   7.4553176e+13
      315.825   7.1159626e+13
      315.875   6.9126230e+13
      315.925   6.7682213e+13
      315.975   6.6856781e+13
      316.025   6.7162338e+13
      316.075   6.8174350e+13
      316.125   6.8783733e+13
      316.175   6.9184510e+13
      316.225   7.0408244e+13
      316.275   7.2660919e+13
      316.325   7.5839785e+13
      316.375   7.9357313e+13
      316.425   8.1692193e+13
      316.475   8.2240916e+13
      316.525   8.2215085e+13
      316.575   8.3252004e+13
      316.625   8.4786290e+13
      316.675   8.5712697e+13
      316.725   8.7331547e+13
      316.775   9.0612616e+13
      316.825   9.2640690e+13
      316.875   9.2266705e+13
      316.925   9.2182336e+13
      316.975   9.4020975e+13
      317.025   9.7385880e+13
      317.075   1.0102055e+14
      317.125   1.0422037e+14
      317.175   1.0677451e+14
      317.225   1.0814840e+14
      317.275   1.0884289e+14
      317.325   1.0914590e+14
      317.375   1.0865330e+14
      317.425   1.0771049e+14
      317.475   1.0673368e+14
      317.525   1.0536876e+14
      317.575   1.0412455e+14
      317.625   1.0423955e+14
      317.675   1.0573546e+14
      317.725   1.0625572e+14
      317.775   1.0476612e+14
      317.825   1.0111204e+14
      317.875   9.5499338e+13
      317.925   9.0620526e+13
      317.975   8.6895206e+13
      318.025   8.3189271e+13
      318.075   8.1079822e+13
      318.125   8.0621579e+13
      318.175   7.9903410e+13
      318.225   7.9026558e+13
      318.275   7.9116786e+13
      318.325   8.0209250e+13
      318.375   8.1225227e+13
      318.425   8.2179498e+13
      318.475   8.3342656e+13
      318.525   8.4333797e+13
      318.575   8.5471100e+13
      318.625   8.7230759e+13
      318.675   8.8762904e+13
      318.725   8.9287399e+13
      318.775   8.9838532e+13
      318.825   9.1184025e+13
      318.875   9.2470593e+13
      318.925   9.4195003e+13
      318.975   9.7602527e+13
      319.025   9.9595621e+13
      319.075   9.7728471e+13
      319.125   9.4028914e+13
      319.175   8.9983217e+13
      319.225   8.6428470e+13
      319.275   8.3821008e+13
      319.325   8.1986624e+13
      319.375   8.2002113e+13
      319.425   8.4243250e+13
      319.475   8.7070166e+13
      319.525   8.9050331e+13
      319.575   9.0461076e+13
      319.625   9.1722464e+13
      319.675   9.2536796e+13
      319.725   9.3048969e+13
      319.775   9.3887580e+13
      319.825   9.6341886e+13
      319.875   1.0113464e+14
      319.925   1.0505154e+14
      319.975   1.0620035e+14
      320.025   1.0464007e+14
      320.075   1.0182825e+14
      320.125   1.0123399e+14
      320.175   1.0371384e+14
      320.225   1.0675008e+14
      320.275   1.0732513e+14
      320.325   1.0660336e+14
      320.375   1.0705910e+14
      320.425   1.0904873e+14
      320.475   1.1163550e+14
      320.525   1.1258221e+14
      320.575   1.1146272e+14
      320.625   1.0984863e+14
      320.675   1.0952325e+14
      320.725   1.0998423e+14
      320.775   1.0910207e+14
      320.825   1.0699902e+14
      320.875   1.0396297e+14
      320.925   1.0004287e+14
      320.975   9.6587666e+13
      321.025   9.4272850e+13
      321.075   9.2101436e+13
      321.125   8.9504961e+13
      321.175   8.7102499e+13
      321.225   8.5370250e+13
      321.275   8.4569630e+13
      321.325   8.4737954e+13
      321.375   8.4360241e+13
      321.425   8.3349540e+13
      321.475   8.3320756e+13
      321.525   8.4870131e+13
      321.575   8.7514975e+13
      321.625   9.0079017e+13
      321.675   9.1226412e+13
      321.725   9.1051707e+13
      321.775   9.1202168e+13
      321.825   9.3327883e+13
      321.875   9.6896823e+13
      321.925   9.9932928e+13
      321.975   1.0105786e+14
      322.025   1.0003083e+14
      322.075   9.9925269e+13
      322.125   1.0127636e+14
      322.175   1.0079524e+14
      322.225   9.7136366e+13
      322.275   9.2953726e+13
      322.325   9.1309270e+13
      322.375   9.1415724e+13
      322.425   9.2550474e+13
      322.475   9.4349277e+13
      322.525   9.4172506e+13
      322.575   9.1294406e+13
      322.625   8.7619242e+13
      322.675   8.5177161e+13
      322.725   8.4523497e+13
      322.775   8.3855797e+13
      322.825   8.2442173e+13
      322.875   8.0640757e+13
      322.925   7.9422057e+13
      322.975   7.9007529e+13
      323.025   7.8938972e+13
      323.075   8.0048309e+13
      323.125   8.2837163e+13
      323.175   8.5649035e+13
      323.225   8.7682483e+13
      323.275   8.8914158e+13
      323.325   8.8785355e+13
      323.375   8.7778262e+13
      323.425   8.6570042e+13
      323.475   8.5233165e+13
      323.525   8.4128364e+13
      323.575   8.5429413e+13
      323.625   8.7672296e+13
      323.675   8.7856229e+13
      323.725   8.7410902e+13
      323.775   8.8623062e+13
      323.825   9.2140007e+13
      323.875   9.5211401e+13
      323.925   9.5652188e+13
      323.975   9.4262266e+13
      324.025   9.4712860e+13
      324.075   9.8435100e+13
      324.125   1.0201840e+14
      324.175   1.0350234e+14
      324.225   1.0263464e+14
      324.275   1.0162530e+14
      324.325   1.0225712e+14
      324.375   1.0275477e+14
      324.425   1.0226737e+14
      324.475   1.0247442e+14
      324.525   1.0417602e+14
      324.575   1.0588970e+14
      324.625   1.0719403e+14
      324.675   1.0820100e+14
      324.725   1.0765429e+14
      324.775   1.0505998e+14
      324.825   1.0222876e+14
      324.875   1.0113780e+14
      324.925   1.0143783e+14
      324.975   1.0223716e+14
      325.025   1.0346471e+14
      325.075   1.0446691e+14
      325.125   1.0492435e+14
      325.175   1.0580962e+14
      325.225   1.0751110e+14
      325.275   1.0933381e+14
      325.325   1.1088408e+14
      325.375   1.1227579e+14
      325.425   1.1334430e+14
      325.475   1.1423229e+14
      325.525   1.1734987e+14
      325.575   1.2298221e+14
      325.625   1.2702801e+14
      325.675   1.2851521e+14
      325.725   1.2937429e+14
      325.775   1.3017555e+14
      325.825   1.3043472e+14
      325.875   1.3040034e+14
      325.925   1.3172724e+14
      325.975   1.3425057e+14
      326.025   1.3593937e+14
      326.075   1.3606654e+14
      326.125   1.3576098e+14
      326.175   1.3508913e+14
      326.225   1.3407170e+14
      326.275   1.3415891e+14
      326.325   1.3511951e+14
      326.375   1.3519396e+14
      326.425   1.3348250e+14
      326.475   1.3039363e+14
      326.525   1.2807010e+14
      326.575   1.2714441e+14
      326.625   1.2837393e+14
      326.675   1.3200678e+14
      326.725   1.3490345e+14
      326.775   1.3577083e+14
      326.825   1.3577966e+14
      326.875   1.3585039e+14
      326.925   1.3594885e+14
      326.975   1.3517416e+14
      327.025   1.3375876e+14
      327.075   1.3231350e+14
      327.125   1.3069548e+14
      327.175   1.2848444e+14
      327.225   1.2664706e+14
      327.275   1.2730336e+14
      327.325   1.3033250e+14
      327.375   1.3233906e+14
      327.425   1.3194273e+14
      327.475   1.3093802e+14
      327.525   1.3155689e+14
      327.575   1.3291295e+14
      327.625   1.3245759e+14
      327.675   1.3012707e+14
      327.725   1.2747462e+14
      327.775   1.2644910e+14
      327.825   1.2704292e+14
      327.875   1.2746676e+14
      327.925   1.2631932e+14
      327.975   1.2464289e+14
      328.025   1.2414475e+14
      328.075   1.2477428e+14
      328.125   1.2610717e+14
      328.175   1.2699607e+14
      328.225   1.2652209e+14
      328.275   1.2530505e+14
      328.325   1.2435266e+14
      328.375   1.2520540e+14
      328.425   1.2746914e+14
      328.475   1.2871936e+14
      328.525   1.2808597e+14
      328.575   1.2664277e+14
      328.625   1.2534779e+14
      328.675   1.2348093e+14
      328.725   1.2077409e+14
      328.775   1.1931211e+14
      328.825   1.2104447e+14
      328.875   1.2456920e+14
      328.925   1.2750757e+14
      328.975   1.3106640e+14
      329.025   1.3644438e+14
      329.075   1.4039048e+14
      329.125   1.4130087e+14
      329.175   1.4144611e+14
      329.225   1.4185824e+14
      329.275   1.4243496e+14
      329.325   1.4358786e+14
      329.375   1.4569780e+14
      329.425   1.4829595e+14
      329.475   1.4994849e+14
      329.525   1.4965217e+14
      329.575   1.4858608e+14
      329.625   1.4861105e+14
      329.675   1.4977463e+14
      329.725   1.5123390e+14
      329.775   1.5196980e+14
      329.825   1.5167738e+14
      329.875   1.5054124e+14
      329.925   1.4974885e+14
      329.975   1.5047000e+14
      330.025   1.5220029e+14
      330.075   1.5473531e+14
      330.125   1.5656970e+14
      330.175   1.5486218e+14
      330.225   1.5035738e+14
      330.275   1.4575918e+14
      330.325   1.4152763e+14
      330.375   1.3949445e+14
      330.425   1.3983275e+14
      330.475   1.3956532e+14
      330.525   1.3799925e+14
      330.575   1.3449220e+14
      330.625   1.2988811e+14
      330.675   1.2619709e+14
      330.725   1.2449007e+14
      330.775   1.2567698e+14
      330.825   1.2864715e+14
      330.875   1.3126582e+14
      330.925   1.3265604e+14
      330.975   1.3389094e+14
      331.025   1.3470170e+14
      331.075   1.3461309e+14
      331.125   1.3480660e+14
      331.175   1.3560045e+14
      331.225   1.3554375e+14
      331.275   1.3377428e+14
      331.325   1.3220615e+14
      331.375   1.3200411e+14
      331.425   1.3107124e+14
      331.475   1.2925490e+14
      331.525   1.2802924e+14
      331.575   1.2834737e+14
      331.625   1.3015581e+14
      331.675   1.3284893e+14
      331.725   1.3497221e+14
      331.775   1.3579319e+14
      331.825   1.3650558e+14
      331.875   1.3738037e+14
      331.925   1.3761483e+14
      331.975   1.3702908e+14
      332.025   1.3599097e+14
      332.075   1.3460395e+14
      332.125   1.3342785e+14
      332.175   1.3308022e+14
      332.225   1.3235222e+14
      332.275   1.2966219e+14
      332.325   1.2589049e+14
      332.375   1.2392617e+14
      332.425   1.2469741e+14
      332.475   1.2682027e+14
      332.525   1.2967674e+14
      332.575   1.3338579e+14
      332.625   1.3667802e+14
      332.675   1.3768626e+14
      332.725   1.3547156e+14
      332.775   1.3245853e+14
      332.825   1.3148793e+14
      332.875   1.3155658e+14
      332.925   1.3079332e+14
      332.975   1.2790789e+14
      333.025   1.2554829e+14
      333.075   1.2619954e+14
      333.125   1.2912734e+14
      333.175   1.3232361e+14
      333.225   1.3221688e+14
      333.275   1.3071108e+14
      333.325   1.3091011e+14
      333.375   1.3226087e+14
      333.425   1.3221260e+14
      333.475   1.2953353e+14
      333.525   1.2670049e+14
      333.575   1.2431895e+14
      333.625   1.2100161e+14
      333.675   1.1805312e+14
      333.725   1.1732139e+14
      333.775   1.1881052e+14
      333.825   1.2214287e+14
      333.875   1.2564035e+14
      333.925   1.2782918e+14
      333.975   1.2900181e+14
      334.025   1.2911565e+14
      334.075   1.2876765e+14
      334.125   1.2995862e+14
      334.175   1.3124283e+14
      334.225   1.3067625e+14
      334.275   1.2888510e+14
      334.325   1.2908908e+14
      334.375   1.3255083e+14
      334.425   1.3598569e+14
      334.475   1.3757890e+14
      334.525   1.3810782e+14
      334.575   1.3854177e+14
      334.625   1.3930929e+14
      334.675   1.3977421e+14
      334.725   1.3914075e+14
      334.775   1.3812933e+14
      334.825   1.3729726e+14
      334.875   1.3593303e+14
      334.925   1.3203552e+14
      334.975   1.2616892e+14
      335.025   1.2314446e+14
      335.075   1.2491018e+14
      335.125   1.3036441e+14
      335.175   1.3562942e+14
      335.225   1.3752714e+14
      335.275   1.3812025e+14
      335.325   1.3895919e+14
      335.375   1.3892553e+14
      335.425   1.3753195e+14
      335.475   1.3658294e+14
      335.525   1.3697884e+14
      335.575   1.3851947e+14
      335.625   1.3981208e+14
      335.675   1.3899418e+14
      335.725   1.3697532e+14
      335.775   1.3504429e+14
      335.825   1.3242161e+14
      335.875   1.2752458e+14
      335.925   1.2048419e+14
      335.975   1.1300254e+14
      336.025   1.0666048e+14
      336.075   1.0223858e+14
      336.125   9.9517163e+13
      336.175   9.8024380e+13
      336.225   9.8302800e+13
      336.275   1.0177682e+14
      336.325   1.0786886e+14
      336.375   1.1358819e+14
      336.425   1.1721420e+14
      336.475   1.1969939e+14
      336.525   1.2197541e+14
      336.575   1.2322173e+14
      336.625   1.2217781e+14
      336.675   1.1922759e+14
      336.725   1.1581170e+14
      336.775   1.1270119e+14
      336.825   1.1025691e+14
      336.875   1.0854047e+14
      336.925   1.0714942e+14
      336.975   1.0520312e+14
      337.025   1.0395241e+14
      337.075   1.0441711e+14
      337.125   1.0582108e+14
      337.175   1.0673843e+14
      337.225   1.0651930e+14
      337.275   1.0575337e+14
      337.325   1.0555429e+14
      337.375   1.0846530e+14
      337.425   1.1281029e+14
      337.475   1.1530947e+14
      337.525   1.1776095e+14
      337.575   1.2251337e+14
      337.625   1.2750939e+14
      337.675   1.3032626e+14
      337.725   1.3147552e+14
      337.775   1.3192564e+14
      337.825   1.3142624e+14
      337.875   1.2938123e+14
      337.925   1.2588248e+14
      337.975   1.2224367e+14
      338.025   1.1878400e+14
      338.075   1.1492912e+14
      338.125   1.1284407e+14
      338.175   1.1517901e+14
      338.225   1.2137814e+14
      338.275   1.2617833e+14
      338.325   1.2714916e+14
      338.375   1.2675097e+14
      338.425   1.2602444e+14
      338.475   1.2676822e+14
      338.525   1.2932029e+14
      338.575   1.3154748e+14
      338.625   1.3275625e+14
      338.675   1.3428148e+14
      338.725   1.3619676e+14
      338.775   1.3560711e+14
      338.825   1.3224660e+14
      338.875   1.2907919e+14
      338.925   1.2963102e+14
      338.975   1.3353088e+14
      339.025   1.3689781e+14
      339.075   1.3780207e+14
      339.125   1.3541022e+14
      339.175   1.3139204e+14
      339.225   1.2879934e+14
      339.275   1.2670301e+14
      339.325   1.2317448e+14
      339.375   1.2071422e+14
      339.425   1.2176737e+14
      339.475   1.2437693e+14
      339.525   1.2694085e+14
      339.575   1.3017524e+14
      339.625   1.3302160e+14
      339.675   1.3484556e+14
      339.725   1.3686482e+14
      339.775   1.3946976e+14
      339.825   1.4200825e+14
      339.875   1.4412179e+14
      339.925   1.4543160e+14
      339.975   1.4590112e+14
      340.025   1.4748141e+14
      340.075   1.5080017e+14
      340.125   1.5333524e+14
      340.175   1.5272040e+14
      340.225   1.4932264e+14
      340.275   1.4628146e+14
      340.325   1.4504723e+14
      340.375   1.4445252e+14
      340.425   1.4392085e+14
      340.475   1.4234702e+14
      340.525   1.3980863e+14
      340.575   1.3776587e+14
      340.625   1.3783295e+14
      340.675   1.3859687e+14
      340.725   1.3663254e+14
      340.775   1.3264722e+14
      340.825   1.3016934e+14
      340.875   1.3096145e+14
      340.925   1.3182522e+14
      340.975   1.3063072e+14
      341.025   1.2934289e+14
      341.075   1.2981915e+14
      341.125   1.3188018e+14
      341.175   1.3385369e+14
      341.225   1.3474612e+14
      341.275   1.3372238e+14
      341.325   1.2973282e+14
      341.375   1.2521867e+14
      341.425   1.2238756e+14
      341.475   1.2010250e+14
      341.525   1.1842634e+14
      341.575   1.1916245e+14
      341.625   1.2269174e+14
      341.675   1.2684744e+14
      341.725   1.3012650e+14
      341.775   1.3141171e+14
      341.825   1.3207297e+14
      341.875   1.3362044e+14
      341.925   1.3607693e+14
      341.975   1.3970887e+14
      342.025   1.4323858e+14
      342.075   1.4494972e+14
      342.125   1.4453851e+14
      342.175   1.4294111e+14
      342.225   1.4176036e+14
      342.275   1.4029412e+14
      342.325   1.3751797e+14
      342.375   1.3481131e+14
      342.425   1.3343081e+14
      342.475   1.3428268e+14
      342.525   1.3687498e+14
      342.575   1.3982114e+14
      342.625   1.4222270e+14
      342.675   1.4210012e+14
      342.725   1.3922419e+14
      342.775   1.3745230e+14
      342.825   1.3862332e+14
      342.875   1.4058561e+14
      342.925   1.4254355e+14
      342.975   1.4540806e+14
      343.025   1.4949181e+14
      343.075   1.5234681e+14
      343.125   1.5223029e+14
      343.175   1.5033079e+14
      343.225   1.4699530e+14
      343.275   1.4336511e+14
      343.325   1.4014585e+14
      343.375   1.3679537e+14
      343.425   1.3358001e+14
      343.475   1.3334703e+14
      343.525   1.3753807e+14
      343.575   1.4156888e+14
      343.625   1.4142290e+14
      343.675   1.3869266e+14
      343.725   1.3496430e+14
      343.775   1.3097274e+14
      343.825   1.2753114e+14
      343.875   1.2509331e+14
      343.925   1.2388172e+14
      343.975   1.2206865e+14
      344.025   1.1792421e+14
      344.075   1.1237638e+14
      344.125   1.0452011e+14
      344.175   9.8322378e+13
      344.225   9.7710722e+13
      344.275   9.8756596e+13
      344.325   9.9861672e+13
      344.375   1.0305993e+14
      344.425   1.0324573e+14
      344.475   1.0418609e+14
      344.525   1.0773553e+14
      344.575   1.1228135e+14
      344.625   1.1466796e+14
      344.675   1.1445973e+14
      344.725   1.1483865e+14
      344.775   1.1779385e+14
      344.825   1.2248609e+14
      344.875   1.2641486e+14
      344.925   1.2865573e+14
      344.975   1.2992138e+14
      345.025   1.3186240e+14
      345.075   1.3544325e+14
      345.125   1.3876703e+14
      345.175   1.4037783e+14
      345.225   1.3897115e+14
      345.275   1.3479114e+14
      345.325   1.3137934e+14
      345.375   1.2985778e+14
      345.425   1.3064258e+14
      345.475   1.3538851e+14
      345.525   1.4031968e+14
      345.575   1.4176982e+14
      345.625   1.4054674e+14
      345.675   1.3809663e+14
      345.725   1.3605820e+14
      345.775   1.3491213e+14
      345.825   1.3354548e+14
      345.875   1.3044994e+14
      345.925   1.2665427e+14
      345.975   1.2504884e+14
      346.025   1.2477191e+14
      346.075   1.2344730e+14
      346.125   1.2200151e+14
      346.175   1.2128597e+14
      346.225   1.2102668e+14
      346.275   1.2204131e+14
      346.325   1.2582838e+14
      346.375   1.3084114e+14
      346.425   1.3440068e+14
      346.475   1.3668021e+14
      346.525   1.3831239e+14
      346.575   1.3766052e+14
      346.625   1.3356796e+14
      346.675   1.2968620e+14
      346.725   1.2935846e+14
      346.775   1.3269210e+14
      346.825   1.3689235e+14
      346.875   1.3957100e+14
      346.925   1.4063501e+14
      346.975   1.3964397e+14
      347.025   1.3915352e+14
      347.075   1.4118513e+14
      347.125   1.4348343e+14
      347.175   1.4348585e+14
      347.225   1.4005361e+14
      347.275   1.3516995e+14
      347.325   1.3207890e+14
      347.375   1.3086371e+14
      347.425   1.2974694e+14
      347.475   1.2763962e+14
      347.525   1.2515687e+14
      347.575   1.2235623e+14
      347.625   1.1899361e+14
      347.675   1.1714246e+14
      347.725   1.1733926e+14
      347.775   1.1822794e+14
      347.825   1.2090205e+14
      347.875   1.2647468e+14
      347.925   1.3131911e+14
      347.975   1.3367828e+14
      348.025   1.3512975e+14
      348.075   1.3554687e+14
      348.125   1.3538757e+14
      348.175   1.3530942e+14
      348.225   1.3542589e+14
      348.275   1.3516275e+14
      348.325   1.3360470e+14
      348.375   1.3093106e+14
      348.425   1.2885585e+14
      348.475   1.2881492e+14
      348.525   1.2988980e+14
      348.575   1.3025204e+14
      348.625   1.3049900e+14
      348.675   1.3247091e+14
      348.725   1.3696819e+14
      348.775   1.4137363e+14
      348.825   1.4225145e+14
      348.875   1.4017806e+14
      348.925   1.3558389e+14
      348.975   1.3016020e+14
      349.025   1.2636885e+14
      349.075   1.2359013e+14
      349.125   1.2107452e+14
      349.175   1.2076624e+14
      349.225   1.2402771e+14
      349.275   1.2732114e+14
      349.325   1.2677177e+14
      349.375   1.2422930e+14
      349.425   1.2564778e+14
      349.475   1.3061449e+14
      349.525   1.3410584e+14
      349.575   1.3426786e+14
      349.625   1.3141058e+14
      349.675   1.2821072e+14
      349.725   1.2687706e+14
      349.775   1.2684817e+14
      349.825   1.2758275e+14
      349.875   1.3116581e+14
      349.925   1.3731800e+14
      349.975   1.4441792e+14
      350.025   1.5036508e+14
      350.075   1.5226278e+14
      350.125   1.5188725e+14
      350.175   1.5281343e+14
      350.225   1.5474224e+14
      350.275   1.5528917e+14
      350.325   1.5541805e+14
      350.375   1.5766680e+14
      350.425   1.6121673e+14
      350.475   1.6206122e+14
      350.525   1.5816782e+14
      350.575   1.5420662e+14
      350.625   1.5274080e+14
      350.675   1.5207818e+14
      350.725   1.5133775e+14
      350.775   1.5162543e+14
      350.825   1.5336087e+14
      350.875   1.5457058e+14
      350.925   1.5476303e+14
      350.975   1.5395598e+14
      351.025   1.5155682e+14
      351.075   1.4665223e+14
      351.125   1.4236602e+14
      351.175   1.4256561e+14
      351.225   1.4479424e+14
      351.275   1.4464226e+14
      351.325   1.4205036e+14
      351.375   1.3897100e+14
      351.425   1.3639782e+14
      351.475   1.3486117e+14
      351.525   1.3395512e+14
      351.575   1.3412501e+14
      351.625   1.3778158e+14
      351.675   1.4281474e+14
      351.725   1.4631703e+14
      351.775   1.4966682e+14
      351.825   1.5292204e+14
      351.875   1.5387139e+14
      351.925   1.5263773e+14
      351.975   1.5122331e+14
      352.025   1.4870324e+14
      352.075   1.4542772e+14
      352.125   1.4265626e+14
      352.175   1.3959995e+14
      352.225   1.3641571e+14
      352.275   1.3579124e+14
      352.325   1.3650924e+14
      352.375   1.3546396e+14
      352.425   1.3195443e+14
      352.475   1.2640739e+14
      352.525   1.2281069e+14
      352.575   1.2314962e+14
      352.625   1.2441912e+14
      352.675   1.2279917e+14
      352.725   1.2144894e+14
      352.775   1.2494390e+14
      352.825   1.3060464e+14
      352.875   1.3666320e+14
      352.925   1.4199834e+14
      352.975   1.4489632e+14
      353.025   1.4573222e+14
      353.075   1.4605242e+14
      353.125   1.4756108e+14
      353.175   1.4952698e+14
      353.225   1.4962496e+14
      353.275   1.4753682e+14
      353.325   1.4508838e+14
      353.375   1.4522346e+14
      353.425   1.4861901e+14
      353.475   1.5356335e+14
      353.525   1.5787299e+14
      353.575   1.5918818e+14
      353.625   1.5830839e+14
      353.675   1.5787447e+14
      353.725   1.5798312e+14
      353.775   1.5800958e+14
      353.825   1.5776380e+14
      353.875   1.5791358e+14
      353.925   1.5991188e+14
      353.975   1.6427237e+14
      354.025   1.6805305e+14
      354.075   1.6747720e+14
      354.125   1.6407230e+14
      354.175   1.6055349e+14
      354.225   1.5842101e+14
      354.275   1.5838497e+14
      354.325   1.5966943e+14
      354.375   1.6175069e+14
      354.425   1.6407759e+14
      354.475   1.6613680e+14
      354.525   1.6735749e+14
      354.575   1.6705029e+14
      354.625   1.6546170e+14
      354.675   1.6537167e+14
      354.725   1.6691097e+14
      354.775   1.6712039e+14
      354.825   1.6480915e+14
      354.875   1.6154605e+14
      354.925   1.6119255e+14
      354.975   1.6390768e+14
      355.025   1.6633474e+14
      355.075   1.6665120e+14
      355.125   1.6532181e+14
      355.175   1.6356345e+14
      355.225   1.6204995e+14
      355.275   1.6025455e+14
      355.325   1.5796573e+14
      355.375   1.5534760e+14
      355.425   1.5253987e+14
      355.475   1.4980412e+14
      355.525   1.4724671e+14
      355.575   1.4702580e+14
      355.625   1.4995102e+14
      355.675   1.5322801e+14
      355.725   1.5339281e+14
      355.775   1.5174562e+14
      355.825   1.5146899e+14
      355.875   1.5078067e+14
      355.925   1.4794119e+14
      355.975   1.4562876e+14
      356.025   1.4620161e+14
      356.075   1.4752123e+14
      356.125   1.4779461e+14
      356.175   1.4747764e+14
      356.225   1.4760253e+14
      356.275   1.4856909e+14
      356.325   1.5000415e+14
      356.375   1.5126873e+14
      356.425   1.5054631e+14
      356.475   1.4589264e+14
      356.525   1.3822999e+14
      356.575   1.2948931e+14
      356.625   1.2126429e+14
      356.675   1.1711765e+14
      356.725   1.1784888e+14
      356.775   1.2116996e+14
      356.825   1.2489231e+14
      356.875   1.2607936e+14
      356.925   1.2416739e+14
      356.975   1.2016363e+14
      357.025   1.1467265e+14
      357.075   1.0943994e+14
      357.125   1.0831314e+14
      357.175   1.1082082e+14
      357.225   1.1434434e+14
      357.275   1.1657403e+14
      357.325   1.1844721e+14
      357.375   1.2154622e+14
      357.425   1.2341795e+14
      357.475   1.2342342e+14
      357.525   1.2342649e+14
      357.575   1.2413175e+14
      357.625   1.2478336e+14
      357.675   1.2563137e+14
      357.725   1.2676236e+14
      357.775   1.2742938e+14
      357.825   1.2660273e+14
      357.875   1.2302436e+14
      357.925   1.1757174e+14
      357.975   1.1375444e+14
      358.025   1.1210709e+14
      358.075   1.0973974e+14
      358.125   1.0339186e+14
      358.175   9.6143885e+13
      358.225   9.3215343e+13
      358.275   9.4108891e+13
      358.325   9.7227935e+13
      358.375   1.0133961e+14
      358.425   1.0403412e+14
      358.475   1.0430444e+14
      358.525   1.0238368e+14
      358.575   9.8563775e+13
      358.625   9.6338994e+13
      358.675   9.7625136e+13
      358.725   9.9906388e+13
      358.775   1.0166548e+14
      358.825   1.0465315e+14
      358.875   1.0958232e+14
      358.925   1.1399007e+14
      358.975   1.1710934e+14
      359.025   1.1996017e+14
      359.075   1.2437982e+14
      359.125   1.3057555e+14
      359.175   1.3699207e+14
      359.225   1.4278220e+14
      359.275   1.4594410e+14
      359.325   1.4629867e+14
      359.375   1.4505423e+14
      359.425   1.4406555e+14
      359.475   1.4587124e+14
      359.525   1.4931211e+14
      359.575   1.5233394e+14
      359.625   1.5508126e+14
      359.675   1.5824767e+14
      359.725   1.6119935e+14
      359.775   1.6266334e+14
      359.825   1.6259726e+14
      359.875   1.6197974e+14
      359.925   1.6165725e+14
      359.975   1.6177900e+14
      360.025   1.6242009e+14
      360.075   1.6405805e+14
      360.125   1.6569196e+14
      360.175   1.6515816e+14
      360.225   1.6176919e+14
      360.275   1.5602673e+14
      360.325   1.4989179e+14
      360.375   1.4642975e+14
      360.425   1.4496825e+14
      360.475   1.4389900e+14
      360.525   1.4210827e+14
      360.575   1.3902787e+14
      360.625   1.3702645e+14
      360.675   1.3748898e+14
      360.725   1.3875001e+14
      360.775   1.3990388e+14
      360.825   1.3890477e+14
      360.875   1.3444366e+14
      360.925   1.2855107e+14
      360.975   1.2453737e+14
      361.025   1.2454305e+14
      361.075   1.2623939e+14
      361.125   1.2843511e+14
      361.175   1.3190935e+14
      361.225   1.3655052e+14
      361.275   1.3967898e+14
      361.325   1.3978418e+14
      361.375   1.3789505e+14
      361.425   1.3585358e+14
      361.475   1.3666278e+14
      361.525   1.3958782e+14
      361.575   1.4251379e+14
      361.625   1.4496213e+14
      361.675   1.4569761e+14
      361.725   1.4458388e+14
      361.775   1.4226531e+14
      361.825   1.3826164e+14
      361.875   1.3188624e+14
      361.925   1.2447173e+14
      361.975   1.2019294e+14
      362.025   1.2060647e+14
      362.075   1.2681192e+14
      362.125   1.3450074e+14
      362.175   1.3812018e+14
      362.225   1.4024914e+14
      362.275   1.4378959e+14
      362.325   1.5001718e+14
      362.375   1.5397576e+14
      362.425   1.5353456e+14
      362.475   1.5212643e+14
      362.525   1.5245825e+14
      362.575   1.5648707e+14
      362.625   1.6197773e+14
      362.675   1.6662225e+14
      362.725   1.6999378e+14
      362.775   1.7120818e+14
      362.825   1.7063988e+14
      362.875   1.6956760e+14
      362.925   1.6830997e+14
      362.975   1.6731988e+14
      363.025   1.6454301e+14
      363.075   1.5915583e+14
      363.125   1.5168117e+14
      363.175   1.4104035e+14
      363.225   1.3368156e+14
      363.275   1.3411937e+14
      363.325   1.3780621e+14
      363.375   1.4200162e+14
      363.425   1.4523864e+14
      363.475   1.4604151e+14
      363.525   1.4494632e+14
      363.575   1.4475128e+14
      363.625   1.4813025e+14
      363.675   1.5230288e+14
      363.725   1.5367261e+14
      363.775   1.5408777e+14
      363.825   1.5541340e+14
      363.875   1.5765171e+14
      363.925   1.6043306e+14
      363.975   1.6358945e+14
      364.025   1.6608702e+14
      364.075   1.6724676e+14
      364.125   1.6771963e+14
      364.175   1.6743170e+14
      364.225   1.6616957e+14
      364.275   1.6441805e+14
      364.325   1.6239683e+14
      364.375   1.5999409e+14
      364.425   1.5795852e+14
      364.475   1.5646086e+14
      364.525   1.5376016e+14
      364.575   1.5061832e+14
      364.625   1.4964782e+14
      364.675   1.5138604e+14
      364.725   1.5328568e+14
      364.775   1.5129807e+14
      364.825   1.4647246e+14
      364.875   1.4324392e+14
      364.925   1.4509484e+14
      364.975   1.4974822e+14
      365.025   1.5248003e+14
      365.075   1.5422809e+14
      365.125   1.5826165e+14
      365.175   1.6227547e+14
      365.225   1.6469494e+14
      365.275   1.6821846e+14
      365.325   1.7443590e+14
      365.375   1.7968659e+14
      365.425   1.8115358e+14
      365.475   1.8137704e+14
      365.525   1.8252900e+14
      365.575   1.8363580e+14
      365.625   1.8388968e+14
      365.675   1.8498710e+14
      365.725   1.8772067e+14
      365.775   1.9084220e+14
      365.825   1.9200035e+14
      365.875   1.9198142e+14
      365.925   1.9409333e+14
      365.975   1.9724853e+14
      366.025   1.9791163e+14
      366.075   1.9618428e+14
      366.125   1.9495731e+14
      366.175   1.9542138e+14
      366.225   1.9623754e+14
      366.275   1.9540292e+14
      366.325   1.9318646e+14
      366.375   1.9102956e+14
      366.425   1.8888326e+14
      366.475   1.8679514e+14
      366.525   1.8616906e+14
      366.575   1.8787649e+14
      366.625   1.9093001e+14
      366.675   1.9132405e+14
      366.725   1.8807962e+14
      366.775   1.8627783e+14
      366.825   1.8758249e+14
      366.875   1.8886554e+14
      366.925   1.8716816e+14
      366.975   1.8299018e+14
      367.025   1.8019819e+14
      367.075   1.7967394e+14
      367.125   1.8150722e+14
      367.175   1.8487328e+14
      367.225   1.8850762e+14
      367.275   1.9200013e+14
      367.325   1.9368833e+14
      367.375   1.9229304e+14
      367.425   1.8987800e+14
      367.475   1.8811906e+14
      367.525   1.8738742e+14
      367.575   1.8854178e+14
      367.625   1.8977804e+14
      367.675   1.8912391e+14
      367.725   1.8665256e+14
      367.775   1.8296782e+14
      367.825   1.7749591e+14
      367.875   1.7272628e+14
      367.925   1.7262560e+14
      367.975   1.7366375e+14
      368.025   1.7137632e+14
      368.075   1.6750458e+14
      368.125   1.6564516e+14
      368.175   1.6623171e+14
      368.225   1.7014342e+14
      368.275   1.7366295e+14
      368.325   1.7382897e+14
      368.375   1.7426772e+14
      368.425   1.7638601e+14
      368.475   1.7843415e+14
      368.525   1.7812165e+14
      368.575   1.7561856e+14
      368.625   1.7203963e+14
      368.675   1.6969472e+14
      368.725   1.6941818e+14
      368.775   1.6841895e+14
      368.825   1.6530093e+14
      368.875   1.6435696e+14
      368.925   1.6780993e+14
      368.975   1.7184980e+14
      369.025   1.7503821e+14
      369.075   1.7917746e+14
      369.125   1.8440572e+14
      369.175   1.8922682e+14
      369.225   1.9348715e+14
      369.275   1.9667353e+14
      369.325   1.9691275e+14
      369.375   1.9447659e+14
      369.425   1.9123589e+14
      369.475   1.8784970e+14
      369.525   1.8722261e+14
      369.575   1.8971975e+14
      369.625   1.9150418e+14
      369.675   1.9170710e+14
      369.725   1.9160109e+14
      369.775   1.9190855e+14
      369.825   1.9265501e+14
      369.875   1.9386602e+14
      369.925   1.9572994e+14
      369.975   1.9817679e+14
      370.025   2.0078555e+14
      370.075   2.0236120e+14
      370.125   2.0189328e+14
      370.175   1.9895517e+14
      370.225   1.9558295e+14
      370.275   1.9320682e+14
      370.325   1.9136973e+14
      370.375   1.8906721e+14
      370.425   1.8401891e+14
      370.475   1.7754874e+14
      370.525   1.7266673e+14
      370.575   1.6904896e+14
      370.625   1.6461945e+14
      370.675   1.6074690e+14
      370.725   1.6095836e+14
      370.775   1.6367054e+14
      370.825   1.6491663e+14
      370.875   1.6467212e+14
      370.925   1.6558926e+14
      370.975   1.6649167e+14
      371.025   1.6648384e+14
      371.075   1.7006720e+14
      371.125   1.7669453e+14
      371.175   1.8175440e+14
      371.225   1.8486358e+14
      371.275   1.8746695e+14
      371.325   1.9076994e+14
      371.375   1.9389970e+14
      371.425   1.9676581e+14
      371.475   1.9991617e+14
      371.525   2.0198722e+14
      371.575   2.0126587e+14
      371.625   1.9783073e+14
      371.675   1.9348817e+14
      371.725   1.9044092e+14
      371.775   1.8904463e+14
      371.825   1.8747548e+14
      371.875   1.8344306e+14
      371.925   1.7629061e+14
      371.975   1.6701872e+14
      372.025   1.5683023e+14
      372.075   1.4770022e+14
      372.125   1.4282538e+14
      372.175   1.4265688e+14
      372.225   1.4346844e+14
      372.275   1.4324230e+14
      372.325   1.4421030e+14
      372.375   1.4892560e+14
      372.425   1.5625946e+14
      372.475   1.6228791e+14
      372.525   1.6573913e+14
      372.575   1.6867420e+14
      372.625   1.7223094e+14
      372.675   1.7504547e+14
      372.725   1.7394218e+14
      372.775   1.6671224e+14
      372.825   1.5767510e+14
      372.875   1.5505573e+14
      372.925   1.5863616e+14
      372.975   1.6430122e+14
      373.025   1.6788451e+14
      373.075   1.6578911e+14
      373.125   1.6105298e+14
      373.175   1.5719977e+14
      373.225   1.5519599e+14
      373.275   1.5303812e+14
      373.325   1.4832130e+14
      373.375   1.4145618e+14
      373.425   1.3443521e+14
      373.475   1.2840325e+14
      373.525   1.2293857e+14
      373.575   1.1870679e+14
      373.625   1.1760289e+14
      373.675   1.1990869e+14
      373.725   1.2202788e+14
      373.775   1.2177186e+14
      373.825   1.2261794e+14
      373.875   1.2803158e+14
      373.925   1.3641322e+14
      373.975   1.4334459e+14
      374.025   1.4763494e+14
      374.075   1.5157899e+14
      374.125   1.5648084e+14
      374.175   1.5987002e+14
      374.225   1.5974213e+14
      374.275   1.5784473e+14
      374.325   1.5415157e+14
      374.375   1.4813360e+14
      374.425   1.4208872e+14
      374.475   1.3900796e+14
      374.525   1.3922541e+14
      374.575   1.3749868e+14
      374.625   1.3265024e+14
      374.675   1.2852215e+14
      374.725   1.2800366e+14
      374.775   1.3151012e+14
      374.825   1.3427673e+14
      374.875   1.3292544e+14
      374.925   1.2860821e+14
      374.975   1.2418317e+14
      375.025   1.2291825e+14
      375.075   1.2570579e+14
      375.125   1.3202118e+14
      375.175   1.4165765e+14
      375.225   1.5139017e+14
      375.275   1.5864510e+14
      375.325   1.6354409e+14
      375.375   1.6653062e+14
      375.425   1.6948185e+14
      375.475   1.7406617e+14
      375.525   1.7935022e+14
      375.575   1.8334538e+14
      375.625   1.8582016e+14
      375.675   1.8639000e+14
      375.725   1.8442070e+14
      375.775   1.8005050e+14
      375.825   1.7107140e+14
      375.875   1.5951218e+14
      375.925   1.5249474e+14
      375.975   1.5171854e+14
      376.025   1.5583039e+14
      376.075   1.6146209e+14
      376.125   1.6533039e+14
      376.175   1.6749352e+14
      376.225   1.6774773e+14
      376.275   1.6771744e+14
      376.325   1.6900676e+14
      376.375   1.6964238e+14
      376.425   1.6649588e+14
      376.475   1.6219295e+14
      376.525   1.6367007e+14
      376.575   1.6957880e+14
      376.625   1.7307031e+14
      376.675   1.7328455e+14
      376.725   1.7006513e+14
      376.775   1.6571700e+14
      376.825   1.6441337e+14
      376.875   1.6710402e+14
      376.925   1.7260825e+14
      376.975   1.7786297e+14
      377.025   1.8007122e+14
      377.075   1.7933703e+14
      377.125   1.7771814e+14
      377.175   1.7814788e+14
      377.225   1.8195865e+14
      377.275   1.8712287e+14
      377.325   1.9238791e+14
      377.375   1.9679846e+14
      377.425   1.9975960e+14
      377.475   2.0137795e+14
      377.525   2.0222272e+14
      377.575   2.0288878e+14
      377.625   2.0328293e+14
      377.675   2.0367109e+14
      377.725   2.0497114e+14
      377.775   2.0718010e+14
      377.825   2.0876569e+14
      377.875   2.0859506e+14
      377.925   2.0805484e+14
      377.975   2.0836347e+14
      378.025   2.1076646e+14
      378.075   2.1488835e+14
      378.125   2.1777983e+14
      378.175   2.1835606e+14
      378.225   2.1745532e+14
      378.275   2.1616988e+14
      378.325   2.1556205e+14
      378.375   2.1554472e+14
      378.425   2.1523737e+14
      378.475   2.1524408e+14
      378.525   2.1626057e+14
      378.575   2.1585552e+14
      378.625   2.1121123e+14
      378.675   2.0181654e+14
      378.725   1.9188655e+14
      378.775   1.8716195e+14
      378.825   1.8595231e+14
      378.875   1.8403779e+14
      378.925   1.8178055e+14
      378.975   1.7995005e+14
      379.025   1.7742643e+14
      379.075   1.7443156e+14
      379.125   1.7369712e+14
      379.175   1.7639918e+14
      379.225   1.7933584e+14
      379.275   1.7975220e+14
      379.325   1.7769787e+14
      379.375   1.7401166e+14
      379.425   1.7039897e+14
      379.475   1.6814674e+14
      379.525   1.6615635e+14
      379.575   1.6273788e+14
      379.625   1.6077185e+14
      379.675   1.6194799e+14
      379.725   1.6358512e+14
      379.775   1.6280958e+14
      379.825   1.5897882e+14
      379.875   1.5544759e+14
      379.925   1.5412018e+14
      379.975   1.5496226e+14
      380.025   1.5735889e+14
      380.075   1.6124328e+14
      380.125   1.6752846e+14
      380.175   1.7489832e+14
      380.225   1.7901129e+14
      380.275   1.7995757e+14
      380.325   1.8250724e+14
      380.375   1.8724655e+14
      380.425   1.9242757e+14
      380.475   1.9553011e+14
      380.525   1.9608349e+14
      380.575   1.9516439e+14
      380.625   1.9399784e+14
      380.675   1.9292726e+14
      380.725   1.9027241e+14
      380.775   1.8644153e+14
      380.825   1.8367276e+14
      380.875   1.8429319e+14
      380.925   1.8778784e+14
      380.975   1.9075928e+14
      381.025   1.9199061e+14
      381.075   1.9301243e+14
      381.125   1.9352086e+14
      381.175   1.9224681e+14
      381.225   1.8947457e+14
      381.275   1.8615010e+14
      381.325   1.8191228e+14
      381.375   1.7502870e+14
      381.425   1.6739902e+14
      381.475   1.6201896e+14
      381.525   1.5877910e+14
      381.575   1.5542482e+14
      381.625   1.5046425e+14
      381.675   1.4549089e+14
      381.725   1.4345089e+14
      381.775   1.4677413e+14
      381.825   1.5115503e+14
      381.875   1.5218064e+14
      381.925   1.5121164e+14
      381.975   1.4825481e+14
      382.025   1.4178879e+14
      382.075   1.3374648e+14
      382.125   1.2763110e+14
      382.175   1.2448524e+14
      382.225   1.2570810e+14
      382.275   1.2934701e+14
      382.325   1.3305016e+14
      382.375   1.3569208e+14
      382.425   1.3465694e+14
      382.475   1.2920931e+14
      382.525   1.2269614e+14
      382.575   1.1746515e+14
      382.625   1.1312814e+14
      382.675   1.0946748e+14
      382.725   1.0718510e+14
      382.775   1.0721656e+14
      382.825   1.0783663e+14
      382.875   1.0715462e+14
      382.925   1.0670550e+14
      382.975   1.0751242e+14
      383.025   1.0791275e+14
      383.075   1.0857905e+14
      383.125   1.1046512e+14
      383.175   1.1183121e+14
      383.225   1.1116748e+14
      383.275   1.0760771e+14
      383.325   1.0285826e+14
      383.375   1.0070915e+14
      383.425   1.0122229e+14
      383.475   1.0229126e+14
      383.525   1.0284135e+14
      383.575   1.0416200e+14
      383.625   1.0689428e+14
      383.675   1.0990669e+14
      383.725   1.1215223e+14
      383.775   1.1306643e+14
      383.825   1.1255151e+14
      383.875   1.1070251e+14
      383.925   1.0824803e+14
      383.975   1.0791977e+14
      384.025   1.1054861e+14
      384.075   1.1356794e+14
      384.125   1.1543945e+14
      384.175   1.1720542e+14
      384.225   1.2194821e+14
      384.275   1.2942167e+14
      384.325   1.3741909e+14
      384.375   1.4389629e+14
      384.425   1.4668042e+14
      384.475   1.4894274e+14
      384.525   1.5268521e+14
      384.575   1.5552314e+14
      384.625   1.5662772e+14
      384.675   1.5715445e+14
      384.725   1.5809130e+14
      384.775   1.5959293e+14
      384.825   1.6246239e+14
      384.875   1.6518809e+14
      384.925   1.6594616e+14
      384.975   1.6481576e+14
      385.025   1.6127248e+14
      385.075   1.5651227e+14
      385.125   1.5371136e+14
      385.175   1.5391421e+14
      385.225   1.5762261e+14
      385.275   1.6203878e+14
      385.325   1.6317355e+14
      385.375   1.6175317e+14
      385.425   1.5916870e+14
      385.475   1.5605021e+14
      385.525   1.5371477e+14
      385.575   1.5276101e+14
      385.625   1.5188656e+14
      385.675   1.4885977e+14
      385.725   1.4544049e+14
      385.775   1.4502370e+14
      385.825   1.4663559e+14
      385.875   1.4670759e+14
      385.925   1.4282495e+14
      385.975   1.3770037e+14
      386.025   1.3451558e+14
      386.075   1.3288688e+14
      386.125   1.3353485e+14
      386.175   1.3673924e+14
      386.225   1.4136870e+14
      386.275   1.4763665e+14
      386.325   1.5550141e+14
      386.375   1.6162829e+14
      386.425   1.6384138e+14
      386.475   1.6411706e+14
      386.525   1.6423468e+14
      386.575   1.6367419e+14
      386.625   1.6167126e+14
      386.675   1.5967369e+14
      386.725   1.5979522e+14
      386.775   1.6085848e+14
      386.825   1.6037993e+14
      386.875   1.5901993e+14
      386.925   1.5801893e+14
      386.975   1.5703247e+14
      387.025   1.5505519e+14
      387.075   1.5199695e+14
      387.125   1.4879617e+14
      387.175   1.4544206e+14
      387.225   1.4270660e+14
      387.275   1.4192656e+14
      387.325   1.4235177e+14
      387.375   1.4383639e+14
      387.425   1.4763480e+14
      387.475   1.5359539e+14
      387.525   1.5913708e+14
      387.575   1.6328928e+14
      387.625   1.6602252e+14
      387.675   1.6611901e+14
      387.725   1.6464363e+14
      387.775   1.6271031e+14
      387.825   1.5965508e+14
      387.875   1.5314038e+14
      387.925   1.4715886e+14
      387.975   1.4634766e+14
      388.025   1.4939280e+14
      388.075   1.5346457e+14
      388.125   1.5490321e+14
      388.175   1.5420241e+14
      388.225   1.5321542e+14
      388.275   1.5113440e+14
      388.325   1.4811676e+14
      388.375   1.4796760e+14
      388.425   1.5192700e+14
      388.475   1.5736401e+14
      388.525   1.6135201e+14
      388.575   1.6121090e+14
      388.625   1.5859948e+14
      388.675   1.5490794e+14
      388.725   1.5076205e+14
      388.775   1.5049307e+14
      388.825   1.5365149e+14
      388.875   1.5622749e+14
      388.925   1.5596537e+14
      388.975   1.5447261e+14
      389.025   1.5564331e+14
      389.075   1.6018222e+14
      389.125   1.6644542e+14
      389.175   1.7263370e+14
      389.225   1.7767024e+14
      389.275   1.8178025e+14
      389.325   1.8486448e+14
      389.375   1.8604915e+14
      389.425   1.8614574e+14
      389.475   1.8713579e+14
      389.525   1.8883045e+14
      389.575   1.8933165e+14
      389.625   1.8739273e+14
      389.675   1.8694691e+14
      389.725   1.9113910e+14
      389.775   1.9660647e+14
      389.825   1.9817531e+14
      389.875   1.9601218e+14
      389.925   1.9465081e+14
      389.975   1.9478848e+14
      390.025   1.9327456e+14
      390.075   1.9167784e+14
      390.125   1.9263715e+14
      390.175   1.9530106e+14
      390.225   1.9791850e+14
      390.275   1.9718918e+14
      390.325   1.9329607e+14
      390.375   1.8959271e+14
      390.425   1.8788177e+14
      390.475   1.8911745e+14
      390.525   1.9035381e+14
      390.575   1.8870823e+14
      390.625   1.8597961e+14
      390.675   1.8447295e+14
      390.725   1.8707893e+14
      390.775   1.9235650e+14
      390.825   1.9730332e+14
      390.875   2.0161950e+14
      390.925   2.0484486e+14
      390.975   2.0739944e+14
      391.025   2.0898977e+14
      391.075   2.0942993e+14
      391.125   2.0950503e+14
      391.175   2.1064724e+14
      391.225   2.1302268e+14
      391.275   2.1515104e+14
      391.325   2.1645607e+14
      391.375   2.1611931e+14
      391.425   2.1438945e+14
      391.475   2.1230870e+14
      391.525   2.1145335e+14
      391.575   2.1191190e+14
      391.625   2.1102243e+14
      391.675   2.0814063e+14
      391.725   2.0518759e+14
      391.775   2.0342259e+14
      391.825   2.0273995e+14
      391.875   2.0099527e+14
      391.925   1.9709713e+14
      391.975   1.9293059e+14
      392.025   1.8967872e+14
      392.075   1.8584798e+14
      392.125   1.8094617e+14
      392.175   1.7620919e+14
      392.225   1.7400138e+14
      392.275   1.7398719e+14
      392.325   1.7265660e+14
      392.375   1.7014015e+14
      392.425   1.6902239e+14
      392.475   1.6923649e+14
      392.525   1.6802257e+14
      392.575   1.6445418e+14
      392.625   1.5932457e+14
      392.675   1.5381564e+14
      392.725   1.4942569e+14
      392.775   1.4481760e+14
      392.825   1.3859784e+14
      392.875   1.3137003e+14
      392.925   1.2471880e+14
      392.975   1.1999913e+14
      393.025   1.1557896e+14
      393.075   1.1055438e+14
      393.125   1.0560552e+14
      393.175   1.0131786e+14
      393.225   9.7794449e+13
      393.275   9.4093203e+13
      393.325   9.0332619e+13
      393.375   8.6868990e+13
      393.425   8.4094131e+13
      393.475   8.3204944e+13
      393.525   8.3608607e+13
      393.575   8.5369646e+13
      393.625   8.8420984e+13
      393.675   9.1711193e+13
      393.725   9.6037236e+13
      393.775   1.0132400e+14
      393.825   1.0683745e+14
      393.875   1.1210181e+14
      393.925   1.1718817e+14
      393.975   1.2311817e+14
      394.025   1.2918729e+14
      394.075   1.3444480e+14
      394.125   1.3900666e+14
      394.175   1.4260871e+14
      394.225   1.4570768e+14
      394.275   1.4896670e+14
      394.325   1.5228495e+14
      394.375   1.5503869e+14
      394.425   1.5645788e+14
      394.475   1.5747957e+14
      394.525   1.6041768e+14
      394.575   1.6541147e+14
      394.625   1.7225590e+14
      394.675   1.7911102e+14
      394.725   1.8400271e+14
      394.775   1.8670763e+14
      394.825   1.8729282e+14
      394.875   1.8776839e+14
      394.925   1.8980929e+14
      394.975   1.9250381e+14
      395.025   1.9558276e+14
      395.075   1.9903481e+14
      395.125   2.0149567e+14
      395.175   2.0291131e+14
      395.225   2.0395616e+14
      395.275   2.0364641e+14
      395.325   2.0170271e+14
      395.375   1.9997710e+14
      395.425   2.0040172e+14
      395.475   2.0357627e+14
      395.525   2.0661492e+14
      395.575   2.0683620e+14
      395.625   2.0534152e+14
      395.675   2.0302986e+14
      395.725   1.9980307e+14
      395.775   1.9762197e+14
      395.825   1.9714942e+14
      395.875   1.9668143e+14
      395.925   1.9560275e+14
      395.975   1.9388148e+14
      396.025   1.9071873e+14
      396.075   1.8610267e+14
      396.125   1.7980196e+14
      396.175   1.7093145e+14
      396.225   1.6165964e+14
      396.275   1.5466593e+14
      396.325   1.5002712e+14
      396.375   1.4657754e+14
      396.425   1.4295976e+14
      396.475   1.3888856e+14
      396.525   1.3492554e+14
      396.575   1.3057772e+14
      396.625   1.2545281e+14
      396.675   1.1982180e+14
      396.725   1.1430152e+14
      396.775   1.1063216e+14
      396.825   1.0731012e+14
      396.875   1.0471555e+14
      396.925   1.0353178e+14
      396.975   1.0351823e+14
      397.025   1.0575793e+14
      397.075   1.0941683e+14
      397.125   1.1356598e+14
      397.175   1.1782342e+14
      397.225   1.2265064e+14
      397.275   1.2826478e+14
      397.325   1.3420055e+14
      397.375   1.3989476e+14
      397.425   1.4530233e+14
      397.475   1.5063562e+14
      397.525   1.5655176e+14
      397.575   1.6322814e+14
      397.625   1.7009176e+14
      397.675   1.7651642e+14
      397.725   1.8183107e+14
      397.775   1.8727718e+14
      397.825   1.9350836e+14
      397.875   1.9982553e+14
      397.925   2.0609003e+14
      397.975   2.1201139e+14
      398.025   2.1723008e+14
      398.075   2.2206304e+14
      398.125   2.2649224e+14
      398.175   2.2931554e+14
      398.225   2.3090357e+14
      398.275   2.3221928e+14
      398.325   2.3376631e+14
      398.375   2.3560571e+14
      398.425   2.3665235e+14
      398.475   2.3747070e+14
      398.525   2.3923334e+14
      398.575   2.4194780e+14
      398.625   2.4450069e+14
      398.675   2.4625019e+14
      398.725   2.4681989e+14
      398.775   2.4739801e+14
      398.825   2.5071301e+14
      398.875   2.5549398e+14
      398.925   2.5861838e+14
      398.975   2.5978039e+14
      399.025   2.5919512e+14
      399.075   2.5887523e+14
      399.125   2.5996927e+14
      399.175   2.6199531e+14
      399.225   2.6379348e+14
      399.275   2.6483576e+14
      399.325   2.6585745e+14
      399.375   2.6696640e+14
      399.425   2.6786961e+14
      399.475   2.6794202e+14
      399.525   2.6722187e+14
      399.575   2.6647411e+14
      399.625   2.6610957e+14
      399.675   2.6613332e+14
      399.725   2.6590402e+14
      399.775   2.6517156e+14
      399.825   2.6378742e+14
      399.875   2.6334627e+14
      399.925   2.6507292e+14
      399.975   2.6815211e+14
      400.025   2.7167609e+14
      400.075   2.7436039e+14
      400.125   2.7502950e+14
      400.175   2.7462040e+14
      400.225   2.7475853e+14
      400.275   2.7595771e+14
      400.325   2.7796816e+14
      400.375   2.7901477e+14
      400.425   2.7874489e+14
      400.475   2.7742932e+14
      400.525   2.7376642e+14
      400.575   2.6791828e+14
      400.625   2.6367691e+14
      400.675   2.6338312e+14
      400.725   2.6603292e+14
      400.775   2.6928860e+14
      400.825   2.7252918e+14
      400.875   2.7600383e+14
      400.925   2.7900707e+14
      400.975   2.8059004e+14
      401.025   2.8130358e+14
      401.075   2.8226453e+14
      401.125   2.8336156e+14
      401.175   2.8462711e+14
      401.225   2.8604505e+14
      401.275   2.8676354e+14
      401.325   2.8732666e+14
      401.375   2.8850849e+14
      401.425   2.8954148e+14
      401.475   2.8923985e+14
      401.525   2.8834205e+14
      401.575   2.8851175e+14
      401.625   2.8975068e+14
      401.675   2.9046809e+14
      401.725   2.9020203e+14
      401.775   2.8868175e+14
      401.825   2.8653090e+14
      401.875   2.8635204e+14
      401.925   2.8857180e+14
      401.975   2.9139639e+14
      402.025   2.9366047e+14
      402.075   2.9375755e+14
      402.125   2.9274257e+14
      402.175   2.9280716e+14
      402.225   2.9315227e+14
      402.275   2.9311310e+14
      402.325   2.9317610e+14
      402.375   2.9343368e+14
      402.425   2.9336695e+14
      402.475   2.9241798e+14
      402.525   2.9059467e+14
      402.575   2.8930643e+14
      402.625   2.8927670e+14
      402.675   2.9047818e+14
      402.725   2.9177553e+14
      402.775   2.9216290e+14
      402.825   2.9216415e+14
      402.875   2.9177437e+14
      402.925   2.9096589e+14
      402.975   2.8968022e+14
      403.025   2.8742125e+14
      403.075   2.8344395e+14
      403.125   2.7766144e+14
      403.175   2.7351274e+14
      403.225   2.7312779e+14
      403.275   2.7324433e+14
      403.325   2.7178626e+14
      403.375   2.7019001e+14
      403.425   2.7030154e+14
      403.475   2.7232570e+14
      403.525   2.7453998e+14
      403.575   2.7658891e+14
      403.625   2.7884748e+14
      403.675   2.8166331e+14
      403.725   2.8502025e+14
      403.775   2.8832717e+14
      403.825   2.9111142e+14
      403.875   2.9245687e+14
      403.925   2.9240873e+14
      403.975   2.9173358e+14
      404.025   2.9063756e+14
      404.075   2.8915317e+14
      404.125   2.8765397e+14
      404.175   2.8626671e+14
      404.225   2.8591438e+14
      404.275   2.8707643e+14
      404.325   2.8784374e+14
      404.375   2.8630504e+14
      404.425   2.8224712e+14
      404.475   2.7598490e+14
      404.525   2.6970577e+14
      404.575   2.6425659e+14
      404.625   2.5852726e+14
      404.675   2.5545031e+14
      404.725   2.5792324e+14
      404.775   2.6351952e+14
      404.825   2.6953428e+14
      404.875   2.7498050e+14
      404.925   2.7838176e+14
      404.975   2.7993282e+14
      405.025   2.8153308e+14
      405.075   2.8364771e+14
      405.125   2.8540472e+14
      405.175   2.8597625e+14
      405.225   2.8530840e+14
      405.275   2.8350829e+14
      405.325   2.8107031e+14
      405.375   2.7942433e+14
      405.425   2.7910410e+14
      405.475   2.7898720e+14
      405.525   2.7751980e+14
      405.575   2.7537046e+14
      405.625   2.7423955e+14
      405.675   2.7388311e+14
      405.725   2.7384561e+14
      405.775   2.7277301e+14
      405.825   2.7017686e+14
      405.875   2.6802153e+14
      405.925   2.6754418e+14
      405.975   2.6862630e+14
      406.025   2.7022455e+14
      406.075   2.7181157e+14
      406.125   2.7333363e+14
      406.175   2.7397011e+14
      406.225   2.7242474e+14
      406.275   2.6952763e+14
      406.325   2.6656185e+14
      406.375   2.6201601e+14
      406.425   2.5634593e+14
      406.475   2.5185283e+14
      406.525   2.5385005e+14
      406.575   2.5811981e+14
      406.625   2.6230854e+14
      406.675   2.6430171e+14
      406.725   2.6434013e+14
      406.775   2.6467504e+14
      406.825   2.6665235e+14
      406.875   2.7033423e+14
      406.925   2.7417293e+14
      406.975   2.7716300e+14
      407.025   2.7862691e+14
      407.075   2.7804247e+14
      407.125   2.7550796e+14
      407.175   2.7189399e+14
      407.225   2.6701469e+14
      407.275   2.6372866e+14
      407.325   2.6653364e+14
      407.375   2.7157258e+14
      407.425   2.7482479e+14
      407.475   2.7602782e+14
      407.525   2.7567334e+14
      407.575   2.7487468e+14
      407.625   2.7388026e+14
      407.675   2.7203421e+14
      407.725   2.6855652e+14
      407.775   2.6509546e+14
      407.825   2.6323811e+14
      407.875   2.6316057e+14
      407.925   2.6578009e+14
      407.975   2.6938945e+14
      408.025   2.7262532e+14
      408.075   2.7604482e+14
      408.125   2.8041001e+14
      408.175   2.8495335e+14
      408.225   2.8786517e+14
      408.275   2.8901978e+14
      408.325   2.8869518e+14
      408.375   2.8713016e+14
      408.425   2.8501766e+14
      408.475   2.8377141e+14
      408.525   2.8310847e+14
      408.575   2.8279674e+14
      408.625   2.8374054e+14
      408.675   2.8590182e+14
      408.725   2.8866527e+14
      408.775   2.9187442e+14
      408.825   2.9586425e+14
      408.875   2.9923967e+14
      408.925   3.0067619e+14
      408.975   3.0119066e+14
      409.025   3.0111355e+14
      409.075   3.0025535e+14
      409.125   2.9894053e+14
      409.175   2.9826718e+14
      409.225   2.9755869e+14
      409.275   2.9519989e+14
      409.325   2.9263910e+14
      409.375   2.9207656e+14
      409.425   2.9338070e+14
      409.475   2.9480008e+14
      409.525   2.9124632e+14
      409.575   2.8681168e+14
      409.625   2.8299009e+14
      409.675   2.7963734e+14
      409.725   2.7676542e+14
      409.775   2.7500350e+14
      409.825   2.7349038e+14
      409.836   2.7312466e+14
      409.853   2.7147820e+14
      409.870   2.6964186e+14
      409.886   2.6801194e+14
      409.903   2.6581212e+14
      409.920   2.6296264e+14
      409.937   2.6057387e+14
      409.954   2.5836458e+14
      409.970   2.5613050e+14
      409.987   2.5398711e+14
      410.004   2.5111063e+14
      410.021   2.4706614e+14
      410.038   2.4280949e+14
      410.055   2.3920350e+14
      410.071   2.3640554e+14
      410.088   2.3486442e+14
      410.105   2.3369467e+14
      410.122   2.3197814e+14
      410.139   2.2987804e+14
      410.155   2.2813155e+14
      410.172   2.2672919e+14
      410.189   2.2591006e+14
      410.206   2.2674435e+14
      410.223   2.2770383e+14
      410.240   2.2770313e+14
      410.256   2.2742462e+14
      410.273   2.2721881e+14
      410.290   2.2633922e+14
      410.307   2.2550628e+14
      410.324   2.2517848e+14
      410.341   2.2439529e+14
      410.357   2.2395123e+14
      410.374   2.2476762e+14
      410.391   2.2652853e+14
      410.408   2.2960941e+14
      410.425   2.3463969e+14
      410.442   2.4008297e+14
      410.458   2.4462813e+14
      410.475   2.4859593e+14
      410.492   2.5231231e+14
      410.509   2.5588400e+14
      410.526   2.6022750e+14
      410.543   2.6566364e+14
      410.560   2.7154632e+14
      410.576   2.7632992e+14
      410.593   2.7967440e+14
      410.610   2.8189712e+14
      410.627   2.8379626e+14
      410.644   2.8579415e+14
      410.661   2.8828521e+14
      410.678   2.9071142e+14
      410.694   2.9293951e+14
      410.711   2.9488026e+14
      410.728   2.9574852e+14
      410.745   2.9644158e+14
      410.762   2.9805380e+14
      410.779   2.9957432e+14
      410.796   3.0024270e+14
      410.813   3.0025923e+14
      410.829   3.0015573e+14
      410.846   3.0048323e+14
      410.863   3.0156312e+14
      410.880   3.0276027e+14
      410.897   3.0477868e+14
      410.914   3.0671873e+14
      410.931   3.0649158e+14
      410.948   3.0455499e+14
      410.965   3.0265827e+14
      410.981   3.0178200e+14
      410.998   3.0172835e+14
      411.015   3.0222221e+14
      411.032   3.0307462e+14
      411.049   3.0365262e+14
      411.066   3.0289743e+14
      411.083   3.0198676e+14
      411.100   3.0206632e+14
      411.117   3.0173779e+14
      411.133   3.0059226e+14
      411.150   2.9921192e+14
      411.167   2.9742371e+14
      411.184   2.9545172e+14
      411.201   2.9492289e+14
      411.218   2.9560295e+14
      411.235   2.9727942e+14
      411.252   2.9966124e+14
      411.269   3.0109158e+14
      411.286   3.0112256e+14
      411.303   3.0117700e+14
      411.320   3.0117291e+14
      411.336   3.0078526e+14
      411.353   3.0049871e+14
      411.370   3.0032248e+14
      411.387   3.0012791e+14
      411.404   2.9985313e+14
      411.421   2.9892164e+14
      411.438   2.9865365e+14
      411.455   2.9950683e+14
      411.472   3.0019785e+14
      411.489   3.0057299e+14
      411.506   3.0127725e+14
      411.523   3.0155379e+14
      411.540   3.0127065e+14
      411.557   3.0168412e+14
      411.573   3.0331943e+14
      411.590   3.0537799e+14
      411.607   3.0735784e+14
      411.624   3.0968655e+14
      411.641   3.1249764e+14
      411.658   3.1555066e+14
      411.675   3.1799887e+14
      411.692   3.1913607e+14
      411.709   3.1814425e+14
      411.726   3.1522573e+14
      411.743   3.1146272e+14
      411.760   3.0770339e+14
      411.777   3.0541182e+14
      411.794   3.0536238e+14
      411.811   3.0644800e+14
      411.828   3.0763199e+14
      411.845   3.0880088e+14
      411.862   3.0959409e+14
      411.879   3.1048741e+14
      411.896   3.1174276e+14
      411.913   3.1282945e+14
      411.929   3.1419390e+14
      411.946   3.1565244e+14
      411.963   3.1543062e+14
      411.980   3.1415435e+14
      411.997   3.1286818e+14
      412.014   3.1062120e+14
      412.031   3.0846952e+14
      412.048   3.0797284e+14
      412.065   3.0765137e+14
      412.082   3.0594879e+14
      412.099   3.0384106e+14
      412.116   3.0188700e+14
      412.133   2.9986638e+14
      412.150   2.9800107e+14
      412.167   2.9648780e+14
      412.184   2.9549326e+14
      412.201   2.9406527e+14
      412.218   2.9314429e+14
      412.235   2.9399073e+14
      412.252   2.9602245e+14
      412.269   2.9832403e+14
      412.286   3.0075041e+14
      412.303   3.0236479e+14
      412.320   3.0246878e+14
      412.337   3.0219943e+14
      412.354   3.0299680e+14
      412.371   3.0494740e+14
      412.388   3.0636951e+14
      412.405   3.0681658e+14
      412.422   3.0667205e+14
      412.439   3.0480284e+14
      412.456   3.0123754e+14
      412.473   2.9847404e+14
      412.490   2.9735024e+14
      412.507   2.9704456e+14
      412.524   2.9843985e+14
      412.541   3.0135422e+14
      412.558   3.0364862e+14
      412.575   3.0475021e+14
      412.592   3.0547523e+14
      412.609   3.0532911e+14
      412.626   3.0392891e+14
      412.643   3.0183102e+14
      412.660   2.9976833e+14
      412.677   2.9826869e+14
      412.694   2.9741691e+14
      412.711   2.9791060e+14
      412.729   3.0002338e+14
      412.746   3.0224339e+14
      412.763   3.0327117e+14
      412.780   3.0368119e+14
      412.797   3.0311239e+14
      412.814   3.0186112e+14
      412.831   3.0091456e+14
      412.848   3.0056234e+14
      412.865   3.0016853e+14
      412.882   2.9868797e+14
      412.899   2.9674326e+14
      412.916   2.9551927e+14
      412.933   2.9500592e+14
      412.950   2.9531965e+14
      412.967   2.9741363e+14
      412.984   3.0013635e+14
      413.001   3.0205770e+14
      413.018   3.0256079e+14
      413.035   3.0055509e+14
      413.052   2.9618858e+14
      413.070   2.9070567e+14
      413.087   2.8473210e+14
      413.104   2.8006290e+14
      413.121   2.7790088e+14
      413.138   2.7763049e+14
      413.155   2.7916846e+14
      413.172   2.8202572e+14
      413.189   2.8465341e+14
      413.206   2.8616139e+14
      413.223   2.8691076e+14
      413.240   2.8633923e+14
      413.257   2.8475618e+14
      413.274   2.8227144e+14
      413.291   2.7932922e+14
      413.309   2.7640196e+14
      413.326   2.7375924e+14
      413.343   2.7155404e+14
      413.360   2.6999271e+14
      413.377   2.6876908e+14
      413.394   2.6838725e+14
      413.411   2.6859929e+14
      413.428   2.6892448e+14
      413.445   2.6985353e+14
      413.462   2.7185889e+14
      413.479   2.7326372e+14
      413.497   2.7348901e+14
      413.514   2.7328349e+14
      413.531   2.7259054e+14
      413.548   2.7255473e+14
      413.565   2.7399942e+14
      413.582   2.7683815e+14
      413.599   2.8113080e+14
      413.616   2.8574779e+14
      413.633   2.8980080e+14
      413.650   2.9348120e+14
      413.668   2.9661255e+14
      413.685   2.9825341e+14
      413.702   2.9929211e+14
      413.719   3.0014448e+14
      413.736   3.0126963e+14
      413.753   3.0250625e+14
      413.770   3.0460453e+14
      413.787   3.0834130e+14
      413.805   3.1317089e+14
      413.822   3.1727025e+14
      413.839   3.2099361e+14
      413.856   3.2407325e+14
      413.873   3.2560416e+14
      413.890   3.2548161e+14
      413.907   3.2537409e+14
      413.924   3.2565739e+14
      413.942   3.2584586e+14
      413.959   3.2597783e+14
      413.976   3.2569059e+14
      413.993   3.2528695e+14
      414.010   3.2408655e+14
      414.027   3.2215758e+14
      414.044   3.2091227e+14
      414.062   3.1995798e+14
      414.079   3.1901543e+14
      414.096   3.1836229e+14
      414.113   3.1805678e+14
      414.130   3.1736042e+14
      414.147   3.1712481e+14
      414.164   3.1565329e+14
      414.182   3.1250848e+14
      414.199   3.0814781e+14
      414.216   3.0222530e+14
      414.233   2.9474602e+14
      414.250   2.8744306e+14
      414.267   2.8179017e+14
      414.285   2.7777227e+14
      414.302   2.7520483e+14
      414.319   2.7423751e+14
      414.336   2.7478214e+14
      414.353   2.7553627e+14
      414.370   2.7595612e+14
      414.388   2.7680338e+14
      414.405   2.7814132e+14
      414.422   2.7854950e+14
      414.439   2.7839553e+14
      414.456   2.7852591e+14
      414.473   2.7882599e+14
      414.491   2.7847404e+14
      414.508   2.7830671e+14
      414.525   2.7962631e+14
      414.542   2.8130685e+14
      414.559   2.8273953e+14
      414.577   2.8390269e+14
      414.594   2.8472000e+14
      414.611   2.8407534e+14
      414.628   2.8383482e+14
      414.645   2.8416145e+14
      414.662   2.8470266e+14
      414.680   2.8660923e+14
      414.697   2.9048832e+14
      414.714   2.9507592e+14
      414.731   3.0090419e+14
      414.748   3.0802966e+14
      414.766   3.1357503e+14
      414.783   3.1696835e+14
      414.800   3.1851556e+14
      414.817   3.1744505e+14
      414.834   3.1529850e+14
      414.852   3.1309700e+14
      414.869   3.1019380e+14
      414.886   3.0786602e+14
      414.903   3.0677225e+14
      414.921   3.0547223e+14
      414.938   3.0496055e+14
      414.955   3.0698840e+14
      414.972   3.0942036e+14
      414.989   3.1126686e+14
      415.007   3.1302217e+14
      415.024   3.1375301e+14
      415.041   3.1191068e+14
      415.058   3.0849953e+14
      415.076   3.0542682e+14
      415.093   3.0294954e+14
      415.110   3.0309083e+14
      415.127   3.0618750e+14
      415.144   3.1070403e+14
      415.162   3.1431740e+14
      415.179   3.1668322e+14
      415.196   3.1687719e+14
      415.213   3.1444440e+14
      415.231   3.0979020e+14
      415.248   3.0437627e+14
      415.265   2.9941620e+14
      415.282   2.9475999e+14
      415.300   2.9111848e+14
      415.317   2.8962520e+14
      415.334   2.8989058e+14
      415.351   2.9035911e+14
      415.369   2.9171357e+14
      415.386   2.9470789e+14
      415.403   2.9808759e+14
      415.420   3.0101455e+14
      415.438   3.0425489e+14
      415.455   3.0617457e+14
      415.472   3.0566631e+14
      415.489   3.0328466e+14
      415.507   2.9916040e+14
      415.524   2.9353889e+14
      415.541   2.8934519e+14
      415.559   2.8784143e+14
      415.576   2.8831696e+14
      415.593   2.9012152e+14
      415.610   2.9215649e+14
      415.628   2.9240364e+14
      415.645   2.9007424e+14
      415.662   2.8605655e+14
      415.679   2.8261368e+14
      415.697   2.8003732e+14
      415.714   2.7710900e+14
      415.731   2.7589219e+14
      415.749   2.7695234e+14
      415.766   2.7768946e+14
      415.783   2.8022072e+14
      415.800   2.8515742e+14
      415.818   2.9057689e+14
      415.835   2.9573392e+14
      415.852   3.0134241e+14
      415.870   3.0516174e+14
      415.887   3.0746083e+14
      415.904   3.0842272e+14
      415.921   3.0800372e+14
      415.939   3.0620994e+14
      415.956   3.0385491e+14
      415.973   3.0160644e+14
      415.991   2.9899316e+14
      416.008   2.9759093e+14
      416.025   2.9882327e+14
      416.043   3.0220922e+14
      416.060   3.0588005e+14
      416.077   3.0930411e+14
      416.095   3.1105055e+14
      416.112   3.1092718e+14
      416.129   3.1012517e+14
      416.146   3.1035778e+14
      416.164   3.1203292e+14
      416.181   3.1432718e+14
      416.198   3.1551321e+14
      416.216   3.1663900e+14
      416.233   3.1791569e+14
      416.250   3.1799180e+14
      416.268   3.1830349e+14
      416.285   3.2015936e+14
      416.302   3.2118076e+14
      416.320   3.2078012e+14
      416.337   3.2064565e+14
      416.354   3.1963105e+14
      416.372   3.1759366e+14
      416.389   3.1587414e+14
      416.406   3.1474512e+14
      416.424   3.1378306e+14
      416.441   3.1365633e+14
      416.458   3.1495749e+14
      416.476   3.1660515e+14
      416.493   3.1922769e+14
      416.510   3.2169160e+14
      416.528   3.2370355e+14
      416.545   3.2406148e+14
      416.563   3.2220350e+14
      416.580   3.1825857e+14
      416.597   3.1380715e+14
      416.615   3.0905660e+14
      416.632   3.0533254e+14
      416.649   3.0371224e+14
      416.667   3.0221872e+14
      416.684   3.0087609e+14
      416.701   3.0026891e+14
      416.719   3.0041550e+14
      416.736   2.9986181e+14
      416.754   3.0021458e+14
      416.771   3.0148128e+14
      416.788   3.0225865e+14
      416.806   3.0072046e+14
      416.823   2.9979434e+14
      416.840   2.9911627e+14
      416.858   2.9830695e+14
      416.875   2.9871037e+14
      416.892   3.0091522e+14
      416.910   3.0237032e+14
      416.927   3.0211991e+14
      416.945   3.0141621e+14
      416.962   3.0011709e+14
      416.979   2.9854258e+14
      416.997   2.9679297e+14
      417.014   2.9484010e+14
      417.032   2.9188854e+14
      417.049   2.8764803e+14
      417.066   2.8497314e+14
      417.084   2.8360223e+14
      417.101   2.8277822e+14
      417.119   2.8317767e+14
      417.136   2.8607073e+14
      417.153   2.8744176e+14
      417.171   2.8693506e+14
      417.188   2.8603892e+14
      417.206   2.8607590e+14
      417.223   2.8377510e+14
      417.240   2.8105473e+14
      417.258   2.7992534e+14
      417.275   2.7975410e+14
      417.293   2.7822698e+14
      417.310   2.7840813e+14
      417.327   2.7826039e+14
      417.345   2.7745318e+14
      417.362   2.7685059e+14
      417.380   2.7588058e+14
      417.397   2.7234268e+14
      417.415   2.6884175e+14
      417.432   2.6690320e+14
      417.449   2.6670670e+14
      417.467   2.6723530e+14
      417.484   2.6830593e+14
      417.502   2.6838142e+14
      417.519   2.6793651e+14
      417.537   2.6667267e+14
      417.554   2.6752512e+14
      417.571   2.6891972e+14
      417.589   2.6999888e+14
      417.606   2.7021191e+14
      417.624   2.7079427e+14
      417.641   2.7000865e+14
      417.659   2.6962593e+14
      417.676   2.7132603e+14
      417.693   2.7541460e+14
      417.711   2.7858521e+14
      417.728   2.7977512e+14
      417.746   2.8293573e+14
      417.763   2.8611473e+14
      417.781   2.8714367e+14
      417.798   2.8837737e+14
      417.816   2.9020365e+14
      417.833   2.9157832e+14
      417.851   2.9391156e+14
      417.868   2.9694635e+14
      417.885   2.9906974e+14
      417.903   3.0237496e+14
      417.920   3.0429695e+14
      417.938   3.0612508e+14
      417.955   3.0667404e+14
      417.973   3.0682359e+14
      417.990   3.0463477e+14
      418.008   3.0256852e+14
      418.025   2.9963766e+14
      418.043   2.9841070e+14
      418.060   2.9703420e+14
      418.078   2.9586093e+14
      418.095   2.9607579e+14
      418.113   2.9667180e+14
      418.130   2.9743894e+14
      418.148   2.9995879e+14
      418.165   3.0281595e+14
      418.183   3.0399119e+14
      418.200   3.0530568e+14
      418.218   3.0537129e+14
      418.235   3.0614859e+14
      418.253   3.0795342e+14
      418.270   3.0908829e+14
      418.288   3.1023843e+14
      418.305   3.1107452e+14
      418.323   3.0868408e+14
      418.340   3.0601818e+14
      418.358   3.0428242e+14
      418.375   3.0205800e+14
      418.393   3.0032555e+14
      418.410   2.9926619e+14
      418.428   2.9952485e+14
      418.445   2.9950301e+14
      418.463   2.9923953e+14
      418.480   2.9773358e+14
      418.498   2.9651643e+14
      418.515   2.9543354e+14
      418.533   2.9481239e+14
      418.550   2.9322744e+14
      418.568   2.9239808e+14
      418.585   2.9279261e+14
      418.603   2.8969665e+14
      418.620   2.8583329e+14
      418.638   2.8407375e+14
      418.655   2.8306121e+14
      418.673   2.8223850e+14
      418.690   2.8502888e+14
      418.708   2.8884862e+14
      418.725   2.9045201e+14
      418.743   2.8999198e+14
      418.760   2.8821213e+14
      418.778   2.8432345e+14
      418.796   2.7976478e+14
      418.813   2.7622517e+14
      418.831   2.7561560e+14
      418.848   2.7624512e+14
      418.866   2.7775121e+14
      418.883   2.8008837e+14
      418.901   2.8182117e+14
      418.918   2.8288563e+14
      418.936   2.8397533e+14
      418.953   2.8535382e+14
      418.971   2.8470733e+14
      418.989   2.8372833e+14
      419.006   2.8250565e+14
      419.024   2.8136321e+14
      419.041   2.8058555e+14
      419.059   2.8353096e+14
      419.076   2.8779247e+14
      419.094   2.9043816e+14
      419.111   2.9466552e+14
      419.129   3.0139135e+14
      419.147   3.0747805e+14
      419.164   3.1333911e+14
      419.182   3.1951836e+14
      419.199   3.2250571e+14
      419.217   3.2183929e+14
      419.234   3.1900488e+14
      419.252   3.1674796e+14
      419.270   3.1509079e+14
      419.287   3.1532351e+14
      419.305   3.1715306e+14
      419.322   3.1894961e+14
      419.340   3.1975400e+14
      419.358   3.2035837e+14
      419.375   3.1889284e+14
      419.393   3.1538488e+14
      419.410   3.1316353e+14
      419.428   3.1103235e+14
      419.445   3.0801289e+14
      419.463   3.0358273e+14
      419.481   3.0050474e+14
      419.498   2.9678219e+14
      419.516   2.9436624e+14
      419.533   2.9338423e+14
      419.551   2.9587371e+14
      419.569   2.9853367e+14
      419.586   3.0088804e+14
      419.604   3.0307399e+14
      419.621   3.0536169e+14
      419.639   3.0569289e+14
      419.657   3.0300678e+14
      419.674   2.9841946e+14
      419.692   2.9168552e+14
      419.710   2.8484623e+14
      419.727   2.7910282e+14
      419.745   2.7430479e+14
      419.762   2.7263308e+14
      419.780   2.7329715e+14
      419.798   2.7436409e+14
      419.815   2.7557660e+14
      419.833   2.7799526e+14
      419.851   2.7979750e+14
      419.868   2.8033823e+14
      419.886   2.8088521e+14
      419.903   2.8182390e+14
      419.921   2.8269305e+14
      419.939   2.8318645e+14
      419.956   2.8462785e+14
      419.974   2.8743136e+14
      419.992   2.8961136e+14
      420.009   2.9078034e+14
      420.027   2.9130151e+14
      420.045   2.8938903e+14
      420.062   2.8564670e+14
      420.080   2.8258138e+14
      420.097   2.8028032e+14
      420.115   2.7833775e+14
      420.133   2.7733636e+14
      420.150   2.7499222e+14
      420.168   2.7395330e+14
      420.186   2.7349973e+14
      420.203   2.7387875e+14
      420.221   2.7543698e+14
      420.239   2.7710856e+14
      420.256   2.8034742e+14
      420.274   2.8490975e+14
      420.292   2.8922627e+14
      420.309   2.9088802e+14
      420.327   2.9300886e+14
      420.345   2.9208366e+14
      420.362   2.9047644e+14
      420.380   2.8672862e+14
      420.398   2.8501227e+14
      420.415   2.8613390e+14
      420.433   2.8915908e+14
      420.451   2.9280468e+14
      420.468   2.9849900e+14
      420.486   3.0205467e+14
      420.504   3.0122073e+14
      420.521   2.9962663e+14
      420.539   2.9623869e+14
      420.557   2.9348918e+14
      420.575   2.9469619e+14
      420.592   3.0046460e+14
      420.610   3.0537460e+14
      420.628   3.1089915e+14
      420.645   3.1570621e+14
      420.663   3.1974432e+14
      420.681   3.2124812e+14
      420.698   3.2154157e+14
      420.716   3.2228294e+14
      420.734   3.2314954e+14
      420.751   3.2543421e+14
      420.769   3.2825841e+14
      420.787   3.3061279e+14
      420.805   3.3067662e+14
      420.822   3.3187102e+14
      420.840   3.3042050e+14
      420.858   3.2797801e+14
      420.875   3.2446078e+14
      420.893   3.2403164e+14
      420.911   3.2359062e+14
      420.929   3.2212867e+14
      420.946   3.2151333e+14
      420.964   3.2239251e+14
      420.982   3.2069489e+14
      420.999   3.1748347e+14
      421.017   3.1701368e+14
      421.035   3.1614524e+14
      421.053   3.1645714e+14
      421.070   3.1931881e+14
      421.088   3.2314341e+14
      421.106   3.2451415e+14
      421.124   3.2588662e+14
      421.141   3.2684021e+14
      421.159   3.2532144e+14
      421.177   3.2251852e+14
      421.194   3.1868308e+14
      421.212   3.1551210e+14
      421.230   3.1215795e+14
      421.248   3.0996570e+14
      421.265   3.0642576e+14
      421.283   3.0485495e+14
      421.301   3.0359069e+14
      421.319   3.0282290e+14
      421.336   3.0170017e+14
      421.354   3.0136775e+14
      421.372   2.9941009e+14
      421.390   2.9686252e+14
      421.408   2.9494523e+14
      421.425   2.9155767e+14
      421.443   2.8923832e+14
      421.461   2.8782223e+14
      421.479   2.8727727e+14
      421.496   2.8515690e+14
      421.514   2.8462366e+14
      421.532   2.8436501e+14
      421.550   2.8383168e+14
      421.567   2.8243139e+14
      421.585   2.8048910e+14
      421.603   2.7801758e+14
      421.621   2.7698716e+14
      421.638   2.7761946e+14
      421.656   2.7788103e+14
      421.674   2.7948396e+14
      421.692   2.8123624e+14
      421.710   2.8115203e+14
      421.727   2.8187784e+14
      421.745   2.8325902e+14
      421.763   2.8322402e+14
      421.781   2.8434074e+14
      421.799   2.8630053e+14
      421.816   2.8695036e+14
      421.834   2.8723275e+14
      421.852   2.8897229e+14
      421.870   2.8674577e+14
      421.888   2.8541305e+14
      421.905   2.8689428e+14
      421.923   2.8970981e+14
      421.941   2.9387780e+14
      421.959   3.0207933e+14
      421.977   3.0939573e+14
      421.994   3.1349299e+14
      422.012   3.1804268e+14
      422.030   3.2149126e+14
      422.048   3.2122525e+14
      422.066   3.2027524e+14
      422.083   3.2048026e+14
      422.101   3.2041783e+14
      422.119   3.2200178e+14
      422.137   3.2559903e+14
      422.155   3.2837663e+14
      422.172   3.2946808e+14
      422.190   3.2851648e+14
      422.208   3.2645106e+14
      422.226   3.2669612e+14
      422.244   3.2577480e+14
      422.262   3.2444934e+14
      422.279   3.2379201e+14
      422.297   3.2390454e+14
      422.315   3.2177568e+14
      422.333   3.2157399e+14
      422.351   3.2259672e+14
      422.369   3.2126058e+14
      422.387   3.1976986e+14
      422.404   3.1799638e+14
      422.422   3.1501754e+14
      422.440   3.1048101e+14
      422.458   3.0622605e+14
      422.476   3.0259077e+14
      422.494   2.9387781e+14
      422.511   2.8489345e+14
      422.529   2.7534845e+14
      422.547   2.6511297e+14
      422.565   2.5713973e+14
      422.583   2.5093113e+14
      422.601   2.4575682e+14
      422.619   2.4217588e+14
      422.636   2.4006059e+14
      422.654   2.3870012e+14
      422.672   2.3743470e+14
      422.690   2.3656351e+14
      422.708   2.3728119e+14
      422.726   2.3601388e+14
      422.744   2.3615885e+14
      422.761   2.3592260e+14
      422.779   2.3506474e+14
      422.797   2.3410991e+14
      422.815   2.3244958e+14
      422.833   2.3212526e+14
      422.851   2.3214093e+14
      422.869   2.3291986e+14
      422.887   2.3426674e+14
      422.905   2.3773722e+14
      422.922   2.4196915e+14
      422.940   2.4629717e+14
      422.958   2.5130391e+14
      422.976   2.5741124e+14
      422.994   2.6367716e+14
      423.012   2.7075115e+14
      423.030   2.7950673e+14
      423.048   2.8870536e+14
      423.066   2.9760889e+14
      423.083   3.0667062e+14
      423.101   3.1464537e+14
      423.119   3.2048429e+14
      423.137   3.2468394e+14
      423.155   3.2635594e+14
      423.173   3.2559873e+14
      423.191   3.2211417e+14
      423.209   3.1808484e+14
      423.227   3.1488367e+14
      423.245   3.1282917e+14
      423.263   3.1258842e+14
      423.280   3.1507815e+14
      423.298   3.1942054e+14
      423.316   3.2431642e+14
      423.334   3.3031054e+14
      423.352   3.3471544e+14
      423.370   3.3721442e+14
      423.388   3.3798584e+14
      423.406   3.3683714e+14
      423.424   3.3215590e+14
      423.442   3.2653787e+14
      423.460   3.2130241e+14
      423.478   3.1542964e+14
      423.496   3.0935036e+14
      423.513   3.0517170e+14
      423.531   3.0138850e+14
      423.549   2.9698508e+14
      423.567   2.9365755e+14
      423.585   2.9141120e+14
      423.603   2.8897382e+14
      423.621   2.8750373e+14
      423.639   2.8703842e+14
      423.657   2.8744182e+14
      423.675   2.8865778e+14
      423.693   2.9074097e+14
      423.711   2.9329458e+14
      423.729   2.9579049e+14
      423.747   2.9735295e+14
      423.765   2.9702940e+14
      423.783   2.9551981e+14
      423.801   2.9236227e+14
      423.819   2.8754129e+14
      423.837   2.8184898e+14
      423.855   2.7681744e+14
      423.872   2.7215792e+14
      423.890   2.6849413e+14
      423.908   2.6663842e+14
      423.926   2.6667972e+14
      423.944   2.6847176e+14
      423.962   2.7233179e+14
      423.980   2.7819876e+14
      423.998   2.8559724e+14
      424.016   2.9320104e+14
      424.034   3.0021382e+14
      424.052   3.0599109e+14
      424.070   3.0974991e+14
      424.088   3.1089826e+14
      424.106   3.0981442e+14
      424.124   3.0830578e+14
      424.142   3.0704604e+14
      424.160   3.0550986e+14
      424.178   3.0380642e+14
      424.196   3.0320468e+14
      424.214   3.0233165e+14
      424.232   3.0219216e+14
      424.250   3.0362040e+14
      424.268   3.0630278e+14
      424.286   3.0960818e+14
      424.304   3.1345641e+14
      424.322   3.1745171e+14
      424.340   3.2135871e+14
      424.358   3.2394185e+14
      424.376   3.2581019e+14
      424.394   3.2866165e+14
      424.412   3.3084783e+14
      424.430   3.3172165e+14
      424.448   3.3365551e+14
      424.466   3.3635769e+14
      424.484   3.3745549e+14
      424.502   3.3665856e+14
      424.520   3.3449743e+14
      424.538   3.3188202e+14
      424.556   3.2812245e+14
      424.574   3.2364544e+14
      424.592   3.2067225e+14
      424.610   3.2057949e+14
      424.628   3.2208172e+14
      424.646   3.2305977e+14
      424.665   3.2391750e+14
      424.683   3.2479500e+14
      424.701   3.2461871e+14
      424.719   3.2316310e+14
      424.737   3.2272366e+14
      424.755   3.2220219e+14
      424.773   3.2008346e+14
      424.791   3.1717349e+14
      424.809   3.1397288e+14
      424.827   3.0951106e+14
      424.845   3.0376392e+14
      424.863   2.9868263e+14
      424.881   2.9539682e+14
      424.899   2.9177405e+14
      424.917   2.8676842e+14
      424.935   2.8278601e+14
      424.953   2.7995861e+14
      424.971   2.7636689e+14
      424.989   2.7364317e+14
      425.007   2.7366415e+14
      425.025   2.7600407e+14
      425.044   2.7877677e+14
      425.062   2.8136468e+14
      425.080   2.8534239e+14
      425.098   2.9039881e+14
      425.116   2.9457675e+14
      425.134   2.9736839e+14
      425.152   2.9984044e+14
      425.170   3.0182878e+14
      425.188   3.0308718e+14
      425.206   3.0424989e+14
      425.224   3.0563659e+14
      425.242   3.0714127e+14
      425.260   3.0646454e+14
      425.279   3.0425279e+14
      425.297   3.0263912e+14
      425.315   3.0139816e+14
      425.333   2.9958782e+14
      425.351   2.9938281e+14
      425.369   3.0129958e+14
      425.387   3.0203501e+14
      425.405   3.0204886e+14
      425.423   3.0424956e+14
      425.441   3.0729152e+14
      425.460   3.0908559e+14
      425.478   3.1132233e+14
      425.496   3.1424825e+14
      425.514   3.1582511e+14
      425.532   3.1638804e+14
      425.550   3.1703644e+14
      425.568   3.1753441e+14
      425.586   3.1757585e+14
      425.604   3.1751640e+14
      425.622   3.1776645e+14
      425.641   3.1771232e+14
      425.659   3.1680467e+14
      425.677   3.1509325e+14
      425.695   3.1241904e+14
      425.713   3.0893074e+14
      425.731   3.0552616e+14
      425.749   3.0264306e+14
      425.767   3.0088523e+14
      425.786   3.0164835e+14
      425.804   3.0332454e+14
      425.822   3.0405669e+14
      425.840   3.0399537e+14
      425.858   3.0294206e+14
      425.876   2.9899661e+14
      425.894   2.9346388e+14
      425.913   2.8945172e+14
      425.931   2.8691701e+14
      425.949   2.8503047e+14
      425.967   2.8454812e+14
      425.985   2.8463874e+14
      426.003   2.8305828e+14
      426.021   2.7980665e+14
      426.040   2.7584697e+14
      426.058   2.7168692e+14
      426.076   2.6800914e+14
      426.094   2.6522758e+14
      426.112   2.6371858e+14
      426.130   2.6313328e+14
      426.148   2.6237520e+14
      426.167   2.6220230e+14
      426.185   2.6328826e+14
      426.203   2.6528262e+14
      426.221   2.6781245e+14
      426.239   2.7099068e+14
      426.257   2.7359763e+14
      426.276   2.7504320e+14
      426.294   2.7542799e+14
      426.312   2.7522083e+14
      426.330   2.7555258e+14
      426.348   2.7716231e+14
      426.367   2.7993393e+14
      426.385   2.8437182e+14
      426.403   2.9154721e+14
      426.421   2.9934217e+14
      426.439   3.0634343e+14
      426.457   3.1343379e+14
      426.476   3.1963656e+14
      426.494   3.2391610e+14
      426.512   3.2742410e+14
      426.530   3.3087913e+14
      426.548   3.3406219e+14
      426.567   3.3643446e+14
      426.585   3.3750447e+14
      426.603   3.3712857e+14
      426.621   3.3493206e+14
      426.639   3.3070264e+14
      426.658   3.2640488e+14
      426.676   3.2328064e+14
      426.694   3.2065092e+14
      426.712   3.1906497e+14
      426.730   3.1908929e+14
      426.749   3.1978800e+14
      426.767   3.2066459e+14
      426.785   3.2231294e+14
      426.803   3.2389804e+14
      426.821   3.2452134e+14
      426.840   3.2393155e+14
      426.858   3.2247724e+14
      426.876   3.2088601e+14
      426.894   3.2009567e+14
      426.913   3.1970433e+14
      426.931   3.1920319e+14
      426.949   3.1734656e+14
      426.967   3.1291573e+14
      426.985   3.0601334e+14
      427.004   2.9712324e+14
      427.022   2.8733598e+14
      427.040   2.7909205e+14
      427.058   2.7290862e+14
      427.077   2.6842842e+14
      427.095   2.6620544e+14
      427.113   2.6644738e+14
      427.131   2.6840643e+14
      427.150   2.7202827e+14
      427.168   2.7543595e+14
      427.186   2.7723272e+14
      427.204   2.7749044e+14
      427.223   2.7553821e+14
      427.241   2.7146575e+14
      427.259   2.6732797e+14
      427.277   2.6428241e+14
      427.296   2.6119599e+14
      427.314   2.5790010e+14
      427.332   2.5574446e+14
      427.350   2.5486284e+14
      427.369   2.5312699e+14
      427.387   2.5131187e+14
      427.405   2.4977066e+14
      427.423   2.4787830e+14
      427.442   2.4608722e+14
      427.460   2.4647262e+14
      427.478   2.4947178e+14
      427.497   2.5403198e+14
      427.515   2.6004120e+14
      427.533   2.6759923e+14
      427.551   2.7478939e+14
      427.570   2.8067505e+14
      427.588   2.8558411e+14
      427.606   2.8922745e+14
      427.625   2.9136890e+14
      427.643   2.9195782e+14
      427.661   2.9107679e+14
      427.679   2.9133676e+14
      427.698   2.9313755e+14
      427.716   2.9508710e+14
      427.734   2.9823789e+14
      427.753   3.0367693e+14
      427.771   3.0833099e+14
      427.789   3.1036342e+14
      427.807   3.1094102e+14
      427.826   3.1101528e+14
      427.844   3.1018593e+14
      427.862   3.0853898e+14
      427.881   3.0765341e+14
      427.899   3.0787963e+14
      427.917   3.0818476e+14
      427.936   3.0740705e+14
      427.954   3.0641460e+14
      427.972   3.0547864e+14
      427.991   3.0360204e+14
      428.009   3.0196651e+14
      428.027   3.0151895e+14
      428.046   3.0139236e+14
      428.064   3.0084359e+14
      428.082   2.9977186e+14
      428.101   2.9847770e+14
      428.119   2.9617479e+14
      428.137   2.9278135e+14
      428.156   2.9004825e+14
      428.174   2.8961566e+14
      428.192   2.8925847e+14
      428.211   2.8946246e+14
      428.229   2.9106359e+14
      428.247   2.9209888e+14
      428.266   2.9068927e+14
      428.284   2.8871312e+14
      428.302   2.8674716e+14
      428.321   2.8460486e+14
      428.339   2.8350997e+14
      428.357   2.8428112e+14
      428.376   2.8495500e+14
      428.394   2.8601607e+14
      428.412   2.8831055e+14
      428.431   2.8942711e+14
      428.449   2.8974226e+14
      428.467   2.9027864e+14
      428.486   2.8990974e+14
      428.504   2.8882670e+14
      428.522   2.8748974e+14
      428.541   2.8547882e+14
      428.559   2.8346054e+14
      428.578   2.8267792e+14
      428.596   2.8314903e+14
      428.614   2.8494136e+14
      428.633   2.8700537e+14
      428.651   2.8977256e+14
      428.669   2.9285052e+14
      428.688   2.9469355e+14
      428.706   2.9470688e+14
      428.725   2.9282608e+14
      428.743   2.8829660e+14
      428.761   2.8242479e+14
      428.780   2.7636259e+14
      428.798   2.7063429e+14
      428.816   2.6563859e+14
      428.835   2.6305456e+14
      428.853   2.6062102e+14
      428.872   2.5737931e+14
      428.890   2.5635652e+14
      428.908   2.5659536e+14
      428.927   2.5492911e+14
      428.945   2.5297570e+14
      428.964   2.5225519e+14
      428.982   2.5099690e+14
      429.000   2.5103649e+14
      429.019   2.5246601e+14
      429.037   2.5396730e+14
      429.056   2.5472741e+14
      429.074   2.5502345e+14
      429.092   2.5515461e+14
      429.111   2.5442943e+14
      429.129   2.5340487e+14
      429.148   2.5343008e+14
      429.166   2.5444913e+14
      429.185   2.5438161e+14
      429.203   2.5436684e+14
      429.221   2.5500990e+14
      429.240   2.5482386e+14
      429.258   2.5298309e+14
      429.277   2.5299797e+14
      429.295   2.5447768e+14
      429.314   2.5656962e+14
      429.332   2.5966103e+14
      429.350   2.6233180e+14
      429.369   2.6425244e+14
      429.387   2.6695965e+14
      429.406   2.6876031e+14
      429.424   2.6961724e+14
      429.443   2.7312794e+14
      429.461   2.7801318e+14
      429.479   2.8303450e+14
      429.498   2.8801207e+14
      429.516   2.9195313e+14
      429.535   2.9306775e+14
      429.553   2.9217950e+14
      429.572   2.9043226e+14
      429.590   2.8908490e+14
      429.609   2.8850464e+14
      429.627   2.8785848e+14
      429.646   2.8671254e+14
      429.664   2.8571381e+14
      429.682   2.8459811e+14
      429.701   2.8318197e+14
      429.719   2.8050835e+14
      429.738   2.7632025e+14
      429.756   2.7153638e+14
      429.775   2.6727884e+14
      429.793   2.6314258e+14
      429.812   2.6003313e+14
      429.830   2.5762976e+14
      429.849   2.5459389e+14
      429.867   2.5194076e+14
      429.886   2.4948746e+14
      429.904   2.4608057e+14
      429.923   2.4326912e+14
      429.941   2.3971555e+14
      429.960   2.3467596e+14
      429.978   2.3028918e+14
      429.997   2.2836611e+14
      430.015   2.2639942e+14
      430.034   2.2518656e+14
      430.052   2.2451512e+14
      430.071   2.2339156e+14
      430.089   2.2163428e+14
      430.108   2.1959000e+14
      430.126   2.1680344e+14
      430.145   2.1431649e+14
      430.163   2.1248291e+14
      430.182   2.1053778e+14
      430.200   2.0788986e+14
      430.219   2.0576193e+14
      430.237   2.0438042e+14
      430.256   2.0474800e+14
      430.274   2.0567113e+14
      430.293   2.0796842e+14
      430.311   2.1113472e+14
      430.330   2.1343926e+14
      430.348   2.1452125e+14
      430.367   2.1578279e+14
      430.385   2.1700268e+14
      430.404   2.1883429e+14
      430.422   2.2053301e+14
      430.441   2.2174161e+14
      430.459   2.2509364e+14
      430.478   2.3102242e+14
      430.496   2.3411675e+14
      430.515   2.3377267e+14
      430.533   2.3377941e+14
      430.552   2.3224005e+14
      430.571   2.2851151e+14
      430.589   2.2663377e+14
      430.608   2.2606888e+14
      430.626   2.2418579e+14
      430.645   2.2107648e+14
      430.663   2.1791141e+14
      430.682   2.1454154e+14
      430.700   2.1199273e+14
      430.719   2.1069664e+14
      430.737   2.1005819e+14
      430.756   2.0812617e+14
      430.775   2.0576496e+14
      430.793   2.0360825e+14
      430.812   2.0058845e+14
      430.830   1.9782823e+14
      430.849   1.9626245e+14
      430.867   1.9514592e+14
      430.886   1.9397975e+14
      430.904   1.9290269e+14
      430.923   1.9171911e+14
      430.942   1.9101976e+14
      430.960   1.9119043e+14
      430.979   1.8984804e+14
      430.997   1.8671418e+14
      431.016   1.8416117e+14
      431.034   1.8262180e+14
      431.053   1.7914353e+14
      431.072   1.7646593e+14
      431.090   1.7564048e+14
      431.109   1.7401225e+14
      431.127   1.7208204e+14
      431.146   1.7360582e+14
      431.165   1.7828501e+14
      431.183   1.8414879e+14
      431.202   1.9115621e+14
      431.220   1.9807623e+14
      431.239   2.0304645e+14
      431.258   2.0544712e+14
      431.276   2.0806441e+14
      431.295   2.1148164e+14
      431.313   2.1502239e+14
      431.332   2.1808918e+14
      431.351   2.2065562e+14
      431.369   2.2298715e+14
      431.388   2.2499983e+14
      431.406   2.2786947e+14
      431.425   2.3250588e+14
      431.444   2.3844056e+14
      431.462   2.4409980e+14
      431.481   2.4972867e+14
      431.499   2.5495350e+14
      431.518   2.5986226e+14
      431.537   2.6388214e+14
      431.555   2.6836177e+14
      431.574   2.7444376e+14
      431.593   2.8056578e+14
      431.611   2.8697187e+14
      431.630   2.9528349e+14
      431.648   3.0483888e+14
      431.667   3.1318957e+14
      431.686   3.1909501e+14
      431.704   3.2289286e+14
      431.723   3.2529949e+14
      431.742   3.2595359e+14
      431.760   3.2771439e+14
      431.779   3.3191531e+14
      431.798   3.3694624e+14
      431.816   3.4141816e+14
      431.835   3.4602511e+14
      431.854   3.5102296e+14
      431.872   3.5520064e+14
      431.891   3.5885458e+14
      431.909   3.6178643e+14
      431.928   3.6353865e+14
      431.947   3.6283340e+14
      431.965   3.6225346e+14
      431.984   3.6181406e+14
      432.003   3.6165821e+14
      432.021   3.6287745e+14
      432.040   3.6530867e+14
      432.059   3.6747609e+14
      432.077   3.7020860e+14
      432.096   3.7293676e+14
      432.115   3.7359094e+14
      432.133   3.7153936e+14
      432.152   3.6676301e+14
      432.171   3.5942958e+14
      432.189   3.5017077e+14
      432.208   3.4220749e+14
      432.227   3.3559294e+14
      432.246   3.3038891e+14
      432.264   3.2630174e+14
      432.283   3.2324221e+14
      432.302   3.1958643e+14
      432.320   3.1527526e+14
      432.339   3.0943950e+14
      432.358   3.0307107e+14
      432.376   2.9633242e+14
      432.395   2.8788214e+14
      432.414   2.7910068e+14
      432.432   2.7193846e+14
      432.451   2.6622847e+14
      432.470   2.6128054e+14
      432.489   2.5762446e+14
      432.507   2.5519913e+14
      432.526   2.5231719e+14
      432.545   2.4805590e+14
      432.563   2.4434344e+14
      432.582   2.4179748e+14
      432.601   2.3919641e+14
      432.620   2.3598866e+14
      432.638   2.3359158e+14
      432.657   2.3308374e+14
      432.676   2.3402214e+14
      432.694   2.3669127e+14
      432.713   2.4183738e+14
      432.732   2.4932824e+14
      432.751   2.5633465e+14
      432.769   2.6220670e+14
      432.788   2.6825342e+14
      432.807   2.7416385e+14
      432.825   2.7833723e+14
      432.844   2.8238493e+14
      432.863   2.8652528e+14
      432.882   2.8982655e+14
      432.900   2.9276649e+14
      432.919   2.9637544e+14
      432.938   3.0120241e+14
      432.957   3.0776432e+14
      432.975   3.1473847e+14
      432.994   3.2155274e+14
      433.013   3.2814048e+14
      433.032   3.3372852e+14
      433.050   3.3849370e+14
      433.069   3.4310438e+14
      433.088   3.4656280e+14
      433.107   3.4866320e+14
      433.125   3.4868873e+14
      433.144   3.4829014e+14
      433.163   3.4716728e+14
      433.182   3.4676856e+14
      433.200   3.4710511e+14
      433.219   3.4719856e+14
      433.238   3.4589948e+14
      433.257   3.4452284e+14
      433.276   3.4357512e+14
      433.294   3.4303584e+14
      433.313   3.4243610e+14
      433.332   3.4181164e+14
      433.351   3.4093741e+14
      433.369   3.3914001e+14
      433.388   3.3776760e+14
      433.407   3.3755614e+14
      433.426   3.3882246e+14
      433.445   3.4176063e+14
      433.463   3.4529792e+14
      433.482   3.4818759e+14
      433.501   3.5074152e+14
      433.520   3.5149168e+14
      433.539   3.4845960e+14
      433.557   3.4451405e+14
      433.576   3.3971361e+14
      433.595   3.3380709e+14
      433.614   3.2817787e+14
      433.633   3.2380852e+14
      433.651   3.1996044e+14
      433.670   3.1689138e+14
      433.689   3.1480630e+14
      433.708   3.1132958e+14
      433.727   3.0893208e+14
      433.745   3.0667236e+14
      433.764   3.0378277e+14
      433.783   2.9952932e+14
      433.802   2.9553426e+14
      433.821   2.9070707e+14
      433.839   2.8516285e+14
      433.858   2.7866746e+14
      433.877   2.7239322e+14
      433.896   2.6636484e+14
      433.915   2.5998142e+14
      433.934   2.5326402e+14
      433.952   2.4747732e+14
      433.971   2.4165548e+14
      433.990   2.3585048e+14
      434.009   2.2994950e+14
      434.028   2.2393669e+14
      434.047   2.2053262e+14
      434.065   2.1987472e+14
      434.084   2.2030731e+14
      434.103   2.2274332e+14
      434.122   2.2613745e+14
      434.141   2.2906457e+14
      434.160   2.2952606e+14
      434.179   2.3103903e+14
      434.197   2.3129700e+14
      434.216   2.3181876e+14
      434.235   2.3185180e+14
      434.254   2.3344121e+14
      434.273   2.3294676e+14
      434.292   2.3304342e+14
      434.311   2.3517323e+14
      434.329   2.3836681e+14
      434.348   2.4185991e+14
      434.367   2.4728286e+14
      434.386   2.5431651e+14
      434.405   2.6093269e+14
      434.424   2.6704130e+14
      434.443   2.7385869e+14
      434.461   2.8005628e+14
      434.480   2.8507956e+14
      434.499   2.8840622e+14
      434.518   2.9182528e+14
      434.537   2.9536665e+14
      434.556   2.9874241e+14
      434.575   3.0159397e+14
      434.594   3.0379225e+14
      434.613   3.0428593e+14
      434.631   3.0269904e+14
      434.650   3.0069772e+14
      434.669   2.9891704e+14
      434.688   2.9838730e+14
      434.707   2.9928373e+14
      434.726   3.0058150e+14
      434.745   3.0307430e+14
      434.764   3.0521741e+14
      434.783   3.0700901e+14
      434.802   3.1036544e+14
      434.820   3.1452037e+14
      434.839   3.1717221e+14
      434.858   3.1910127e+14
      434.877   3.2057785e+14
      434.896   3.1935236e+14
      434.915   3.1658798e+14
      434.934   3.1421770e+14
      434.953   3.1178170e+14
      434.972   3.0889418e+14
      434.991   3.0492370e+14
      435.010   3.0103619e+14
      435.029   2.9639107e+14
      435.047   2.9155661e+14
      435.066   2.8724581e+14
      435.085   2.8408143e+14
      435.104   2.8021643e+14
      435.123   2.7678131e+14
      435.142   2.7611668e+14
      435.161   2.7496909e+14
      435.180   2.7464592e+14
      435.199   2.7690573e+14
      435.218   2.7966444e+14
      435.237   2.8141653e+14
      435.256   2.8414167e+14
      435.275   2.8644220e+14
      435.294   2.8634905e+14
      435.313   2.8616387e+14
      435.331   2.8497197e+14
      435.350   2.8207462e+14
      435.369   2.8016271e+14
      435.388   2.8040566e+14
      435.407   2.8008248e+14
      435.426   2.7979111e+14
      435.445   2.8109385e+14
      435.464   2.8166411e+14
      435.483   2.8162578e+14
      435.502   2.8236943e+14
      435.521   2.8504863e+14
      435.540   2.9065062e+14
      435.559   2.9844648e+14
      435.578   3.0728273e+14
      435.597   3.1621453e+14
      435.616   3.2477481e+14
      435.635   3.3165963e+14
      435.654   3.3669386e+14
      435.673   3.4074792e+14
      435.692   3.4361127e+14
      435.711   3.4458154e+14
      435.730   3.4459107e+14
      435.749   3.4426620e+14
      435.768   3.4282848e+14
      435.787   3.4004430e+14
      435.806   3.3746711e+14
      435.825   3.3627884e+14
      435.844   3.3410857e+14
      435.863   3.3313255e+14
      435.882   3.3481407e+14
      435.901   3.3664949e+14
      435.920   3.3602206e+14
      435.939   3.3704716e+14
      435.958   3.3829871e+14
      435.977   3.4053225e+14
      435.996   3.4328245e+14
      436.015   3.4745166e+14
      436.034   3.5123516e+14
      436.053   3.5401194e+14
      436.072   3.5498751e+14
      436.091   3.5394604e+14
      436.110   3.5137943e+14
      436.129   3.4779188e+14
      436.148   3.4385043e+14
      436.167   3.3977980e+14
      436.186   3.3573747e+14
      436.205   3.3362373e+14
      436.224   3.3409679e+14
      436.243   3.3461052e+14
      436.262   3.3547109e+14
      436.281   3.3807801e+14
      436.300   3.4043016e+14
      436.319   3.4329719e+14
      436.338   3.4703125e+14
      436.357   3.5077062e+14
      436.376   3.5523370e+14
      436.395   3.5997807e+14
      436.414   3.6158185e+14
      436.433   3.6314315e+14
      436.453   3.6576965e+14
      436.472   3.6657011e+14
      436.491   3.6429888e+14
      436.510   3.6214615e+14
      436.529   3.5984128e+14
      436.548   3.5655257e+14
      436.567   3.5347796e+14
      436.586   3.4995749e+14
      436.605   3.4556462e+14
      436.624   3.4080544e+14
      436.643   3.3698942e+14
      436.662   3.3372010e+14
      436.681   3.3331550e+14
      436.700   3.3510149e+14
      436.719   3.3834903e+14
      436.738   3.4055615e+14
      436.758   3.4360558e+14
      436.777   3.4618960e+14
      436.796   3.4685023e+14
      436.815   3.4350660e+14
      436.834   3.4036109e+14
      436.853   3.3586189e+14
      436.872   3.3146537e+14
      436.891   3.2834813e+14
      436.910   3.2745337e+14
      436.929   3.2522440e+14
      436.948   3.2287154e+14
      436.967   3.1838645e+14
      436.987   3.1335814e+14
      437.006   3.1047090e+14
      437.025   3.0975138e+14
      437.044   3.0985468e+14
      437.063   3.1078610e+14
      437.082   3.1187147e+14
      437.101   3.1142443e+14
      437.120   3.1042534e+14
      437.139   3.1143816e+14
      437.158   3.1376399e+14
      437.178   3.1691799e+14
      437.197   3.1891645e+14
      437.216   3.2085477e+14
      437.235   3.2037413e+14
      437.254   3.1747627e+14
      437.273   3.1263723e+14
      437.292   3.0879087e+14
      437.311   3.0398007e+14
      437.331   3.0018858e+14
      437.350   2.9986537e+14
      437.369   3.0056675e+14
      437.388   3.0092662e+14
      437.407   3.0102809e+14
      437.426   2.9769482e+14
      437.445   2.9367845e+14
      437.464   2.9095390e+14
      437.484   2.9014405e+14
      437.503   2.9102591e+14
      437.522   2.9425604e+14
      437.541   2.9722247e+14
      437.560   2.9683202e+14
      437.579   2.9566115e+14
      437.598   2.9437524e+14
      437.618   2.9255845e+14
      437.637   2.9218389e+14
      437.656   2.9377537e+14
      437.675   2.9459352e+14
      437.694   2.9504894e+14
      437.713   2.9706514e+14
      437.733   2.9734714e+14
      437.752   2.9670182e+14
      437.771   2.9752530e+14
      437.790   3.0006533e+14
      437.809   3.0245498e+14
      437.828   3.0416683e+14
      437.848   3.0806071e+14
      437.867   3.1187140e+14
      437.886   3.1396908e+14
      437.905   3.1465985e+14
      437.924   3.1600898e+14
      437.943   3.1935783e+14
      437.963   3.2381456e+14
      437.982   3.2847124e+14
      438.001   3.3412427e+14
      438.020   3.3967290e+14
      438.039   3.4301828e+14
      438.059   3.4361006e+14
      438.078   3.4454692e+14
      438.097   3.4473693e+14
      438.116   3.4293075e+14
      438.135   3.3998483e+14
      438.154   3.3539659e+14
      438.174   3.2820690e+14
      438.193   3.2025086e+14
      438.212   3.1254784e+14
      438.231   3.0417764e+14
      438.251   2.9743558e+14
      438.270   2.9278349e+14
      438.289   2.8885521e+14
      438.308   2.8399074e+14
      438.327   2.7901652e+14
      438.347   2.7338752e+14
      438.366   2.6736734e+14
      438.385   2.6198777e+14
      438.404   2.5948933e+14
      438.423   2.5792891e+14
      438.443   2.5851521e+14
      438.462   2.6018281e+14
      438.481   2.6250171e+14
      438.500   2.6475512e+14
      438.520   2.6455386e+14
      438.539   2.6330137e+14
      438.558   2.6113033e+14
      438.577   2.5795582e+14
      438.596   2.5462200e+14
      438.616   2.5239076e+14
      438.635   2.5203195e+14
      438.654   2.5464286e+14
      438.673   2.5908203e+14
      438.693   2.6639184e+14
      438.712   2.7593693e+14
      438.731   2.8602717e+14
      438.750   2.9549090e+14
      438.770   3.0488744e+14
      438.789   3.1244163e+14
      438.808   3.1753224e+14
      438.827   3.2152554e+14
      438.847   3.2571713e+14
      438.866   3.3049982e+14
      438.885   3.3472501e+14
      438.904   3.3748479e+14
      438.924   3.3872963e+14
      438.943   3.3831609e+14
      438.962   3.3735744e+14
      438.982   3.3583600e+14
      439.001   3.3366106e+14
      439.020   3.3218102e+14
      439.039   3.3103901e+14
      439.059   3.2919355e+14
      439.078   3.2773065e+14
      439.097   3.2796713e+14
      439.117   3.2950663e+14
      439.136   3.3176745e+14
      439.155   3.3448732e+14
      439.174   3.3683399e+14
      439.194   3.3837993e+14
      439.213   3.3785217e+14
      439.232   3.3576005e+14
      439.252   3.3352370e+14
      439.271   3.3224061e+14
      439.290   3.3186457e+14
      439.309   3.3303913e+14
      439.329   3.3473098e+14
      439.348   3.3564357e+14
      439.367   3.3502132e+14
      439.387   3.3315947e+14
      439.406   3.3203339e+14
      439.425   3.3188580e+14
      439.445   3.3273081e+14
      439.464   3.3416319e+14
      439.483   3.3542925e+14
      439.502   3.3551247e+14
      439.522   3.3501000e+14
      439.541   3.3401993e+14
      439.560   3.3356027e+14
      439.580   3.3391613e+14
      439.599   3.3432930e+14
      439.618   3.3513640e+14
      439.638   3.3554397e+14
      439.657   3.3539302e+14
      439.676   3.3439883e+14
      439.696   3.3311135e+14
      439.715   3.3227136e+14
      439.734   3.3286209e+14
      439.754   3.3474149e+14
      439.773   3.3684883e+14
      439.792   3.3800649e+14
      439.812   3.3653931e+14
      439.831   3.3368339e+14
      439.850   3.3081462e+14
      439.870   3.2854007e+14
      439.889   3.2761736e+14
      439.909   3.2878681e+14
      439.928   3.2998186e+14
      439.947   3.3050529e+14
      439.967   3.2957138e+14
      439.986   3.2702054e+14
      440.005   3.2376368e+14
      440.025   3.2138575e+14
      440.044   3.2054364e+14
      440.063   3.2169769e+14
      440.083   3.2472895e+14
      440.102   3.2824469e+14
      440.121   3.3077592e+14
      440.141   3.3160892e+14
      440.160   3.3152831e+14
      440.180   3.3096709e+14
      440.199   3.3061614e+14
      440.218   3.3076480e+14
      440.238   3.3075491e+14
      440.257   3.2966368e+14
      440.276   3.2694424e+14
      440.296   3.2204239e+14
      440.315   3.1556531e+14
      440.335   3.0917925e+14
      440.354   3.0355261e+14
      440.373   2.9974953e+14
      440.393   2.9875440e+14
      440.412   2.9961286e+14
      440.432   3.0089647e+14
      440.451   3.0233563e+14
      440.470   3.0413839e+14
      440.490   3.0633620e+14
      440.509   3.0930778e+14
      440.529   3.1264455e+14
      440.548   3.1594135e+14
      440.567   3.1801483e+14
      440.587   3.1779178e+14
      440.606   3.1491620e+14
      440.626   3.1152652e+14
      440.645   3.0812776e+14
      440.665   3.0446253e+14
      440.684   3.0079362e+14
      440.703   2.9860717e+14
      440.723   2.9698298e+14
      440.742   2.9525038e+14
      440.762   2.9419804e+14
      440.781   2.9476854e+14
      440.800   2.9688154e+14
      440.820   3.0091671e+14
      440.839   3.0734993e+14
      440.859   3.1541034e+14
      440.878   3.2344575e+14
      440.898   3.3054196e+14
      440.917   3.3586996e+14
      440.937   3.3899327e+14
      440.956   3.4050442e+14
      440.975   3.4180350e+14
      440.995   3.4305068e+14
      441.014   3.4444906e+14
      441.034   3.4601240e+14
      441.053   3.4749216e+14
      441.073   3.4807242e+14
      441.092   3.4825635e+14
      441.112   3.4902081e+14
      441.131   3.5099969e+14
      441.151   3.5340053e+14
      441.170   3.5649494e+14
      441.189   3.6029377e+14
      441.209   3.6381130e+14
      441.228   3.6574434e+14
      441.248   3.6688471e+14
      441.267   3.6810009e+14
      441.287   3.6862607e+14
      441.306   3.6783447e+14
      441.326   3.6581111e+14
      441.345   3.6220316e+14
      441.365   3.5697800e+14
      441.384   3.5064106e+14
      441.404   3.4436200e+14
      441.423   3.3957502e+14
      441.443   3.3713225e+14
      441.462   3.3657835e+14
      441.482   3.3683114e+14
      441.501   3.3655801e+14
      441.521   3.3549546e+14
      441.540   3.3421254e+14
      441.560   3.3216151e+14
      441.579   3.3005093e+14
      441.599   3.2843229e+14
      441.618   3.2742026e+14
      441.638   3.2662463e+14
      441.657   3.2554963e+14
      441.677   3.2449392e+14
      441.696   3.2465614e+14
      441.716   3.2591840e+14
      441.735   3.2737613e+14
      441.755   3.2980906e+14
      441.774   3.3330159e+14
      441.794   3.3657086e+14
      441.813   3.3887280e+14
      441.833   3.4128823e+14
      441.852   3.4542162e+14
      441.872   3.5100474e+14
      441.891   3.5766307e+14
      441.911   3.6595852e+14
      441.930   3.7449572e+14
      441.950   3.8092743e+14
      441.969   3.8463148e+14
      441.989   3.8629853e+14
      442.008   3.8652827e+14
      442.028   3.8627389e+14
      442.048   3.8608578e+14
      442.067   3.8644482e+14
      442.087   3.8650447e+14
      442.106   3.8621014e+14
      442.126   3.8602200e+14
      442.145   3.8468053e+14
      442.165   3.8282560e+14
      442.184   3.8206916e+14
      442.204   3.8170624e+14
      442.223   3.8015906e+14
      442.243   3.7837832e+14
      442.263   3.7640842e+14
      442.282   3.7399413e+14
      442.302   3.7124513e+14
      442.321   3.6963133e+14
      442.341   3.6970534e+14
      442.360   3.6991924e+14
      442.380   3.6889477e+14
      442.400   3.6740794e+14
      442.419   3.6550694e+14
      442.439   3.6227487e+14
      442.458   3.5905269e+14
      442.478   3.5728878e+14
      442.497   3.5679109e+14
      442.517   3.5689608e+14
      442.537   3.5744199e+14
      442.556   3.5707180e+14
      442.576   3.5521678e+14
      442.595   3.5309315e+14
      442.615   3.5143352e+14
      442.635   3.5058919e+14
      442.654   3.5197726e+14
      442.674   3.5539168e+14
      442.693   3.5856164e+14
      442.713   3.6082291e+14
      442.733   3.6306122e+14
      442.752   3.6447475e+14
      442.772   3.6506536e+14
      442.791   3.6558184e+14
      442.811   3.6571855e+14
      442.831   3.6461709e+14
      442.850   3.6162434e+14
      442.870   3.5713132e+14
      442.889   3.5226939e+14
      442.909   3.4806462e+14
      442.929   3.4507622e+14
      442.948   3.4451455e+14
      442.968   3.4590965e+14
      442.987   3.4759017e+14
      443.007   3.4898688e+14
      443.027   3.4954067e+14
      443.046   3.4894453e+14
      443.066   3.4893004e+14
      443.086   3.5051410e+14
      443.105   3.5258299e+14
      443.125   3.5558379e+14
      443.145   3.5855956e+14
      443.164   3.5961486e+14
      443.184   3.5877064e+14
      443.203   3.5670026e+14
      443.223   3.5327859e+14
      443.243   3.4999748e+14
      443.262   3.4832176e+14
      443.282   3.4797511e+14
      443.302   3.4825295e+14
      443.321   3.4799216e+14
      443.341   3.4629334e+14
      443.361   3.4441922e+14
      443.380   3.4328085e+14
      443.400   3.4295377e+14
      443.420   3.4452243e+14
      443.439   3.4833662e+14
      443.459   3.5102696e+14
      443.479   3.5173116e+14
      443.498   3.5144691e+14
      443.518   3.4946047e+14
      443.538   3.4618439e+14
      443.557   3.4432873e+14
      443.577   3.4360414e+14
      443.597   3.4341596e+14
      443.616   3.4435963e+14
      443.636   3.4584771e+14
      443.656   3.4685365e+14
      443.675   3.4728627e+14
      443.695   3.4785337e+14
      443.715   3.4982239e+14
      443.734   3.5342952e+14
      443.754   3.5712442e+14
      443.774   3.6053050e+14
      443.794   3.6314727e+14
      443.813   3.6354451e+14
      443.833   3.6325044e+14
      443.853   3.6476163e+14
      443.872   3.6701321e+14
      443.892   3.6909399e+14
      443.912   3.7275455e+14
      443.931   3.7649237e+14
      443.951   3.7842372e+14
      443.971   3.8017455e+14
      443.991   3.8192372e+14
      444.010   3.8223686e+14
      444.030   3.8284729e+14
      444.050   3.8339271e+14
      444.069   3.8190710e+14
      444.089   3.7955068e+14
      444.109   3.7724832e+14
      444.129   3.7329676e+14
      444.148   3.6807294e+14
      444.168   3.6363785e+14
      444.188   3.6166173e+14
      444.208   3.5976870e+14
      444.227   3.5694695e+14
      444.247   3.5466291e+14
      444.267   3.5286339e+14
      444.286   3.4954369e+14
      444.306   3.4634919e+14
      444.326   3.4572126e+14
      444.346   3.4610087e+14
      444.365   3.4674568e+14
      444.385   3.4835193e+14
      444.405   3.5081943e+14
      444.425   3.5286018e+14
      444.444   3.5489855e+14
      444.464   3.5697941e+14
      444.484   3.5839818e+14
      444.504   3.5962711e+14
      444.523   3.6005192e+14
      444.543   3.5897365e+14
      444.563   3.5767445e+14
      444.583   3.5808188e+14
      444.603   3.5791013e+14
      444.622   3.5758018e+14
      444.642   3.5929810e+14
      444.662   3.6290774e+14
      444.682   3.6613573e+14
      444.701   3.6951705e+14
      444.721   3.7413408e+14
      444.741   3.7801831e+14
      444.761   3.8032946e+14
      444.780   3.8188867e+14
      444.800   3.8417126e+14
      444.820   3.8545451e+14
      444.840   3.8546305e+14
      444.860   3.8457703e+14
      444.879   3.8180865e+14
      444.899   3.7781289e+14
      444.919   3.7359592e+14
      444.939   3.6999617e+14
      444.959   3.6747926e+14
      444.978   3.6593398e+14
      444.998   3.6405791e+14
      445.018   3.6270365e+14
      445.038   3.6242652e+14
      445.058   3.6281246e+14
      445.077   3.6361016e+14
      445.097   3.6482247e+14
      445.117   3.6675627e+14
      445.137   3.6865956e+14
      445.157   3.6891379e+14
      445.177   3.6864235e+14
      445.196   3.6893324e+14
      445.216   3.6761943e+14
      445.236   3.6527563e+14
      445.256   3.6404292e+14
      445.276   3.6275013e+14
      445.295   3.5999792e+14
      445.315   3.5581937e+14
      445.335   3.5079685e+14
      445.355   3.4456560e+14
      445.375   3.3913874e+14
      445.395   3.3653191e+14
      445.414   3.3559081e+14
      445.434   3.3524582e+14
      445.454   3.3615643e+14
      445.474   3.3613992e+14
      445.494   3.3464068e+14
      445.514   3.3348070e+14
      445.534   3.3298839e+14
      445.553   3.3163990e+14
      445.573   3.3065724e+14
      445.593   3.2889562e+14
      445.613   3.2779648e+14
      445.633   3.2634492e+14
      445.653   3.2427212e+14
      445.673   3.2291264e+14
      445.692   3.2268501e+14
      445.712   3.2201178e+14
      445.732   3.2053376e+14
      445.752   3.1777676e+14
      445.772   3.1454700e+14
      445.792   3.1183631e+14
      445.812   3.0993742e+14
      445.831   3.1042645e+14
      445.851   3.1422577e+14
      445.871   3.1884888e+14
      445.891   3.2349453e+14
      445.911   3.2697945e+14
      445.931   3.2995766e+14
      445.951   3.3179656e+14
      445.971   3.3251773e+14
      445.991   3.3129725e+14
      446.010   3.2943345e+14
      446.030   3.2633410e+14
      446.050   3.2268696e+14
      446.070   3.1905386e+14
      446.090   3.1695520e+14
      446.110   3.1716440e+14
      446.130   3.1754472e+14
      446.150   3.1912391e+14
      446.170   3.2212790e+14
      446.190   3.2541069e+14
      446.209   3.2770656e+14
      446.229   3.3006396e+14
      446.249   3.3358276e+14
      446.269   3.3773557e+14
      446.289   3.4077501e+14
      446.309   3.4233682e+14
      446.329   3.4368589e+14
      446.349   3.4382815e+14
      446.369   3.4330220e+14
      446.389   3.4402710e+14
      446.409   3.4574268e+14
      446.429   3.4717446e+14
      446.449   3.4885960e+14
      446.468   3.5002632e+14
      446.488   3.4939497e+14
      446.508   3.4888374e+14
      446.528   3.4970962e+14
      446.548   3.5155037e+14
      446.568   3.5415667e+14
      446.588   3.5908668e+14
      446.608   3.6457687e+14
      446.628   3.6942815e+14
      446.648   3.7267633e+14
      446.668   3.7415514e+14
      446.688   3.7344297e+14
      446.708   3.7215472e+14
      446.728   3.7099201e+14
      446.748   3.6879171e+14
      446.768   3.6501571e+14
      446.788   3.6090901e+14
      446.808   3.5760597e+14
      446.828   3.5588187e+14
      446.848   3.5529555e+14
      446.867   3.5578414e+14
      446.887   3.5694360e+14
      446.907   3.5691376e+14
      446.927   3.5519253e+14
      446.947   3.5345095e+14
      446.967   3.5192088e+14
      446.987   3.5092710e+14
      447.007   3.5134030e+14
      447.027   3.5359927e+14
      447.047   3.5704850e+14
      447.067   3.6167921e+14
      447.087   3.6572816e+14
      447.107   3.6741891e+14
      447.127   3.6617235e+14
      447.147   3.6353803e+14
      447.167   3.6045598e+14
      447.187   3.5875226e+14
      447.207   3.5934372e+14
      447.227   3.6104020e+14
      447.247   3.6284645e+14
      447.267   3.6548030e+14
      447.287   3.6888715e+14
      447.307   3.7201124e+14
      447.327   3.7523797e+14
      447.347   3.7853999e+14
      447.367   3.8156842e+14
      447.387   3.8420620e+14
      447.407   3.8647887e+14
      447.427   3.8778867e+14
      447.447   3.8699160e+14
      447.467   3.8644671e+14
      447.487   3.8429158e+14
      447.507   3.8141411e+14
      447.527   3.8013029e+14
      447.547   3.8096674e+14
      447.567   3.8099535e+14
      447.587   3.8128170e+14
      447.608   3.8224937e+14
      447.628   3.8335317e+14
      447.648   3.8486670e+14
      447.668   3.8714848e+14
      447.688   3.8958956e+14
      447.708   3.9165058e+14
      447.728   3.9309725e+14
      447.748   3.9413811e+14
      447.768   3.9440346e+14
      447.788   3.9359863e+14
      447.808   3.9155886e+14
      447.828   3.8896811e+14
      447.848   3.8457478e+14
      447.868   3.7985340e+14
      447.888   3.7678020e+14
      447.908   3.7453196e+14
      447.928   3.7180034e+14
      447.948   3.7157571e+14
      447.968   3.7209237e+14
      447.989   3.7188726e+14
      448.009   3.7242412e+14
      448.029   3.7418586e+14
      448.049   3.7355676e+14
      448.069   3.7080186e+14
      448.089   3.6857943e+14
      448.109   3.6504206e+14
      448.129   3.6011797e+14
      448.149   3.5751724e+14
      448.169   3.5724955e+14
      448.189   3.5655136e+14
      448.209   3.5632936e+14
      448.229   3.5631059e+14
      448.250   3.5472113e+14
      448.270   3.5128186e+14
      448.290   3.4782023e+14
      448.310   3.4603838e+14
      448.330   3.4548394e+14
      448.350   3.4716508e+14
      448.370   3.5208093e+14
      448.390   3.5702852e+14
      448.410   3.6001556e+14
      448.430   3.6233945e+14
      448.451   3.6332664e+14
      448.471   3.6428171e+14
      448.491   3.6612786e+14
      448.511   3.7002753e+14
      448.531   3.7361604e+14
      448.551   3.7691523e+14
      448.571   3.8056688e+14
      448.591   3.8385045e+14
      448.612   3.8615074e+14
      448.632   3.8971005e+14
      448.652   3.9276183e+14
      448.672   3.9343854e+14
      448.692   3.9362011e+14
      448.712   3.9354488e+14
      448.732   3.9161847e+14
      448.752   3.8909745e+14
      448.773   3.8792951e+14
      448.793   3.8663370e+14
      448.813   3.8463482e+14
      448.833   3.8331841e+14
      448.853   3.8188803e+14
      448.873   3.7957835e+14
      448.893   3.7629381e+14
      448.914   3.7401400e+14
      448.934   3.7280665e+14
      448.954   3.7344789e+14
      448.974   3.7281873e+14
      448.994   3.7249969e+14
      449.014   3.7168182e+14
      449.035   3.7082290e+14
      449.055   3.6986143e+14
      449.075   3.6983649e+14
      449.095   3.7076299e+14
      449.115   3.7229943e+14
      449.135   3.7338608e+14
      449.156   3.7463411e+14
      449.176   3.7569348e+14
      449.196   3.7680081e+14
      449.216   3.7767317e+14
      449.236   3.7801260e+14
      449.256   3.7803235e+14
      449.277   3.7800579e+14
      449.297   3.7577554e+14
      449.317   3.7524365e+14
      449.337   3.7572095e+14
      449.357   3.7665612e+14
      449.378   3.7717179e+14
      449.398   3.7912780e+14
      449.418   3.8047909e+14
      449.438   3.8082262e+14
      449.458   3.7909896e+14
      449.479   3.7864562e+14
      449.499   3.7936068e+14
      449.519   3.7833006e+14
      449.539   3.7718705e+14
      449.559   3.7697481e+14
      449.580   3.7620462e+14
      449.600   3.7423485e+14
      449.620   3.7337457e+14
      449.640   3.7309210e+14
      449.661   3.7196792e+14
      449.681   3.7091756e+14
      449.701   3.7009166e+14
      449.721   3.6847766e+14
      449.741   3.6625583e+14
      449.762   3.6553942e+14
      449.782   3.6468347e+14
      449.802   3.6631173e+14
      449.822   3.6985395e+14
      449.843   3.7424180e+14
      449.863   3.7695997e+14
      449.883   3.7998070e+14
      449.903   3.8246389e+14
      449.924   3.8328870e+14
      449.944   3.8323504e+14
      449.964   3.8360153e+14
      449.984   3.8435702e+14
      450.004   3.8330631e+14
      450.025   3.8284492e+14
      450.045   3.8377750e+14
      450.065   3.8425107e+14
      450.086   3.8392054e+14
      450.106   3.8372126e+14
      450.126   3.8378933e+14
      450.146   3.8327273e+14
      450.167   3.8372398e+14
      450.187   3.8398752e+14
      450.207   3.8530983e+14
      450.227   3.8675607e+14
      450.248   3.8900459e+14
      450.268   3.9157856e+14
      450.288   3.9438168e+14
      450.308   3.9575888e+14
      450.329   3.9538279e+14
      450.349   3.9403621e+14
      450.369   3.9243834e+14
      450.390   3.9195855e+14
      450.410   3.9220811e+14
      450.430   3.9246694e+14
      450.450   3.9239356e+14
      450.471   3.9374705e+14
      450.491   3.9551108e+14
      450.511   3.9746362e+14
      450.532   4.0029169e+14
      450.552   4.0301327e+14
      450.572   4.0516451e+14
      450.593   4.0690570e+14
      450.613   4.0941238e+14
      450.633   4.1197296e+14
      450.653   4.1404615e+14
      450.674   4.1345104e+14
      450.694   4.1270270e+14
      450.714   4.1116879e+14
      450.735   4.0971567e+14
      450.755   4.0892074e+14
      450.775   4.0938640e+14
      450.796   4.0923618e+14
      450.816   4.0849271e+14
      450.836   4.0829827e+14
      450.857   4.0882839e+14
      450.877   4.0986934e+14
      450.897   4.1012073e+14
      450.918   4.0964122e+14
      450.938   4.0904535e+14
      450.958   4.0822565e+14
      450.979   4.0705214e+14
      450.999   4.0628755e+14
      451.019   4.0670130e+14
      451.040   4.0644262e+14
      451.060   4.0599297e+14
      451.080   4.0576347e+14
      451.101   4.0547516e+14
      451.121   4.0417428e+14
      451.141   4.0309724e+14
      451.162   4.0154315e+14
      451.182   4.0160223e+14
      451.202   4.0258283e+14
      451.223   4.0464269e+14
      451.243   4.0613230e+14
      451.264   4.0631027e+14
      451.284   4.0511656e+14
      451.304   4.0358043e+14
      451.325   4.0220004e+14
      451.345   4.0114686e+14
      451.365   4.0029349e+14
      451.386   3.9827439e+14
      451.406   3.9660108e+14
      451.427   3.9619213e+14
      451.447   3.9659533e+14
      451.467   3.9809068e+14
      451.488   4.0014353e+14
      451.508   4.0222758e+14
      451.528   4.0314371e+14
      451.549   4.0362891e+14
      451.569   4.0429334e+14
      451.590   4.0346613e+14
      451.610   4.0171476e+14
      451.630   4.0057426e+14
      451.651   3.9843994e+14
      451.671   3.9557208e+14
      451.692   3.9328766e+14
      451.712   3.9043808e+14
      451.732   3.8760698e+14
      451.753   3.8522782e+14
      451.773   3.8498483e+14
      451.794   3.8667879e+14
      451.814   3.8954634e+14
      451.834   3.9015140e+14
      451.855   3.8943482e+14
      451.875   3.8829566e+14
      451.896   3.8826783e+14
      451.916   3.8861732e+14
      451.937   3.9038383e+14
      451.957   3.9330363e+14
      451.977   3.9517732e+14
      451.998   3.9546812e+14
      452.018   3.9488630e+14
      452.039   3.9405486e+14
      452.059   3.9364897e+14
      452.080   3.9133033e+14
      452.100   3.8775002e+14
      452.120   3.8461042e+14
      452.141   3.8266928e+14
      452.161   3.8135934e+14
      452.182   3.8209440e+14
      452.202   3.8478502e+14
      452.223   3.8932275e+14
      452.243   3.9355468e+14
      452.264   3.9714625e+14
      452.284   4.0053749e+14
      452.304   4.0175796e+14
      452.325   4.0028549e+14
      452.345   3.9708063e+14
      452.366   3.9454287e+14
      452.386   3.9386076e+14
      452.407   3.9464629e+14
      452.427   3.9568702e+14
      452.448   3.9760630e+14
      452.468   3.9792463e+14
      452.489   3.9408235e+14
      452.509   3.8936878e+14
      452.530   3.8427930e+14
      452.550   3.8023241e+14
      452.571   3.7497953e+14
      452.591   3.7196061e+14
      452.612   3.7062058e+14
      452.632   3.7182046e+14
      452.653   3.7295957e+14
      452.673   3.7458388e+14
      452.694   3.7382561e+14
      452.714   3.7038568e+14
      452.735   3.6566180e+14
      452.755   3.6026660e+14
      452.776   3.5598340e+14
      452.796   3.5306920e+14
      452.817   3.5235494e+14
      452.837   3.5150505e+14
      452.858   3.5181187e+14
      452.878   3.5389385e+14
      452.899   3.5633573e+14
      452.919   3.5606594e+14
      452.940   3.5396532e+14
      452.960   3.4944931e+14
      452.981   3.4310776e+14
      453.001   3.3793426e+14
      453.022   3.3636608e+14
      453.042   3.3871163e+14
      453.063   3.4220624e+14
      453.083   3.4712960e+14
      453.104   3.5165992e+14
      453.124   3.5513268e+14
      453.145   3.5592387e+14
      453.165   3.5473333e+14
      453.186   3.5271107e+14
      453.206   3.5215449e+14
      453.227   3.5221851e+14
      453.248   3.5276118e+14
      453.268   3.5654002e+14
      453.289   3.6027973e+14
      453.309   3.6160110e+14
      453.330   3.6215941e+14
      453.350   3.6236956e+14
      453.371   3.6120765e+14
      453.391   3.5732730e+14
      453.412   3.5230047e+14
      453.432   3.4549913e+14
      453.453   3.4058218e+14
      453.474   3.3883722e+14
      453.494   3.3993883e+14
      453.515   3.4504310e+14
      453.535   3.5237503e+14
      453.556   3.5823851e+14
      453.576   3.6095746e+14
      453.597   3.6304099e+14
      453.618   3.6390827e+14
      453.638   3.6397007e+14
      453.659   3.6412229e+14
      453.679   3.6699867e+14
      453.700   3.6972991e+14
      453.721   3.7101408e+14
      453.741   3.7328021e+14
      453.762   3.7762916e+14
      453.782   3.8000194e+14
      453.803   3.8165336e+14
      453.823   3.8517721e+14
      453.844   3.8887015e+14
      453.865   3.9066754e+14
      453.885   3.8995974e+14
      453.906   3.9043738e+14
      453.926   3.9069993e+14
      453.947   3.9269501e+14
      453.968   3.9519060e+14
      453.988   3.9882528e+14
      454.009   4.0306432e+14
      454.030   4.0603919e+14
      454.050   4.0634948e+14
      454.071   4.0494417e+14
      454.091   4.0375866e+14
      454.112   4.0186177e+14
      454.133   4.0091351e+14
      454.153   4.0013126e+14
      454.174   4.0023420e+14
      454.194   4.0037665e+14
      454.215   4.0089088e+14
      454.236   4.0047085e+14
      454.256   4.0043844e+14
      454.277   4.0008900e+14
      454.298   3.9780343e+14
      454.318   3.9564273e+14
      454.339   3.9388897e+14
      454.360   3.8988753e+14
      454.380   3.8584136e+14
      454.401   3.8449996e+14
      454.422   3.8318823e+14
      454.442   3.8181912e+14
      454.463   3.8267143e+14
      454.483   3.8441494e+14
      454.504   3.8717147e+14
      454.525   3.8868575e+14
      454.545   3.8962692e+14
      454.566   3.8981300e+14
      454.587   3.9032710e+14
      454.607   3.8938999e+14
      454.628   3.8829380e+14
      454.649   3.8853018e+14
      454.669   3.8891812e+14
      454.690   3.8793166e+14
      454.711   3.8519452e+14
      454.732   3.8387205e+14
      454.752   3.8214916e+14
      454.773   3.7868006e+14
      454.794   3.7151074e+14
      454.814   3.6767554e+14
      454.835   3.6516335e+14
      454.856   3.6259480e+14
      454.876   3.6325915e+14
      454.897   3.6883275e+14
      454.918   3.7342590e+14
      454.938   3.7662651e+14
      454.959   3.8065555e+14
      454.980   3.8351140e+14
      455.000   3.8472784e+14
      455.021   3.8551880e+14
      455.042   3.8661592e+14
      455.063   3.8743694e+14
      455.083   3.8693185e+14
      455.104   3.8775483e+14
      455.125   3.8846772e+14
      455.145   3.9044535e+14
      455.166   3.9196498e+14
      455.187   3.9410648e+14
      455.208   3.9501028e+14
      455.228   3.9609430e+14
      455.249   3.9380907e+14
      455.270   3.9134244e+14
      455.290   3.8841146e+14
      455.311   3.8916959e+14
      455.332   3.9115847e+14
      455.353   3.9504154e+14
      455.373   3.9832067e+14
      455.394   4.0125554e+14
      455.415   3.9980277e+14
      455.436   3.9507686e+14
      455.456   3.8881381e+14
      455.477   3.8383647e+14
      455.498   3.7930330e+14
      455.519   3.7673719e+14
      455.539   3.7615625e+14
      455.560   3.7675153e+14
      455.581   3.7600512e+14
      455.602   3.7783957e+14
      455.622   3.7936863e+14
      455.643   3.8006517e+14
      455.664   3.8059726e+14
      455.685   3.8088267e+14
      455.705   3.7772936e+14
      455.726   3.7446829e+14
      455.747   3.7282587e+14
      455.768   3.7330913e+14
      455.789   3.7476468e+14
      455.809   3.7817911e+14
      455.830   3.8022225e+14
      455.851   3.8132125e+14
      455.872   3.8097847e+14
      455.892   3.8070200e+14
      455.913   3.8035725e+14
      455.934   3.8193714e+14
      455.955   3.8463396e+14
      455.976   3.8902213e+14
      455.996   3.9371656e+14
      456.017   3.9869493e+14
      456.038   4.0353352e+14
      456.059   4.0781315e+14
      456.080   4.0958029e+14
      456.100   4.1028566e+14
      456.121   4.1025853e+14
      456.142   4.0972238e+14
      456.163   4.0886045e+14
      456.184   4.0815199e+14
      456.204   4.0586642e+14
      456.225   4.0537484e+14
      456.246   4.0580788e+14
      456.267   4.0593214e+14
      456.288   4.0598527e+14
      456.308   4.0778229e+14
      456.329   4.0679824e+14
      456.350   4.0582904e+14
      456.371   4.0560319e+14
      456.392   4.0453644e+14
      456.413   4.0309508e+14
      456.433   4.0225746e+14
      456.454   4.0094883e+14
      456.475   3.9915862e+14
      456.496   3.9831422e+14
      456.517   3.9779373e+14
      456.538   3.9642835e+14
      456.558   3.9340019e+14
      456.579   3.9167658e+14
      456.600   3.9044746e+14
      456.621   3.8990768e+14
      456.642   3.9038718e+14
      456.663   3.9071496e+14
      456.684   3.9117204e+14
      456.704   3.9104358e+14
      456.725   3.9127205e+14
      456.746   3.9205164e+14
      456.767   3.9338608e+14
      456.788   3.9438140e+14
      456.809   3.9573861e+14
      456.830   3.9671539e+14
      456.850   3.9707264e+14
      456.871   3.9740278e+14
      456.892   3.9902480e+14
      456.913   4.0244513e+14
      456.934   4.0565769e+14
      456.955   4.0787479e+14
      456.976   4.0926518e+14
      456.997   4.0927161e+14
      457.018   4.0709935e+14
      457.038   4.0379269e+14
      457.059   4.0165325e+14
      457.080   4.0018518e+14
      457.101   3.9890084e+14
      457.122   3.9783204e+14
      457.143   3.9788689e+14
      457.164   3.9768850e+14
      457.185   3.9766456e+14
      457.206   3.9790700e+14
      457.226   3.9909062e+14
      457.247   4.0041958e+14
      457.268   4.0161734e+14
      457.289   4.0244929e+14
      457.310   4.0257000e+14
      457.331   4.0193066e+14
      457.352   4.0126879e+14
      457.373   4.0097284e+14
      457.394   4.0085889e+14
      457.415   4.0096082e+14
      457.436   4.0105711e+14
      457.457   4.0144815e+14
      457.477   4.0171450e+14
      457.498   4.0228205e+14
      457.519   4.0382026e+14
      457.540   4.0639695e+14
      457.561   4.0991639e+14
      457.582   4.1390561e+14
      457.603   4.1760591e+14
      457.624   4.2057050e+14
      457.645   4.2245736e+14
      457.666   4.2257717e+14
      457.687   4.2104051e+14
      457.708   4.1904730e+14
      457.729   4.1702384e+14
      457.750   4.1506968e+14
      457.771   4.1346852e+14
      457.792   4.1269190e+14
      457.813   4.1188330e+14
      457.834   4.1091118e+14
      457.854   4.0949471e+14
      457.875   4.0698166e+14
      457.896   4.0366428e+14
      457.917   4.0069613e+14
      457.938   3.9823882e+14
      457.959   3.9574557e+14
      457.980   3.9287441e+14
      458.001   3.9082799e+14
      458.022   3.8820438e+14
      458.043   3.8480245e+14
      458.064   3.8202802e+14
      458.085   3.8091872e+14
      458.106   3.7947658e+14
      458.127   3.7744783e+14
      458.148   3.7565578e+14
      458.169   3.7365677e+14
      458.190   3.7165380e+14
      458.211   3.6978981e+14
      458.232   3.6815316e+14
      458.253   3.6670813e+14
      458.274   3.6555071e+14
      458.295   3.6435185e+14
      458.316   3.6349887e+14
      458.337   3.6427440e+14
      458.358   3.6619918e+14
      458.379   3.6857739e+14
      458.400   3.7173637e+14
      458.421   3.7398708e+14
      458.442   3.7462407e+14
      458.463   3.7374681e+14
      458.484   3.7290520e+14
      458.505   3.7322241e+14
      458.526   3.7511061e+14
      458.547   3.7815982e+14
      458.568   3.8196750e+14
      458.589   3.8466917e+14
      458.610   3.8467084e+14
      458.631   3.8447872e+14
      458.652   3.8439188e+14
      458.673   3.8358617e+14
      458.695   3.8331943e+14
      458.716   3.8435054e+14
      458.737   3.8677643e+14
      458.758   3.8999684e+14
      458.779   3.9379545e+14
      458.800   3.9743814e+14
      458.821   4.0010412e+14
      458.842   4.0073331e+14
      458.863   4.0043250e+14
      458.884   4.0005830e+14
      458.905   3.9943355e+14
      458.926   3.9918919e+14
      458.947   4.0050766e+14
      458.968   4.0158902e+14
      458.989   4.0258572e+14
      459.010   4.0387852e+14
      459.031   4.0461241e+14
      459.052   4.0405245e+14
      459.074   4.0370241e+14
      459.095   4.0167503e+14
      459.116   3.9934986e+14
      459.137   3.9830353e+14
      459.158   3.9775632e+14
      459.179   3.9790808e+14
      459.200   4.0006439e+14
      459.221   4.0232834e+14
      459.242   4.0317173e+14
      459.263   4.0325212e+14
      459.284   4.0259193e+14
      459.306   4.0142373e+14
      459.327   4.0026778e+14
      459.348   3.9985614e+14
      459.369   3.9893180e+14
      459.390   3.9715929e+14
      459.411   3.9513591e+14
      459.432   3.9254681e+14
      459.453   3.8967846e+14
      459.474   3.8728117e+14
      459.495   3.8630328e+14
      459.517   3.8592179e+14
      459.538   3.8598067e+14
      459.559   3.8663351e+14
      459.580   3.8790291e+14
      459.601   3.8977027e+14
      459.622   3.9336131e+14
      459.643   3.9654725e+14
      459.664   3.9795121e+14
      459.686   3.9860372e+14
      459.707   3.9771825e+14
      459.728   3.9472773e+14
      459.749   3.9292720e+14
      459.770   3.9305429e+14
      459.791   3.9363224e+14
      459.812   3.9437069e+14
      459.834   3.9485912e+14
      459.855   3.9437883e+14
      459.876   3.9339283e+14
      459.897   3.9239919e+14
      459.918   3.9073940e+14
      459.939   3.8938134e+14
      459.960   3.8863838e+14
      459.982   3.8810942e+14
      460.003   3.8826845e+14
      460.024   3.8878041e+14
      460.045   3.8929060e+14
      460.066   3.8993478e+14
      460.087   3.9024868e+14
      460.109   3.8931753e+14
      460.130   3.8696781e+14
      460.151   3.8423081e+14
      460.172   3.8231295e+14
      460.193   3.8106892e+14
      460.214   3.8082552e+14
      460.236   3.8281106e+14
      460.257   3.8522077e+14
      460.278   3.8629942e+14
      460.299   3.8638858e+14
      460.320   3.8494042e+14
      460.342   3.8199526e+14
      460.363   3.7934745e+14
      460.384   3.7739258e+14
      460.405   3.7616855e+14
      460.426   3.7666340e+14
      460.448   3.7861560e+14
      460.469   3.8097143e+14
      460.490   3.8358441e+14
      460.511   3.8580462e+14
      460.532   3.8755273e+14
      460.554   3.8957201e+14
      460.575   3.9083855e+14
      460.596   3.9005303e+14
      460.617   3.8858520e+14
      460.638   3.8822658e+14
      460.660   3.8883264e+14
      460.681   3.9022797e+14
      460.702   3.9324513e+14
      460.723   3.9690334e+14
      460.745   3.9944178e+14
      460.766   4.0074710e+14
      460.787   4.0174063e+14
      460.808   4.0267180e+14
      460.829   4.0359929e+14
      460.851   4.0542585e+14
      460.872   4.0812520e+14
      460.893   4.1062063e+14
      460.914   4.1312949e+14
      460.936   4.1564699e+14
      460.957   4.1605148e+14
      460.978   4.1457613e+14
      460.999   4.1290012e+14
      461.021   4.1091944e+14
      461.042   4.0894327e+14
      461.063   4.0807917e+14
      461.084   4.0816088e+14
      461.106   4.0940893e+14
      461.127   4.1189152e+14
      461.148   4.1351537e+14
      461.170   4.1341478e+14
      461.191   4.1246363e+14
      461.212   4.1053778e+14
      461.233   4.0729087e+14
      461.255   4.0390641e+14
      461.276   4.0143666e+14
      461.297   3.9942470e+14
      461.318   3.9735381e+14
      461.340   3.9615639e+14
      461.361   3.9636808e+14
      461.382   3.9717420e+14
      461.404   3.9827487e+14
      461.425   3.9943524e+14
      461.446   3.9889360e+14
      461.467   3.9830264e+14
      461.489   3.9938467e+14
      461.510   4.0090137e+14
      461.531   4.0309618e+14
      461.553   4.0618997e+14
      461.574   4.0822996e+14
      461.595   4.0855607e+14
      461.617   4.0749470e+14
      461.638   4.0473876e+14
      461.659   4.0233109e+14
      461.681   4.0105324e+14
      461.702   3.9958867e+14
      461.723   3.9823568e+14
      461.744   3.9781856e+14
      461.766   3.9735316e+14
      461.787   3.9641672e+14
      461.808   3.9606391e+14
      461.830   3.9648335e+14
      461.851   3.9630678e+14
      461.872   3.9544782e+14
      461.894   3.9389784e+14
      461.915   3.9163024e+14
      461.936   3.8910269e+14
      461.958   3.8790291e+14
      461.979   3.8842157e+14
      462.000   3.9009873e+14
      462.022   3.9208802e+14
      462.043   3.9362337e+14
      462.065   3.9452454e+14
      462.086   3.9472697e+14
      462.107   3.9407600e+14
      462.129   3.9374272e+14
      462.150   3.9439842e+14
      462.171   3.9497841e+14
      462.193   3.9616443e+14
      462.214   3.9914230e+14
      462.235   4.0309369e+14
      462.257   4.0690610e+14
      462.278   4.1057944e+14
      462.299   4.1410320e+14
      462.321   4.1661133e+14
      462.342   4.1708444e+14
      462.364   4.1692486e+14
      462.385   4.1734307e+14
      462.406   4.1771190e+14
      462.428   4.1797370e+14
      462.449   4.1826294e+14
      462.471   4.1811657e+14
      462.492   4.1721755e+14
      462.513   4.1524954e+14
      462.535   4.1304891e+14
      462.556   4.1162164e+14
      462.577   4.1075051e+14
      462.599   4.0998286e+14
      462.620   4.1017495e+14
      462.642   4.1068704e+14
      462.663   4.1136530e+14
      462.684   4.1228867e+14
      462.706   4.1323213e+14
      462.727   4.1369602e+14
      462.749   4.1320554e+14
      462.770   4.1125507e+14
      462.792   4.0900915e+14
      462.813   4.0641045e+14
      462.834   4.0255766e+14
      462.856   3.9927721e+14
      462.877   3.9800003e+14
      462.899   3.9716080e+14
      462.920   3.9639647e+14
      462.942   3.9648633e+14
      462.963   3.9740761e+14
      462.984   3.9864255e+14
      463.006   4.0006571e+14
      463.027   4.0187847e+14
      463.049   4.0399823e+14
      463.070   4.0494067e+14
      463.092   4.0516352e+14
      463.113   4.0458523e+14
      463.134   4.0219703e+14
      463.156   3.9964591e+14
      463.177   3.9813378e+14
      463.199   3.9659954e+14
      463.220   3.9518413e+14
      463.242   3.9467830e+14
      463.263   3.9408992e+14
      463.285   3.9418304e+14
      463.306   3.9492014e+14
      463.328   3.9660142e+14
      463.349   4.0015735e+14
      463.371   4.0486513e+14
      463.392   4.0819535e+14
      463.414   4.0989841e+14
      463.435   4.0990584e+14
      463.456   4.0787394e+14
      463.478   4.0457373e+14
      463.499   4.0160536e+14
      463.521   3.9936251e+14
      463.542   3.9786258e+14
      463.564   3.9695317e+14
      463.585   3.9622368e+14
      463.607   3.9394396e+14
      463.628   3.9134361e+14
      463.650   3.8905591e+14
      463.671   3.8732871e+14
      463.693   3.8597700e+14
      463.714   3.8595109e+14
      463.736   3.8610867e+14
      463.757   3.8625786e+14
      463.779   3.8567685e+14
      463.800   3.8398903e+14
      463.822   3.8151554e+14
      463.843   3.7869081e+14
      463.865   3.7581710e+14
      463.886   3.7365830e+14
      463.908   3.7274531e+14
      463.929   3.7325578e+14
      463.951   3.7544462e+14
      463.973   3.7934754e+14
      463.994   3.8390704e+14
      464.016   3.8843914e+14
      464.037   3.9224712e+14
      464.059   3.9494387e+14
      464.080   3.9612011e+14
      464.102   3.9718677e+14
      464.123   3.9882993e+14
      464.145   4.0179412e+14
      464.166   4.0582266e+14
      464.188   4.0984288e+14
      464.209   4.1313482e+14
      464.231   4.1550761e+14
      464.253   4.1609715e+14
      464.274   4.1522255e+14
      464.296   4.1476793e+14
      464.317   4.1486130e+14
      464.339   4.1608737e+14
      464.360   4.1811892e+14
      464.382   4.2072133e+14
      464.403   4.2293051e+14
      464.425   4.2406755e+14
      464.447   4.2294411e+14
      464.468   4.2009279e+14
      464.490   4.1725544e+14
      464.511   4.1431977e+14
      464.533   4.1154866e+14
      464.554   4.0970683e+14
      464.576   4.0815350e+14
      464.598   4.0544653e+14
      464.619   4.0318092e+14
      464.641   4.0078246e+14
      464.662   3.9818461e+14
      464.684   3.9664002e+14
      464.706   3.9542521e+14
      464.727   3.9308426e+14
      464.749   3.9013937e+14
      464.770   3.8798496e+14
      464.792   3.8569001e+14
      464.814   3.8399571e+14
      464.835   3.8300245e+14
      464.857   3.8298654e+14
      464.878   3.8284398e+14
      464.900   3.8247704e+14
      464.922   3.8128395e+14
      464.943   3.7920285e+14
      464.965   3.7777106e+14
      464.987   3.7676842e+14
      465.008   3.7655737e+14
      465.030   3.7693891e+14
      465.051   3.7709813e+14
      465.073   3.7597397e+14
      465.095   3.7603307e+14
      465.116   3.7667324e+14
      465.138   3.7764475e+14
      465.160   3.7977135e+14
      465.181   3.8179403e+14
      465.203   3.8221051e+14
      465.224   3.8279010e+14
      465.246   3.8454512e+14
      465.268   3.8641878e+14
      465.289   3.8745706e+14
      465.311   3.8735638e+14
      465.333   3.8724614e+14
      465.354   3.8662679e+14
      465.376   3.8609059e+14
      465.398   3.8674430e+14
      465.419   3.8792815e+14
      465.441   3.8856682e+14
      465.463   3.8865335e+14
      465.484   3.8864716e+14
      465.506   3.8876245e+14
      465.528   3.8903823e+14
      465.549   3.8793893e+14
      465.571   3.8716165e+14
      465.593   3.8670340e+14
      465.614   3.8628428e+14
      465.636   3.8619868e+14
      465.658   3.8647824e+14
      465.679   3.8592514e+14
      465.701   3.8564260e+14
      465.723   3.8594506e+14
      465.745   3.8609657e+14
      465.766   3.8627565e+14
      465.788   3.8701804e+14
      465.810   3.8945299e+14
      465.831   3.9336939e+14
      465.853   3.9786677e+14
      465.875   4.0273014e+14
      465.896   4.0709173e+14
      465.918   4.0966832e+14
      465.940   4.1095759e+14
      465.962   4.1132685e+14
      465.983   4.1084933e+14
      466.005   4.1132571e+14
      466.027   4.1114589e+14
      466.048   4.1032187e+14
      466.070   4.1106050e+14
      466.092   4.1273515e+14
      466.114   4.1365015e+14
      466.135   4.1458705e+14
      466.157   4.1503329e+14
      466.179   4.1390590e+14
      466.200   4.1257438e+14
      466.222   4.1095085e+14
      466.244   4.0956842e+14
      466.266   4.0885601e+14
      466.287   4.0852340e+14
      466.309   4.0764229e+14
      466.331   4.0635319e+14
      466.353   4.0506958e+14
      466.374   4.0365449e+14
      466.396   4.0158149e+14
      466.418   3.9947377e+14
      466.440   3.9780053e+14
      466.461   3.9528116e+14
      466.483   3.9320904e+14
      466.505   3.9190492e+14
      466.527   3.9083836e+14
      466.548   3.9086279e+14
      466.570   3.9088642e+14
      466.592   3.8868496e+14
      466.614   3.8603093e+14
      466.636   3.8356055e+14
      466.657   3.7883657e+14
      466.679   3.7530539e+14
      466.701   3.7366974e+14
      466.723   3.7317659e+14
      466.744   3.7240243e+14
      466.766   3.7189575e+14
      466.788   3.7095173e+14
      466.810   3.7017832e+14
      466.832   3.6941435e+14
      466.853   3.6893894e+14
      466.875   3.6848173e+14
      466.897   3.6733779e+14
      466.919   3.6685163e+14
      466.941   3.6571894e+14
      466.962   3.6523164e+14
      466.984   3.6622063e+14
      467.006   3.6777077e+14
      467.028   3.6942344e+14
      467.050   3.7137943e+14
      467.071   3.7291068e+14
      467.093   3.7518174e+14
      467.115   3.7901718e+14
      467.137   3.8141353e+14
      467.159   3.8290031e+14
      467.181   3.8461377e+14
      467.202   3.8689658e+14
      467.224   3.8797695e+14
      467.246   3.8903241e+14
      467.268   3.9144525e+14
      467.290   3.9475303e+14
      467.312   3.9639460e+14
      467.333   3.9729230e+14
      467.355   3.9831778e+14
      467.377   3.9894776e+14
      467.399   3.9955659e+14
      467.421   4.0023281e+14
      467.443   4.0094357e+14
      467.464   4.0262348e+14
      467.486   4.0387614e+14
      467.508   4.0414930e+14
      467.530   4.0444737e+14
      467.552   4.0521812e+14
      467.574   4.0541843e+14
      467.596   4.0516520e+14
      467.617   4.0457108e+14
      467.639   4.0365118e+14
      467.661   4.0355545e+14
      467.683   4.0560033e+14
      467.705   4.0801240e+14
      467.727   4.0913527e+14
      467.749   4.1035239e+14
      467.771   4.1026465e+14
      467.792   4.0829245e+14
      467.814   4.0607683e+14
      467.836   4.0450873e+14
      467.858   4.0248496e+14
      467.880   4.0017065e+14
      467.902   3.9766585e+14
      467.924   3.9535687e+14
      467.946   3.9462811e+14
      467.968   3.9499715e+14
      467.990   3.9604117e+14
      468.011   3.9640948e+14
      468.033   3.9551910e+14
      468.055   3.9394589e+14
      468.077   3.9137441e+14
      468.099   3.8850069e+14
      468.121   3.8660764e+14
      468.143   3.8601083e+14
      468.165   3.8527161e+14
      468.187   3.8434001e+14
      468.209   3.8190581e+14
      468.231   3.8079688e+14
      468.252   3.7983904e+14
      468.274   3.7907621e+14
      468.296   3.7975842e+14
      468.318   3.8200699e+14
      468.340   3.8238535e+14
      468.362   3.8265213e+14
      468.384   3.8404668e+14
      468.406   3.8610344e+14
      468.428   3.8849341e+14
      468.450   3.9014442e+14
      468.472   3.9086393e+14
      468.494   3.9071156e+14
      468.516   3.8902100e+14
      468.538   3.8817156e+14
      468.560   3.8789771e+14
      468.582   3.8745627e+14
      468.604   3.8770227e+14
      468.626   3.8862607e+14
      468.647   3.8828004e+14
      468.669   3.8694695e+14
      468.691   3.8657090e+14
      468.713   3.8677830e+14
      468.735   3.8733626e+14
      468.757   3.8761315e+14
      468.779   3.8904956e+14
      468.801   3.9142036e+14
      468.823   3.9220600e+14
      468.845   3.9195722e+14
      468.867   3.9215342e+14
      468.889   3.9320120e+14
      468.911   3.9360174e+14
      468.933   3.9375758e+14
      468.955   3.9367831e+14
      468.977   3.9327148e+14
      468.999   3.9228258e+14
      469.021   3.9077189e+14
      469.043   3.8950007e+14
      469.065   3.8811824e+14
      469.087   3.8795057e+14
      469.109   3.8868504e+14
      469.131   3.8987068e+14
      469.153   3.9058601e+14
      469.175   3.9331029e+14
      469.197   3.9604636e+14
      469.219   3.9759513e+14
      469.241   3.9837658e+14
      469.263   3.9915997e+14
      469.285   3.9981043e+14
      469.307   4.0012158e+14
      469.329   4.0057538e+14
      469.351   4.0142080e+14
      469.373   4.0344280e+14
      469.395   4.0464332e+14
      469.417   4.0554886e+14
      469.439   4.0585457e+14
      469.462   4.0579079e+14
      469.484   4.0632224e+14
      469.506   4.0757919e+14
      469.528   4.0908897e+14
      469.550   4.1055067e+14
      469.572   4.1228266e+14
      469.594   4.1297088e+14
      469.616   4.1324235e+14
      469.638   4.1295986e+14
      469.660   4.1236282e+14
      469.682   4.1104577e+14
      469.704   4.0866501e+14
      469.726   4.0484406e+14
      469.748   4.0166937e+14
      469.770   3.9962368e+14
      469.792   3.9876903e+14
      469.814   3.9847224e+14
      469.837   3.9855859e+14
      469.859   3.9726345e+14
      469.881   3.9584274e+14
      469.903   3.9424610e+14
      469.925   3.9273621e+14
      469.947   3.9112570e+14
      469.969   3.9046920e+14
      469.991   3.8914436e+14
      470.013   3.8763967e+14
      470.035   3.8599773e+14
      470.057   3.8544130e+14
      470.079   3.8495618e+14
      470.102   3.8547464e+14
      470.124   3.8457220e+14
      470.146   3.8121395e+14
      470.168   3.7793460e+14
      470.190   3.7562493e+14
      470.212   3.7319519e+14
      470.234   3.7304366e+14
      470.256   3.7627810e+14
      470.278   3.7938138e+14
      470.301   3.8103623e+14
      470.323   3.8225356e+14
      470.345   3.8155545e+14
      470.367   3.8129794e+14
      470.389   3.8004677e+14
      470.411   3.7890184e+14
      470.433   3.7766781e+14
      470.455   3.7851213e+14
      470.478   3.7845637e+14
      470.500   3.7949807e+14
      470.522   3.8106591e+14
      470.544   3.8235538e+14
      470.566   3.8087553e+14
      470.588   3.7872054e+14
      470.610   3.7596573e+14
      470.633   3.7235274e+14
      470.655   3.7150654e+14
      470.677   3.7416552e+14
      470.699   3.7710145e+14
      470.721   3.7952296e+14
      470.743   3.8152683e+14
      470.765   3.8180122e+14
      470.788   3.8031946e+14
      470.810   3.7833751e+14
      470.832   3.7658565e+14
      470.854   3.7571027e+14
      470.876   3.7317044e+14
      470.898   3.7196964e+14
      470.921   3.7274955e+14
      470.943   3.7451590e+14
      470.965   3.7658055e+14
      470.987   3.7968684e+14
      471.009   3.8134071e+14
      471.032   3.8173420e+14
      471.054   3.8031659e+14
      471.076   3.8031616e+14
      471.098   3.8236815e+14
      471.120   3.8521035e+14
      471.143   3.8835762e+14
      471.165   3.9328786e+14
      471.187   3.9666159e+14
      471.209   3.9831970e+14
      471.231   3.9850407e+14
      471.254   3.9851102e+14
      471.276   3.9745571e+14
      471.298   3.9599749e+14
      471.320   3.9534687e+14
      471.342   3.9550594e+14
      471.365   3.9587313e+14
      471.387   3.9829706e+14
      471.409   4.0039374e+14
      471.431   4.0077585e+14
      471.453   4.0140418e+14
      471.476   4.0078731e+14
      471.498   3.9849722e+14
      471.520   3.9675343e+14
      471.542   3.9572660e+14
      471.565   3.9503769e+14
      471.587   3.9559993e+14
      471.609   3.9626304e+14
      471.631   3.9702894e+14
      471.654   3.9758245e+14
      471.676   3.9692171e+14
      471.698   3.9610195e+14
      471.720   3.9521043e+14
      471.743   3.9388138e+14
      471.765   3.9328051e+14
      471.787   3.9482398e+14
      471.809   3.9743600e+14
      471.832   4.0056296e+14
      471.854   4.0465709e+14
      471.876   4.0856350e+14
      471.898   4.1068207e+14
      471.921   4.1191532e+14
      471.943   4.1230801e+14
      471.965   4.1175811e+14
      471.988   4.1186265e+14
      472.010   4.1235046e+14
      472.032   4.1278989e+14
      472.054   4.1210790e+14
      472.077   4.1249957e+14
      472.099   4.1177106e+14
      472.121   4.1061746e+14
      472.144   4.0818976e+14
      472.166   4.0672352e+14
      472.188   4.0563752e+14
      472.210   4.0538393e+14
      472.233   4.0572693e+14
      472.255   4.0670569e+14
      472.277   4.0772337e+14
      472.300   4.0795587e+14
      472.322   4.0792358e+14
      472.344   4.0809125e+14
      472.367   4.0868680e+14
      472.389   4.0969124e+14
      472.411   4.1043560e+14
      472.434   4.0983726e+14
      472.456   4.0953711e+14
      472.478   4.1061550e+14
      472.500   4.1187073e+14
      472.523   4.1230351e+14
      472.545   4.1268311e+14
      472.567   4.1293255e+14
      472.590   4.1075524e+14
      472.612   4.0912462e+14
      472.634   4.0803182e+14
      472.657   4.0853456e+14
      472.679   4.0901305e+14
      472.701   4.0932653e+14
      472.724   4.0908533e+14
      472.746   4.0826618e+14
      472.769   4.0679312e+14
      472.791   4.0523937e+14
      472.813   4.0430927e+14
      472.836   4.0275420e+14
      472.858   4.0231934e+14
      472.880   4.0190196e+14
      472.903   4.0047485e+14
      472.925   3.9936155e+14
      472.947   3.9857277e+14
      472.970   3.9749712e+14
      472.992   3.9433103e+14
      473.015   3.9097422e+14
      473.037   3.8878985e+14
      473.059   3.8706204e+14
      473.082   3.8521063e+14
      473.104   3.8773841e+14
      473.126   3.9160810e+14
      473.149   3.9477525e+14
      473.171   3.9716788e+14
      473.194   3.9759768e+14
      473.216   3.9731855e+14
      473.238   3.9666015e+14
      473.261   3.9609022e+14
      473.283   3.9652487e+14
      473.306   3.9918203e+14
      473.328   4.0074127e+14
      473.350   4.0338236e+14
      473.373   4.0590418e+14
      473.395   4.0663320e+14
      473.418   4.0701324e+14
      473.440   4.0745831e+14
      473.462   4.0682737e+14
      473.485   4.0488168e+14
      473.507   4.0376203e+14
      473.530   4.0349183e+14
      473.552   4.0338795e+14
      473.575   4.0222426e+14
      473.597   4.0232465e+14
      473.619   4.0323305e+14
      473.642   4.0394011e+14
      473.664   4.0369021e+14
      473.687   4.0385800e+14
      473.709   4.0542877e+14
      473.732   4.0589065e+14
      473.754   4.0496501e+14
      473.776   4.0502084e+14
      473.799   4.0592111e+14
      473.821   4.0548610e+14
      473.844   4.0546316e+14
      473.866   4.0538660e+14
      473.889   4.0450448e+14
      473.911   4.0382583e+14
      473.934   4.0367798e+14
      473.956   4.0368898e+14
      473.979   4.0437714e+14
      474.001   4.0331439e+14
      474.024   4.0335948e+14
      474.046   4.0423179e+14
      474.068   4.0496978e+14
      474.091   4.0716295e+14
      474.113   4.1145075e+14
      474.136   4.1440871e+14
      474.158   4.1570691e+14
      474.181   4.1695365e+14
      474.203   4.1650721e+14
      474.226   4.1526616e+14
      474.248   4.1449581e+14
      474.271   4.1569796e+14
      474.293   4.1753688e+14
      474.316   4.2006741e+14
      474.338   4.2158103e+14
      474.361   4.2172277e+14
      474.383   4.2088232e+14
      474.406   4.1895627e+14
      474.428   4.1540393e+14
      474.451   4.1358654e+14
      474.473   4.1264203e+14
      474.496   4.1024095e+14
      474.518   4.1013126e+14
      474.541   4.1183732e+14
      474.563   4.1315618e+14
      474.586   4.1400794e+14
      474.608   4.1512604e+14
      474.631   4.1409052e+14
      474.654   4.1347453e+14
      474.676   4.1322825e+14
      474.699   4.1319009e+14
      474.721   4.1399219e+14
      474.744   4.1546506e+14
      474.766   4.1616198e+14
      474.789   4.1603010e+14
      474.811   4.1492672e+14
      474.834   4.1236163e+14
      474.856   4.1082232e+14
      474.879   4.0995968e+14
      474.901   4.1000992e+14
      474.924   4.1137200e+14
      474.947   4.1516218e+14
      474.969   4.1786569e+14
      474.992   4.1984184e+14
      475.014   4.2208426e+14
      475.037   4.2408547e+14
      475.059   4.2413179e+14
      475.082   4.2252612e+14
      475.105   4.2212016e+14
      475.127   4.2117753e+14
      475.150   4.2102935e+14
      475.172   4.2144105e+14
      475.195   4.2342932e+14
      475.217   4.2388612e+14
      475.240   4.2189664e+14
      475.263   4.1971140e+14
      475.285   4.1746435e+14
      475.308   4.1416031e+14
      475.330   4.1233883e+14
      475.353   4.1404964e+14
      475.376   4.1524444e+14
      475.398   4.1674724e+14
      475.421   4.1886924e+14
      475.443   4.1889184e+14
      475.466   4.1738212e+14
      475.489   4.1396122e+14
      475.511   4.1085767e+14
      475.534   4.0848644e+14
      475.556   4.0752843e+14
      475.579   4.0658887e+14
      475.602   4.0753139e+14
      475.624   4.0815802e+14
      475.647   4.0716561e+14
      475.669   4.0637739e+14
      475.692   4.0644148e+14
      475.715   4.0602992e+14
      475.737   4.0370910e+14
      475.760   4.0358709e+14
      475.783   4.0429498e+14
      475.805   4.0454391e+14
      475.828   4.0570221e+14
      475.851   4.0836805e+14
      475.873   4.1033821e+14
      475.896   4.1138931e+14
      475.919   4.1234658e+14
      475.941   4.1228266e+14
      475.964   4.1240576e+14
      475.986   4.1077323e+14
      476.009   4.1156019e+14
      476.032   4.1345988e+14
      476.054   4.1541350e+14
      476.077   4.1457699e+14
      476.100   4.1428113e+14
      476.122   4.1240904e+14
      476.145   4.0981291e+14
      476.168   4.0787484e+14
      476.190   4.0854542e+14
      476.213   4.0959130e+14
      476.236   4.0801345e+14
      476.259   4.0639225e+14
      476.281   4.0530888e+14
      476.304   4.0433022e+14
      476.327   4.0359057e+14
      476.349   4.0460027e+14
      476.372   4.0533665e+14
      476.395   4.0425379e+14
      476.417   4.0159765e+14
      476.440   3.9969698e+14
      476.463   3.9703924e+14
      476.485   3.9228215e+14
      476.508   3.8996494e+14
      476.531   3.8886330e+14
      476.554   3.8711824e+14
      476.576   3.8524261e+14
      476.599   3.8613325e+14
      476.622   3.8741819e+14
      476.644   3.8940457e+14
      476.667   3.8995420e+14
      476.690   3.9120233e+14
      476.713   3.9090064e+14
      476.735   3.8904605e+14
      476.758   3.8811052e+14
      476.781   3.8931366e+14
      476.803   3.9138728e+14
      476.826   3.9379367e+14
      476.849   3.9565482e+14
      476.872   3.9662309e+14
      476.894   3.9706646e+14
      476.917   3.9751679e+14
      476.940   3.9852655e+14
      476.963   3.9959732e+14
      476.985   4.0102643e+14
      477.008   4.0330000e+14
      477.031   4.0570347e+14
      477.054   4.0789115e+14
      477.076   4.1000154e+14
      477.099   4.1172426e+14
      477.122   4.1143820e+14
      477.145   4.1025452e+14
      477.168   4.0871732e+14
      477.190   4.0836922e+14
      477.213   4.0915143e+14
      477.236   4.1134403e+14
      477.259   4.1397294e+14
      477.281   4.1656591e+14
      477.304   4.1774546e+14
      477.327   4.1796836e+14
      477.350   4.1825420e+14
      477.373   4.1853020e+14
      477.395   4.1882690e+14
      477.418   4.1965715e+14
      477.441   4.2012579e+14
      477.464   4.1995973e+14
      477.487   4.1932010e+14
      477.509   4.1846711e+14
      477.532   4.1751087e+14
      477.555   4.1674708e+14
      477.578   4.1657301e+14
      477.601   4.1683134e+14
      477.623   4.1745249e+14
      477.646   4.1918537e+14
      477.669   4.2112096e+14
      477.692   4.2318651e+14
      477.715   4.2554522e+14
      477.737   4.2756895e+14
      477.760   4.2821533e+14
      477.783   4.2818722e+14
      477.806   4.2768509e+14
      477.829   4.2625074e+14
      477.852   4.2458800e+14
      477.874   4.2291244e+14
      477.897   4.2172352e+14
      477.920   4.2072330e+14
      477.943   4.2043112e+14
      477.966   4.2078430e+14
      477.989   4.2140896e+14
      478.011   4.2225705e+14
      478.034   4.2334823e+14
      478.057   4.2474845e+14
      478.080   4.2589482e+14
      478.103   4.2684064e+14
      478.126   4.2749734e+14
      478.149   4.2753993e+14
      478.171   4.2597957e+14
      478.194   4.2380974e+14
      478.217   4.2165939e+14
      478.240   4.1967817e+14
      478.263   4.1812192e+14
      478.286   4.1798105e+14
      478.309   4.1884812e+14
      478.332   4.1998895e+14
      478.354   4.2145985e+14
      478.377   4.2301049e+14
      478.400   4.2425408e+14
      478.423   4.2469243e+14
      478.446   4.2478216e+14
      478.469   4.2403689e+14
      478.492   4.2203105e+14
      478.515   4.1909536e+14
      478.538   4.1625976e+14
      478.560   4.1372443e+14
      478.583   4.1168417e+14
      478.606   4.1053809e+14
      478.629   4.0995930e+14
      478.652   4.0947312e+14
      478.675   4.0935525e+14
      478.698   4.1011622e+14
      478.721   4.1076494e+14
      478.744   4.1145306e+14
      478.767   4.1106925e+14
      478.790   4.0883087e+14
      478.813   4.0480665e+14
      478.835   4.0104334e+14
      478.858   3.9788755e+14
      478.881   3.9612709e+14
      478.904   3.9547235e+14
      478.927   3.9567113e+14
      478.950   3.9569841e+14
      478.973   3.9525251e+14
      478.996   3.9519303e+14
      479.019   3.9703865e+14
      479.042   4.0020769e+14
      479.065   4.0291560e+14
      479.088   4.0472649e+14
      479.111   4.0538780e+14
      479.134   4.0452857e+14
      479.157   4.0270478e+14
      479.180   4.0138765e+14
      479.203   4.0102519e+14
      479.226   4.0142407e+14
      479.249   4.0208142e+14
      479.272   4.0252978e+14
      479.294   4.0410182e+14
      479.317   4.0699884e+14
      479.340   4.1031050e+14
      479.363   4.1321801e+14
      479.386   4.1612379e+14
      479.409   4.1833130e+14
      479.432   4.1952068e+14
      479.455   4.2017524e+14
      479.478   4.2132135e+14
      479.501   4.2244008e+14
      479.524   4.2309290e+14
      479.547   4.2337275e+14
      479.570   4.2379876e+14
      479.593   4.2482688e+14
      479.616   4.2676337e+14
      479.639   4.2931405e+14
      479.662   4.3162806e+14
      479.685   4.3296876e+14
      479.708   4.3275158e+14
      479.731   4.3131195e+14
      479.754   4.2982076e+14
      479.777   4.2857834e+14
      479.800   4.2779002e+14
      479.823   4.2739676e+14
      479.846   4.2681772e+14
      479.869   4.2582773e+14
      479.892   4.2424693e+14
      479.916   4.2225990e+14
      479.939   4.1980361e+14
      479.962   4.1763344e+14
      479.985   4.1587602e+14
      480.008   4.1506107e+14
      480.031   4.1502657e+14
      480.054   4.1563038e+14
      480.077   4.1619869e+14
      480.100   4.1613065e+14
      480.123   4.1497153e+14
      480.146   4.1299595e+14
      480.169   4.1111113e+14
      480.192   4.0998121e+14
      480.215   4.0999783e+14
      480.238   4.1172856e+14
      480.261   4.1432937e+14
      480.284   4.1623242e+14
      480.307   4.1780951e+14
      480.330   4.1871827e+14
      480.354   4.1868088e+14
      480.377   4.1844479e+14
      480.400   4.1905907e+14
      480.423   4.1994046e+14
      480.446   4.2098604e+14
      480.469   4.2288429e+14
      480.492   4.2494693e+14
      480.515   4.2622053e+14
      480.538   4.2621016e+14
      480.561   4.2547777e+14
      480.584   4.2401923e+14
      480.607   4.2192527e+14
      480.631   4.2024570e+14
      480.654   4.2009456e+14
      480.677   4.2036299e+14
      480.700   4.2072247e+14
      480.723   4.2140457e+14
      480.746   4.2134258e+14
      480.769   4.2029881e+14
      480.792   4.1961916e+14
      480.815   4.1891175e+14
      480.839   4.1815760e+14
      480.862   4.1852507e+14
      480.885   4.1897763e+14
      480.908   4.1870758e+14
      480.931   4.1872061e+14
      480.954   4.1912374e+14
      480.977   4.1884371e+14
      481.000   4.1873005e+14
      481.024   4.1833667e+14
      481.047   4.1739553e+14
      481.070   4.1654548e+14
      481.093   4.1575263e+14
      481.116   4.1530058e+14
      481.139   4.1572198e+14
      481.162   4.1639705e+14
      481.186   4.1679573e+14
      481.209   4.1694198e+14
      481.232   4.1670570e+14
      481.255   4.1648921e+14
      481.278   4.1597350e+14
      481.301   4.1486715e+14
      481.325   4.1417599e+14
      481.348   4.1389388e+14
      481.371   4.1318368e+14
      481.394   4.1322459e+14
      481.417   4.1488313e+14
      481.440   4.1658345e+14
      481.464   4.1796778e+14
      481.487   4.1981919e+14
      481.510   4.2108589e+14
      481.533   4.2151592e+14
      481.556   4.2243381e+14
      481.580   4.2356698e+14
      481.603   4.2392979e+14
      481.626   4.2353506e+14
      481.649   4.2261657e+14
      481.672   4.2114061e+14
      481.696   4.1985201e+14
      481.719   4.1969494e+14
      481.742   4.2062705e+14
      481.765   4.2184696e+14
      481.788   4.2341014e+14
      481.812   4.2528218e+14
      481.835   4.2691722e+14
      481.858   4.2850483e+14
      481.881   4.2999933e+14
      481.904   4.3078545e+14
      481.928   4.3026481e+14
      481.951   4.2873065e+14
      481.974   4.2694038e+14
      481.997   4.2535027e+14
      482.021   4.2392584e+14
      482.044   4.2288542e+14
      482.067   4.2237891e+14
      482.090   4.2195378e+14
      482.114   4.2204191e+14
      482.137   4.2323317e+14
      482.160   4.2495273e+14
      482.183   4.2575101e+14
      482.207   4.2563280e+14
      482.230   4.2468932e+14
      482.253   4.2188242e+14
      482.276   4.1837011e+14
      482.300   4.1617349e+14
      482.323   4.1488752e+14
      482.346   4.1374045e+14
      482.369   4.1330853e+14
      482.393   4.1334656e+14
      482.416   4.1333381e+14
      482.439   4.1374645e+14
      482.462   4.1485263e+14
      482.486   4.1588642e+14
      482.509   4.1636877e+14
      482.532   4.1673793e+14
      482.556   4.1679397e+14
      482.579   4.1630431e+14
      482.602   4.1593988e+14
      482.625   4.1604859e+14
      482.649   4.1594357e+14
      482.672   4.1574405e+14
      482.695   4.1685702e+14
      482.719   4.1893747e+14
      482.742   4.2022567e+14
      482.765   4.2127537e+14
      482.789   4.2272392e+14
      482.812   4.2325275e+14
      482.835   4.2283078e+14
      482.859   4.2292501e+14
      482.882   4.2323308e+14
      482.905   4.2310943e+14
      482.928   4.2269141e+14
      482.952   4.2146046e+14
      482.975   4.1933102e+14
      482.998   4.1756342e+14
      483.022   4.1631483e+14
      483.045   4.1521856e+14
      483.068   4.1472913e+14
      483.092   4.1480835e+14
      483.115   4.1414769e+14
      483.138   4.1274237e+14
      483.162   4.1103754e+14
      483.185   4.0946647e+14
      483.208   4.0832338e+14
      483.232   4.0776081e+14
      483.255   4.0808115e+14
      483.279   4.0935689e+14
      483.302   4.1101989e+14
      483.325   4.1280469e+14
      483.349   4.1462888e+14
      483.372   4.1594995e+14
      483.395   4.1642634e+14
      483.419   4.1606938e+14
      483.442   4.1473449e+14
      483.465   4.1370237e+14
      483.489   4.1346865e+14
      483.512   4.1360825e+14
      483.536   4.1439303e+14
      483.559   4.1619724e+14
      483.582   4.1763488e+14
      483.606   4.1871127e+14
      483.629   4.2006154e+14
      483.653   4.2153505e+14
      483.676   4.2248091e+14
      483.699   4.2241789e+14
      483.723   4.2166593e+14
      483.746   4.2052567e+14
      483.770   4.1880400e+14
      483.793   4.1689537e+14
      483.816   4.1553103e+14
      483.840   4.1427352e+14
      483.863   4.1190907e+14
      483.887   4.0900088e+14
      483.910   4.0627446e+14
      483.933   4.0386899e+14
      483.957   4.0238455e+14
      483.980   4.0216027e+14
      484.004   4.0249807e+14
      484.027   4.0316013e+14
      484.051   4.0417885e+14
      484.074   4.0441787e+14
      484.097   4.0395984e+14
      484.121   4.0305184e+14
      484.144   4.0131951e+14
      484.168   3.9840990e+14
      484.191   3.9577416e+14
      484.215   3.9458153e+14
      484.238   3.9429645e+14
      484.262   3.9420241e+14
      484.285   3.9490230e+14
      484.308   3.9596396e+14
      484.332   3.9683712e+14
      484.355   3.9799307e+14
      484.379   4.0085315e+14
      484.402   4.0419615e+14
      484.426   4.0715703e+14
      484.449   4.1007327e+14
      484.473   4.1260919e+14
      484.496   4.1405860e+14
      484.520   4.1579942e+14
      484.543   4.1784927e+14
      484.567   4.1891267e+14
      484.590   4.1900299e+14
      484.613   4.1827528e+14
      484.637   4.1633865e+14
      484.660   4.1416034e+14
      484.684   4.1251918e+14
      484.707   4.1221886e+14
      484.731   4.1234614e+14
      484.754   4.1259002e+14
      484.778   4.1272927e+14
      484.801   4.1274503e+14
      484.825   4.1242400e+14
      484.849   4.1232710e+14
      484.872   4.1187450e+14
      484.896   4.1081051e+14
      484.919   4.0948688e+14
      484.943   4.0838852e+14
      484.966   4.0727079e+14
      484.990   4.0600392e+14
      485.013   4.0447100e+14
      485.037   4.0264854e+14
      485.060   4.0029975e+14
      485.084   3.9787181e+14
      485.107   3.9608522e+14
      485.131   3.9597245e+14
      485.154   3.9664574e+14
      485.178   3.9832827e+14
      485.201   4.0083926e+14
      485.225   4.0312550e+14
      485.248   4.0415819e+14
      485.272   4.0496192e+14
      485.296   4.0490776e+14
      485.319   4.0392431e+14
      485.343   4.0235859e+14
      485.366   4.0054492e+14
      485.390   3.9692364e+14
      485.413   3.9276722e+14
      485.437   3.8891027e+14
      485.460   3.8525808e+14
      485.484   3.8202768e+14
      485.508   3.8089275e+14
      485.531   3.8089983e+14
      485.555   3.8117884e+14
      485.578   3.8159521e+14
      485.602   3.8209698e+14
      485.625   3.8221043e+14
      485.649   3.8146026e+14
      485.673   3.8050334e+14
      485.696   3.7960523e+14
      485.720   3.7817437e+14
      485.743   3.7614193e+14
      485.767   3.7387147e+14
      485.791   3.7121526e+14
      485.814   3.6705795e+14
      485.838   3.6266010e+14
      485.861   3.5797946e+14
      485.885   3.5356632e+14
      485.909   3.5017061e+14
      485.932   3.4748032e+14
      485.956   3.4348112e+14
      485.979   3.3806826e+14
      486.003   3.3123544e+14
      486.027   3.2314007e+14
      486.050   3.1533979e+14
      486.074   3.0869070e+14
      486.098   3.0340889e+14
      486.121   2.9939142e+14
      486.145   2.9614190e+14
      486.169   2.9357128e+14
      486.192   2.9132294e+14
      486.216   2.8877971e+14
      486.239   2.8630756e+14
      486.263   2.8415558e+14
      486.287   2.8171377e+14
      486.310   2.8071843e+14
      486.334   2.8222125e+14
      486.358   2.8563463e+14
      486.381   2.8984203e+14
      486.405   2.9511486e+14
      486.429   3.0027391e+14
      486.452   3.0467841e+14
      486.476   3.0899396e+14
      486.500   3.1579476e+14
      486.523   3.2412265e+14
      486.547   3.3287930e+14
      486.571   3.4215647e+14
      486.594   3.5096706e+14
      486.618   3.5722602e+14
      486.642   3.6167848e+14
      486.665   3.6519649e+14
      486.689   3.6744999e+14
      486.713   3.6974601e+14
      486.736   3.7240567e+14
      486.760   3.7508705e+14
      486.784   3.7835070e+14
      486.808   3.8216867e+14
      486.831   3.8525085e+14
      486.855   3.8719078e+14
      486.879   3.8904026e+14
      486.902   3.8995016e+14
      486.926   3.8963453e+14
      486.950   3.8779386e+14
      486.973   3.8542380e+14
      486.997   3.8313924e+14
      487.021   3.8040030e+14
      487.045   3.7683320e+14
      487.068   3.7337319e+14
      487.092   3.7122677e+14
      487.116   3.6901391e+14
      487.140   3.6776215e+14
      487.163   3.6828160e+14
      487.187   3.6997141e+14
      487.211   3.7128040e+14
      487.234   3.7189042e+14
      487.258   3.7166214e+14
      487.282   3.7172802e+14
      487.306   3.7197318e+14
      487.329   3.7152349e+14
      487.353   3.7181901e+14
      487.377   3.7250938e+14
      487.401   3.7174323e+14
      487.424   3.7081409e+14
      487.448   3.6947988e+14
      487.472   3.6818600e+14
      487.496   3.6824383e+14
      487.520   3.7023949e+14
      487.543   3.7299678e+14
      487.567   3.7914590e+14
      487.591   3.8623961e+14
      487.615   3.9156666e+14
      487.638   3.9493386e+14
      487.662   3.9516856e+14
      487.686   3.9324196e+14
      487.710   3.9072128e+14
      487.734   3.8880288e+14
      487.757   3.8882842e+14
      487.781   3.9181447e+14
      487.805   3.9441379e+14
      487.829   3.9642488e+14
      487.852   3.9874025e+14
      487.876   4.0016920e+14
      487.900   4.0109863e+14
      487.924   4.0263623e+14
      487.948   4.0479012e+14
      487.972   4.0697008e+14
      487.995   4.0905355e+14
      488.019   4.1011569e+14
      488.043   4.1028570e+14
      488.067   4.0880033e+14
      488.091   4.0693236e+14
      488.114   4.0538486e+14
      488.138   4.0445338e+14
      488.162   4.0531212e+14
      488.186   4.0829527e+14
      488.210   4.1124818e+14
      488.234   4.1419694e+14
      488.257   4.1762108e+14
      488.281   4.1936957e+14
      488.305   4.1931995e+14
      488.329   4.1880918e+14
      488.353   4.1723528e+14
      488.377   4.1487217e+14
      488.400   4.1229989e+14
      488.424   4.1086304e+14
      488.448   4.0906586e+14
      488.472   4.0653385e+14
      488.496   4.0430586e+14
      488.520   4.0347521e+14
      488.544   4.0146480e+14
      488.568   4.0052141e+14
      488.591   4.0179893e+14
      488.615   4.0327150e+14
      488.639   4.0378573e+14
      488.663   4.0468447e+14
      488.687   4.0450613e+14
      488.711   4.0301724e+14
      488.735   4.0118009e+14
      488.759   3.9753527e+14
      488.782   3.9403370e+14
      488.806   3.9168947e+14
      488.830   3.9006195e+14
      488.854   3.8951945e+14
      488.878   3.9031556e+14
      488.902   3.9024812e+14
      488.926   3.8772289e+14
      488.950   3.8462813e+14
      488.974   3.7980440e+14
      488.998   3.7343896e+14
      489.021   3.6793885e+14
      489.045   3.6534187e+14
      489.069   3.6455439e+14
      489.093   3.6557267e+14
      489.117   3.6848365e+14
      489.141   3.7047885e+14
      489.165   3.7112308e+14
      489.189   3.6910337e+14
      489.213   3.6628591e+14
      489.237   3.6366552e+14
      489.261   3.6384230e+14
      489.285   3.6548539e+14
      489.309   3.6871183e+14
      489.333   3.7227498e+14
      489.356   3.7533409e+14
      489.380   3.7569082e+14
      489.404   3.7484890e+14
      489.428   3.7629167e+14
      489.452   3.7886078e+14
      489.476   3.8169625e+14
      489.500   3.8749013e+14
      489.524   3.9594070e+14
      489.548   4.0260457e+14
      489.572   4.0840051e+14
      489.596   4.1433621e+14
      489.620   4.1768243e+14
      489.644   4.1930953e+14
      489.668   4.2050346e+14
      489.692   4.2179423e+14
      489.716   4.2399242e+14
      489.740   4.2736623e+14
      489.764   4.3014769e+14
      489.788   4.3286279e+14
      489.812   4.3534636e+14
      489.836   4.3537999e+14
      489.860   4.3369935e+14
      489.884   4.3262568e+14
      489.908   4.3167695e+14
      489.932   4.3044167e+14
      489.956   4.3043266e+14
      489.980   4.3116405e+14
      490.004   4.3164121e+14
      490.028   4.3218304e+14
      490.052   4.3301950e+14
      490.076   4.3360582e+14
      490.100   4.3379072e+14
      490.124   4.3292021e+14
      490.148   4.3087715e+14
      490.172   4.2718906e+14
      490.196   4.2405763e+14
      490.220   4.2177357e+14
      490.244   4.1988485e+14
      490.268   4.1825031e+14
      490.292   4.1699908e+14
      490.316   4.1558023e+14
      490.340   4.1418743e+14
      490.364   4.1371720e+14
      490.388   4.1473092e+14
      490.412   4.1713401e+14
      490.436   4.1988062e+14
      490.461   4.2264470e+14
      490.485   4.2474761e+14
      490.509   4.2605307e+14
      490.533   4.2727183e+14
      490.557   4.2787466e+14
      490.581   4.2806537e+14
      490.605   4.2748251e+14
      490.629   4.2583485e+14
      490.653   4.2307587e+14
      490.677   4.2257338e+14
      490.701   4.2305486e+14
      490.725   4.2466995e+14
      490.749   4.2691170e+14
      490.773   4.2908095e+14
      490.798   4.2978416e+14
      490.822   4.2939095e+14
      490.846   4.2635808e+14
      490.870   4.2329052e+14
      490.894   4.2039036e+14
      490.918   4.1685320e+14
      490.942   4.1322858e+14
      490.966   4.1065498e+14
      490.990   4.0815990e+14
      491.014   4.0589936e+14
      491.039   4.0237080e+14
      491.063   3.9813155e+14
      491.087   3.9378479e+14
      491.111   3.8934266e+14
      491.135   3.8659494e+14
      491.159   3.8679364e+14
      491.183   3.8764159e+14
      491.207   3.8908620e+14
      491.232   3.9085730e+14
      491.256   3.9152142e+14
      491.280   3.9100423e+14
      491.304   3.9144592e+14
      491.328   3.9192201e+14
      491.352   3.9284925e+14
      491.376   3.9542342e+14
      491.400   3.9934716e+14
      491.425   4.0325772e+14
      491.449   4.0784377e+14
      491.473   4.1296028e+14
      491.497   4.1720101e+14
      491.521   4.1975033e+14
      491.545   4.2186070e+14
      491.570   4.2331624e+14
      491.594   4.2495742e+14
      491.618   4.2554631e+14
      491.642   4.2539238e+14
      491.666   4.2359293e+14
      491.690   4.2069020e+14
      491.715   4.1603094e+14
      491.739   4.1005484e+14
      491.763   4.0475041e+14
      491.787   4.0110354e+14
      491.811   3.9852329e+14
      491.836   3.9563376e+14
      491.860   3.9351473e+14
      491.884   3.8840302e+14
      491.908   3.8078420e+14
      491.932   3.7431292e+14
      491.957   3.6928546e+14
      491.981   3.6500433e+14
      492.005   3.6315503e+14
      492.029   3.6256528e+14
      492.053   3.6041400e+14
      492.078   3.5768589e+14
      492.102   3.5509266e+14
      492.126   3.5387259e+14
      492.150   3.5442273e+14
      492.174   3.5653473e+14
      492.199   3.5935445e+14
      492.223   3.6096237e+14
      492.247   3.6207000e+14
      492.271   3.6506996e+14
      492.296   3.6772834e+14
      492.320   3.6829742e+14
      492.344   3.6986952e+14
      492.368   3.6932223e+14
      492.393   3.6750088e+14
      492.417   3.6861512e+14
      492.441   3.7323127e+14
      492.465   3.7857534e+14
      492.490   3.8564913e+14
      492.514   3.9084409e+14
      492.538   3.9295660e+14
      492.562   3.9286200e+14
      492.587   3.9241734e+14
      492.611   3.9286597e+14
      492.635   3.9390453e+14
      492.659   3.9439985e+14
      492.684   3.9455118e+14
      492.708   3.9438368e+14
      492.732   3.9343553e+14
      492.757   3.9424780e+14
      492.781   3.9588884e+14
      492.805   3.9768208e+14
      492.829   4.0065559e+14
      492.854   4.0225510e+14
      492.878   4.0235137e+14
      492.902   4.0447365e+14
      492.927   4.0757223e+14
      492.951   4.0948394e+14
      492.975   4.1259650e+14
      492.999   4.1554087e+14
      493.024   4.1670897e+14
      493.048   4.1727811e+14
      493.072   4.1764440e+14
      493.097   4.1879904e+14
      493.121   4.2001559e+14
      493.145   4.2036591e+14
      493.170   4.1908798e+14
      493.194   4.1840131e+14
      493.218   4.1654757e+14
      493.243   4.1211926e+14
      493.267   4.0841796e+14
      493.291   4.0720066e+14
      493.316   4.0584019e+14
      493.340   4.0426528e+14
      493.364   4.0528884e+14
      493.389   4.0785052e+14
      493.413   4.0913429e+14
      493.437   4.0875724e+14
      493.462   4.0928686e+14
      493.486   4.0903568e+14
      493.510   4.0704599e+14
      493.535   4.0494941e+14
      493.559   4.0376154e+14
      493.583   4.0123082e+14
      493.608   3.9971042e+14
      493.632   3.9809128e+14
      493.657   3.9539825e+14
      493.681   3.9436377e+14
      493.705   3.9444069e+14
      493.730   3.9137506e+14
      493.754   3.9080145e+14
      493.778   3.9281089e+14
      493.803   3.9259405e+14
      493.827   3.9147569e+14
      493.852   3.9344992e+14
      493.876   3.9270964e+14
      493.900   3.9117637e+14
      493.925   3.8991836e+14
      493.949   3.9126379e+14
      493.974   3.9268961e+14
      493.998   3.9535705e+14
      494.022   3.9823435e+14
      494.047   4.0134675e+14
      494.071   4.0217669e+14
      494.096   4.0199074e+14
      494.120   4.0202952e+14
      494.144   4.0151900e+14
      494.169   4.0186192e+14
      494.193   4.0329224e+14
      494.218   4.0487636e+14
      494.242   4.0769070e+14
      494.267   4.1173747e+14
      494.291   4.1495950e+14
      494.315   4.1865616e+14
      494.340   4.2458900e+14
      494.364   4.2848614e+14
      494.389   4.3084602e+14
      494.413   4.3229518e+14
      494.438   4.3235525e+14
      494.462   4.3008519e+14
      494.486   4.2620435e+14
      494.511   4.2359259e+14
      494.535   4.2187139e+14
      494.560   4.2024056e+14
      494.584   4.1827250e+14
      494.609   4.1919309e+14
      494.633   4.2055887e+14
      494.658   4.2156734e+14
      494.682   4.2276638e+14
      494.707   4.2478954e+14
      494.731   4.2556110e+14
      494.756   4.2545368e+14
      494.780   4.2477459e+14
      494.805   4.2285360e+14
      494.829   4.2088850e+14
      494.854   4.1741415e+14
      494.878   4.1369574e+14
      494.902   4.1107344e+14
      494.927   4.1062665e+14
      494.951   4.1126114e+14
      494.976   4.1305264e+14
      495.000   4.1675550e+14
      495.025   4.2048465e+14
      495.049   4.2322242e+14
      495.074   4.2488482e+14
      495.099   4.2604164e+14
      495.123   4.2589261e+14
      495.148   4.2476562e+14
      495.172   4.2262400e+14
      495.197   4.2114997e+14
      495.221   4.2074373e+14
      495.246   4.1969168e+14
      495.270   4.1875480e+14
      495.295   4.1815958e+14
      495.319   4.1749593e+14
      495.344   4.1692290e+14
      495.368   4.1807709e+14
      495.393   4.1997493e+14
      495.417   4.2239648e+14
      495.442   4.2466004e+14
      495.466   4.2666784e+14
      495.491   4.2695026e+14
      495.516   4.2649384e+14
      495.540   4.2491997e+14
      495.565   4.1970144e+14
      495.589   4.1130313e+14
      495.614   4.0164335e+14
      495.638   3.9290433e+14
      495.663   3.8544123e+14
      495.688   3.8291824e+14
      495.712   3.8423070e+14
      495.737   3.8688770e+14
      495.761   3.8880698e+14
      495.786   3.9061298e+14
      495.810   3.9098051e+14
      495.835   3.9167781e+14
      495.860   3.9260384e+14
      495.884   3.9348020e+14
      495.909   3.9440857e+14
      495.933   3.9577740e+14
      495.958   3.9647307e+14
      495.983   3.9699107e+14
      496.007   3.9738361e+14
      496.032   3.9667788e+14
      496.056   3.9518442e+14
      496.081   3.9477677e+14
      496.106   3.9602028e+14
      496.130   4.0175497e+14
      496.155   4.1052824e+14
      496.179   4.2060758e+14
      496.204   4.2972413e+14
      496.229   4.3734133e+14
      496.253   4.4053879e+14
      496.278   4.4202236e+14
      496.303   4.4262088e+14
      496.327   4.4176681e+14
      496.352   4.4026550e+14
      496.376   4.3894713e+14
      496.401   4.3661522e+14
      496.426   4.3336287e+14
      496.450   4.2912359e+14
      496.475   4.2625495e+14
      496.500   4.2342698e+14
      496.524   4.2100885e+14
      496.549   4.2011536e+14
      496.574   4.1989472e+14
      496.598   4.1857663e+14
      496.623   4.1703426e+14
      496.648   4.1618536e+14
      496.672   4.1364738e+14
      496.697   4.1168911e+14
      496.722   4.0911065e+14
      496.746   4.0701397e+14
      496.771   4.0491177e+14
      496.796   4.0381832e+14
      496.820   4.0193593e+14
      496.845   4.0077263e+14
      496.870   4.0032356e+14
      496.894   3.9785108e+14
      496.919   3.9627794e+14
      496.944   3.9682967e+14
      496.968   4.0014456e+14
      496.993   4.0230183e+14
      497.018   4.0577316e+14
      497.043   4.0857331e+14
      497.067   4.0998876e+14
      497.092   4.1038512e+14
      497.117   4.1031256e+14
      497.141   4.1041142e+14
      497.166   4.1046172e+14
      497.191   4.1286944e+14
      497.216   4.1457272e+14
      497.240   4.1822751e+14
      497.265   4.2235436e+14
      497.290   4.2643022e+14
      497.315   4.2880006e+14
      497.339   4.3079654e+14
      497.364   4.3204815e+14
      497.389   4.3183709e+14
      497.413   4.3378678e+14
      497.438   4.3674735e+14
      497.463   4.3803421e+14
      497.488   4.3835193e+14
      497.512   4.3965879e+14
      497.537   4.3867738e+14
      497.562   4.3757503e+14
      497.587   4.3782721e+14
      497.611   4.3741475e+14
      497.636   4.3667288e+14
      497.661   4.3640042e+14
      497.686   4.3549652e+14
      497.711   4.3213091e+14
      497.735   4.3018282e+14
      497.760   4.2910649e+14
      497.785   4.2767951e+14
      497.810   4.2599614e+14
      497.834   4.2589062e+14
      497.859   4.2205436e+14
      497.884   4.1676005e+14
      497.909   4.1326149e+14
      497.934   4.1050903e+14
      497.958   4.0782543e+14
      497.983   4.0858925e+14
      498.008   4.0842418e+14
      498.033   4.0669646e+14
      498.058   4.0535415e+14
      498.082   4.0266984e+14
      498.107   3.9791656e+14
      498.132   3.9507448e+14
      498.157   3.9067539e+14
      498.182   3.8501657e+14
      498.206   3.8063050e+14
      498.231   3.7788376e+14
      498.256   3.7527011e+14
      498.281   3.7473034e+14
      498.306   3.7472803e+14
      498.331   3.7436257e+14
      498.355   3.7153243e+14
      498.380   3.6920734e+14
      498.405   3.6732122e+14
      498.430   3.6583096e+14
      498.455   3.6453758e+14
      498.480   3.6590365e+14
      498.504   3.6598252e+14
      498.529   3.6557352e+14
      498.554   3.6572891e+14
      498.579   3.6636862e+14
      498.604   3.6770831e+14
      498.629   3.7121764e+14
      498.654   3.7497765e+14
      498.678   3.7918695e+14
      498.703   3.8447890e+14
      498.728   3.8705736e+14
      498.753   3.9031969e+14
      498.778   3.9560243e+14
      498.803   4.0020392e+14
      498.828   4.0336440e+14
      498.853   4.0841205e+14
      498.878   4.1151768e+14
      498.902   4.1328612e+14
      498.927   4.1540442e+14
      498.952   4.1546930e+14
      498.977   4.1641109e+14
      499.002   4.1806149e+14
      499.027   4.1677306e+14
      499.052   4.1611506e+14
      499.077   4.1827296e+14
      499.102   4.1940197e+14
      499.127   4.1868238e+14
      499.151   4.1970604e+14
      499.176   4.1791821e+14
      499.201   4.1535987e+14
      499.226   4.1216444e+14
      499.251   4.0872022e+14
      499.276   4.0672411e+14
      499.301   4.0634696e+14
      499.326   4.0657184e+14
      499.351   4.0742956e+14
      499.376   4.0869427e+14
      499.401   4.0887396e+14
      499.426   4.0852354e+14
      499.451   4.0714349e+14
      499.476   4.0812470e+14
      499.501   4.1218069e+14
      499.525   4.1431660e+14
      499.550   4.1680070e+14
      499.575   4.2100130e+14
      499.600   4.2342210e+14
      499.625   4.2310913e+14
      499.650   4.2349094e+14
      499.675   4.2279348e+14
      499.700   4.2220282e+14
      499.725   4.2235440e+14
      499.750   4.2117980e+14
      499.775   4.2146703e+14
      499.800   4.2213669e+14
      499.825   4.2243014e+14
      499.850   4.1844024e+14
      499.875   4.1882608e+14
      499.900   4.1419620e+14
      499.925   4.0989297e+14
      499.950   4.0580947e+14
      499.975   4.0324557e+14
      500.000   4.0183944e+14
      500.025   3.9773050e+14
      500.050   3.9380636e+14
      500.075   3.9119636e+14
      500.100   3.8783326e+14
      500.125   3.8121958e+14
      500.150   3.7894621e+14
      500.175   3.7745034e+14
      500.200   3.7606544e+14
      500.225   3.7597460e+14
      500.250   3.7624588e+14
      500.275   3.7648838e+14
      500.300   3.7704158e+14
      500.325   3.7804760e+14
      500.350   3.7903307e+14
      500.375   3.8253345e+14
      500.400   3.8641685e+14
      500.425   3.8785552e+14
      500.450   3.8635113e+14
      500.475   3.8451317e+14
      500.500   3.8122600e+14
      500.526   3.7843314e+14
      500.551   3.7777830e+14
      500.576   3.7778835e+14
      500.601   3.7748136e+14
      500.626   3.7751197e+14
      500.651   3.7777519e+14
      500.676   3.7745167e+14
      500.701   3.7836146e+14
      500.726   3.7987254e+14
      500.751   3.8142905e+14
      500.776   3.8313798e+14
      500.801   3.8504683e+14
      500.826   3.8673135e+14
      500.851   3.8794237e+14
      500.877   3.8879364e+14
      500.902   3.8880200e+14
      500.927   3.8915639e+14
      500.952   3.9120796e+14
      500.977   3.9590249e+14
      501.002   4.0101021e+14
      501.027   4.0525496e+14
      501.052   4.0682824e+14
      501.077   4.0666696e+14
      501.102   4.0504895e+14
      501.128   4.0362341e+14
      501.153   4.0355257e+14
      501.178   4.0478006e+14
      501.203   4.0529251e+14
      501.228   4.0454359e+14
      501.253   4.0154379e+14
      501.278   3.9670695e+14
      501.303   3.9209831e+14
      501.329   3.8736428e+14
      501.354   3.8288016e+14
      501.379   3.8051301e+14
      501.404   3.7946733e+14
      501.429   3.7881127e+14
      501.454   3.7902126e+14
      501.479   3.7901062e+14
      501.505   3.7831612e+14
      501.530   3.7744527e+14
      501.555   3.7738501e+14
      501.580   3.7932376e+14
      501.605   3.8225304e+14
      501.630   3.8552716e+14
      501.655   3.8779073e+14
      501.681   3.8710480e+14
      501.706   3.8466162e+14
      501.731   3.8242246e+14
      501.756   3.8017266e+14
      501.781   3.8021569e+14
      501.806   3.8238482e+14
      501.832   3.8405149e+14
      501.857   3.8605396e+14
      501.882   3.8801535e+14
      501.907   3.8830258e+14
      501.932   3.8818510e+14
      501.958   3.8878922e+14
      501.983   3.8902488e+14
      502.008   3.8845098e+14
      502.033   3.8697242e+14
      502.058   3.8428325e+14
      502.084   3.8110518e+14
      502.109   3.7777275e+14
      502.134   3.7520639e+14
      502.159   3.7352610e+14
      502.185   3.7421227e+14
      502.210   3.7732754e+14
      502.235   3.8056918e+14
      502.260   3.8390641e+14
      502.285   3.8748790e+14
      502.311   3.8963437e+14
      502.336   3.8976897e+14
      502.361   3.8964106e+14
      502.386   3.8906456e+14
      502.412   3.8856341e+14
      502.437   3.8849742e+14
      502.462   3.8830942e+14
      502.487   3.8770990e+14
      502.513   3.8777303e+14
      502.538   3.8821777e+14
      502.563   3.8856536e+14
      502.588   3.8970308e+14
      502.614   3.9022971e+14
      502.639   3.8981213e+14
      502.664   3.8970066e+14
      502.689   3.9064220e+14
      502.715   3.9143380e+14
      502.740   3.9288664e+14
      502.765   3.9451975e+14
      502.790   3.9480578e+14
      502.816   3.9412028e+14
      502.841   3.9344813e+14
      502.866   3.9345892e+14
      502.892   3.9453050e+14
      502.917   3.9648720e+14
      502.942   3.9771131e+14
      502.968   3.9796352e+14
      502.993   3.9743839e+14
      503.018   3.9596407e+14
      503.043   3.9444219e+14
      503.069   3.9523806e+14
      503.094   3.9790531e+14
      503.119   4.0106369e+14
      503.145   4.0562935e+14
      503.170   4.1124893e+14
      503.195   4.1508154e+14
      503.221   4.1708626e+14
      503.246   4.1854974e+14
      503.271   4.1903556e+14
      503.297   4.1941033e+14
      503.322   4.2103781e+14
      503.347   4.2289540e+14
      503.373   4.2331189e+14
      503.398   4.2280554e+14
      503.423   4.2054819e+14
      503.449   4.1735061e+14
      503.474   4.1489381e+14
      503.499   4.1391439e+14
      503.525   4.1352019e+14
      503.550   4.1453039e+14
      503.575   4.1577909e+14
      503.601   4.1627828e+14
      503.626   4.1678922e+14
      503.651   4.1743900e+14
      503.677   4.1678571e+14
      503.702   4.1521098e+14
      503.728   4.1397487e+14
      503.753   4.1176545e+14
      503.778   4.0857914e+14
      503.804   4.0609628e+14
      503.829   4.0327022e+14
      503.855   3.9955085e+14
      503.880   3.9775701e+14
      503.905   3.9742520e+14
      503.931   3.9545559e+14
      503.956   3.9352443e+14
      503.981   3.9158065e+14
      504.007   3.8695721e+14
      504.032   3.8081618e+14
      504.058   3.7629549e+14
      504.083   3.7257870e+14
      504.108   3.6959807e+14
      504.134   3.6838987e+14
      504.159   3.6832006e+14
      504.185   3.6837750e+14
      504.210   3.6948852e+14
      504.236   3.7110253e+14
      504.261   3.7240673e+14
      504.286   3.7473227e+14
      504.312   3.7718321e+14
      504.337   3.7867268e+14
      504.363   3.8039127e+14
      504.388   3.8249341e+14
      504.414   3.8392589e+14
      504.439   3.8674464e+14
      504.465   3.9227596e+14
      504.490   3.9860434e+14
      504.515   4.0675852e+14
      504.541   4.1728765e+14
      504.566   4.2730001e+14
      504.592   4.3526850e+14
      504.617   4.4166480e+14
      504.643   4.4518811e+14
      504.668   4.4465450e+14
      504.694   4.4194685e+14
      504.719   4.3749538e+14
      504.745   4.3250217e+14
      504.770   4.2896379e+14
      504.796   4.2718775e+14
      504.821   4.2470635e+14
      504.847   4.2236266e+14
      504.872   4.2084707e+14
      504.898   4.1882295e+14
      504.923   4.1638849e+14
      504.948   4.1500947e+14
      504.974   4.1272710e+14
      505.000   4.0768238e+14
      505.025   4.0143659e+14
      505.050   3.9524197e+14
      505.076   3.8960672e+14
      505.102   3.8550910e+14
      505.127   3.8314181e+14
      505.153   3.8189577e+14
      505.178   3.8195442e+14
      505.204   3.8304114e+14
      505.229   3.8563888e+14
      505.255   3.8985370e+14
      505.280   3.9405147e+14
      505.306   3.9640179e+14
      505.331   3.9858081e+14
      505.357   4.0165136e+14
      505.382   4.0421997e+14
      505.408   4.0695843e+14
      505.433   4.1004156e+14
      505.459   4.1191103e+14
      505.485   4.1256749e+14
      505.510   4.1467985e+14
      505.536   4.1847488e+14
      505.561   4.2306014e+14
      505.587   4.2769908e+14
      505.612   4.3136969e+14
      505.638   4.3325581e+14
      505.663   4.3361945e+14
      505.689   4.3339715e+14
      505.715   4.3326008e+14
      505.740   4.3346757e+14
      505.766   4.3359086e+14
      505.791   4.3339646e+14
      505.817   4.3331146e+14
      505.842   4.3302753e+14
      505.868   4.3231142e+14
      505.894   4.3158899e+14
      505.919   4.3089450e+14
      505.945   4.3041562e+14
      505.970   4.3066476e+14
      505.996   4.3139406e+14
      506.022   4.3225269e+14
      506.047   4.3309784e+14
      506.073   4.3346490e+14
      506.099   4.3396960e+14
      506.124   4.3484204e+14
      506.150   4.3566159e+14
      506.175   4.3655931e+14
      506.201   4.3758536e+14
      506.227   4.3833011e+14
      506.252   4.3871535e+14
      506.278   4.3871188e+14
      506.303   4.3717907e+14
      506.329   4.3352237e+14
      506.355   4.2899580e+14
      506.380   4.2494504e+14
      506.406   4.2151634e+14
      506.432   4.1921347e+14
      506.457   4.1872578e+14
      506.483   4.1901304e+14
      506.509   4.1862023e+14
      506.534   4.1736069e+14
      506.560   4.1590374e+14
      506.586   4.1465945e+14
      506.611   4.1285063e+14
      506.637   4.1068583e+14
      506.663   4.0906535e+14
      506.688   4.0779424e+14
      506.714   4.0540951e+14
      506.740   4.0222096e+14
      506.765   3.9907488e+14
      506.791   3.9519869e+14
      506.817   3.9177721e+14
      506.842   3.9116427e+14
      506.868   3.9345428e+14
      506.894   3.9698680e+14
      506.919   4.0123715e+14
      506.945   4.0543262e+14
      506.971   4.0825867e+14
      506.997   4.0925977e+14
      507.022   4.0907518e+14
      507.048   4.0824664e+14
      507.074   4.0707968e+14
      507.099   4.0543582e+14
      507.125   4.0342058e+14
      507.151   4.0196710e+14
      507.177   4.0131152e+14
      507.202   4.0064488e+14
      507.228   4.0146415e+14
      507.254   4.0433508e+14
      507.279   4.0733101e+14
      507.305   4.0948570e+14
      507.331   4.1093434e+14
      507.357   4.1102280e+14
      507.382   4.0944732e+14
      507.408   4.0769473e+14
      507.434   4.0631398e+14
      507.460   4.0454022e+14
      507.485   4.0207812e+14
      507.511   3.9998223e+14
      507.537   3.9768346e+14
      507.563   3.9635638e+14
      507.588   3.9689104e+14
      507.614   3.9909856e+14
      507.640   4.0230338e+14
      507.666   4.0591594e+14
      507.691   4.0866493e+14
      507.717   4.1002648e+14
      507.743   4.0904034e+14
      507.769   4.0549705e+14
      507.795   4.0025166e+14
      507.820   3.9452429e+14
      507.846   3.8977570e+14
      507.872   3.8720354e+14
      507.898   3.8588382e+14
      507.924   3.8506168e+14
      507.949   3.8352584e+14
      507.975   3.8164947e+14
      508.001   3.8012649e+14
      508.027   3.7908646e+14
      508.053   3.7845427e+14
      508.078   3.7848453e+14
      508.104   3.7833128e+14
      508.130   3.7662790e+14
      508.156   3.7278655e+14
      508.182   3.6778591e+14
      508.208   3.6332250e+14
      508.233   3.5882271e+14
      508.259   3.5525624e+14
      508.285   3.5447647e+14
      508.311   3.5588527e+14
      508.337   3.5914601e+14
      508.363   3.6360388e+14
      508.388   3.6777702e+14
      508.414   3.7157844e+14
      508.440   3.7537392e+14
      508.466   3.7843084e+14
      508.492   3.8127037e+14
      508.518   3.8378567e+14
      508.544   3.8522742e+14
      508.569   3.8552582e+14
      508.595   3.8520107e+14
      508.621   3.8463759e+14
      508.647   3.8392549e+14
      508.673   3.8458244e+14
      508.699   3.8712992e+14
      508.725   3.8922953e+14
      508.750   3.9128687e+14
      508.776   3.9450902e+14
      508.802   3.9732108e+14
      508.828   3.9915129e+14
      508.854   4.0109884e+14
      508.880   4.0271360e+14
      508.906   4.0297568e+14
      508.932   4.0203566e+14
      508.958   4.0093850e+14
      508.984   3.9975955e+14
      509.009   3.9891345e+14
      509.035   3.9900488e+14
      509.061   4.0028603e+14
      509.087   4.0221469e+14
      509.113   4.0470079e+14
      509.139   4.0674305e+14
      509.165   4.0872889e+14
      509.191   4.1060396e+14
      509.217   4.1163474e+14
      509.243   4.1269084e+14
      509.269   4.1412209e+14
      509.295   4.1523504e+14
      509.321   4.1637738e+14
      509.346   4.1726747e+14
      509.372   4.1751083e+14
      509.398   4.1723434e+14
      509.424   4.1788652e+14
      509.450   4.1945073e+14
      509.476   4.2137782e+14
      509.502   4.2290254e+14
      509.528   4.2345453e+14
      509.554   4.2201659e+14
      509.580   4.2005207e+14
      509.606   4.1817547e+14
      509.632   4.1684393e+14
      509.658   4.1637639e+14
      509.684   4.1539695e+14
      509.710   4.1207440e+14
      509.736   4.0771304e+14
      509.762   4.0251839e+14
      509.788   3.9757066e+14
      509.814   3.9380996e+14
      509.840   3.9116505e+14
      509.866   3.8953336e+14
      509.892   3.8873665e+14
      509.918   3.8741945e+14
      509.944   3.8602651e+14
      509.970   3.8530293e+14
      509.996   3.8408393e+14
      510.022   3.8220362e+14
      510.048   3.8185121e+14
      510.074   3.8330843e+14
      510.100   3.8476784e+14
      510.126   3.8588524e+14
      510.152   3.8716436e+14
      510.178   3.8749671e+14
      510.204   3.8765687e+14
      510.230   3.8923668e+14
      510.256   3.9214804e+14
      510.282   3.9629679e+14
      510.308   4.0056152e+14
      510.334   4.0428903e+14
      510.360   4.0749380e+14
      510.386   4.0952055e+14
      510.412   4.1011478e+14
      510.438   4.1156620e+14
      510.465   4.1268254e+14
      510.491   4.1293245e+14
      510.517   4.1354376e+14
      510.543   4.1527523e+14
      510.569   4.1528360e+14
      510.595   4.1219634e+14
      510.621   4.0808517e+14
      510.647   4.0544696e+14
      510.673   4.0299545e+14
      510.699   4.0128579e+14
      510.725   4.0197661e+14
      510.751   4.0390369e+14
      510.777   4.0486171e+14
      510.804   4.0509747e+14
      510.830   4.0471626e+14
      510.856   4.0353391e+14
      510.882   4.0030312e+14
      510.908   3.9684910e+14
      510.934   3.9440418e+14
      510.960   3.9274143e+14
      510.986   3.9188614e+14
      511.012   3.9294835e+14
      511.038   3.9415697e+14
      511.065   3.9405381e+14
      511.091   3.9454522e+14
      511.117   3.9780335e+14
      511.143   4.0215589e+14
      511.169   4.0575139e+14
      511.195   4.0947772e+14
      511.221   4.1263627e+14
      511.247   4.1319613e+14
      511.274   4.1249831e+14
      511.300   4.1226686e+14
      511.326   4.1307932e+14
      511.352   4.1402871e+14
      511.378   4.1503082e+14
      511.404   4.1696134e+14
      511.430   4.1995734e+14
      511.457   4.2245551e+14
      511.483   4.2477839e+14
      511.509   4.2722568e+14
      511.535   4.2878255e+14
      511.561   4.2921086e+14
      511.587   4.2936339e+14
      511.614   4.2948094e+14
      511.640   4.2912595e+14
      511.666   4.2906355e+14
      511.692   4.3004386e+14
      511.718   4.3139075e+14
      511.745   4.3258704e+14
      511.771   4.3394469e+14
      511.797   4.3517822e+14
      511.823   4.3545545e+14
      511.849   4.3500783e+14
      511.876   4.3430820e+14
      511.902   4.3412808e+14
      511.928   4.3459494e+14
      511.954   4.3535470e+14
      511.980   4.3596074e+14
      512.007   4.3581312e+14
      512.033   4.3528524e+14
      512.059   4.3405754e+14
      512.085   4.3269901e+14
      512.111   4.3164812e+14
      512.138   4.3141169e+14
      512.164   4.3075064e+14
      512.190   4.2866216e+14
      512.216   4.2488246e+14
      512.243   4.2095559e+14
      512.269   4.1761581e+14
      512.295   4.1490414e+14
      512.321   4.1298302e+14
      512.348   4.1095917e+14
      512.374   4.0716897e+14
      512.400   4.0322860e+14
      512.426   3.9897777e+14
      512.453   3.9459649e+14
      512.479   3.9086793e+14
      512.505   3.8971491e+14
      512.531   3.8799634e+14
      512.558   3.8597027e+14
      512.584   3.8331662e+14
      512.610   3.8177258e+14
      512.636   3.7966075e+14
      512.663   3.7754946e+14
      512.689   3.7615049e+14
      512.715   3.7722917e+14
      512.742   3.7868016e+14
      512.768   3.7950788e+14
      512.794   3.7960111e+14
      512.821   3.7914202e+14
      512.847   3.7751892e+14
      512.873   3.7718560e+14
      512.899   3.7847584e+14
      512.926   3.8121751e+14
      512.952   3.8468082e+14
      512.978   3.8841692e+14
      513.005   3.8964146e+14
      513.031   3.9069941e+14
      513.057   3.9158425e+14
      513.084   3.9335024e+14
      513.110   3.9535875e+14
      513.136   3.9816360e+14
      513.163   4.0027418e+14
      513.189   4.0088483e+14
      513.215   3.9835678e+14
      513.242   3.9549527e+14
      513.268   3.9356893e+14
      513.294   3.9257196e+14
      513.321   3.9385250e+14
      513.347   3.9750082e+14
      513.373   4.0097606e+14
      513.400   4.0421325e+14
      513.426   4.0714803e+14
      513.452   4.0842662e+14
      513.479   4.0899792e+14
      513.505   4.1034639e+14
      513.532   4.1106143e+14
      513.558   4.0964414e+14
      513.584   4.0756118e+14
      513.611   4.0605965e+14
      513.637   4.0454071e+14
      513.663   4.0341891e+14
      513.690   4.0356119e+14
      513.716   4.0574027e+14
      513.743   4.0768111e+14
      513.769   4.0604360e+14
      513.795   4.0221438e+14
      513.822   3.9949074e+14
      513.848   3.9588304e+14
      513.875   3.9200290e+14
      513.901   3.9090798e+14
      513.927   3.9184007e+14
      513.954   3.9256123e+14
      513.980   3.9300933e+14
      514.007   3.9231852e+14
      514.033   3.8967600e+14
      514.060   3.8836347e+14
      514.086   3.8715623e+14
      514.112   3.8414758e+14
      514.139   3.8032101e+14
      514.165   3.7888295e+14
      514.192   3.7614492e+14
      514.218   3.7293902e+14
      514.245   3.7151369e+14
      514.271   3.7318779e+14
      514.297   3.7751570e+14
      514.324   3.8337947e+14
      514.350   3.8933409e+14
      514.377   3.9543540e+14
      514.403   3.9985109e+14
      514.430   3.9965920e+14
      514.456   3.9691630e+14
      514.483   3.9310774e+14
      514.509   3.8800629e+14
      514.536   3.8501367e+14
      514.562   3.8259158e+14
      514.589   3.8063090e+14
      514.615   3.8048880e+14
      514.642   3.8370407e+14
      514.668   3.8573241e+14
      514.695   3.8875972e+14
      514.721   3.9248495e+14
      514.747   3.9576818e+14
      514.774   3.9684121e+14
      514.800   3.9745902e+14
      514.827   3.9719079e+14
      514.854   3.9685486e+14
      514.880   3.9612705e+14
      514.907   3.9497008e+14
      514.933   3.9273351e+14
      514.960   3.9176054e+14
      514.986   3.9122717e+14
      515.013   3.9127311e+14
      515.039   3.9045445e+14
      515.066   3.9165515e+14
      515.092   3.9254793e+14
      515.119   3.9280042e+14
      515.145   3.9179371e+14
      515.172   3.9286058e+14
      515.198   3.9445076e+14
      515.225   3.9545785e+14
      515.251   3.9550203e+14
      515.278   3.9639465e+14
      515.305   3.9673763e+14
      515.331   3.9553655e+14
      515.358   3.9314451e+14
      515.384   3.9194393e+14
      515.411   3.8957152e+14
      515.437   3.8857648e+14
      515.464   3.8986431e+14
      515.490   3.9197915e+14
      515.517   3.9281846e+14
      515.544   3.9631921e+14
      515.570   3.9993456e+14
      515.597   4.0258928e+14
      515.623   4.0490049e+14
      515.650   4.0747398e+14
      515.677   4.0991391e+14
      515.703   4.1195786e+14
      515.730   4.1275048e+14
      515.756   4.1341343e+14
      515.783   4.1549519e+14
      515.810   4.1582496e+14
      515.836   4.1428015e+14
      515.863   4.1435678e+14
      515.889   4.1543067e+14
      515.916   4.1592058e+14
      515.943   4.1760659e+14
      515.969   4.2043258e+14
      515.996   4.2238772e+14
      516.023   4.2364242e+14
      516.049   4.2385438e+14
      516.076   4.2125225e+14
      516.102   4.1853375e+14
      516.129   4.1593882e+14
      516.156   4.1383752e+14
      516.182   4.1253889e+14
      516.209   4.1301175e+14
      516.236   4.1278467e+14
      516.262   4.1319763e+14
      516.289   4.1325295e+14
      516.316   4.1251618e+14
      516.342   4.1196830e+14
      516.369   4.1143801e+14
      516.396   4.0865635e+14
      516.422   4.0623037e+14
      516.449   4.0355070e+14
      516.476   3.9873618e+14
      516.502   3.9385874e+14
      516.529   3.8898289e+14
      516.556   3.8015017e+14
      516.582   3.7017115e+14
      516.609   3.6127022e+14
      516.636   3.5296648e+14
      516.662   3.4614892e+14
      516.689   3.4250883e+14
      516.716   3.3882305e+14
      516.742   3.3224636e+14
      516.769   3.2448952e+14
      516.796   3.1702649e+14
      516.823   3.1095712e+14
      516.849   3.0785096e+14
      516.876   3.0867892e+14
      516.903   3.1231785e+14
      516.929   3.1596361e+14
      516.956   3.1774071e+14
      516.983   3.1873980e+14
      517.010   3.1720273e+14
      517.036   3.1289140e+14
      517.063   3.0666079e+14
      517.090   3.0137106e+14
      517.117   2.9639348e+14
      517.143   2.9400076e+14
      517.170   2.9226689e+14
      517.197   2.9084831e+14
      517.224   2.8799677e+14
      517.250   2.8771670e+14
      517.277   2.9036861e+14
      517.304   2.9481399e+14
      517.331   3.0085960e+14
      517.357   3.0859536e+14
      517.384   3.1341631e+14
      517.411   3.1502583e+14
      517.438   3.1535342e+14
      517.464   3.1500830e+14
      517.491   3.1386414e+14
      517.518   3.1513520e+14
      517.545   3.1828723e+14
      517.572   3.2211192e+14
      517.598   3.2811853e+14
      517.625   3.3895609e+14
      517.652   3.5135070e+14
      517.679   3.6462654e+14
      517.706   3.7840010e+14
      517.732   3.9205901e+14
      517.759   4.0290387e+14
      517.786   4.1080607e+14
      517.813   4.1619037e+14
      517.840   4.1993130e+14
      517.866   4.2140042e+14
      517.893   4.2144363e+14
      517.920   4.2067488e+14
      517.947   4.1965719e+14
      517.974   4.1853586e+14
      518.001   4.1771804e+14
      518.027   4.1720873e+14
      518.054   4.1600671e+14
      518.081   4.1402990e+14
      518.108   4.1127394e+14
      518.135   4.0640689e+14
      518.162   3.9842953e+14
      518.188   3.8731006e+14
      518.215   3.7320670e+14
      518.242   3.5836361e+14
      518.269   3.4427993e+14
      518.296   3.3202457e+14
      518.323   3.2289687e+14
      518.350   3.1721462e+14
      518.376   3.1372922e+14
      518.403   3.1175070e+14
      518.430   3.1053870e+14
      518.457   3.1033017e+14
      518.484   3.1074931e+14
      518.511   3.1071622e+14
      518.538   3.1086492e+14
      518.565   3.1192890e+14
      518.592   3.1339058e+14
      518.618   3.1510091e+14
      518.645   3.1703054e+14
      518.672   3.2062897e+14
      518.699   3.2516928e+14
      518.726   3.3035355e+14
      518.753   3.3933159e+14
      518.780   3.5159691e+14
      518.807   3.6448029e+14
      518.834   3.7789936e+14
      518.861   3.9148406e+14
      518.888   4.0151366e+14
      518.914   4.0804506e+14
      518.941   4.1209613e+14
      518.968   4.1408820e+14
      518.995   4.1238184e+14
      519.022   4.1064545e+14
      519.049   4.0779573e+14
      519.076   4.0222923e+14
      519.103   3.9655090e+14
      519.130   3.9251690e+14
      519.157   3.8847735e+14
      519.184   3.8592666e+14
      519.211   3.8541012e+14
      519.238   3.8803164e+14
      519.265   3.9271336e+14
      519.292   3.9663495e+14
      519.319   3.9857005e+14
      519.346   3.9790466e+14
      519.373   3.9413849e+14
      519.400   3.8724463e+14
      519.427   3.8013615e+14
      519.454   3.7347114e+14
      519.481   3.6941378e+14
      519.508   3.6734087e+14
      519.534   3.6818156e+14
      519.561   3.6861688e+14
      519.589   3.7133896e+14
      519.615   3.7502442e+14
      519.642   3.7747205e+14
      519.669   3.8046033e+14
      519.696   3.8401523e+14
      519.724   3.8439008e+14
      519.751   3.8488372e+14
      519.778   3.8459056e+14
      519.805   3.8188201e+14
      519.832   3.7897898e+14
      519.859   3.8024903e+14
      519.886   3.8099362e+14
      519.913   3.8442562e+14
      519.940   3.8885946e+14
      519.967   3.9533744e+14
      519.994   4.0032436e+14
      520.021   4.0637168e+14
      520.048   4.0903692e+14
      520.075   4.0837623e+14
      520.102   4.0749770e+14
      520.129   4.0761459e+14
      520.156   4.0803214e+14
      520.183   4.0956527e+14
      520.210   4.1363308e+14
      520.237   4.1830810e+14
      520.264   4.2085924e+14
      520.291   4.1901926e+14
      520.318   4.1728520e+14
      520.346   4.1664841e+14
      520.373   4.1417246e+14
      520.400   4.1254997e+14
      520.427   4.1150357e+14
      520.454   4.0711772e+14
      520.481   4.0345047e+14
      520.508   3.9974565e+14
      520.535   3.9488957e+14
      520.562   3.9102825e+14
      520.589   3.9311792e+14
      520.616   3.9519567e+14
      520.644   3.9618981e+14
      520.671   3.9555400e+14
      520.698   3.9225847e+14
      520.725   3.8692464e+14
      520.752   3.8062380e+14
      520.779   3.7436575e+14
      520.806   3.7255040e+14
      520.833   3.7643659e+14
      520.860   3.7942025e+14
      520.888   3.8036816e+14
      520.915   3.8194813e+14
      520.942   3.8140299e+14
      520.969   3.8280357e+14
      520.996   3.8493983e+14
      521.023   3.8934757e+14
      521.050   3.9466027e+14
      521.078   3.9979073e+14
      521.105   4.0110619e+14
      521.132   4.0145699e+14
      521.159   4.0115366e+14
      521.186   3.9979077e+14
      521.213   4.0285271e+14
      521.241   4.0762388e+14
      521.268   4.1264559e+14
      521.295   4.1735057e+14
      521.322   4.2224740e+14
      521.349   4.2158293e+14
      521.376   4.1748690e+14
      521.404   4.1565142e+14
      521.431   4.1442397e+14
      521.458   4.1165283e+14
      521.485   4.0781218e+14
      521.512   4.0727292e+14
      521.540   4.0490112e+14
      521.567   4.0138748e+14
      521.594   3.9860765e+14
      521.621   3.9878038e+14
      521.648   3.9649609e+14
      521.676   3.9296890e+14
      521.703   3.9146132e+14
      521.730   3.9179241e+14
      521.757   3.9168540e+14
      521.784   3.9249789e+14
      521.812   3.9407247e+14
      521.839   3.9421263e+14
      521.866   3.9345239e+14
      521.893   3.9478545e+14
      521.921   3.9655851e+14
      521.948   3.9761690e+14
      521.975   3.9941719e+14
      522.002   4.0460646e+14
      522.030   4.0836785e+14
      522.057   4.1126626e+14
      522.084   4.1417154e+14
      522.111   4.1858299e+14
      522.139   4.2036349e+14
      522.166   4.2136652e+14
      522.193   4.2404772e+14
      522.221   4.2763655e+14
      522.248   4.2911157e+14
      522.275   4.2948942e+14
      522.302   4.2924955e+14
      522.330   4.2708903e+14
      522.357   4.2402056e+14
      522.384   4.2181693e+14
      522.411   4.2038591e+14
      522.439   4.1958460e+14
      522.466   4.1862673e+14
      522.493   4.1604077e+14
      522.521   4.1066899e+14
      522.548   4.0240889e+14
      522.575   3.9208187e+14
      522.603   3.8347975e+14
      522.630   3.7791250e+14
      522.657   3.7421442e+14
      522.685   3.7282888e+14
      522.712   3.7375835e+14
      522.739   3.7367518e+14
      522.766   3.7285487e+14
      522.794   3.7233949e+14
      522.821   3.7033334e+14
      522.849   3.6830433e+14
      522.876   3.6683432e+14
      522.903   3.6631064e+14
      522.930   3.6687577e+14
      522.958   3.6975175e+14
      522.985   3.7142791e+14
      523.013   3.7332757e+14
      523.040   3.7574171e+14
      523.067   3.7992091e+14
      523.095   3.8681583e+14
      523.122   3.9350371e+14
      523.149   3.9721277e+14
      523.177   4.0011880e+14
      523.204   4.0183931e+14
      523.232   4.0126488e+14
      523.259   4.0129997e+14
      523.286   4.0247706e+14
      523.314   4.0051875e+14
      523.341   3.9928212e+14
      523.368   3.9743423e+14
      523.396   3.9543397e+14
      523.423   3.9508633e+14
      523.451   3.9681752e+14
      523.478   3.9533391e+14
      523.505   3.9472477e+14
      523.533   3.9479513e+14
      523.560   3.9329145e+14
      523.588   3.9125287e+14
      523.615   3.8980269e+14
      523.642   3.8772776e+14
      523.670   3.8895367e+14
      523.697   3.9181482e+14
      523.725   3.9592689e+14
      523.752   4.0011633e+14
      523.780   4.0465144e+14
      523.807   4.0536784e+14
      523.834   4.0635030e+14
      523.862   4.0719580e+14
      523.889   4.0896786e+14
      523.917   4.1245879e+14
      523.944   4.1666275e+14
      523.972   4.1982180e+14
      523.999   4.2385410e+14
      524.027   4.2689950e+14
      524.054   4.2743439e+14
      524.082   4.2645152e+14
      524.109   4.2595198e+14
      524.136   4.2421874e+14
      524.164   4.2361416e+14
      524.191   4.2319645e+14
      524.219   4.2336668e+14
      524.246   4.2357024e+14
      524.274   4.2438355e+14
      524.301   4.2427765e+14
      524.329   4.2428984e+14
      524.356   4.2583197e+14
      524.384   4.2642906e+14
      524.411   4.2521210e+14
      524.439   4.2466554e+14
      524.466   4.2424322e+14
      524.494   4.2258720e+14
      524.521   4.2060242e+14
      524.549   4.1902163e+14
      524.576   4.1650740e+14
      524.604   4.1320521e+14
      524.631   4.1179984e+14
      524.659   4.1194757e+14
      524.687   4.1344155e+14
      524.714   4.1515992e+14
      524.742   4.1860579e+14
      524.769   4.2077808e+14
      524.797   4.2164871e+14
      524.824   4.2216034e+14
      524.852   4.2151086e+14
      524.879   4.1922446e+14
      524.907   4.1442472e+14
      524.934   4.1251920e+14
      524.962   4.1153226e+14
      524.990   4.1179939e+14
      525.017   4.1160822e+14
      525.045   4.1348210e+14
      525.072   4.1479835e+14
      525.100   4.1514671e+14
      525.127   4.1752399e+14
      525.155   4.2064102e+14
      525.182   4.2239982e+14
      525.210   4.2274164e+14
      525.238   4.2320709e+14
      525.265   4.2210393e+14
      525.293   4.2049515e+14
      525.320   4.1913383e+14
      525.348   4.1559620e+14
      525.376   4.1311312e+14
      525.403   4.0907233e+14
      525.431   4.0773053e+14
      525.458   4.0897727e+14
      525.486   4.1198340e+14
      525.514   4.1342959e+14
      525.541   4.1661580e+14
      525.569   4.1878652e+14
      525.597   4.1965547e+14
      525.624   4.2041169e+14
      525.652   4.2142817e+14
      525.679   4.2179601e+14
      525.707   4.2185133e+14
      525.735   4.2001275e+14
      525.762   4.1761237e+14
      525.790   4.1536814e+14
      525.818   4.1364026e+14
      525.845   4.1221621e+14
      525.873   4.1424139e+14
      525.901   4.1607783e+14
      525.928   4.1955872e+14
      525.956   4.2467725e+14
      525.984   4.2870891e+14
      526.011   4.2902890e+14
      526.039   4.2974361e+14
      526.067   4.2686602e+14
      526.094   4.2242451e+14
      526.122   4.1800901e+14
      526.150   4.1551552e+14
      526.177   4.1047983e+14
      526.205   4.0773261e+14
      526.233   4.0311130e+14
      526.260   3.9778732e+14
      526.288   3.9577992e+14
      526.316   3.9729524e+14
      526.343   3.9884531e+14
      526.371   4.0058828e+14
      526.399   3.9960692e+14
      526.427   3.9615932e+14
      526.454   3.9239951e+14
      526.482   3.8593500e+14
      526.510   3.7780902e+14
      526.537   3.7573910e+14
      526.565   3.7217474e+14
      526.593   3.7113721e+14
      526.621   3.7342680e+14
      526.648   3.7896124e+14
      526.676   3.7773061e+14
      526.704   3.7918944e+14
      526.732   3.7746440e+14
      526.759   3.7303921e+14
      526.787   3.6737995e+14
      526.815   3.6400671e+14
      526.843   3.5836495e+14
      526.870   3.5412008e+14
      526.898   3.4579573e+14
      526.926   3.3958171e+14
      526.954   3.3723892e+14
      526.981   3.3600236e+14
      527.009   3.3935975e+14
      527.037   3.4752314e+14
      527.065   3.5351049e+14
      527.093   3.5842750e+14
      527.120   3.6192505e+14
      527.148   3.6200928e+14
      527.176   3.5856463e+14
      527.204   3.5531439e+14
      527.232   3.5251281e+14
      527.259   3.5072728e+14
      527.287   3.5184163e+14
      527.315   3.5798560e+14
      527.343   3.6483255e+14
      527.370   3.7106698e+14
      527.398   3.7840803e+14
      527.426   3.8400620e+14
      527.454   3.8557926e+14
      527.482   3.8559027e+14
      527.510   3.8528834e+14
      527.537   3.8312182e+14
      527.565   3.8133907e+14
      527.593   3.8054514e+14
      527.621   3.8001619e+14
      527.649   3.7991558e+14
      527.677   3.8178329e+14
      527.704   3.8693211e+14
      527.732   3.9267116e+14
      527.760   3.9821795e+14
      527.788   4.0310238e+14
      527.816   4.0593782e+14
      527.844   4.0625807e+14
      527.872   4.0577518e+14
      527.899   4.0601748e+14
      527.927   4.0736984e+14
      527.955   4.1057120e+14
      527.983   4.1501014e+14
      528.011   4.1804108e+14
      528.039   4.1953052e+14
      528.067   4.1994846e+14
      528.095   4.1910269e+14
      528.123   4.1693632e+14
      528.150   4.1600118e+14
      528.178   4.1489961e+14
      528.206   4.1172272e+14
      528.234   4.0748551e+14
      528.262   4.0298786e+14
      528.290   3.9808778e+14
      528.318   3.9399136e+14
      528.346   3.9189625e+14
      528.374   3.9107673e+14
      528.402   3.9203051e+14
      528.430   3.9410396e+14
      528.457   3.9644894e+14
      528.485   3.9886379e+14
      528.513   4.0120067e+14
      528.541   4.0417769e+14
      528.569   4.0732117e+14
      528.597   4.1055287e+14
      528.625   4.1400153e+14
      528.653   4.1741170e+14
      528.681   4.1860350e+14
      528.709   4.1985222e+14
      528.737   4.2288193e+14
      528.765   4.2643889e+14
      528.793   4.3043152e+14
      528.821   4.3548283e+14
      528.849   4.3964801e+14
      528.877   4.4108598e+14
      528.905   4.4158423e+14
      528.933   4.4136745e+14
      528.961   4.4058873e+14
      528.989   4.3988417e+14
      529.017   4.3988856e+14
      529.045   4.4011933e+14
      529.073   4.4026488e+14
      529.101   4.4024640e+14
      529.129   4.4009442e+14
      529.156   4.3976374e+14
      529.185   4.3952552e+14
      529.213   4.4001904e+14
      529.241   4.4058051e+14
      529.269   4.4125585e+14
      529.297   4.4208020e+14
      529.325   4.4277991e+14
      529.353   4.4236527e+14
      529.381   4.4211251e+14
      529.409   4.4278173e+14
      529.437   4.4348611e+14
      529.465   4.4362113e+14
      529.493   4.4333112e+14
      529.521   4.4201591e+14
      529.549   4.3918874e+14
      529.577   4.3499824e+14
      529.605   4.3086609e+14
      529.633   4.2661054e+14
      529.661   4.2153462e+14
      529.689   4.1579142e+14
      529.717   4.1046809e+14
      529.745   4.0521184e+14
      529.773   4.0135118e+14
      529.801   3.9943254e+14
      529.829   3.9896950e+14
      529.857   3.9903491e+14
      529.886   3.9906868e+14
      529.914   3.9782033e+14
      529.942   3.9597728e+14
      529.970   3.9418426e+14
      529.998   3.9335201e+14
      530.026   3.9325240e+14
      530.054   3.9381983e+14
      530.082   3.9439393e+14
      530.110   3.9578893e+14
      530.138   3.9705473e+14
      530.166   3.9914391e+14
      530.195   4.0323456e+14
      530.223   4.0918867e+14
      530.251   4.1475946e+14
      530.279   4.1982190e+14
      530.307   4.2340065e+14
      530.335   4.2506271e+14
      530.363   4.2534780e+14
      530.391   4.2534528e+14
      530.420   4.2577239e+14
      530.448   4.2730780e+14
      530.476   4.2934444e+14
      530.504   4.3133524e+14
      530.532   4.3286267e+14
      530.560   4.3351570e+14
      530.588   4.3351602e+14
      530.617   4.3396390e+14
      530.645   4.3459741e+14
      530.673   4.3514957e+14
      530.701   4.3566894e+14
      530.729   4.3554850e+14
      530.757   4.3499704e+14
      530.786   4.3402669e+14
      530.814   4.3309445e+14
      530.842   4.3256888e+14
      530.870   4.3224352e+14
      530.898   4.3188949e+14
      530.926   4.3183460e+14
      530.955   4.3221892e+14
      530.983   4.3257331e+14
      531.011   4.3294951e+14
      531.039   4.3345539e+14
      531.067   4.3402739e+14
      531.096   4.3493587e+14
      531.124   4.3612176e+14
      531.152   4.3721304e+14
      531.180   4.3811063e+14
      531.208   4.3893116e+14
      531.237   4.3937966e+14
      531.265   4.3948716e+14
      531.293   4.3983017e+14
      531.321   4.4041736e+14
      531.350   4.4038393e+14
      531.378   4.3987746e+14
      531.406   4.3945238e+14
      531.434   4.3896571e+14
      531.463   4.3824571e+14
      531.491   4.3673578e+14
      531.519   4.3391214e+14
      531.547   4.3063744e+14
      531.576   4.2688518e+14
      531.604   4.2286676e+14
      531.632   4.2030945e+14
      531.660   4.1950167e+14
      531.689   4.1912065e+14
      531.717   4.1911379e+14
      531.745   4.1957561e+14
      531.773   4.2014528e+14
      531.802   4.2052118e+14
      531.830   4.2043068e+14
      531.858   4.2059767e+14
      531.887   4.2140043e+14
      531.915   4.2213944e+14
      531.943   4.2220302e+14
      531.971   4.2207064e+14
      532.000   4.2179522e+14
      532.028   4.2183893e+14
      532.056   4.2232048e+14
      532.085   4.2370410e+14
      532.113   4.2639251e+14
      532.141   4.2931188e+14
      532.170   4.3130710e+14
      532.198   4.3269946e+14
      532.226   4.3340313e+14
      532.255   4.3152592e+14
      532.283   4.2798320e+14
      532.311   4.2438553e+14
      532.340   4.2113544e+14
      532.368   4.1856536e+14
      532.396   4.1729996e+14
      532.425   4.1671435e+14
      532.453   4.1562496e+14
      532.481   4.1442564e+14
      532.510   4.1323500e+14
      532.538   4.1288269e+14
      532.566   4.1354022e+14
      532.595   4.1449904e+14
      532.623   4.1321829e+14
      532.652   4.0830530e+14
      532.680   3.9960399e+14
      532.708   3.8839263e+14
      532.737   3.7633871e+14
      532.765   3.6714717e+14
      532.793   3.6338304e+14
      532.822   3.6310135e+14
      532.850   3.6440585e+14
      532.879   3.6670470e+14
      532.907   3.6862293e+14
      532.935   3.6906064e+14
      532.964   3.7021105e+14
      532.992   3.7266381e+14
      533.021   3.7532170e+14
      533.049   3.7788355e+14
      533.077   3.8025441e+14
      533.106   3.8134394e+14
      533.134   3.8046927e+14
      533.163   3.7953857e+14
      533.191   3.8093299e+14
      533.220   3.8515558e+14
      533.248   3.9162996e+14
      533.276   4.0030725e+14
      533.305   4.0918783e+14
      533.333   4.1554720e+14
      533.362   4.1945117e+14
      533.390   4.2235231e+14
      533.419   4.2423098e+14
      533.447   4.2569673e+14
      533.476   4.2703410e+14
      533.504   4.2720472e+14
      533.532   4.2650490e+14
      533.561   4.2576006e+14
      533.589   4.2411228e+14
      533.618   4.2063387e+14
      533.646   4.1647451e+14
      533.675   4.1394929e+14
      533.703   4.1357425e+14
      533.732   4.1501956e+14
      533.760   4.1849706e+14
      533.789   4.2233596e+14
      533.817   4.2271141e+14
      533.846   4.2011699e+14
      533.874   4.1692737e+14
      533.903   4.1330163e+14
      533.931   4.0876926e+14
      533.960   4.0480444e+14
      533.988   4.0183286e+14
      534.017   3.9929692e+14
      534.045   3.9775679e+14
      534.074   3.9732360e+14
      534.102   3.9748958e+14
      534.131   3.9852672e+14
      534.159   4.0138004e+14
      534.188   4.0566609e+14
      534.217   4.1106156e+14
      534.245   4.1702657e+14
      534.274   4.2193149e+14
      534.302   4.2436627e+14
      534.331   4.2578652e+14
      534.359   4.2798565e+14
      534.388   4.3003406e+14
      534.416   4.3013681e+14
      534.445   4.2933920e+14
      534.474   4.2830492e+14
      534.502   4.2593396e+14
      534.531   4.2339591e+14
      534.559   4.2260931e+14
      534.588   4.2282988e+14
      534.616   4.2260694e+14
      534.645   4.2193415e+14
      534.674   4.2015756e+14
      534.702   4.1807186e+14
      534.731   4.1592293e+14
      534.759   4.1285638e+14
      534.788   4.0922205e+14
      534.817   4.0633487e+14
      534.845   4.0381539e+14
      534.874   4.0106886e+14
      534.902   3.9868342e+14
      534.931   3.9837970e+14
      534.960   4.0096471e+14
      534.988   4.0544175e+14
      535.017   4.1093352e+14
      535.046   4.1667528e+14
      535.074   4.2121007e+14
      535.103   4.2377081e+14
      535.131   4.2445536e+14
      535.160   4.2357942e+14
      535.189   4.2264801e+14
      535.217   4.2246441e+14
      535.246   4.2256497e+14
      535.275   4.2314186e+14
      535.303   4.2504488e+14
      535.332   4.2797230e+14
      535.361   4.3088231e+14
      535.389   4.3380511e+14
      535.418   4.3677552e+14
      535.447   4.3938725e+14
      535.475   4.4108328e+14
      535.504   4.4198038e+14
      535.533   4.4235012e+14
      535.561   4.4255730e+14
      535.590   4.4279194e+14
      535.619   4.4264090e+14
      535.647   4.4209899e+14
      535.676   4.4219839e+14
      535.705   4.4331526e+14
      535.733   4.4454672e+14
      535.762   4.4507412e+14
      535.791   4.4500739e+14
      535.820   4.4449722e+14
      535.848   4.4332110e+14
      535.877   4.4170438e+14
      535.906   4.4085248e+14
      535.934   4.4083355e+14
      535.963   4.4065349e+14
      535.992   4.3968830e+14
      536.021   4.3825729e+14
      536.049   4.3702722e+14
      536.078   4.3601291e+14
      536.107   4.3454156e+14
      536.136   4.3272841e+14
      536.164   4.3130704e+14
      536.193   4.3015028e+14
      536.222   4.2896231e+14
      536.251   4.2835556e+14
      536.279   4.2922575e+14
      536.308   4.3016555e+14
      536.337   4.2987606e+14
      536.366   4.2879215e+14
      536.394   4.2725015e+14
      536.423   4.2551122e+14
      536.452   4.2399188e+14
      536.481   4.2343786e+14
      536.509   4.2425266e+14
      536.538   4.2614042e+14
      536.567   4.2682294e+14
      536.596   4.2563183e+14
      536.625   4.2440951e+14
      536.653   4.2403893e+14
      536.682   4.2400207e+14
      536.711   4.2492888e+14
      536.740   4.2733028e+14
      536.769   4.2926999e+14
      536.797   4.2904387e+14
      536.826   4.2701732e+14
      536.855   4.2410881e+14
      536.884   4.2299024e+14
      536.913   4.2319101e+14
      536.942   4.2363167e+14
      536.970   4.2249439e+14
      536.999   4.1840313e+14
      537.028   4.1180617e+14
      537.057   4.0433320e+14
      537.086   3.9812596e+14
      537.115   3.9575992e+14
      537.143   3.9731054e+14
      537.172   3.9982426e+14
      537.201   4.0156041e+14
      537.230   4.0173431e+14
      537.259   4.0082586e+14
      537.288   3.9921940e+14
      537.317   3.9753942e+14
      537.346   3.9826667e+14
      537.374   4.0133413e+14
      537.403   4.0429366e+14
      537.432   4.0691561e+14
      537.461   4.0910199e+14
      537.490   4.1134196e+14
      537.519   4.1504308e+14
      537.548   4.2005434e+14
      537.577   4.2560876e+14
      537.606   4.3145059e+14
      537.634   4.3545072e+14
      537.663   4.3649171e+14
      537.692   4.3565547e+14
      537.721   4.3509497e+14
      537.750   4.3527516e+14
      537.779   4.3501493e+14
      537.808   4.3405387e+14
      537.837   4.3360440e+14
      537.866   4.3338632e+14
      537.895   4.3253627e+14
      537.924   4.3174399e+14
      537.953   4.3122531e+14
      537.982   4.3080451e+14
      538.010   4.3036737e+14
      538.039   4.3008224e+14
      538.068   4.2985494e+14
      538.097   4.2903776e+14
      538.126   4.2778198e+14
      538.155   4.2580490e+14
      538.184   4.2228031e+14
      538.213   4.1882883e+14
      538.242   4.1659932e+14
      538.271   4.1435397e+14
      538.300   4.1345110e+14
      538.329   4.1484616e+14
      538.358   4.1663552e+14
      538.387   4.1813556e+14
      538.416   4.1951772e+14
      538.445   4.2058151e+14
      538.474   4.2091260e+14
      538.503   4.2087841e+14
      538.532   4.2069942e+14
      538.561   4.2009051e+14
      538.590   4.1931668e+14
      538.619   4.1913983e+14
      538.648   4.1947091e+14
      538.677   4.2087602e+14
      538.706   4.2453628e+14
      538.735   4.2880747e+14
      538.764   4.3205174e+14
      538.793   4.3416427e+14
      538.822   4.3489072e+14
      538.851   4.3409942e+14
      538.880   4.3213335e+14
      538.909   4.3080016e+14
      538.938   4.3042758e+14
      538.967   4.2972280e+14
      538.996   4.2847401e+14
      539.025   4.2756652e+14
      539.055   4.2697364e+14
      539.084   4.2669889e+14
      539.113   4.2751448e+14
      539.142   4.2795113e+14
      539.171   4.2657476e+14
      539.200   4.2518041e+14
      539.229   4.2362312e+14
      539.258   4.2152818e+14
      539.287   4.2022265e+14
      539.316   4.2045603e+14
      539.345   4.2076974e+14
      539.374   4.2109021e+14
      539.403   4.2176983e+14
      539.432   4.2246287e+14
      539.462   4.2253642e+14
      539.491   4.2250675e+14
      539.520   4.2218246e+14
      539.549   4.1954650e+14
      539.578   4.1488191e+14
      539.607   4.1101352e+14
      539.636   4.0629009e+14
      539.665   4.0238976e+14
      539.695   4.0124156e+14
      539.724   4.0276427e+14
      539.753   4.0405945e+14
      539.782   4.0528330e+14
      539.811   4.0585546e+14
      539.840   4.0638531e+14
      539.869   4.0593505e+14
      539.898   4.0459177e+14
      539.928   4.0337178e+14
      539.957   4.0214211e+14
      539.986   4.0019337e+14
      540.015   3.9874016e+14
      540.044   3.9884992e+14
      540.073   4.0201476e+14
      540.103   4.0728874e+14
      540.132   4.1318567e+14
      540.161   4.1894243e+14
      540.190   4.2524920e+14
      540.219   4.2840029e+14
      540.249   4.2680554e+14
      540.278   4.2255829e+14
      540.307   4.1801796e+14
      540.336   4.1239146e+14
      540.365   4.0637121e+14
      540.394   4.0164631e+14
      540.424   3.9817515e+14
      540.453   3.9462482e+14
      540.482   3.9187415e+14
      540.511   3.9005509e+14
      540.541   3.8916844e+14
      540.570   3.8876606e+14
      540.599   3.8755901e+14
      540.628   3.8608810e+14
      540.657   3.8473554e+14
      540.687   3.8345052e+14
      540.716   3.8202171e+14
      540.745   3.8178208e+14
      540.774   3.8302466e+14
      540.804   3.8465697e+14
      540.833   3.8585062e+14
      540.862   3.8851342e+14
      540.891   3.9122559e+14
      540.921   3.9242481e+14
      540.950   3.9416018e+14
      540.979   3.9866211e+14
      541.008   4.0289131e+14
      541.038   4.0730588e+14
      541.067   4.1099982e+14
      541.096   4.1409481e+14
      541.126   4.1506354e+14
      541.155   4.1474518e+14
      541.184   4.1374211e+14
      541.213   4.1294253e+14
      541.243   4.1132473e+14
      541.272   4.0992963e+14
      541.301   4.0897751e+14
      541.331   4.0959723e+14
      541.360   4.1024299e+14
      541.389   4.1056201e+14
      541.419   4.1083949e+14
      541.448   4.1299204e+14
      541.477   4.1460086e+14
      541.506   4.1629716e+14
      541.536   4.1818497e+14
      541.565   4.1915846e+14
      541.594   4.1858691e+14
      541.624   4.1724360e+14
      541.653   4.1624861e+14
      541.682   4.1646069e+14
      541.712   4.1762562e+14
      541.741   4.1821419e+14
      541.771   4.1911059e+14
      541.800   4.1992107e+14
      541.829   4.1979065e+14
      541.859   4.1949309e+14
      541.888   4.2068020e+14
      541.917   4.2314476e+14
      541.947   4.2485537e+14
      541.976   4.2678261e+14
      542.005   4.2857786e+14
      542.035   4.2895311e+14
      542.064   4.2905635e+14
      542.094   4.2997647e+14
      542.123   4.3083299e+14
      542.152   4.3199905e+14
      542.182   4.3383663e+14
      542.211   4.3437066e+14
      542.241   4.3317452e+14
      542.270   4.3069001e+14
      542.299   4.2835768e+14
      542.329   4.2546299e+14
      542.358   4.2256028e+14
      542.388   4.2100634e+14
      542.417   4.2137600e+14
      542.446   4.2181305e+14
      542.476   4.2278282e+14
      542.505   4.2456848e+14
      542.535   4.2652583e+14
      542.564   4.2823795e+14
      542.594   4.2978957e+14
      542.623   4.3123050e+14
      542.652   4.3227432e+14
      542.682   4.3283220e+14
      542.711   4.3228246e+14
      542.741   4.3083344e+14
      542.770   4.3000061e+14
      542.800   4.2743756e+14
      542.829   4.2287714e+14
      542.859   4.1968912e+14
      542.888   4.1819292e+14
      542.918   4.1637634e+14
      542.947   4.1591285e+14
      542.977   4.1716395e+14
      543.006   4.1708253e+14
      543.036   4.1640319e+14
      543.065   4.1518134e+14
      543.095   4.1357159e+14
      543.124   4.1154289e+14
      543.154   4.0940914e+14
      543.183   4.0713264e+14
      543.213   4.0498935e+14
      543.242   4.0327407e+14
      543.272   4.0076158e+14
      543.301   3.9720502e+14
      543.331   3.9737797e+14
      543.360   4.0024539e+14
      543.390   4.0388080e+14
      543.419   4.0889393e+14
      543.449   4.1487320e+14
      543.478   4.1600668e+14
      543.508   4.1455061e+14
      543.537   4.1249521e+14
      543.567   4.0981528e+14
      543.596   4.0842957e+14
      543.626   4.0818722e+14
      543.656   4.0891220e+14
      543.685   4.1012222e+14
      543.715   4.1239755e+14
      543.744   4.1409167e+14
      543.774   4.1491617e+14
      543.803   4.1682672e+14
      543.833   4.2005951e+14
      543.863   4.2364150e+14
      543.892   4.2747514e+14
      543.922   4.3173333e+14
      543.951   4.3416337e+14
      543.981   4.3479827e+14
      544.010   4.3606038e+14
      544.040   4.3756225e+14
      544.070   4.4023524e+14
      544.099   4.4331510e+14
      544.129   4.4636262e+14
      544.158   4.4827674e+14
      544.188   4.4983399e+14
      544.218   4.5038016e+14
      544.247   4.5045687e+14
      544.277   4.5046697e+14
      544.307   4.5021134e+14
      544.336   4.4884840e+14
      544.366   4.4602630e+14
      544.395   4.4377965e+14
      544.425   4.4155844e+14
      544.455   4.3917696e+14
      544.484   4.3755365e+14
      544.514   4.3508139e+14
      544.544   4.2912865e+14
      544.573   4.2344239e+14
      544.603   4.1842587e+14
      544.633   4.1374226e+14
      544.662   4.1112011e+14
      544.692   4.1103289e+14
      544.722   4.1079454e+14
      544.751   4.1019441e+14
      544.781   4.0959515e+14
      544.811   4.0910857e+14
      544.840   4.0866841e+14
      544.870   4.0980801e+14
      544.900   4.1202832e+14
      544.929   4.1442170e+14
      544.959   4.1705319e+14
      544.989   4.1955872e+14
      545.019   4.2040373e+14
      545.048   4.2339713e+14
      545.078   4.2838887e+14
      545.108   4.3406045e+14
      545.137   4.4034354e+14
      545.167   4.4630085e+14
      545.197   4.4936296e+14
      545.227   4.5055856e+14
      545.256   4.5127259e+14
      545.286   4.5195828e+14
      545.316   4.5276365e+14
      545.345   4.5274183e+14
      545.375   4.4998659e+14
      545.405   4.4292478e+14
      545.435   4.3522754e+14
      545.464   4.2777249e+14
      545.494   4.2026096e+14
      545.524   4.1528945e+14
      545.554   4.1464521e+14
      545.583   4.1468222e+14
      545.613   4.1473361e+14
      545.643   4.1554862e+14
      545.673   4.1638852e+14
      545.703   4.1743417e+14
      545.732   4.1841585e+14
      545.762   4.1932390e+14
      545.792   4.2011226e+14
      545.822   4.2088942e+14
      545.852   4.2102477e+14
      545.881   4.2024848e+14
      545.911   4.2248144e+14
      545.941   4.2775043e+14
      545.971   4.3349934e+14
      546.001   4.4035886e+14
      546.030   4.4871053e+14
      546.060   4.5403883e+14
      546.090   4.5589918e+14
      546.120   4.5597782e+14
      546.150   4.5284540e+14
      546.179   4.4760390e+14
      546.209   4.4293486e+14
      546.239   4.3848704e+14
      546.269   4.3421725e+14
      546.299   4.3233125e+14
      546.329   4.3193804e+14
      546.359   4.3082310e+14
      546.388   4.2983386e+14
      546.418   4.2948345e+14
      546.448   4.2915556e+14
      546.478   4.2768721e+14
      546.508   4.2605117e+14
      546.538   4.2414343e+14
      546.568   4.2199097e+14
      546.597   4.2000722e+14
      546.627   4.1838396e+14
      546.657   4.1782435e+14
      546.687   4.2031859e+14
      546.717   4.2407627e+14
      546.747   4.2765787e+14
      546.777   4.3231075e+14
      546.807   4.3673105e+14
      546.837   4.3838690e+14
      546.866   4.3862687e+14
      546.896   4.3870682e+14
      546.926   4.3788767e+14
      546.956   4.3645460e+14
      546.986   4.3607016e+14
      547.016   4.3669409e+14
      547.046   4.3831308e+14
      547.076   4.4093130e+14
      547.106   4.4337313e+14
      547.136   4.4495647e+14
      547.166   4.4600760e+14
      547.196   4.4613427e+14
      547.226   4.4484462e+14
      547.255   4.4299637e+14
      547.285   4.4205312e+14
      547.315   4.4087177e+14
      547.345   4.3911224e+14
      547.375   4.3867636e+14
      547.405   4.3920164e+14
      547.435   4.3950929e+14
      547.465   4.3857229e+14
      547.495   4.3546976e+14
      547.525   4.2986129e+14
      547.555   4.2286651e+14
      547.585   4.1579838e+14
      547.615   4.1002209e+14
      547.645   4.0751798e+14
      547.675   4.0724092e+14
      547.705   4.0770560e+14
      547.735   4.0838351e+14
      547.765   4.1061786e+14
      547.795   4.1292731e+14
      547.825   4.1507143e+14
      547.855   4.1820961e+14
      547.885   4.2103275e+14
      547.915   4.2161417e+14
      547.945   4.1941104e+14
      547.975   4.1567110e+14
      548.005   4.1194437e+14
      548.035   4.1056643e+14
      548.065   4.1248670e+14
      548.095   4.1762395e+14
      548.125   4.2470974e+14
      548.155   4.3013674e+14
      548.186   4.3323783e+14
      548.216   4.3459918e+14
      548.246   4.3540203e+14
      548.276   4.3585528e+14
      548.306   4.3693542e+14
      548.336   4.3784980e+14
      548.366   4.3787626e+14
      548.396   4.3702811e+14
      548.426   4.3562339e+14
      548.456   4.3538612e+14
      548.486   4.3675286e+14
      548.516   4.3959653e+14
      548.546   4.4298365e+14
      548.576   4.4624843e+14
      548.607   4.4754658e+14
      548.637   4.4525325e+14
      548.667   4.4229824e+14
      548.697   4.3997251e+14
      548.727   4.3743505e+14
      548.757   4.3436541e+14
      548.787   4.3366411e+14
      548.817   4.3225122e+14
      548.847   4.2972174e+14
      548.878   4.2733610e+14
      548.908   4.2632048e+14
      548.938   4.2521372e+14
      548.968   4.2409777e+14
      548.998   4.2345242e+14
      549.028   4.2257159e+14
      549.058   4.2152667e+14
      549.089   4.2054604e+14
      549.119   4.1983075e+14
      549.149   4.2101259e+14
      549.179   4.2393040e+14
      549.209   4.2603623e+14
      549.239   4.2601277e+14
      549.269   4.2690843e+14
      549.300   4.2639423e+14
      549.330   4.2483018e+14
      549.360   4.2440148e+14
      549.390   4.2641927e+14
      549.420   4.2768846e+14
      549.451   4.2899723e+14
      549.481   4.3058312e+14
      549.511   4.3114249e+14
      549.541   4.3181585e+14
      549.571   4.3147837e+14
      549.602   4.2824125e+14
      549.632   4.2577259e+14
      549.662   4.2433281e+14
      549.692   4.2224165e+14
      549.722   4.2081291e+14
      549.753   4.2372967e+14
      549.783   4.2695120e+14
      549.813   4.3087449e+14
      549.843   4.3553616e+14
      549.874   4.4042908e+14
      549.904   4.4373405e+14
      549.934   4.4605313e+14
      549.964   4.4645881e+14
      549.995   4.4309723e+14
      550.025   4.4036335e+14
      550.055   4.3727145e+14
      550.085   4.3279391e+14
      550.116   4.3206277e+14
      550.146   4.3541654e+14
      550.176   4.3753100e+14
      550.206   4.3988266e+14
      550.237   4.4347062e+14
      550.267   4.4430033e+14
      550.297   4.4412947e+14
      550.327   4.4367139e+14
      550.358   4.4247538e+14
      550.388   4.4168205e+14
      550.418   4.4018190e+14
      550.449   4.3749444e+14
      550.479   4.3366823e+14
      550.509   4.3172731e+14
      550.540   4.2894550e+14
      550.570   4.2763130e+14
      550.600   4.2802500e+14
      550.630   4.3027299e+14
      550.661   4.3169856e+14
      550.691   4.3381687e+14
      550.721   4.3474708e+14
      550.752   4.3537014e+14
      550.782   4.3575070e+14
      550.812   4.3513662e+14
      550.843   4.3370417e+14
      550.873   4.3374703e+14
      550.904   4.3308557e+14
      550.934   4.3198521e+14
      550.964   4.3267600e+14
      550.995   4.3424172e+14
      551.025   4.3492006e+14
      551.055   4.3720179e+14
      551.086   4.3834811e+14
      551.116   4.3803499e+14
      551.146   4.3603930e+14
      551.177   4.3345765e+14
      551.207   4.2965542e+14
      551.238   4.2751361e+14
      551.268   4.2485910e+14
      551.298   4.2200551e+14
      551.329   4.2017564e+14
      551.359   4.1937460e+14
      551.390   4.1849905e+14
      551.420   4.1817746e+14
      551.450   4.1992783e+14
      551.481   4.2101909e+14
      551.511   4.2035031e+14
      551.542   4.1899927e+14
      551.572   4.1763108e+14
      551.602   4.1751721e+14
      551.633   4.1801451e+14
      551.663   4.2064329e+14
      551.694   4.2511318e+14
      551.724   4.3044459e+14
      551.755   4.3404490e+14
      551.785   4.3686056e+14
      551.815   4.3980926e+14
      551.846   4.4205738e+14
      551.876   4.4376515e+14
      551.907   4.4543072e+14
      551.937   4.4688973e+14
      551.968   4.4577703e+14
      551.998   4.4379629e+14
      552.029   4.4273121e+14
      552.059   4.4245194e+14
      552.090   4.4168863e+14
      552.120   4.4239294e+14
      552.151   4.4307090e+14
      552.181   4.4310275e+14
      552.212   4.4297530e+14
      552.242   4.4362044e+14
      552.273   4.4331228e+14
      552.303   4.4295502e+14
      552.334   4.4179985e+14
      552.364   4.4033230e+14
      552.395   4.3783994e+14
      552.425   4.3610402e+14
      552.456   4.3437338e+14
      552.486   4.3410697e+14
      552.517   4.3343391e+14
      552.547   4.3371691e+14
      552.578   4.3218723e+14
      552.608   4.3206941e+14
      552.639   4.3098140e+14
      552.669   4.2816292e+14
      552.700   4.2361092e+14
      552.731   4.2097574e+14
      552.761   4.1707459e+14
      552.792   4.1396206e+14
      552.822   4.1280500e+14
      552.853   4.1418769e+14
      552.883   4.1475149e+14
      552.914   4.1603828e+14
      552.944   4.1757403e+14
      552.975   4.1945481e+14
      553.006   4.1996723e+14
      553.036   4.2134721e+14
      553.067   4.2219410e+14
      553.097   4.2314103e+14
      553.128   4.2246795e+14
      553.159   4.2252625e+14
      553.189   4.2277627e+14
      553.220   4.2572418e+14
      553.250   4.2912805e+14
      553.281   4.3450125e+14
      553.312   4.3878559e+14
      553.342   4.4071588e+14
      553.373   4.3927048e+14
      553.403   4.3586922e+14
      553.434   4.3314758e+14
      553.465   4.3150863e+14
      553.495   4.3106861e+14
      553.526   4.3082229e+14
      553.557   4.3171423e+14
      553.587   4.3116856e+14
      553.618   4.2914558e+14
      553.649   4.2951423e+14
      553.679   4.3087148e+14
      553.710   4.3185557e+14
      553.740   4.3306150e+14
      553.771   4.3488625e+14
      553.802   4.3401080e+14
      553.833   4.3186076e+14
      553.863   4.3095190e+14
      553.894   4.3111412e+14
      553.925   4.3339871e+14
      553.955   4.3644988e+14
      553.986   4.4022140e+14
      554.017   4.4281949e+14
      554.047   4.4478509e+14
      554.078   4.4555260e+14
      554.109   4.4592957e+14
      554.139   4.4646183e+14
      554.170   4.4578869e+14
      554.201   4.4516370e+14
      554.232   4.4333426e+14
      554.262   4.4156570e+14
      554.293   4.3981391e+14
      554.324   4.3934460e+14
      554.354   4.3931810e+14
      554.385   4.4087202e+14
      554.416   4.4259860e+14
      554.447   4.4378504e+14
      554.477   4.4441411e+14
      554.508   4.4340450e+14
      554.539   4.4168642e+14
      554.570   4.4033147e+14
      554.600   4.3932039e+14
      554.631   4.3830786e+14
      554.662   4.3795775e+14
      554.693   4.3899262e+14
      554.723   4.3957346e+14
      554.754   4.4117464e+14
      554.785   4.4298077e+14
      554.816   4.4459849e+14
      554.847   4.4499892e+14
      554.877   4.4550667e+14
      554.908   4.4514764e+14
      554.939   4.4482767e+14
      554.970   4.4488977e+14
      555.001   4.4470520e+14
      555.031   4.4436819e+14
      555.062   4.4480996e+14
      555.093   4.4563399e+14
      555.124   4.4642815e+14
      555.155   4.4733287e+14
      555.185   4.4699587e+14
      555.216   4.4502205e+14
      555.247   4.4335903e+14
      555.278   4.4180177e+14
      555.309   4.3994730e+14
      555.340   4.3765731e+14
      555.370   4.3638237e+14
      555.401   4.3546725e+14
      555.432   4.3451979e+14
      555.463   4.3363677e+14
      555.494   4.3476711e+14
      555.525   4.3534467e+14
      555.556   4.3567571e+14
      555.586   4.3633109e+14
      555.617   4.3695485e+14
      555.648   4.3575368e+14
      555.679   4.3504326e+14
      555.710   4.3433051e+14
      555.741   4.3490584e+14
      555.772   4.3647679e+14
      555.803   4.3921179e+14
      555.833   4.4032386e+14
      555.864   4.4133516e+14
      555.895   4.4287670e+14
      555.926   4.4442759e+14
      555.957   4.4631277e+14
      555.988   4.4998704e+14
      556.019   4.5275101e+14
      556.050   4.5174578e+14
      556.081   4.5023098e+14
      556.112   4.4703064e+14
      556.143   4.4352570e+14
      556.174   4.4150081e+14
      556.204   4.3873033e+14
      556.235   4.3597407e+14
      556.266   4.3553748e+14
      556.297   4.3485641e+14
      556.328   4.3304749e+14
      556.359   4.3316890e+14
      556.390   4.3336867e+14
      556.421   4.3159182e+14
      556.452   4.3056445e+14
      556.483   4.2970075e+14
      556.514   4.2916915e+14
      556.545   4.2733644e+14
      556.576   4.2632255e+14
      556.607   4.2481254e+14
      556.638   4.2452526e+14
      556.669   4.2454941e+14
      556.700   4.2448128e+14
      556.731   4.2709906e+14
      556.762   4.3013006e+14
      556.793   4.2960986e+14
      556.824   4.2836489e+14
      556.855   4.2860614e+14
      556.886   4.2651638e+14
      556.917   4.2354242e+14
      556.948   4.2485220e+14
      556.979   4.2731151e+14
      557.010   4.2928400e+14
      557.041   4.3132592e+14
      557.072   4.3224834e+14
      557.103   4.3155022e+14
      557.134   4.2724577e+14
      557.165   4.2374910e+14
      557.196   4.2124267e+14
      557.227   4.1987434e+14
      557.258   4.1701658e+14
      557.289   4.1711431e+14
      557.320   4.1794407e+14
      557.351   4.1879007e+14
      557.383   4.2037801e+14
      557.414   4.2204173e+14
      557.445   4.2161076e+14
      557.476   4.2017502e+14
      557.507   4.1811090e+14
      557.538   4.1507873e+14
      557.569   4.1276472e+14
      557.600   4.1244877e+14
      557.631   4.1107012e+14
      557.662   4.1272936e+14
      557.693   4.1598063e+14
      557.724   4.1867760e+14
      557.756   4.2148863e+14
      557.787   4.2552162e+14
      557.818   4.2584617e+14
      557.849   4.2451154e+14
      557.880   4.2500709e+14
      557.911   4.2554888e+14
      557.942   4.2506459e+14
      557.973   4.2714108e+14
      558.005   4.2958352e+14
      558.036   4.2850527e+14
      558.067   4.2876996e+14
      558.098   4.3045626e+14
      558.129   4.3009919e+14
      558.160   4.2963567e+14
      558.191   4.3131066e+14
      558.223   4.3120384e+14
      558.254   4.3052075e+14
      558.285   4.2959242e+14
      558.316   4.2803281e+14
      558.347   4.2736568e+14
      558.378   4.2785697e+14
      558.410   4.2761580e+14
      558.441   4.2772329e+14
      558.472   4.2772666e+14
      558.503   4.2415447e+14
      558.534   4.1832454e+14
      558.566   4.1653317e+14
      558.597   4.1430396e+14
      558.628   4.1190573e+14
      558.659   4.1256774e+14
      558.690   4.1428015e+14
      558.722   4.0935116e+14
      558.753   4.0540913e+14
      558.784   4.0294291e+14
      558.815   4.0049965e+14
      558.847   3.9797339e+14
      558.878   3.9919503e+14
      558.909   3.9979198e+14
      558.940   4.0090037e+14
      558.971   4.0160852e+14
      559.003   4.0151584e+14
      559.034   4.0291276e+14
      559.065   4.0599505e+14
      559.096   4.0717499e+14
      559.128   4.1127093e+14
      559.159   4.1428526e+14
      559.190   4.1600339e+14
      559.222   4.1743573e+14
      559.253   4.2086588e+14
      559.284   4.2222135e+14
      559.315   4.2170313e+14
      559.347   4.2088946e+14
      559.378   4.2134407e+14
      559.409   4.2043641e+14
      559.441   4.2081337e+14
      559.472   4.2215792e+14
      559.503   4.2381784e+14
      559.534   4.2426129e+14
      559.566   4.2464333e+14
      559.597   4.2650557e+14
      559.628   4.2893604e+14
      559.660   4.2987501e+14
      559.691   4.2863810e+14
      559.722   4.2681196e+14
      559.754   4.2424928e+14
      559.785   4.2150166e+14
      559.816   4.2171556e+14
      559.848   4.2461918e+14
      559.879   4.2770994e+14
      559.910   4.3012837e+14
      559.942   4.3191272e+14
      559.973   4.3079799e+14
      560.004   4.2889632e+14
      560.036   4.2716494e+14
      560.067   4.2539959e+14
      560.099   4.2253947e+14
      560.130   4.1765114e+14
      560.161   4.1244632e+14
      560.193   4.0861611e+14
      560.224   4.0687400e+14
      560.255   4.0646450e+14
      560.287   4.0898923e+14
      560.318   4.1217056e+14
      560.350   4.1419215e+14
      560.381   4.1498410e+14
      560.412   4.1581103e+14
      560.444   4.1661830e+14
      560.475   4.1771737e+14
      560.507   4.1979841e+14
      560.538   4.2117678e+14
      560.570   4.2210797e+14
      560.601   4.2301028e+14
      560.632   4.2464496e+14
      560.664   4.2786186e+14
      560.695   4.3145020e+14
      560.727   4.3492401e+14
      560.758   4.3834144e+14
      560.790   4.4064668e+14
      560.821   4.4019745e+14
      560.852   4.3929227e+14
      560.884   4.3863233e+14
      560.915   4.3806186e+14
      560.947   4.3752270e+14
      560.978   4.3694971e+14
      561.010   4.3630681e+14
      561.041   4.3571822e+14
      561.073   4.3521882e+14
      561.104   4.3587055e+14
      561.136   4.3695377e+14
      561.167   4.3810845e+14
      561.199   4.3918261e+14
      561.230   4.4025608e+14
      561.262   4.4137943e+14
      561.293   4.4241125e+14
      561.325   4.4271061e+14
      561.356   4.4149799e+14
      561.388   4.3790394e+14
      561.419   4.3227330e+14
      561.451   4.2619102e+14
      561.482   4.2070341e+14
      561.514   4.1655982e+14
      561.545   4.1401522e+14
      561.577   4.1305276e+14
      561.608   4.1253197e+14
      561.640   4.1215642e+14
      561.672   4.1180174e+14
      561.703   4.1129244e+14
      561.735   4.1073261e+14
      561.766   4.0957307e+14
      561.798   4.0784085e+14
      561.829   4.0608670e+14
      561.861   4.0572921e+14
      561.892   4.0686727e+14
      561.924   4.1093158e+14
      561.956   4.1729480e+14
      561.987   4.2326874e+14
      562.019   4.2809942e+14
      562.050   4.3202761e+14
      562.082   4.3446948e+14
      562.114   4.3468250e+14
      562.145   4.3511620e+14
      562.177   4.3604050e+14
      562.208   4.3695011e+14
      562.240   4.3717726e+14
      562.272   4.3670701e+14
      562.303   4.3546377e+14
      562.335   4.3409292e+14
      562.366   4.3251348e+14
      562.398   4.3104193e+14
      562.430   4.3042649e+14
      562.461   4.3056618e+14
      562.493   4.3119670e+14
      562.525   4.3290782e+14
      562.556   4.3491003e+14
      562.588   4.3622942e+14
      562.620   4.3734593e+14
      562.651   4.3809761e+14
      562.683   4.3747524e+14
      562.715   4.3588874e+14
      562.746   4.3462334e+14
      562.778   4.3426689e+14
      562.810   4.3492367e+14
      562.841   4.3749912e+14
      562.873   4.4112653e+14
      562.905   4.4499259e+14
      562.936   4.4831871e+14
      562.968   4.5079832e+14
      563.000   4.5156145e+14
      563.031   4.5163410e+14
      563.063   4.5135733e+14
      563.095   4.5104547e+14
      563.127   4.5085975e+14
      563.158   4.5051414e+14
      563.190   4.5015539e+14
      563.222   4.4969378e+14
      563.253   4.4883855e+14
      563.285   4.4763822e+14
      563.317   4.4673929e+14
      563.349   4.4593369e+14
      563.380   4.4517375e+14
      563.412   4.4437728e+14
      563.444   4.4350350e+14
      563.475   4.4243230e+14
      563.507   4.4103923e+14
      563.539   4.3938400e+14
      563.571   4.3793903e+14
      563.603   4.3671841e+14
      563.634   4.3554803e+14
      563.666   4.3387095e+14
      563.698   4.3238774e+14
      563.730   4.3128331e+14
      563.761   4.3054275e+14
      563.793   4.3038573e+14
      563.825   4.3129557e+14
      563.857   4.3235065e+14
      563.889   4.3285826e+14
      563.920   4.3285481e+14
      563.952   4.3224375e+14
      563.984   4.3040601e+14
      564.016   4.2815835e+14
      564.048   4.2668525e+14
      564.079   4.2581043e+14
      564.111   4.2504880e+14
      564.143   4.2502230e+14
      564.175   4.2578024e+14
      564.207   4.2687787e+14
      564.239   4.2696626e+14
      564.270   4.2698812e+14
      564.302   4.2775577e+14
      564.334   4.2816745e+14
      564.366   4.2762574e+14
      564.398   4.2739552e+14
      564.430   4.2742064e+14
      564.462   4.2724663e+14
      564.493   4.2784027e+14
      564.525   4.2968407e+14
      564.557   4.3197804e+14
      564.589   4.3416215e+14
      564.621   4.3618484e+14
      564.653   4.3757024e+14
      564.685   4.3782584e+14
      564.716   4.3773820e+14
      564.748   4.3812746e+14
      564.780   4.3912181e+14
      564.812   4.3954405e+14
      564.844   4.3911270e+14
      564.876   4.3838341e+14
      564.908   4.3696922e+14
      564.940   4.3502465e+14
      564.972   4.3347628e+14
      565.004   4.3265871e+14
      565.036   4.3187441e+14
      565.068   4.3097510e+14
      565.099   4.3004917e+14
      565.131   4.2972452e+14
      565.163   4.2951957e+14
      565.195   4.2954918e+14
      565.227   4.2973608e+14
      565.259   4.2968357e+14
      565.291   4.2946214e+14
      565.323   4.2891435e+14
      565.355   4.2809893e+14
      565.387   4.2685386e+14
      565.419   4.2571895e+14
      565.451   4.2526945e+14
      565.483   4.2561352e+14
      565.515   4.2655863e+14
      565.547   4.2830691e+14
      565.579   4.3044514e+14
      565.611   4.3189322e+14
      565.643   4.3235041e+14
      565.675   4.3107438e+14
      565.707   4.2694926e+14
      565.739   4.2105514e+14
      565.771   4.1535059e+14
      565.803   4.0968303e+14
      565.835   4.0545729e+14
      565.867   4.0477145e+14
      565.899   4.0597213e+14
      565.931   4.0719647e+14
      565.963   4.0889317e+14
      565.995   4.1068169e+14
      566.027   4.1146699e+14
      566.059   4.1124423e+14
      566.091   4.0935283e+14
      566.123   4.0601576e+14
      566.155   4.0219658e+14
      566.187   3.9939706e+14
      566.219   3.9939215e+14
      566.251   4.0334364e+14
      566.283   4.0938315e+14
      566.316   4.1591292e+14
      566.348   4.2212774e+14
      566.380   4.2573559e+14
      566.412   4.2697359e+14
      566.444   4.2843281e+14
      566.476   4.3001212e+14
      566.508   4.3060619e+14
      566.540   4.3084987e+14
      566.572   4.3074787e+14
      566.604   4.2980610e+14
      566.636   4.2932761e+14
      566.669   4.3008951e+14
      566.701   4.3154710e+14
      566.733   4.3305895e+14
      566.765   4.3418750e+14
      566.797   4.3369971e+14
      566.829   4.3189181e+14
      566.861   4.2996376e+14
      566.893   4.2846847e+14
      566.926   4.2745145e+14
      566.958   4.2697728e+14
      566.990   4.2691261e+14
      567.022   4.2710488e+14
      567.054   4.2761623e+14
      567.086   4.2816523e+14
      567.118   4.2918988e+14
      567.151   4.3151982e+14
      567.183   4.3395986e+14
      567.215   4.3589870e+14
      567.247   4.3764701e+14
      567.279   4.3885153e+14
      567.312   4.3964256e+14
      567.344   4.4087797e+14
      567.376   4.4180728e+14
      567.408   4.4200422e+14
      567.440   4.4231423e+14
      567.472   4.4255359e+14
      567.505   4.4203756e+14
      567.537   4.4195414e+14
      567.569   4.4274487e+14
      567.601   4.4314929e+14
      567.633   4.4308001e+14
      567.666   4.4315071e+14
      567.698   4.4300129e+14
      567.730   4.4190200e+14
      567.762   4.4039957e+14
      567.795   4.3929608e+14
      567.827   4.3829070e+14
      567.859   4.3692682e+14
      567.891   4.3644924e+14
      567.924   4.3748856e+14
      567.956   4.3860733e+14
      567.988   4.3946445e+14
      568.020   4.4068023e+14
      568.053   4.4104786e+14
      568.085   4.3918119e+14
      568.117   4.3647213e+14
      568.150   4.3397356e+14
      568.182   4.3166725e+14
      568.214   4.2987496e+14
      568.246   4.2946974e+14
      568.279   4.2943810e+14
      568.311   4.2890298e+14
      568.343   4.2845281e+14
      568.376   4.2848476e+14
      568.408   4.2880626e+14
      568.440   4.2915606e+14
      568.473   4.2907714e+14
      568.505   4.2809097e+14
      568.537   4.2641060e+14
      568.569   4.2468756e+14
      568.602   4.2419044e+14
      568.634   4.2500286e+14
      568.666   4.2579652e+14
      568.699   4.2623682e+14
      568.731   4.2596795e+14
      568.763   4.2434573e+14
      568.796   4.2282808e+14
      568.828   4.2272423e+14
      568.861   4.2320706e+14
      568.893   4.2365361e+14
      568.925   4.2418999e+14
      568.958   4.2395709e+14
      568.990   4.2301925e+14
      569.022   4.2264948e+14
      569.055   4.2338814e+14
      569.087   4.2428933e+14
      569.120   4.2463817e+14
      569.152   4.2491086e+14
      569.184   4.2586423e+14
      569.217   4.2710653e+14
      569.249   4.2895588e+14
      569.282   4.3186711e+14
      569.314   4.3488917e+14
      569.346   4.3628989e+14
      569.379   4.3634860e+14
      569.411   4.3590791e+14
      569.444   4.3509892e+14
      569.476   4.3428935e+14
      569.508   4.3448216e+14
      569.541   4.3555748e+14
      569.573   4.3656370e+14
      569.606   4.3744294e+14
      569.638   4.3852503e+14
      569.671   4.3864296e+14
      569.703   4.3774101e+14
      569.736   4.3691291e+14
      569.768   4.3615273e+14
      569.801   4.3520860e+14
      569.833   4.3478884e+14
      569.866   4.3492083e+14
      569.898   4.3522018e+14
      569.930   4.3571587e+14
      569.963   4.3602058e+14
      569.995   4.3499750e+14
      570.028   4.3285824e+14
      570.060   4.3056210e+14
      570.093   4.2774574e+14
      570.125   4.2505874e+14
      570.158   4.2358834e+14
      570.190   4.2361757e+14
      570.223   4.2413243e+14
      570.255   4.2528817e+14
      570.288   4.2665044e+14
      570.321   4.2797255e+14
      570.353   4.2879250e+14
      570.386   4.2886981e+14
      570.418   4.2780331e+14
      570.451   4.2613828e+14
      570.483   4.2440163e+14
      570.516   4.2384665e+14
      570.548   4.2432567e+14
      570.581   4.2568842e+14
      570.613   4.2803087e+14
      570.646   4.3006395e+14
      570.679   4.2983827e+14
      570.711   4.2856059e+14
      570.744   4.2738283e+14
      570.776   4.2401624e+14
      570.809   4.1936160e+14
      570.841   4.1626910e+14
      570.874   4.1332851e+14
      570.907   4.1008446e+14
      570.939   4.0846927e+14
      570.972   4.0850072e+14
      571.004   4.0813619e+14
      571.037   4.0674522e+14
      571.070   4.0526163e+14
      571.102   4.0443060e+14
      571.135   4.0357687e+14
      571.167   4.0291139e+14
      571.200   4.0444649e+14
      571.233   4.0682327e+14
      571.265   4.0832707e+14
      571.298   4.1157707e+14
      571.331   4.1563392e+14
      571.363   4.1808021e+14
      571.396   4.1988075e+14
      571.429   4.2192587e+14
      571.461   4.2332262e+14
      571.494   4.2432472e+14
      571.527   4.2623311e+14
      571.559   4.2955962e+14
      571.592   4.3378701e+14
      571.625   4.3652980e+14
      571.657   4.3793096e+14
      571.690   4.3898475e+14
      571.723   4.3861456e+14
      571.755   4.3746203e+14
      571.788   4.3676875e+14
      571.821   4.3645992e+14
      571.853   4.3672447e+14
      571.886   4.3772404e+14
      571.919   4.3855753e+14
      571.952   4.3913949e+14
      571.984   4.3999814e+14
      572.017   4.4000778e+14
      572.050   4.3920245e+14
      572.082   4.3851930e+14
      572.115   4.3797752e+14
      572.148   4.3816756e+14
      572.181   4.3946992e+14
      572.213   4.4112535e+14
      572.246   4.4289168e+14
      572.279   4.4478672e+14
      572.312   4.4591897e+14
      572.344   4.4632249e+14
      572.377   4.4647059e+14
      572.410   4.4646164e+14
      572.443   4.4685475e+14
      572.475   4.4757962e+14
      572.508   4.4831543e+14
      572.541   4.4898952e+14
      572.574   4.4953753e+14
      572.607   4.4982399e+14
      572.639   4.4982598e+14
      572.672   4.4980787e+14
      572.705   4.4982787e+14
      572.738   4.4996435e+14
      572.770   4.4994501e+14
      572.803   4.5000537e+14
      572.836   4.5006580e+14
      572.869   4.5015007e+14
      572.902   4.5028662e+14
      572.935   4.5042807e+14
      572.967   4.5033720e+14
      573.000   4.4949725e+14
      573.033   4.4787295e+14
      573.066   4.4666776e+14
      573.099   4.4556490e+14
      573.132   4.4453345e+14
      573.164   4.4419697e+14
      573.197   4.4468315e+14
      573.230   4.4477855e+14
      573.263   4.4485254e+14
      573.296   4.4501713e+14
      573.329   4.4520786e+14
      573.362   4.4535816e+14
      573.394   4.4547681e+14
      573.427   4.4552223e+14
      573.460   4.4543184e+14
      573.493   4.4500523e+14
      573.526   4.4483846e+14
      573.559   4.4509365e+14
      573.592   4.4568980e+14
      573.625   4.4664843e+14
      573.658   4.4815554e+14
      573.691   4.4923356e+14
      573.724   4.4956057e+14
      573.756   4.4948865e+14
      573.789   4.4907401e+14
      573.822   4.4812268e+14
      573.855   4.4710448e+14
      573.888   4.4652745e+14
      573.921   4.4601000e+14
      573.954   4.4552584e+14
      573.987   4.4518248e+14
      574.020   4.4490344e+14
      574.053   4.4457659e+14
      574.086   4.4462678e+14
      574.119   4.4468649e+14
      574.152   4.4467456e+14
      574.185   4.4479393e+14
      574.218   4.4500399e+14
      574.251   4.4519016e+14
      574.284   4.4554344e+14
      574.317   4.4625715e+14
      574.350   4.4758192e+14
      574.383   4.4904051e+14
      574.416   4.5016982e+14
      574.449   4.5117267e+14
      574.482   4.5206589e+14
      574.515   4.5243153e+14
      574.548   4.5291177e+14
      574.581   4.5314140e+14
      574.614   4.5214617e+14
      574.647   4.5043679e+14
      574.680   4.4902340e+14
      574.713   4.4738541e+14
      574.746   4.4605291e+14
      574.779   4.4578071e+14
      574.812   4.4615096e+14
      574.845   4.4636836e+14
      574.878   4.4645207e+14
      574.911   4.4646408e+14
      574.944   4.4660028e+14
      574.977   4.4671025e+14
      575.010   4.4671477e+14
      575.043   4.4626511e+14
      575.076   4.4516065e+14
      575.109   4.4440736e+14
      575.142   4.4397896e+14
      575.175   4.4216674e+14
      575.208   4.4032563e+14
      575.242   4.3886757e+14
      575.275   4.3676786e+14
      575.308   4.3387420e+14
      575.341   4.3171653e+14
      575.374   4.2991721e+14
      575.407   4.2815826e+14
      575.440   4.2683433e+14
      575.473   4.2611041e+14
      575.506   4.2573790e+14
      575.540   4.2533266e+14
      575.573   4.2570152e+14
      575.606   4.2626657e+14
      575.639   4.2646802e+14
      575.672   4.2761922e+14
      575.705   4.3029928e+14
      575.738   4.3342219e+14
      575.771   4.3655752e+14
      575.805   4.4042389e+14
      575.838   4.4425400e+14
      575.871   4.4666066e+14
      575.904   4.4775382e+14
      575.937   4.4826072e+14
      575.971   4.4832568e+14
      576.004   4.4729360e+14
      576.037   4.4612723e+14
      576.070   4.4485062e+14
      576.103   4.4298253e+14
      576.136   4.4015881e+14
      576.170   4.3655979e+14
      576.203   4.3355102e+14
      576.236   4.3107823e+14
      576.269   4.2945527e+14
      576.302   4.2908477e+14
      576.336   4.2991018e+14
      576.369   4.3018163e+14
      576.402   4.3057041e+14
      576.435   4.3166358e+14
      576.469   4.3295655e+14
      576.502   4.3441180e+14
      576.535   4.3618828e+14
      576.568   4.3761279e+14
      576.602   4.3867162e+14
      576.635   4.3954044e+14
      576.668   4.4158373e+14
      576.701   4.4431035e+14
      576.735   4.4712690e+14
      576.768   4.4933170e+14
      576.801   4.5056342e+14
      576.834   4.4990846e+14
      576.868   4.4851107e+14
      576.901   4.4720373e+14
      576.934   4.4619839e+14
      576.967   4.4583794e+14
      577.001   4.4585456e+14
      577.034   4.4544857e+14
      577.067   4.4439982e+14
      577.101   4.4342582e+14
      577.134   4.4261430e+14
      577.167   4.4200422e+14
      577.201   4.4169209e+14
      577.234   4.4190476e+14
      577.267   4.4170482e+14
      577.301   4.4157731e+14
      577.334   4.4158605e+14
      577.367   4.4127090e+14
      577.401   4.4144811e+14
      577.434   4.4197032e+14
      577.467   4.4215902e+14
      577.501   4.4212033e+14
      577.534   4.4235226e+14
      577.567   4.4263944e+14
      577.601   4.4322233e+14
      577.634   4.4398954e+14
      577.667   4.4455281e+14
      577.701   4.4483104e+14
      577.734   4.4461668e+14
      577.768   4.4429479e+14
      577.801   4.4415479e+14
      577.834   4.4398109e+14
      577.868   4.4469149e+14
      577.901   4.4501969e+14
      577.934   4.4448589e+14
      577.968   4.4373891e+14
      578.001   4.4319775e+14
      578.035   4.4142047e+14
      578.068   4.3930150e+14
      578.102   4.3807142e+14
      578.135   4.3658857e+14
      578.168   4.3441867e+14
      578.202   4.3315703e+14
      578.235   4.3238230e+14
      578.269   4.3150716e+14
      578.302   4.3066029e+14
      578.336   4.2946068e+14
      578.369   4.2688156e+14
      578.402   4.2422529e+14
      578.436   4.2179272e+14
      578.469   4.2035900e+14
      578.503   4.2010779e+14
      578.536   4.2108632e+14
      578.570   4.2335347e+14
      578.603   4.2557460e+14
      578.637   4.2651558e+14
      578.670   4.2738151e+14
      578.704   4.2846443e+14
      578.737   4.2917435e+14
      578.771   4.2998339e+14
      578.804   4.3128959e+14
      578.838   4.3265648e+14
      578.871   4.3448923e+14
      578.905   4.3628672e+14
      578.938   4.3776638e+14
      578.972   4.3874910e+14
      579.005   4.3945977e+14
      579.039   4.3948830e+14
      579.072   4.3903006e+14
      579.106   4.3829138e+14
      579.139   4.3788097e+14
      579.173   4.3768804e+14
      579.206   4.3762401e+14
      579.240   4.3701244e+14
      579.274   4.3672558e+14
      579.307   4.3667587e+14
      579.341   4.3647552e+14
      579.374   4.3597574e+14
      579.408   4.3581143e+14
      579.441   4.3536438e+14
      579.475   4.3572471e+14
      579.509   4.3709128e+14
      579.542   4.3891443e+14
      579.576   4.4080392e+14
      579.609   4.4242540e+14
      579.643   4.4232412e+14
      579.677   4.4121855e+14
      579.710   4.4003233e+14
      579.744   4.3955508e+14
      579.777   4.3989799e+14
      579.811   4.4121042e+14
      579.845   4.4248694e+14
      579.878   4.4336991e+14
      579.912   4.4361074e+14
      579.945   4.4342883e+14
      579.979   4.4315156e+14
      580.013   4.4294411e+14
      580.046   4.4285852e+14
      580.080   4.4278362e+14
      580.114   4.4264355e+14
      580.147   4.4289538e+14
      580.181   4.4418516e+14
      580.215   4.4545576e+14
      580.248   4.4638059e+14
      580.282   4.4714030e+14
      580.316   4.4728755e+14
      580.349   4.4633629e+14
      580.383   4.4480215e+14
      580.417   4.4372128e+14
      580.450   4.4285152e+14
      580.484   4.4186684e+14
      580.518   4.4042596e+14
      580.552   4.3970152e+14
      580.585   4.3886252e+14
      580.619   4.3778546e+14
      580.653   4.3647171e+14
      580.686   4.3596287e+14
      580.720   4.3530536e+14
      580.754   4.3444260e+14
      580.788   4.3345645e+14
      580.821   4.3373926e+14
      580.855   4.3394829e+14
      580.889   4.3474424e+14
      580.922   4.3618904e+14
      580.956   4.3820030e+14
      580.990   4.3933498e+14
      581.024   4.4099619e+14
      581.058   4.4237385e+14
      581.091   4.4341735e+14
      581.125   4.4412357e+14
      581.159   4.4552592e+14
      581.193   4.4651277e+14
      581.226   4.4691877e+14
      581.260   4.4670214e+14
      581.294   4.4755147e+14
      581.328   4.4786187e+14
      581.362   4.4789185e+14
      581.395   4.4811432e+14
      581.429   4.4870524e+14
      581.463   4.4748270e+14
      581.497   4.4510643e+14
      581.531   4.4310950e+14
      581.564   4.4155638e+14
      581.598   4.4026763e+14
      581.632   4.3991964e+14
      581.666   4.4077883e+14
      581.700   4.4135018e+14
      581.734   4.4152242e+14
      581.767   4.4201074e+14
      581.801   4.4254363e+14
      581.835   4.4329922e+14
      581.869   4.4429449e+14
      581.903   4.4559490e+14
      581.937   4.4632181e+14
      581.971   4.4692292e+14
      582.004   4.4858116e+14
      582.038   4.5060615e+14
      582.072   4.5232149e+14
      582.106   4.5392809e+14
      582.140   4.5567540e+14
      582.174   4.5593357e+14
      582.208   4.5519631e+14
      582.242   4.5413196e+14
      582.276   4.5347199e+14
      582.309   4.5277704e+14
      582.343   4.5222103e+14
      582.377   4.5202593e+14
      582.411   4.5217246e+14
      582.445   4.5215664e+14
      582.479   4.5211659e+14
      582.513   4.5206442e+14
      582.547   4.5190802e+14
      582.581   4.5168856e+14
      582.615   4.5168478e+14
      582.649   4.5164226e+14
      582.683   4.5158031e+14
      582.717   4.5164926e+14
      582.751   4.5227836e+14
      582.785   4.5294389e+14
      582.818   4.5366682e+14
      582.852   4.5433256e+14
      582.886   4.5485528e+14
      582.920   4.5444423e+14
      582.954   4.5292693e+14
      582.988   4.5158890e+14
      583.022   4.5002768e+14
      583.056   4.4870990e+14
      583.090   4.4788211e+14
      583.124   4.4788890e+14
      583.158   4.4787874e+14
      583.192   4.4823742e+14
      583.226   4.4824182e+14
      583.260   4.4791858e+14
      583.294   4.4780404e+14
      583.328   4.4745163e+14
      583.363   4.4671869e+14
      583.397   4.4588310e+14
      583.431   4.4516403e+14
      583.465   4.4517069e+14
      583.499   4.4557308e+14
      583.533   4.4668686e+14
      583.567   4.4822806e+14
      583.601   4.4985442e+14
      583.635   4.5039549e+14
      583.669   4.5047769e+14
      583.703   4.4974147e+14
      583.737   4.4889348e+14
      583.771   4.4849960e+14
      583.805   4.4839222e+14
      583.839   4.4807355e+14
      583.873   4.4766251e+14
      583.907   4.4782477e+14
      583.942   4.4782487e+14
      583.976   4.4783893e+14
      584.010   4.4818582e+14
      584.044   4.4903806e+14
      584.078   4.4925625e+14
      584.112   4.4915131e+14
      584.146   4.4911437e+14
      584.180   4.4890736e+14
      584.215   4.4915295e+14
      584.249   4.4963851e+14
      584.283   4.5025295e+14
      584.317   4.5054418e+14
      584.351   4.5066281e+14
      584.385   4.5089092e+14
      584.419   4.5125753e+14
      584.454   4.5160536e+14
      584.488   4.5200127e+14
      584.522   4.5259166e+14
      584.556   4.5226556e+14
      584.590   4.5146283e+14
      584.624   4.5034873e+14
      584.659   4.4828197e+14
      584.693   4.4685392e+14
      584.727   4.4590482e+14
      584.761   4.4500672e+14
      584.795   4.4432497e+14
      584.830   4.4462890e+14
      584.864   4.4462814e+14
      584.898   4.4471008e+14
      584.932   4.4490151e+14
      584.966   4.4510513e+14
      585.001   4.4540683e+14
      585.035   4.4518545e+14
      585.069   4.4429004e+14
      585.103   4.4382767e+14
      585.138   4.4317622e+14
      585.172   4.4321254e+14
      585.206   4.4316863e+14
      585.240   4.4355792e+14
      585.275   4.4370707e+14
      585.309   4.4411590e+14
      585.343   4.4388457e+14
      585.377   4.4386982e+14
      585.412   4.4384127e+14
      585.446   4.4306689e+14
      585.480   4.4223395e+14
      585.514   4.4146425e+14
      585.549   4.4002558e+14
      585.583   4.3732438e+14
      585.617   4.3428922e+14
      585.651   4.3185770e+14
      585.686   4.2918062e+14
      585.720   4.2774726e+14
      585.754   4.2820173e+14
      585.789   4.2889816e+14
      585.823   4.2765941e+14
      585.857   4.2698824e+14
      585.892   4.2641034e+14
      585.926   4.2517853e+14
      585.960   4.2482387e+14
      585.995   4.2629532e+14
      586.029   4.2722758e+14
      586.063   4.2619051e+14
      586.098   4.2444716e+14
      586.132   4.2524541e+14
      586.167   4.2645401e+14
      586.201   4.2769618e+14
      586.235   4.3073543e+14
      586.270   4.3437807e+14
      586.304   4.3511374e+14
      586.338   4.3652500e+14
      586.373   4.3865170e+14
      586.407   4.4052671e+14
      586.441   4.4234337e+14
      586.476   4.4380498e+14
      586.510   4.4314616e+14
      586.545   4.4185125e+14
      586.579   4.3976989e+14
      586.613   4.3859590e+14
      586.648   4.3897432e+14
      586.682   4.4002307e+14
      586.717   4.4104824e+14
      586.751   4.4278297e+14
      586.786   4.4396712e+14
      586.820   4.4410355e+14
      586.854   4.4410822e+14
      586.889   4.4413314e+14
      586.923   4.4412070e+14
      586.958   4.4370137e+14
      586.992   4.4287346e+14
      587.027   4.4307840e+14
      587.061   4.4346502e+14
      587.096   4.4352627e+14
      587.130   4.4491366e+14
      587.165   4.4680054e+14
      587.199   4.4783367e+14
      587.234   4.4846332e+14
      587.268   4.4946688e+14
      587.302   4.4938447e+14
      587.337   4.4932092e+14
      587.372   4.4920354e+14
      587.406   4.4926999e+14
      587.441   4.4928449e+14
      587.475   4.4917272e+14
      587.510   4.4948236e+14
      587.544   4.4986341e+14
      587.579   4.5002412e+14
      587.613   4.4996361e+14
      587.648   4.4984140e+14
      587.682   4.4963447e+14
      587.717   4.4928550e+14
      587.751   4.4911282e+14
      587.786   4.4919540e+14
      587.820   4.4943723e+14
      587.855   4.4888839e+14
      587.889   4.4805747e+14
      587.924   4.4720630e+14
      587.959   4.4584099e+14
      587.993   4.4446915e+14
      588.028   4.4350865e+14
      588.062   4.4276349e+14
      588.097   4.4188611e+14
      588.131   4.4182597e+14
      588.166   4.4207450e+14
      588.201   4.4174802e+14
      588.235   4.4012105e+14
      588.270   4.3924393e+14
      588.305   4.3829387e+14
      588.339   4.3715700e+14
      588.374   4.3673330e+14
      588.408   4.3807167e+14
      588.443   4.3858586e+14
      588.478   4.3932157e+14
      588.512   4.4038919e+14
      588.547   4.4134403e+14
      588.581   4.4173188e+14
      588.616   4.4245266e+14
      588.651   4.4265471e+14
      588.685   4.4201238e+14
      588.720   4.4032250e+14
      588.755   4.3926094e+14
      588.789   4.3629138e+14
      588.824   4.2919506e+14
      588.859   4.1899329e+14
      588.893   4.0947967e+14
      588.928   3.9927036e+14
      588.963   3.8977532e+14
      588.998   3.8499312e+14
      589.032   3.8390870e+14
      589.067   3.8281383e+14
      589.102   3.8114871e+14
      589.136   3.7880406e+14
      589.171   3.7644593e+14
      589.206   3.7423063e+14
      589.240   3.7232951e+14
      589.275   3.7108759e+14
      589.310   3.7132480e+14
      589.345   3.7283709e+14
      589.379   3.7755948e+14
      589.414   3.8169261e+14
      589.449   3.8258538e+14
      589.484   3.8588648e+14
      589.518   3.8857188e+14
      589.553   3.8798736e+14
      589.588   3.8768337e+14
      589.623   3.9026242e+14
      589.657   3.9234717e+14
      589.692   3.9418551e+14
      589.727   3.9599510e+14
      589.762   3.9760993e+14
      589.797   3.9965278e+14
      589.831   4.0026724e+14
      589.866   3.9991352e+14
      589.901   3.9897036e+14
      589.936   3.9908810e+14
      589.971   4.0412873e+14
      590.005   4.1162712e+14
      590.040   4.2010369e+14
      590.075   4.2913132e+14
      590.110   4.3736906e+14
      590.145   4.4106703e+14
      590.179   4.4251422e+14
      590.214   4.4327601e+14
      590.249   4.4361949e+14
      590.284   4.4456045e+14
      590.319   4.4549200e+14
      590.354   4.4562770e+14
      590.388   4.4551850e+14
      590.423   4.4448735e+14
      590.458   4.4354919e+14
      590.493   4.4243398e+14
      590.528   4.4187517e+14
      590.563   4.4135032e+14
      590.598   4.4199558e+14
      590.633   4.4243476e+14
      590.667   4.4277377e+14
      590.702   4.4305137e+14
      590.737   4.4340007e+14
      590.772   4.4393547e+14
      590.807   4.4393833e+14
      590.842   4.4291437e+14
      590.877   4.4268360e+14
      590.912   4.4227334e+14
      590.947   4.4303995e+14
      590.982   4.4423685e+14
      591.017   4.4653675e+14
      591.051   4.4782828e+14
      591.086   4.4933705e+14
      591.121   4.4948161e+14
      591.156   4.4933610e+14
      591.191   4.4899135e+14
      591.226   4.4820649e+14
      591.261   4.4452951e+14
      591.296   4.4188748e+14
      591.331   4.3926477e+14
      591.366   4.3750010e+14
      591.401   4.3658868e+14
      591.436   4.3817892e+14
      591.471   4.3730929e+14
      591.506   4.3674460e+14
      591.541   4.3533595e+14
      591.576   4.3405992e+14
      591.611   4.3319967e+14
      591.646   4.3383295e+14
      591.681   4.3409973e+14
      591.716   4.3386435e+14
      591.751   4.3243276e+14
      591.786   4.3378991e+14
      591.821   4.3597670e+14
      591.856   4.3818359e+14
      591.891   4.4055069e+14
      591.926   4.4335390e+14
      591.961   4.4298115e+14
      591.996   4.4312544e+14
      592.031   4.4374996e+14
      592.066   4.4447803e+14
      592.101   4.4577754e+14
      592.136   4.4747872e+14
      592.172   4.4795669e+14
      592.207   4.4789686e+14
      592.242   4.4809578e+14
      592.277   4.4802115e+14
      592.312   4.4797125e+14
      592.347   4.4795819e+14
      592.382   4.4800438e+14
      592.417   4.4802582e+14
      592.452   4.4853775e+14
      592.487   4.4914338e+14
      592.522   4.4931773e+14
      592.557   4.4784304e+14
      592.593   4.4694341e+14
      592.628   4.4495801e+14
      592.663   4.4311544e+14
      592.698   4.4164978e+14
      592.733   4.4166589e+14
      592.768   4.4106556e+14
      592.803   4.4072402e+14
      592.839   4.3970755e+14
      592.874   4.3693650e+14
      592.909   4.3505304e+14
      592.944   4.3331730e+14
      592.979   4.3215372e+14
      593.014   4.3120711e+14
      593.049   4.3145219e+14
      593.085   4.3240377e+14
      593.120   4.3337685e+14
      593.155   4.3521377e+14
      593.190   4.3737174e+14
      593.225   4.4009511e+14
      593.261   4.4130671e+14
      593.296   4.4091821e+14
      593.331   4.3941379e+14
      593.366   4.3759324e+14
      593.401   4.3783388e+14
      593.437   4.3876179e+14
      593.472   4.4112849e+14
      593.507   4.4346835e+14
      593.542   4.4561339e+14
      593.578   4.4584312e+14
      593.613   4.4547677e+14
      593.648   4.4512285e+14
      593.683   4.4479593e+14
      593.718   4.4469629e+14
      593.754   4.4444432e+14
      593.789   4.4379612e+14
      593.824   4.4382482e+14
      593.859   4.4475049e+14
      593.895   4.4592423e+14
      593.930   4.4690452e+14
      593.965   4.4823590e+14
      594.001   4.4881439e+14
      594.036   4.4801296e+14
      594.071   4.4704825e+14
      594.106   4.4615265e+14
      594.142   4.4547773e+14
      594.177   4.4501209e+14
      594.212   4.4492712e+14
      594.248   4.4480589e+14
      594.283   4.4481247e+14
      594.318   4.4472251e+14
      594.354   4.4460120e+14
      594.389   4.4466954e+14
      594.424   4.4461423e+14
      594.460   4.4474027e+14
      594.495   4.4478139e+14
      594.530   4.4489183e+14
      594.566   4.4512671e+14
      594.601   4.4542523e+14
      594.636   4.4586972e+14
      594.672   4.4592906e+14
      594.707   4.4445075e+14
      594.742   4.4331130e+14
      594.778   4.4146962e+14
      594.813   4.3967633e+14
      594.849   4.3845048e+14
      594.884   4.3869916e+14
      594.919   4.3838339e+14
      594.955   4.3872697e+14
      594.990   4.3853247e+14
      595.026   4.3857228e+14
      595.061   4.3855708e+14
      595.096   4.3781130e+14
      595.132   4.3616469e+14
      595.167   4.3406618e+14
      595.203   4.3177504e+14
      595.238   4.3118709e+14
      595.274   4.3134810e+14
      595.309   4.3335908e+14
      595.344   4.3614332e+14
      595.380   4.3876774e+14
      595.415   4.3974126e+14
      595.451   4.4064885e+14
      595.486   4.4024958e+14
      595.522   4.3849774e+14
      595.557   4.3718857e+14
      595.593   4.3570651e+14
      595.628   4.3411927e+14
      595.664   4.3363347e+14
      595.699   4.3543028e+14
      595.735   4.3701001e+14
      595.770   4.3878502e+14
      595.806   4.4062562e+14
      595.841   4.4144619e+14
      595.877   4.4123846e+14
      595.912   4.4081653e+14
      595.948   4.4037802e+14
      595.983   4.3955404e+14
      596.019   4.3869362e+14
      596.054   4.3904555e+14
      596.090   4.3976801e+14
      596.125   4.4051703e+14
      596.161   4.4169632e+14
      596.196   4.4346058e+14
      596.232   4.4410909e+14
      596.267   4.4446149e+14
      596.303   4.4472533e+14
      596.339   4.4505880e+14
      596.374   4.4531696e+14
      596.410   4.4488324e+14
      596.445   4.4414826e+14
      596.481   4.4361759e+14
      596.516   4.4344854e+14
      596.552   4.4319345e+14
      596.588   4.4355423e+14
      596.623   4.4410296e+14
      596.659   4.4454583e+14
      596.694   4.4479160e+14
      596.730   4.4502587e+14
      596.766   4.4516830e+14
      596.801   4.4526015e+14
      596.837   4.4543481e+14
      596.872   4.4545712e+14
      596.908   4.4524418e+14
      596.944   4.4531947e+14
      596.979   4.4614210e+14
      597.015   4.4695905e+14
      597.051   4.4790051e+14
      597.086   4.4904518e+14
      597.122   4.4990982e+14
      597.158   4.5028478e+14
      597.193   4.5058688e+14
      597.229   4.5077542e+14
      597.265   4.5093912e+14
      597.300   4.5096028e+14
      597.336   4.5054701e+14
      597.372   4.4779330e+14
      597.407   4.4574234e+14
      597.443   4.4537097e+14
      597.479   4.4310650e+14
      597.514   4.4002252e+14
      597.550   4.3814804e+14
      597.586   4.3659928e+14
      597.621   4.3523118e+14
      597.657   4.3411004e+14
      597.693   4.3215762e+14
      597.729   4.3153638e+14
      597.764   4.3091677e+14
      597.800   4.3028789e+14
      597.836   4.2983319e+14
      597.872   4.3016999e+14
      597.907   4.3211667e+14
      597.943   4.3440044e+14
      597.979   4.3684629e+14
      598.015   4.3966589e+14
      598.050   4.4324699e+14
      598.086   4.4554189e+14
      598.122   4.4735893e+14
      598.158   4.4873790e+14
      598.193   4.4959570e+14
      598.229   4.4974954e+14
      598.265   4.4974646e+14
      598.301   4.4944448e+14
      598.337   4.4822317e+14
      598.372   4.4686399e+14
      598.408   4.4516908e+14
      598.444   4.4342404e+14
      598.480   4.4205261e+14
      598.516   4.4151579e+14
      598.552   4.4020639e+14
      598.587   4.3868673e+14
      598.623   4.3720002e+14
      598.659   4.3573808e+14
      598.695   4.3451023e+14
      598.731   4.3442894e+14
      598.767   4.3470660e+14
      598.802   4.3506331e+14
      598.838   4.3579728e+14
      598.874   4.3751372e+14
      598.910   4.3918793e+14
      598.946   4.4042102e+14
      598.982   4.4101331e+14
      599.018   4.4095348e+14
      599.054   4.4010420e+14
      599.089   4.4003482e+14
      599.125   4.4050990e+14
      599.161   4.4158364e+14
      599.197   4.4280720e+14
      599.233   4.4361174e+14
      599.269   4.4343595e+14
      599.305   4.4312539e+14
      599.341   4.4282723e+14
      599.377   4.4257399e+14
      599.413   4.4245295e+14
      599.448   4.4234869e+14
      599.484   4.4252712e+14
      599.520   4.4288528e+14
      599.556   4.4246969e+14
      599.592   4.4169213e+14
      599.628   4.4070731e+14
      599.664   4.3942785e+14
      599.700   4.3800342e+14
      599.736   4.3746512e+14
      599.772   4.3753592e+14
      599.808   4.3787895e+14
      599.844   4.3826698e+14
      599.880   4.3856009e+14
      599.916   4.3865850e+14
      599.952   4.3851715e+14
      599.988   4.3840570e+14
      600.024   4.3832925e+14
      600.060   4.3879730e+14
      600.096   4.4014469e+14
      600.132   4.4080023e+14
      600.168   4.4130598e+14
      600.204   4.4178670e+14
      600.240   4.4175538e+14
      600.276   4.4099945e+14
      600.312   4.4099306e+14
      600.348   4.4103410e+14
      600.384   4.4050788e+14
      600.420   4.3986416e+14
      600.456   4.3929536e+14
      600.492   4.3872152e+14
      600.529   4.3813320e+14
      600.565   4.3765669e+14
      600.601   4.3696762e+14
      600.637   4.3575353e+14
      600.673   4.3509424e+14
      600.709   4.3377239e+14
      600.745   4.3260538e+14
      600.781   4.3179586e+14
      600.817   4.3117879e+14
      600.853   4.2977640e+14
      600.889   4.2923412e+14
      600.925   4.2950963e+14
      600.962   4.2995342e+14
      600.998   4.3066171e+14
      601.034   4.3156693e+14
      601.070   4.3219999e+14
      601.106   4.3233023e+14
      601.142   4.3227792e+14
      601.178   4.3211039e+14
      601.214   4.3218564e+14
      601.251   4.3347542e+14
      601.287   4.3484713e+14
      601.323   4.3618899e+14
      601.359   4.3773377e+14
      601.395   4.3917618e+14
      601.431   4.3951228e+14
      601.468   4.3938108e+14
      601.504   4.3766667e+14
      601.540   4.3526588e+14
      601.576   4.3287488e+14
      601.612   4.3081904e+14
      601.648   4.2925630e+14
      601.685   4.2955758e+14
      601.721   4.3121818e+14
      601.757   4.3296921e+14
      601.793   4.3433971e+14
      601.830   4.3525520e+14
      601.866   4.3472185e+14
      601.902   4.3304831e+14
      601.938   4.3125929e+14
      601.974   4.2940991e+14
      602.011   4.2741567e+14
      602.047   4.2759841e+14
      602.083   4.2844287e+14
      602.119   4.2947795e+14
      602.156   4.3067693e+14
      602.192   4.3212347e+14
      602.228   4.3161207e+14
      602.265   4.2996555e+14
      602.301   4.2813489e+14
      602.337   4.2634657e+14
      602.373   4.2521512e+14
      602.410   4.2616859e+14
      602.446   4.2808958e+14
      602.482   4.2997069e+14
      602.518   4.3192482e+14
      602.555   4.3337828e+14
      602.591   4.3353897e+14
      602.627   4.3365453e+14
      602.664   4.3386876e+14
      602.700   4.3383376e+14
      602.736   4.3398948e+14
      602.773   4.3508475e+14
      602.809   4.3589319e+14
      602.845   4.3589843e+14
      602.882   4.3575651e+14
      602.918   4.3536508e+14
      602.954   4.3413999e+14
      602.991   4.3311150e+14
      603.027   4.3289387e+14
      603.064   4.3338059e+14
      603.100   4.3468773e+14
      603.136   4.3604528e+14
      603.173   4.3744412e+14
      603.209   4.3887995e+14
      603.245   4.3969296e+14
      603.282   4.3947939e+14
      603.318   4.3947344e+14
      603.355   4.4035283e+14
      603.391   4.4191006e+14
      603.427   4.4381174e+14
      603.464   4.4585531e+14
      603.500   4.4752381e+14
      603.537   4.4823322e+14
      603.573   4.4825049e+14
      603.610   4.4809267e+14
      603.646   4.4785099e+14
      603.682   4.4760674e+14
      603.719   4.4739352e+14
      603.755   4.4727490e+14
      603.792   4.4726786e+14
      603.828   4.4720205e+14
      603.865   4.4713460e+14
      603.901   4.4715932e+14
      603.938   4.4718243e+14
      603.974   4.4709143e+14
      604.011   4.4704654e+14
      604.047   4.4698570e+14
      604.084   4.4694837e+14
      604.120   4.4700326e+14
      604.157   4.4706663e+14
      604.193   4.4710641e+14
      604.230   4.4692056e+14
      604.266   4.4656764e+14
      604.303   4.4621053e+14
      604.339   4.4591036e+14
      604.376   4.4565888e+14
      604.412   4.4562558e+14
      604.449   4.4567369e+14
      604.485   4.4566805e+14
      604.522   4.4559780e+14
      604.558   4.4555438e+14
      604.595   4.4559240e+14
      604.631   4.4560436e+14
      604.668   4.4559965e+14
      604.705   4.4557468e+14
      604.741   4.4557909e+14
      604.778   4.4572551e+14
      604.814   4.4596428e+14
      604.851   4.4625186e+14
      604.888   4.4658739e+14
      604.924   4.4682878e+14
      604.961   4.4687445e+14
      604.997   4.4698483e+14
      605.034   4.4711771e+14
      605.070   4.4722148e+14
      605.107   4.4726038e+14
      605.144   4.4728660e+14
      605.180   4.4725928e+14
      605.217   4.4703082e+14
      605.254   4.4665864e+14
      605.290   4.4638403e+14
      605.327   4.4616562e+14
      605.364   4.4596984e+14
      605.400   4.4579360e+14
      605.437   4.4485609e+14
      605.473   4.4348398e+14
      605.510   4.4219302e+14
      605.547   4.4087168e+14
      605.583   4.3968835e+14
      605.620   4.3946184e+14
      605.657   4.3966180e+14
      605.694   4.3968008e+14
      605.730   4.3979109e+14
      605.767   4.4010721e+14
      605.804   4.4048891e+14
      605.840   4.4089531e+14
      605.877   4.4129478e+14
      605.914   4.4139642e+14
      605.950   4.4179028e+14
      605.987   4.4300784e+14
      606.024   4.4437454e+14
      606.061   4.4586503e+14
      606.097   4.4755202e+14
      606.134   4.4845450e+14
      606.171   4.4834950e+14
      606.208   4.4822927e+14
      606.244   4.4811348e+14
      606.281   4.4800080e+14
      606.318   4.4802961e+14
      606.355   4.4781081e+14
      606.391   4.4589132e+14
      606.428   4.4303499e+14
      606.465   4.4052957e+14
      606.502   4.3823356e+14
      606.538   4.3624238e+14
      606.575   4.3566914e+14
      606.612   4.3591456e+14
      606.649   4.3608424e+14
      606.686   4.3643076e+14
      606.722   4.3682980e+14
      606.759   4.3733312e+14
      606.796   4.3796292e+14
      606.833   4.3847647e+14
      606.870   4.3863614e+14
      606.907   4.3970844e+14
      606.943   4.4232748e+14
      606.980   4.4520019e+14
      607.017   4.4801514e+14
      607.054   4.5092655e+14
      607.091   4.5272059e+14
      607.128   4.5309872e+14
      607.165   4.5324424e+14
      607.201   4.5340936e+14
      607.238   4.5358270e+14
      607.275   4.5371058e+14
      607.312   4.5375747e+14
      607.349   4.5376135e+14
      607.386   4.5373236e+14
      607.423   4.5370338e+14
      607.460   4.5363901e+14
      607.497   4.5349866e+14
      607.533   4.5335767e+14
      607.570   4.5323759e+14
      607.607   4.5308959e+14
      607.644   4.5283278e+14
      607.681   4.5173321e+14
      607.718   4.4968187e+14
      607.755   4.4727849e+14
      607.792   4.4476093e+14
      607.829   4.4235703e+14
      607.866   4.4082626e+14
      607.903   4.4023199e+14
      607.940   4.3993134e+14
      607.977   4.3968632e+14
      608.014   4.3943623e+14
      608.051   4.3925956e+14
      608.088   4.3889798e+14
      608.125   4.3805016e+14
      608.161   4.3693064e+14
      608.199   4.3628331e+14
      608.236   4.3630906e+14
      608.273   4.3699585e+14
      608.310   4.3846289e+14
      608.346   4.3986618e+14
      608.384   4.4045000e+14
      608.421   4.4038475e+14
      608.458   4.3973164e+14
      608.495   4.3865534e+14
      608.532   4.3809331e+14
      608.569   4.3785050e+14
      608.606   4.3755447e+14
      608.643   4.3781339e+14
      608.680   4.3848541e+14
      608.717   4.3903331e+14
      608.754   4.3985000e+14
      608.791   4.4062620e+14
      608.828   4.4076109e+14
      608.865   4.4084280e+14
      608.902   4.4127434e+14
      608.939   4.4143217e+14
      608.976   4.4169900e+14
      609.013   4.4236354e+14
      609.051   4.4270844e+14
      609.088   4.4265948e+14
      609.125   4.4259780e+14
      609.162   4.4246005e+14
      609.199   4.4198998e+14
      609.236   4.4144885e+14
      609.273   4.4081374e+14
      609.310   4.4043481e+14
      609.347   4.4053279e+14
      609.385   4.4114668e+14
      609.422   4.4217599e+14
      609.459   4.4344902e+14
      609.496   4.4417154e+14
      609.533   4.4426729e+14
      609.570   4.4440616e+14
      609.607   4.4440034e+14
      609.645   4.4428877e+14
      609.682   4.4447080e+14
      609.719   4.4516571e+14
      609.756   4.4588358e+14
      609.793   4.4671330e+14
      609.830   4.4766497e+14
      609.868   4.4854901e+14
      609.905   4.4907176e+14
      609.942   4.4927448e+14
      609.979   4.4917500e+14
      610.016   4.4913388e+14
      610.054   4.4855763e+14
      610.091   4.4647636e+14
      610.128   4.4319049e+14
      610.165   4.3947223e+14
      610.203   4.3549768e+14
      610.240   4.3224852e+14
      610.277   4.3063818e+14
      610.314   4.3024765e+14
      610.352   4.3022632e+14
      610.389   4.3016865e+14
      610.426   4.2990507e+14
      610.463   4.2950415e+14
      610.501   4.2880645e+14
      610.538   4.2781807e+14
      610.575   4.2672277e+14
      610.612   4.2636981e+14
      610.650   4.2701201e+14
      610.687   4.2859450e+14
      610.724   4.3145909e+14
      610.762   4.3471412e+14
      610.799   4.3715216e+14
      610.836   4.3859328e+14
      610.874   4.3956474e+14
      610.911   4.3997318e+14
      610.948   4.4007890e+14
      610.986   4.3994880e+14
      611.023   4.4010976e+14
      611.060   4.4032670e+14
      611.098   4.4080371e+14
      611.135   4.4164677e+14
      611.172   4.4299896e+14
      611.210   4.4473857e+14
      611.247   4.4650074e+14
      611.284   4.4775397e+14
      611.322   4.4880407e+14
      611.359   4.4956872e+14
      611.396   4.4966383e+14
      611.434   4.4912298e+14
      611.471   4.4823028e+14
      611.509   4.4730742e+14
      611.546   4.4625674e+14
      611.583   4.4534856e+14
      611.621   4.4496272e+14
      611.658   4.4516722e+14
      611.696   4.4578465e+14
      611.733   4.4669968e+14
      611.770   4.4741615e+14
      611.808   4.4780960e+14
      611.845   4.4782830e+14
      611.883   4.4740681e+14
      611.920   4.4659515e+14
      611.958   4.4610226e+14
      611.995   4.4625077e+14
      612.033   4.4616542e+14
      612.070   4.4473962e+14
      612.108   4.4275372e+14
      612.145   4.4082841e+14
      612.182   4.3859720e+14
      612.220   4.3671019e+14
      612.257   4.3612463e+14
      612.295   4.3630383e+14
      612.332   4.3582009e+14
      612.370   4.3488065e+14
      612.407   4.3422356e+14
      612.445   4.3351079e+14
      612.482   4.3257072e+14
      612.520   4.3186038e+14
      612.557   4.3191665e+14
      612.595   4.3314834e+14
      612.632   4.3468306e+14
      612.670   4.3560392e+14
      612.708   4.3689196e+14
      612.745   4.3782282e+14
      612.783   4.3661536e+14
      612.820   4.3448456e+14
      612.858   4.3402637e+14
      612.895   4.3408024e+14
      612.933   4.3420841e+14
      612.970   4.3503479e+14
      613.008   4.3602770e+14
      613.046   4.3565099e+14
      613.083   4.3479878e+14
      613.121   4.3381228e+14
      613.158   4.3384487e+14
      613.196   4.3562337e+14
      613.234   4.3811913e+14
      613.271   4.4009372e+14
      613.309   4.4275623e+14
      613.346   4.4513480e+14
      613.384   4.4655785e+14
      613.422   4.4786383e+14
      613.459   4.4892894e+14
      613.497   4.4747820e+14
      613.535   4.4364761e+14
      613.572   4.3932505e+14
      613.610   4.3384329e+14
      613.648   4.2771442e+14
      613.685   4.2366746e+14
      613.723   4.2114068e+14
      613.761   4.1909104e+14
      613.798   4.1847576e+14
      613.836   4.1916972e+14
      613.874   4.1960054e+14
      613.911   4.2007641e+14
      613.949   4.2006261e+14
      613.987   4.1831593e+14
      614.024   4.1614599e+14
      614.062   4.1586857e+14
      614.100   4.1641943e+14
      614.137   4.1903805e+14
      614.175   4.2438925e+14
      614.213   4.3020695e+14
      614.251   4.3444502e+14
      614.288   4.3779529e+14
      614.326   4.3859662e+14
      614.364   4.3719794e+14
      614.402   4.3552512e+14
      614.439   4.3362833e+14
      614.477   4.3151983e+14
      614.515   4.3104128e+14
      614.553   4.3252842e+14
      614.590   4.3420678e+14
      614.628   4.3574311e+14
      614.666   4.3777398e+14
      614.704   4.3917262e+14
      614.742   4.3910169e+14
      614.779   4.3804357e+14
      614.817   4.3695819e+14
      614.855   4.3656164e+14
      614.893   4.3671582e+14
      614.930   4.3735571e+14
      614.968   4.3852982e+14
      615.006   4.4010873e+14
      615.044   4.4035486e+14
      615.082   4.3969127e+14
      615.120   4.3929157e+14
      615.157   4.3975787e+14
      615.195   4.4105732e+14
      615.233   4.4259256e+14
      615.271   4.4425340e+14
      615.309   4.4559397e+14
      615.347   4.4520973e+14
      615.385   4.4325690e+14
      615.422   4.4165500e+14
      615.460   4.3991220e+14
      615.498   4.3799505e+14
      615.536   4.3738764e+14
      615.574   4.3840529e+14
      615.612   4.3881543e+14
      615.650   4.3863095e+14
      615.688   4.3876683e+14
      615.726   4.3832340e+14
      615.764   4.3686486e+14
      615.801   4.3548807e+14
      615.839   4.3504204e+14
      615.877   4.3545215e+14
      615.915   4.3639042e+14
      615.953   4.3693645e+14
      615.991   4.3669292e+14
      616.029   4.3523156e+14
      616.067   4.3037829e+14
      616.105   4.2417364e+14
      616.143   4.1999687e+14
      616.181   4.1655830e+14
      616.219   4.1252484e+14
      616.257   4.1018599e+14
      616.295   4.0990089e+14
      616.333   4.0917987e+14
      616.371   4.0805109e+14
      616.409   4.0755569e+14
      616.447   4.0801926e+14
      616.485   4.0794438e+14
      616.523   4.0681550e+14
      616.561   4.0786375e+14
      616.599   4.1230220e+14
      616.637   4.1747170e+14
      616.675   4.2176170e+14
      616.713   4.2670589e+14
      616.751   4.3012682e+14
      616.789   4.3001890e+14
      616.827   4.2757200e+14
      616.865   4.2501218e+14
      616.903   4.2194699e+14
      616.941   4.1913562e+14
      616.979   4.1721160e+14
      617.017   4.1764831e+14
      617.055   4.1918024e+14
      617.094   4.2085225e+14
      617.132   4.2171264e+14
      617.170   4.2189312e+14
      617.208   4.1990002e+14
      617.246   4.1781913e+14
      617.284   4.1674665e+14
      617.322   4.1808963e+14
      617.360   4.2063701e+14
      617.398   4.2459206e+14
      617.436   4.2895110e+14
      617.475   4.3282433e+14
      617.513   4.3433151e+14
      617.551   4.3462912e+14
      617.589   4.3452593e+14
      617.627   4.3365714e+14
      617.665   4.3224845e+14
      617.703   4.3207820e+14
      617.742   4.3344348e+14
      617.780   4.3498010e+14
      617.818   4.3605678e+14
      617.856   4.3649104e+14
      617.894   4.3596881e+14
      617.932   4.3548251e+14
      617.971   4.3548076e+14
      618.009   4.3549579e+14
      618.047   4.3679961e+14
      618.085   4.3880606e+14
      618.123   4.4016962e+14
      618.162   4.4139836e+14
      618.200   4.4293495e+14
      618.238   4.4400337e+14
      618.276   4.4446460e+14
      618.314   4.4476632e+14
      618.353   4.4493545e+14
      618.391   4.4581143e+14
      618.429   4.4714852e+14
      618.467   4.4839832e+14
      618.506   4.4945389e+14
      618.544   4.5033586e+14
      618.582   4.5037554e+14
      618.620   4.4943112e+14
      618.659   4.4786151e+14
      618.697   4.4667438e+14
      618.735   4.4585280e+14
      618.774   4.4489062e+14
      618.812   4.4445031e+14
      618.850   4.4471623e+14
      618.888   4.4473989e+14
      618.927   4.4405046e+14
      618.965   4.4156734e+14
      619.003   4.3717875e+14
      619.042   4.3287666e+14
      619.080   4.2915369e+14
      619.118   4.2596162e+14
      619.157   4.2522588e+14
      619.195   4.2680104e+14
      619.233   4.2799450e+14
      619.272   4.2868048e+14
      619.310   4.2957490e+14
      619.348   4.2972106e+14
      619.387   4.2924592e+14
      619.425   4.2860478e+14
      619.464   4.2804433e+14
      619.502   4.2900868e+14
      619.540   4.3184470e+14
      619.579   4.3555442e+14
      619.617   4.3981902e+14
      619.656   4.4400226e+14
      619.694   4.4644488e+14
      619.732   4.4694075e+14
      619.771   4.4661362e+14
      619.809   4.4612300e+14
      619.848   4.4508807e+14
      619.886   4.4314814e+14
      619.924   4.4166009e+14
      619.963   4.4029915e+14
      620.001   4.3908706e+14
      620.040   4.3843370e+14
      620.078   4.3870973e+14
      620.117   4.3858081e+14
      620.155   4.3843818e+14
      620.193   4.3816631e+14
      620.232   4.3779439e+14
      620.270   4.3755348e+14
      620.309   4.3743730e+14
      620.347   4.3716790e+14
      620.386   4.3801596e+14
      620.424   4.3966490e+14
      620.463   4.4150864e+14
      620.501   4.4327430e+14
      620.540   4.4512890e+14
      620.578   4.4599510e+14
      620.617   4.4627769e+14
      620.655   4.4635269e+14
      620.694   4.4639730e+14
      620.732   4.4641279e+14
      620.771   4.4618587e+14
      620.810   4.4600032e+14
      620.848   4.4589157e+14
      620.887   4.4578875e+14
      620.925   4.4634496e+14
      620.964   4.4709350e+14
      621.002   4.4764181e+14
      621.041   4.4808191e+14
      621.079   4.4850070e+14
      621.118   4.4886060e+14
      621.157   4.4837160e+14
      621.195   4.4643753e+14
      621.234   4.4476535e+14
      621.272   4.4322434e+14
      621.311   4.4162166e+14
      621.350   4.4023893e+14
      621.388   4.3941470e+14
      621.427   4.3864790e+14
      621.465   4.3764484e+14
      621.504   4.3632635e+14
      621.543   4.3580786e+14
      621.581   4.3633250e+14
      621.620   4.3640189e+14
      621.659   4.3607505e+14
      621.697   4.3743643e+14
      621.736   4.3897723e+14
      621.775   4.3934211e+14
      621.813   4.3951731e+14
      621.852   4.4000401e+14
      621.891   4.3954507e+14
      621.929   4.3821233e+14
      621.968   4.3774289e+14
      622.007   4.3730966e+14
      622.045   4.3697169e+14
      622.084   4.3636993e+14
      622.123   4.3577327e+14
      622.161   4.3537816e+14
      622.200   4.3516761e+14
      622.239   4.3458379e+14
      622.278   4.3435758e+14
      622.316   4.3517551e+14
      622.355   4.3639858e+14
      622.394   4.3784471e+14
      622.432   4.4050902e+14
      622.471   4.4271528e+14
      622.510   4.4392338e+14
      622.549   4.4522242e+14
      622.588   4.4688201e+14
      622.626   4.4791877e+14
      622.665   4.4884209e+14
      622.704   4.4963847e+14
      622.743   4.4952701e+14
      622.781   4.4831510e+14
      622.820   4.4725413e+14
      622.859   4.4584281e+14
      622.898   4.4333907e+14
      622.937   4.3905522e+14
      622.975   4.3591198e+14
      623.014   4.3266245e+14
      623.053   4.3007587e+14
      623.092   4.2824417e+14
      623.131   4.2734139e+14
      623.169   4.2624301e+14
      623.208   4.2505444e+14
      623.247   4.2327897e+14
      623.286   4.2277796e+14
      623.325   4.2397219e+14
      623.364   4.2484206e+14
      623.403   4.2494084e+14
      623.441   4.2710070e+14
      623.480   4.3006145e+14
      623.519   4.3290311e+14
      623.558   4.3483874e+14
      623.597   4.3573044e+14
      623.636   4.3637026e+14
      623.675   4.3581782e+14
      623.714   4.3458720e+14
      623.753   4.3439046e+14
      623.791   4.3578833e+14
      623.830   4.3536558e+14
      623.869   4.3366164e+14
      623.908   4.3117521e+14
      623.947   4.2908346e+14
      623.986   4.2762045e+14
      624.025   4.2631065e+14
      624.064   4.2548672e+14
      624.103   4.2710123e+14
      624.142   4.2837020e+14
      624.181   4.2874747e+14
      624.220   4.2916115e+14
      624.259   4.2881826e+14
      624.298   4.2662623e+14
      624.337   4.2448073e+14
      624.376   4.2264964e+14
      624.415   4.2141920e+14
      624.454   4.2149961e+14
      624.493   4.2077617e+14
      624.532   4.2027903e+14
      624.571   4.1956061e+14
      624.610   4.1720282e+14
      624.649   4.1508936e+14
      624.688   4.1486746e+14
      624.727   4.1423959e+14
      624.766   4.1475421e+14
      624.805   4.1804092e+14
      624.844   4.2179405e+14
      624.883   4.2532642e+14
      624.922   4.2912738e+14
      624.961   4.3180412e+14
      625.000   4.3445001e+14
      625.039   4.3691201e+14
      625.078   4.3816081e+14
      625.117   4.3793314e+14
      625.156   4.3928640e+14
      625.195   4.3878530e+14
      625.234   4.3603615e+14
      625.274   4.3261791e+14
      625.313   4.3075633e+14
      625.352   4.2770384e+14
      625.391   4.2492710e+14
      625.430   4.2368212e+14
      625.469   4.2352889e+14
      625.508   4.2153049e+14
      625.547   4.1986543e+14
      625.586   4.1745470e+14
      625.626   4.1683774e+14
      625.665   4.1716622e+14
      625.704   4.1829768e+14
      625.743   4.1815175e+14
      625.782   4.2114508e+14
      625.821   4.2346871e+14
      625.861   4.2598899e+14
      625.900   4.2926515e+14
      625.939   4.3293816e+14
      625.978   4.3306706e+14
      626.017   4.3389763e+14
      626.057   4.3492995e+14
      626.096   4.3579989e+14
      626.135   4.3690215e+14
      626.174   4.3977619e+14
      626.213   4.4098063e+14
      626.253   4.4195113e+14
      626.292   4.4334117e+14
      626.331   4.4439212e+14
      626.370   4.4291144e+14
      626.409   4.4191086e+14
      626.449   4.4026871e+14
      626.488   4.3889186e+14
      626.527   4.3845994e+14
      626.566   4.3979295e+14
      626.606   4.4031487e+14
      626.645   4.4060888e+14
      626.684   4.4039105e+14
      626.723   4.3967176e+14
      626.763   4.3940758e+14
      626.802   4.3910342e+14
      626.841   4.3792155e+14
      626.881   4.3756313e+14
      626.920   4.3868004e+14
      626.959   4.3937122e+14
      626.999   4.3997703e+14
      627.038   4.4179079e+14
      627.077   4.4252031e+14
      627.117   4.4176105e+14
      627.156   4.4138507e+14
      627.195   4.4163114e+14
      627.234   4.4183802e+14
      627.274   4.4194378e+14
      627.313   4.4229190e+14
      627.353   4.4214152e+14
      627.392   4.4274332e+14
      627.431   4.4373485e+14
      627.471   4.4481625e+14
      627.510   4.4623441e+14
      627.549   4.4794565e+14
      627.589   4.4860382e+14
      627.628   4.4886365e+14
      627.668   4.4928394e+14
      627.707   4.4934237e+14
      627.746   4.4901616e+14
      627.786   4.4848407e+14
      627.825   4.4767883e+14
      627.865   4.4650006e+14
      627.904   4.4423940e+14
      627.943   4.4187888e+14
      627.983   4.4012350e+14
      628.022   4.3872576e+14
      628.062   4.3746737e+14
      628.101   4.3721603e+14
      628.141   4.3719323e+14
      628.180   4.3695490e+14
      628.220   4.3668326e+14
      628.259   4.3660982e+14
      628.299   4.3661583e+14
      628.338   4.3700338e+14
      628.378   4.3699102e+14
      628.417   4.3776116e+14
      628.457   4.3953303e+14
      628.496   4.4150876e+14
      628.536   4.4311349e+14
      628.575   4.4499011e+14
      628.615   4.4608163e+14
      628.654   4.4638623e+14
      628.694   4.4652128e+14
      628.733   4.4667652e+14
      628.773   4.4688502e+14
      628.812   4.4724480e+14
      628.852   4.4730655e+14
      628.891   4.4720226e+14
      628.931   4.4662158e+14
      628.970   4.4541575e+14
      629.010   4.4452068e+14
      629.049   4.4380492e+14
      629.089   4.4310014e+14
      629.129   4.4292256e+14
      629.168   4.4340016e+14
      629.208   4.4348487e+14
      629.247   4.4332761e+14
      629.287   4.4333888e+14
      629.327   4.4335541e+14
      629.366   4.4324798e+14
      629.406   4.4310702e+14
      629.445   4.4303105e+14
      629.485   4.4337293e+14
      629.525   4.4396423e+14
      629.564   4.4459433e+14
      629.604   4.4472897e+14
      629.644   4.4357481e+14
      629.683   4.4249081e+14
      629.723   4.4122088e+14
      629.763   4.4001912e+14
      629.802   4.3919466e+14
      629.842   4.3971762e+14
      629.882   4.3952122e+14
      629.921   4.3904060e+14
      629.961   4.3758100e+14
      630.001   4.3444042e+14
      630.040   4.3192663e+14
      630.080   4.2887736e+14
      630.120   4.2428328e+14
      630.159   4.2264062e+14
      630.199   4.2358060e+14
      630.239   4.2380877e+14
      630.279   4.2462284e+14
      630.318   4.2746734e+14
      630.358   4.2825014e+14
      630.398   4.2829468e+14
      630.438   4.2831817e+14
      630.477   4.2773402e+14
      630.517   4.2900848e+14
      630.557   4.3106360e+14
      630.596   4.3311311e+14
      630.636   4.3673792e+14
      630.676   4.4163275e+14
      630.716   4.4444349e+14
      630.756   4.4666303e+14
      630.795   4.4909775e+14
      630.835   4.4972448e+14
      630.875   4.4967023e+14
      630.915   4.4977376e+14
      630.955   4.4976426e+14
      630.994   4.4933599e+14
      631.034   4.4939650e+14
      631.074   4.4953145e+14
      631.114   4.4947438e+14
      631.154   4.4947518e+14
      631.194   4.4995998e+14
      631.233   4.5018366e+14
      631.273   4.4978990e+14
      631.313   4.4749893e+14
      631.353   4.4514193e+14
      631.393   4.4089251e+14
      631.433   4.3655567e+14
      631.473   4.3308418e+14
      631.512   4.3200137e+14
      631.552   4.3096124e+14
      631.592   4.3151618e+14
      631.632   4.3117091e+14
      631.672   4.2900633e+14
      631.712   4.2585151e+14
      631.752   4.2178258e+14
      631.792   4.1621216e+14
      631.832   4.1354037e+14
      631.872   4.1244316e+14
      631.911   4.1338105e+14
      631.951   4.1633464e+14
      631.991   4.2112731e+14
      632.031   4.2402121e+14
      632.071   4.2625955e+14
      632.111   4.2535241e+14
      632.151   4.2331742e+14
      632.191   4.2248637e+14
      632.231   4.2296489e+14
      632.271   4.2457139e+14
      632.311   4.2891901e+14
      632.351   4.3330417e+14
      632.391   4.3612939e+14
      632.431   4.3785585e+14
      632.471   4.3933728e+14
      632.511   4.3970633e+14
      632.551   4.3937683e+14
      632.591   4.3833003e+14
      632.631   4.3833260e+14
      632.671   4.3907354e+14
      632.711   4.3995168e+14
      632.751   4.4187704e+14
      632.791   4.4439345e+14
      632.831   4.4548844e+14
      632.871   4.4544129e+14
      632.911   4.4524385e+14
      632.951   4.4473497e+14
      632.992   4.4425583e+14
      633.032   4.4351714e+14
      633.072   4.4275791e+14
      633.112   4.4208825e+14
      633.152   4.4227356e+14
      633.192   4.4264903e+14
      633.232   4.4351806e+14
      633.272   4.4456148e+14
      633.312   4.4527509e+14
      633.352   4.4462640e+14
      633.392   4.4180986e+14
      633.433   4.3975681e+14
      633.473   4.3798266e+14
      633.513   4.3524949e+14
      633.553   4.3248684e+14
      633.593   4.3263732e+14
      633.633   4.3232015e+14
      633.673   4.3173086e+14
      633.714   4.3153067e+14
      633.754   4.3055023e+14
      633.794   4.2909401e+14
      633.834   4.2723322e+14
      633.874   4.2463490e+14
      633.914   4.2484028e+14
      633.955   4.2712925e+14
      633.995   4.2860628e+14
      634.035   4.3020511e+14
      634.075   4.3397203e+14
      634.115   4.3569838e+14
      634.156   4.3653476e+14
      634.196   4.3736514e+14
      634.236   4.3712465e+14
      634.276   4.3557763e+14
      634.317   4.3462896e+14
      634.357   4.3402582e+14
      634.397   4.3379026e+14
      634.437   4.3449645e+14
      634.477   4.3511017e+14
      634.518   4.3466375e+14
      634.558   4.3340152e+14
      634.598   4.3246992e+14
      634.639   4.3179029e+14
      634.679   4.3144332e+14
      634.719   4.3183733e+14
      634.759   4.3277404e+14
      634.800   4.3479705e+14
      634.840   4.3713989e+14
      634.880   4.3930300e+14
      634.921   4.4114953e+14
      634.961   4.4330529e+14
      635.001   4.4400482e+14
      635.042   4.4401862e+14
      635.082   4.4477587e+14
      635.122   4.4596502e+14
      635.163   4.4672325e+14
      635.203   4.4687421e+14
      635.243   4.4658544e+14
      635.284   4.4583107e+14
      635.324   4.4445585e+14
      635.364   4.4178212e+14
      635.405   4.4014487e+14
      635.445   4.3939441e+14
      635.486   4.3804563e+14
      635.526   4.3726843e+14
      635.566   4.3812125e+14
      635.607   4.3859319e+14
      635.647   4.3850509e+14
      635.688   4.3754819e+14
      635.728   4.3433680e+14
      635.768   4.3255945e+14
      635.809   4.3114316e+14
      635.849   4.2937333e+14
      635.890   4.2969904e+14
      635.930   4.3202904e+14
      635.970   4.3263008e+14
      636.011   4.3298785e+14
      636.051   4.3374822e+14
      636.092   4.3256477e+14
      636.132   4.3067480e+14
      636.173   4.2903995e+14
      636.213   4.2670639e+14
      636.254   4.2644297e+14
      636.294   4.2692184e+14
      636.335   4.2781818e+14
      636.375   4.2901641e+14
      636.416   4.3090834e+14
      636.456   4.3118587e+14
      636.497   4.3127305e+14
      636.537   4.3191962e+14
      636.578   4.3242369e+14
      636.618   4.3331736e+14
      636.659   4.3470048e+14
      636.699   4.3578034e+14
      636.740   4.3666184e+14
      636.780   4.3682306e+14
      636.821   4.3711242e+14
      636.862   4.3747888e+14
      636.902   4.3826970e+14
      636.943   4.3879038e+14
      636.983   4.3919614e+14
      637.024   4.3958727e+14
      637.064   4.3936698e+14
      637.105   4.3920315e+14
      637.146   4.3908985e+14
      637.186   4.3939031e+14
      637.227   4.3984577e+14
      637.267   4.4022079e+14
      637.308   4.4095274e+14
      637.349   4.4180178e+14
      637.389   4.4279112e+14
      637.430   4.4329741e+14
      637.471   4.4358312e+14
      637.511   4.4407816e+14
      637.552   4.4470432e+14
      637.592   4.4546809e+14
      637.633   4.4602527e+14
      637.674   4.4640164e+14
      637.714   4.4624800e+14
      637.755   4.4589555e+14
      637.796   4.4547924e+14
      637.836   4.4508868e+14
      637.877   4.4493299e+14
      637.918   4.4366235e+14
      637.958   4.4278195e+14
      637.999   4.4209914e+14
      638.040   4.4147207e+14
      638.081   4.4104190e+14
      638.121   4.4164367e+14
      638.162   4.4161541e+14
      638.203   4.4170692e+14
      638.244   4.4188899e+14
      638.284   4.4199840e+14
      638.325   4.4164797e+14
      638.366   4.4127882e+14
      638.406   4.3915391e+14
      638.447   4.3830784e+14
      638.488   4.3804488e+14
      638.529   4.3835724e+14
      638.570   4.3890675e+14
      638.610   4.4086742e+14
      638.651   4.4129196e+14
      638.692   4.4113038e+14
      638.733   4.4100071e+14
      638.774   4.4093768e+14
      638.814   4.4077799e+14
      638.855   4.4104798e+14
      638.896   4.4122481e+14
      638.937   4.4235318e+14
      638.978   4.4377759e+14
      639.018   4.4540178e+14
      639.059   4.4632557e+14
      639.100   4.4647099e+14
      639.141   4.4576322e+14
      639.182   4.4357019e+14
      639.223   4.3902508e+14
      639.264   4.3559676e+14
      639.304   4.3337818e+14
      639.345   4.3090658e+14
      639.386   4.2950956e+14
      639.427   4.3040625e+14
      639.468   4.3040673e+14
      639.509   4.3018583e+14
      639.550   4.2994622e+14
      639.591   4.2948783e+14
      639.632   4.3010991e+14
      639.672   4.3058740e+14
      639.713   4.3073197e+14
      639.754   4.3347037e+14
      639.795   4.3650519e+14
      639.836   4.3537716e+14
      639.877   4.3288779e+14
      639.918   4.3186084e+14
      639.959   4.2855150e+14
      640.000   4.2528453e+14
      640.041   4.2536213e+14
      640.082   4.2699348e+14
      640.123   4.2745562e+14
      640.164   4.2768285e+14
      640.205   4.2792080e+14
      640.246   4.2806792e+14
      640.287   4.2799348e+14
      640.328   4.2680271e+14
      640.369   4.2741991e+14
      640.410   4.3122618e+14
      640.451   4.3574343e+14
      640.492   4.4057638e+14
      640.533   4.4641969e+14
      640.574   4.4966685e+14
      640.615   4.4904321e+14
      640.656   4.4559539e+14
      640.697   4.4277505e+14
      640.738   4.4037927e+14
      640.779   4.3864324e+14
      640.820   4.3729723e+14
      640.861   4.3806773e+14
      640.902   4.3802043e+14
      640.943   4.3733167e+14
      640.985   4.3582811e+14
      641.026   4.3194624e+14
      641.067   4.2839518e+14
      641.108   4.2565892e+14
      641.149   4.2273786e+14
      641.190   4.2275237e+14
      641.231   4.2572726e+14
      641.272   4.2835749e+14
      641.313   4.2987822e+14
      641.355   4.3122869e+14
      641.396   4.3066607e+14
      641.437   4.2950410e+14
      641.478   4.2819480e+14
      641.519   4.2605854e+14
      641.560   4.2657366e+14
      641.601   4.2807625e+14
      641.643   4.2948079e+14
      641.684   4.3118989e+14
      641.725   4.3412770e+14
      641.766   4.3515751e+14
      641.807   4.3423868e+14
      641.849   4.3151607e+14
      641.890   4.3022733e+14
      641.931   4.2872157e+14
      641.972   4.2462087e+14
      642.013   4.2161481e+14
      642.055   4.2124164e+14
      642.096   4.2018468e+14
      642.137   4.1947577e+14
      642.178   4.2186597e+14
      642.219   4.2414399e+14
      642.261   4.2564883e+14
      642.302   4.2594481e+14
      642.343   4.2553349e+14
      642.385   4.2693424e+14
      642.426   4.2843360e+14
      642.467   4.2899513e+14
      642.508   4.3233081e+14
      642.550   4.3705617e+14
      642.591   4.3980585e+14
      642.632   4.4240581e+14
      642.673   4.4599806e+14
      642.715   4.4712766e+14
      642.756   4.4734757e+14
      642.797   4.4731553e+14
      642.839   4.4707504e+14
      642.880   4.4641536e+14
      642.921   4.4302245e+14
      642.963   4.4046939e+14
      643.004   4.3827679e+14
      643.045   4.3616944e+14
      643.087   4.3444615e+14
      643.128   4.3457338e+14
      643.169   4.3409418e+14
      643.211   4.3321843e+14
      643.252   4.3242780e+14
      643.294   4.3176114e+14
      643.335   4.3192849e+14
      643.376   4.3171734e+14
      643.418   4.3066671e+14
      643.459   4.3226468e+14
      643.501   4.3420169e+14
      643.542   4.3636653e+14
      643.583   4.3863899e+14
      643.625   4.4146811e+14
      643.666   4.4235835e+14
      643.708   4.4191740e+14
      643.749   4.3755246e+14
      643.791   4.3430211e+14
      643.832   4.3183497e+14
      643.874   4.2869675e+14
      643.915   4.2641969e+14
      643.956   4.2779554e+14
      643.998   4.2805468e+14
      644.039   4.2822459e+14
      644.081   4.2826617e+14
      644.122   4.2796858e+14
      644.164   4.2785156e+14
      644.205   4.2738467e+14
      644.247   4.2551281e+14
      644.288   4.2755846e+14
      644.330   4.3126853e+14
      644.371   4.3510469e+14
      644.413   4.3941780e+14
      644.454   4.4481126e+14
      644.496   4.4635653e+14
      644.538   4.4662767e+14
      644.579   4.4653254e+14
      644.621   4.4633860e+14
      644.662   4.4655805e+14
      644.704   4.4682658e+14
      644.745   4.4703262e+14
      644.787   4.4701343e+14
      644.828   4.4455963e+14
      644.870   4.4172959e+14
      644.912   4.3930811e+14
      644.953   4.3688300e+14
      644.995   4.3435871e+14
      645.036   4.3454405e+14
      645.078   4.3455809e+14
      645.120   4.3427348e+14
      645.161   4.3407426e+14
      645.203   4.3429281e+14
      645.245   4.3422880e+14
      645.286   4.3408338e+14
      645.328   4.3246900e+14
      645.369   4.3212695e+14
      645.411   4.3329561e+14
      645.453   4.3434865e+14
      645.494   4.3455049e+14
      645.536   4.3625255e+14
      645.578   4.3586280e+14
      645.619   4.3436839e+14
      645.661   4.3357451e+14
      645.703   4.3371774e+14
      645.745   4.3377478e+14
      645.786   4.3380695e+14
      645.828   4.3381547e+14
      645.870   4.3407994e+14
      645.911   4.3453234e+14
      645.953   4.3571554e+14
      645.995   4.3729219e+14
      646.037   4.3963695e+14
      646.078   4.4045087e+14
      646.120   4.3862204e+14
      646.162   4.3557224e+14
      646.204   4.3212320e+14
      646.245   4.2785645e+14
      646.287   4.2476765e+14
      646.329   4.2390225e+14
      646.371   4.2343840e+14
      646.412   4.2236188e+14
      646.454   4.2111604e+14
      646.496   4.2001025e+14
      646.538   4.1899599e+14
      646.580   4.1827550e+14
      646.621   4.1980599e+14
      646.663   4.2396680e+14
      646.705   4.2840862e+14
      646.747   4.3243562e+14
      646.789   4.3597221e+14
      646.831   4.3802019e+14
      646.872   4.3781248e+14
      646.914   4.3738412e+14
      646.956   4.3794593e+14
      646.998   4.3761199e+14
      647.040   4.3676146e+14
      647.082   4.3578949e+14
      647.124   4.3473912e+14
      647.165   4.3326415e+14
      647.207   4.3302586e+14
      647.249   4.3330586e+14
      647.291   4.3406366e+14
      647.333   4.3502134e+14
      647.375   4.3569026e+14
      647.417   4.3543312e+14
      647.459   4.3477098e+14
      647.501   4.3378197e+14
      647.543   4.3385688e+14
      647.584   4.3458461e+14
      647.626   4.3625035e+14
      647.668   4.3817841e+14
      647.710   4.3974469e+14
      647.752   4.3991720e+14
      647.794   4.3973587e+14
      647.836   4.3958417e+14
      647.878   4.3948923e+14
      647.920   4.3982389e+14
      647.962   4.4105850e+14
      648.004   4.4211763e+14
      648.046   4.4219036e+14
      648.088   4.4183876e+14
      648.130   4.4044371e+14
      648.172   4.3804555e+14
      648.214   4.3578223e+14
      648.256   4.3442702e+14
      648.298   4.3345831e+14
      648.340   4.3310868e+14
      648.382   4.3288069e+14
      648.424   4.3301768e+14
      648.466   4.3320074e+14
      648.508   4.3336755e+14
      648.551   4.3395978e+14
      648.593   4.3550082e+14
      648.635   4.3744250e+14
      648.677   4.4015002e+14
      648.719   4.4296885e+14
      648.761   4.4542277e+14
      648.803   4.4701649e+14
      648.845   4.4822885e+14
      648.887   4.4873780e+14
      648.929   4.4909787e+14
      648.971   4.4923066e+14
      649.014   4.4871997e+14
      649.056   4.4807066e+14
      649.098   4.4744282e+14
      649.140   4.4675533e+14
      649.182   4.4570756e+14
      649.224   4.4308079e+14
      649.266   4.3978192e+14
      649.309   4.3569253e+14
      649.351   4.2949410e+14
      649.393   4.2260380e+14
      649.435   4.1713199e+14
      649.477   4.1132866e+14
      649.519   4.0502305e+14
      649.562   4.0110465e+14
      649.604   3.9830127e+14
      649.646   3.9603948e+14
      649.688   3.9484533e+14
      649.730   3.9498467e+14
      649.773   3.9651830e+14
      649.815   3.9711604e+14
      649.857   3.9834561e+14
      649.899   4.0192381e+14
      649.942   4.0615433e+14
      649.984   4.0947338e+14
      650.026   4.1494673e+14
      650.068   4.2116424e+14
      650.111   4.2543045e+14
      650.153   4.2899920e+14
      650.195   4.3181150e+14
      650.237   4.3280341e+14
      650.280   4.3231193e+14
      650.322   4.3203118e+14
      650.364   4.3307223e+14
      650.406   4.3446363e+14
      650.449   4.3633663e+14
      650.491   4.3832859e+14
      650.533   4.3985654e+14
      650.576   4.3999528e+14
      650.618   4.3992682e+14
      650.660   4.3981484e+14
      650.703   4.3951093e+14
      650.745   4.3911369e+14
      650.787   4.3917547e+14
      650.830   4.3970547e+14
      650.872   4.4032973e+14
      650.915   4.4113433e+14
      650.957   4.4201156e+14
      650.999   4.4241880e+14
      651.042   4.4230068e+14
      651.084   4.4208920e+14
      651.126   4.4182875e+14
      651.169   4.4152558e+14
      651.211   4.4127592e+14
      651.254   4.4111135e+14
      651.296   4.4119608e+14
      651.339   4.4172488e+14
      651.381   4.4246782e+14
      651.423   4.4288444e+14
      651.466   4.4258663e+14
      651.508   4.4180372e+14
      651.551   4.4070863e+14
      651.593   4.3957723e+14
      651.636   4.3862596e+14
      651.678   4.3753229e+14
      651.721   4.3615894e+14
      651.763   4.3470568e+14
      651.806   4.3325841e+14
      651.848   4.3184826e+14
      651.890   4.3111023e+14
      651.933   4.3071315e+14
      651.976   4.3061552e+14
      652.018   4.3092005e+14
      652.060   4.3131175e+14
      652.103   4.3181593e+14
      652.146   4.3241550e+14
      652.188   4.3306342e+14
      652.231   4.3411263e+14
      652.273   4.3547987e+14
      652.316   4.3688896e+14
      652.358   4.3834105e+14
      652.401   4.3957626e+14
      652.443   4.4001240e+14
      652.486   4.3999986e+14
      652.529   4.3975558e+14
      652.571   4.3932515e+14
      652.614   4.3882461e+14
      652.656   4.3835317e+14
      652.699   4.3800235e+14
      652.742   4.3776878e+14
      652.784   4.3766791e+14
      652.827   4.3757879e+14
      652.869   4.3737430e+14
      652.912   4.3711868e+14
      652.955   4.3682218e+14
      652.997   4.3662845e+14
      653.040   4.3676794e+14
      653.083   4.3724096e+14
      653.125   4.3786036e+14
      653.168   4.3837173e+14
      653.211   4.3825552e+14
      653.253   4.3736599e+14
      653.296   4.3621529e+14
      653.339   4.3501241e+14
      653.381   4.3396672e+14
      653.424   4.3349514e+14
      653.467   4.3345208e+14
      653.509   4.3341078e+14
      653.552   4.3330496e+14
      653.595   4.3310889e+14
      653.637   4.3283813e+14
      653.680   4.3247807e+14
      653.723   4.3191038e+14
      653.766   4.3174686e+14
      653.808   4.3201140e+14
      653.851   4.3234799e+14
      653.894   4.3281578e+14
      653.937   4.3347775e+14
      653.979   4.3354298e+14
      654.022   4.3316898e+14
      654.065   4.3276217e+14
      654.108   4.3234973e+14
      654.151   4.3198652e+14
      654.193   4.3187110e+14
      654.236   4.3218331e+14
      654.279   4.3297966e+14
      654.322   4.3386922e+14
      654.365   4.3470418e+14
      654.407   4.3522096e+14
      654.450   4.3393010e+14
      654.493   4.3143479e+14
      654.536   4.2902938e+14
      654.579   4.2630871e+14
      654.622   4.2357933e+14
      654.664   4.2227474e+14
      654.707   4.2172927e+14
      654.750   4.2097289e+14
      654.793   4.2051484e+14
      654.836   4.2027032e+14
      654.879   4.1977920e+14
      654.922   4.1896750e+14
      654.965   4.1878849e+14
      655.008   4.1996230e+14
      655.050   4.2144417e+14
      655.093   4.2330905e+14
      655.136   4.2580213e+14
      655.179   4.2767921e+14
      655.222   4.2811727e+14
      655.265   4.2866800e+14
      655.308   4.2885400e+14
      655.351   4.2846674e+14
      655.394   4.2752779e+14
      655.437   4.2626480e+14
      655.480   4.2497660e+14
      655.523   4.2363590e+14
      655.566   4.2225900e+14
      655.609   4.2106567e+14
      655.652   4.1994882e+14
      655.695   4.1869160e+14
      655.738   4.1715912e+14
      655.781   4.1521956e+14
      655.824   4.1288909e+14
      655.867   4.1006595e+14
      655.910   4.0680751e+14
      655.953   4.0335016e+14
      655.996   3.9942137e+14
      656.039   3.9427025e+14
      656.082   3.8658684e+14
      656.125   3.7524199e+14
      656.168   3.6134012e+14
      656.211   3.4662742e+14
      656.254   3.3176423e+14
      656.297   3.1988310e+14
      656.340   3.1249995e+14
      656.383   3.0842433e+14
      656.426   3.0621482e+14
      656.470   3.0559229e+14
      656.513   3.0630748e+14
      656.556   3.0820774e+14
      656.599   3.1223885e+14
      656.642   3.1996209e+14
      656.685   3.3130461e+14
      656.728   3.4436028e+14
      656.771   3.5726556e+14
      656.814   3.6895036e+14
      656.858   3.7779059e+14
      656.901   3.8326359e+14
      656.944   3.8687011e+14
      656.987   3.9014115e+14
      657.030   3.9298911e+14
      657.073   3.9506716e+14
      657.117   3.9634148e+14
      657.160   3.9706980e+14
      657.203   3.9856778e+14
      657.246   3.9973458e+14
      657.289   4.0087642e+14
      657.333   4.0214180e+14
      657.376   4.0311789e+14
      657.419   4.0417383e+14
      657.462   4.0561315e+14
      657.505   4.0682882e+14
      657.549   4.0778736e+14
      657.592   4.0884836e+14
      657.635   4.0992028e+14
      657.678   4.1117137e+14
      657.722   4.1231979e+14
      657.765   4.1377181e+14
      657.808   4.1561259e+14
      657.851   4.1772886e+14
      657.895   4.2021669e+14
      657.938   4.2262478e+14
      657.981   4.2466040e+14
      658.025   4.2641970e+14
      658.068   4.2770241e+14
      658.111   4.2837297e+14
      658.155   4.2907057e+14
      658.198   4.2973000e+14
      658.241   4.3027911e+14
      658.284   4.3070138e+14
      658.328   4.3093292e+14
      658.371   4.3115673e+14
      658.415   4.3138275e+14
      658.458   4.3132264e+14
      658.501   4.3113585e+14
      658.545   4.3106975e+14
      658.588   4.3098761e+14
      658.631   4.3097712e+14
      658.675   4.3126356e+14
      658.718   4.3171582e+14
      658.761   4.3214321e+14
      658.805   4.3258932e+14
      658.848   4.3309091e+14
      658.892   4.3361127e+14
      658.935   4.3397787e+14
      658.979   4.3432738e+14
      659.022   4.3495065e+14
      659.065   4.3543583e+14
      659.109   4.3469889e+14
      659.152   4.3245459e+14
      659.196   4.2958541e+14
      659.239   4.2560786e+14
      659.283   4.2128885e+14
      659.326   4.1828274e+14
      659.370   4.1637066e+14
      659.413   4.1475530e+14
      659.457   4.1385397e+14
      659.500   4.1360781e+14
      659.544   4.1339253e+14
      659.587   4.1261433e+14
      659.631   4.1235760e+14
      659.674   4.1352809e+14
      659.718   4.1498874e+14
      659.761   4.1706646e+14
      659.805   4.2049875e+14
      659.848   4.2369375e+14
      659.892   4.2568209e+14
      659.935   4.2731432e+14
      659.979   4.2827454e+14
      660.022   4.2850892e+14
      660.066   4.2844609e+14
      660.110   4.2881357e+14
      660.153   4.2979002e+14
      660.197   4.3081966e+14
      660.240   4.3193978e+14
      660.284   4.3308282e+14
      660.328   4.3385077e+14
      660.371   4.3425388e+14
      660.415   4.3448941e+14
      660.458   4.3458360e+14
      660.502   4.3473912e+14
      660.546   4.3479804e+14
      660.589   4.3464107e+14
      660.633   4.3432184e+14
      660.677   4.3386730e+14
      660.720   4.3313318e+14
      660.764   4.3168457e+14
      660.807   4.2977679e+14
      660.851   4.2808474e+14
      660.895   4.2671007e+14
      660.939   4.2569698e+14
      660.982   4.2556135e+14
      661.026   4.2600749e+14
      661.070   4.2650778e+14
      661.113   4.2667325e+14
      661.157   4.2684215e+14
      661.201   4.2694473e+14
      661.244   4.2713794e+14
      661.288   4.2785944e+14
      661.332   4.2937676e+14
      661.376   4.3130879e+14
      661.419   4.3335930e+14
      661.463   4.3534431e+14
      661.507   4.3671597e+14
      661.551   4.3718401e+14
      661.594   4.3705996e+14
      661.638   4.3674023e+14
      661.682   4.3647577e+14
      661.726   4.3638821e+14
      661.770   4.3638633e+14
      661.813   4.3643914e+14
      661.857   4.3663356e+14
      661.901   4.3677274e+14
      661.945   4.3667132e+14
      661.989   4.3642603e+14
      662.032   4.3618292e+14
      662.076   4.3587956e+14
      662.120   4.3552079e+14
      662.164   4.3521729e+14
      662.208   4.3506043e+14
      662.252   4.3493392e+14
      662.296   4.3480191e+14
      662.339   4.3449766e+14
      662.383   4.3399480e+14
      662.427   4.3351955e+14
      662.471   4.3310784e+14
      662.515   4.3279855e+14
      662.559   4.3266632e+14
      662.603   4.3243443e+14
      662.647   4.3206681e+14
      662.690   4.3184539e+14
      662.734   4.3156353e+14
      662.778   4.3131488e+14
      662.822   4.3126560e+14
      662.866   4.3123284e+14
      662.910   4.3094811e+14
      662.954   4.3051658e+14
      662.998   4.2999085e+14
      663.042   4.2958830e+14
      663.086   4.2891996e+14
      663.130   4.2824875e+14
      663.174   4.2760517e+14
      663.218   4.2600298e+14
      663.262   4.2367193e+14
      663.306   4.2169798e+14
      663.350   4.1962393e+14
      663.394   4.1753306e+14
      663.438   4.1667781e+14
      663.482   4.1688112e+14
      663.526   4.1709279e+14
      663.570   4.1736544e+14
      663.614   4.1806500e+14
      663.658   4.1870370e+14
      663.702   4.1913175e+14
      663.746   4.2053579e+14
      663.790   4.2289382e+14
      663.834   4.2463663e+14
      663.878   4.2598311e+14
      663.922   4.2769860e+14
      663.967   4.2865506e+14
      664.011   4.2872064e+14
      664.055   4.2899978e+14
      664.099   4.2948150e+14
      664.143   4.2948056e+14
      664.187   4.2848082e+14
      664.231   4.2675676e+14
      664.275   4.2524609e+14
      664.319   4.2374906e+14
      664.364   4.2275762e+14
      664.408   4.2300321e+14
      664.452   4.2407873e+14
      664.496   4.2481016e+14
      664.540   4.2498097e+14
      664.584   4.2447995e+14
      664.628   4.2352631e+14
      664.673   4.2205123e+14
      664.717   4.2162765e+14
      664.761   4.2267299e+14
      664.805   4.2409064e+14
      664.849   4.2551681e+14
      664.894   4.2739376e+14
      664.938   4.2845089e+14
      664.982   4.2854702e+14
      665.026   4.2837194e+14
      665.070   4.2849561e+14
      665.115   4.2875884e+14
      665.159   4.2918540e+14
      665.203   4.2973433e+14
      665.247   4.3021381e+14
      665.292   4.3043273e+14
      665.336   4.3043146e+14
      665.380   4.3013287e+14
      665.424   4.2975911e+14
      665.469   4.2958608e+14
      665.513   4.2930956e+14
      665.557   4.2906362e+14
      665.602   4.2907676e+14
      665.646   4.2933120e+14
      665.690   4.2959405e+14
      665.735   4.3012723e+14
      665.779   4.3072109e+14
      665.823   4.3083665e+14
      665.868   4.3043825e+14
      665.912   4.2990847e+14
      665.956   4.2936195e+14
      666.001   4.2883263e+14
      666.045   4.2864486e+14
      666.089   4.2868520e+14
      666.134   4.2823917e+14
      666.178   4.2626490e+14
      666.223   4.2327527e+14
      666.267   4.2033202e+14
      666.311   4.1741891e+14
      666.356   4.1508504e+14
      666.400   4.1437298e+14
      666.445   4.1498087e+14
      666.489   4.1538226e+14
      666.533   4.1556093e+14
      666.578   4.1548408e+14
      666.622   4.1481637e+14
      666.667   4.1401829e+14
      666.711   4.1483742e+14
      666.756   4.1698835e+14
      666.800   4.1969039e+14
      666.844   4.2298879e+14
      666.889   4.2647202e+14
      666.933   4.2848436e+14
      666.978   4.2932477e+14
      667.022   4.3004598e+14
      667.067   4.3083335e+14
      667.111   4.3161169e+14
      667.156   4.3245223e+14
      667.200   4.3342029e+14
      667.245   4.3418864e+14
      667.289   4.3476677e+14
      667.334   4.3504474e+14
      667.379   4.3496321e+14
      667.423   4.3476364e+14
      667.468   4.3458445e+14
      667.512   4.3439888e+14
      667.557   4.3412754e+14
      667.601   4.3321677e+14
      667.646   4.3082837e+14
      667.690   4.2758537e+14
      667.735   4.2463267e+14
      667.780   4.2186926e+14
      667.824   4.1976020e+14
      667.869   4.1910805e+14
      667.913   4.1954328e+14
      667.958   4.1974771e+14
      668.003   4.1984887e+14
      668.047   4.1989908e+14
      668.092   4.1970163e+14
      668.137   4.1974426e+14
      668.181   4.2127686e+14
      668.226   4.2381837e+14
      668.271   4.2659204e+14
      668.315   4.2964464e+14
      668.360   4.3239965e+14
      668.405   4.3373084e+14
      668.449   4.3411728e+14
      668.494   4.3439849e+14
      668.539   4.3466290e+14
      668.583   4.3476459e+14
      668.628   4.3455133e+14
      668.673   4.3432125e+14
      668.717   4.3403449e+14
      668.762   4.3385471e+14
      668.807   4.3386482e+14
      668.852   4.3420204e+14
      668.896   4.3463912e+14
      668.941   4.3505190e+14
      668.986   4.3528028e+14
      669.031   4.3538226e+14
      669.075   4.3520849e+14
      669.120   4.3514709e+14
      669.165   4.3530095e+14
      669.210   4.3563947e+14
      669.254   4.3613968e+14
      669.299   4.3687537e+14
      669.344   4.3742935e+14
      669.389   4.3770640e+14
      669.434   4.3724508e+14
      669.478   4.3588802e+14
      669.523   4.3449772e+14
      669.568   4.3326114e+14
      669.613   4.3225106e+14
      669.658   4.3192642e+14
      669.703   4.3216132e+14
      669.748   4.3189818e+14
      669.792   4.3127072e+14
      669.837   4.3039180e+14
      669.882   4.2935607e+14
      669.927   4.2830626e+14
      669.972   4.2838427e+14
      670.017   4.2948962e+14
      670.062   4.3088342e+14
      670.107   4.3238090e+14
      670.151   4.3403764e+14
      670.196   4.3456394e+14
      670.241   4.3406556e+14
      670.286   4.3382190e+14
      670.331   4.3354461e+14
      670.376   4.3306007e+14
      670.421   4.3322521e+14
      670.466   4.3364237e+14
      670.511   4.3341543e+14
      670.556   4.3312967e+14
      670.601   4.3312950e+14
      670.646   4.3289131e+14
      670.691   4.3251856e+14
      670.736   4.3270053e+14
      670.781   4.3322146e+14
      670.826   4.3414029e+14
      670.871   4.3526091e+14
      670.916   4.3643497e+14
      670.961   4.3720558e+14
      671.006   4.3764488e+14
      671.051   4.3815414e+14
      671.096   4.3789819e+14
      671.141   4.3660228e+14
      671.186   4.3484640e+14
      671.231   4.3302581e+14
      671.276   4.3135055e+14
      671.321   4.3027232e+14
      671.366   4.2991743e+14
      671.411   4.2983170e+14
      671.456   4.2990858e+14
      671.501   4.2976108e+14
      671.547   4.2954426e+14
      671.592   4.2847932e+14
      671.637   4.2692598e+14
      671.682   4.2667714e+14
      671.727   4.2735710e+14
      671.772   4.2809894e+14
      671.817   4.2975595e+14
      671.862   4.3189319e+14
      671.908   4.3292281e+14
      671.953   4.3337620e+14
      671.998   4.3371731e+14
      672.043   4.3378338e+14
      672.088   4.3357143e+14
      672.133   4.3435077e+14
      672.179   4.3586702e+14
      672.224   4.3718325e+14
      672.269   4.3848279e+14
      672.314   4.4021812e+14
      672.359   4.4036058e+14
      672.405   4.3905960e+14
      672.450   4.3782778e+14
      672.495   4.3622477e+14
      672.540   4.3396372e+14
      672.585   4.3254284e+14
      672.631   4.3184213e+14
      672.676   4.3113770e+14
      672.721   4.3095607e+14
      672.766   4.3189077e+14
      672.812   4.3234276e+14
      672.857   4.3235803e+14
      672.902   4.3280928e+14
      672.948   4.3365245e+14
      672.993   4.3400824e+14
      673.038   4.3500648e+14
      673.083   4.3659428e+14
      673.129   4.3760331e+14
      673.174   4.3796461e+14
      673.219   4.3870304e+14
      673.265   4.3875272e+14
      673.310   4.3838236e+14
      673.355   4.3816959e+14
      673.401   4.3836000e+14
      673.446   4.3830200e+14
      673.491   4.3819619e+14
      673.537   4.3807405e+14
      673.582   4.3798789e+14
      673.628   4.3766583e+14
      673.673   4.3762748e+14
      673.718   4.3790453e+14
      673.764   4.3787245e+14
      673.809   4.3711592e+14
      673.854   4.3682962e+14
      673.900   4.3637491e+14
      673.945   4.3564624e+14
      673.991   4.3529283e+14
      674.036   4.3544302e+14
      674.082   4.3533746e+14
      674.127   4.3500303e+14
      674.172   4.3454171e+14
      674.218   4.3413455e+14
      674.263   4.3357443e+14
      674.309   4.3349691e+14
      674.354   4.3404170e+14
      674.400   4.3456748e+14
      674.445   4.3482481e+14
      674.491   4.3539300e+14
      674.536   4.3555738e+14
      674.582   4.3518945e+14
      674.627   4.3481244e+14
      674.673   4.3487026e+14
      674.718   4.3501776e+14
      674.764   4.3505304e+14
      674.809   4.3521465e+14
      674.855   4.3479577e+14
      674.900   4.3319133e+14
      674.946   4.3192301e+14
      674.992   4.3067712e+14
      675.037   4.2924406e+14
      675.083   4.2839562e+14
      675.128   4.2809670e+14
      675.174   4.2742586e+14
      675.219   4.2674580e+14
      675.265   4.2644456e+14
      675.311   4.2619686e+14
      675.356   4.2621672e+14
      675.402   4.2726199e+14
      675.447   4.2889412e+14
      675.493   4.3041403e+14
      675.539   4.3208109e+14
      675.584   4.3365449e+14
      675.630   4.3464700e+14
      675.676   4.3540802e+14
      675.721   4.3628712e+14
      675.767   4.3712744e+14
      675.813   4.3810626e+14
      675.858   4.3858455e+14
      675.904   4.3863126e+14
      675.950   4.3817221e+14
      675.995   4.3762765e+14
      676.041   4.3711759e+14
      676.087   4.3664133e+14
      676.133   4.3646182e+14
      676.178   4.3666034e+14
      676.224   4.3687937e+14
      676.270   4.3702205e+14
      676.315   4.3707649e+14
      676.361   4.3672161e+14
      676.407   4.3577291e+14
      676.453   4.3501920e+14
      676.498   4.3458427e+14
      676.544   4.3412450e+14
      676.590   4.3340166e+14
      676.636   4.3222045e+14
      676.682   4.3127950e+14
      676.727   4.3018223e+14
      676.773   4.2904020e+14
      676.819   4.2823183e+14
      676.865   4.2834008e+14
      676.911   4.2822764e+14
      676.956   4.2806923e+14
      677.002   4.2814356e+14
      677.048   4.2792437e+14
      677.094   4.2678534e+14
      677.140   4.2684344e+14
      677.186   4.2757242e+14
      677.232   4.2818262e+14
      677.277   4.2914891e+14
      677.323   4.3122589e+14
      677.369   4.3192706e+14
      677.415   4.3182976e+14
      677.461   4.3204398e+14
      677.507   4.3247634e+14
      677.553   4.3257729e+14
      677.599   4.3309466e+14
      677.644   4.3411279e+14
      677.690   4.3474648e+14
      677.736   4.3509979e+14
      677.782   4.3573079e+14
      677.828   4.3579519e+14
      677.874   4.3550822e+14
      677.920   4.3543088e+14
      677.966   4.3557178e+14
      678.012   4.3562482e+14
      678.058   4.3555313e+14
      678.104   4.3546444e+14
      678.150   4.3495902e+14
      678.196   4.3361999e+14
      678.242   4.3258417e+14
      678.288   4.3172971e+14
      678.334   4.3082119e+14
      678.380   4.2999196e+14
      678.426   4.2978936e+14
      678.472   4.2922651e+14
      678.518   4.2842534e+14
      678.564   4.2719859e+14
      678.610   4.2634040e+14
      678.656   4.2547928e+14
      678.702   4.2538411e+14
      678.748   4.2595563e+14
      678.794   4.2698131e+14
      678.841   4.2778926e+14
      678.887   4.2864777e+14
      678.933   4.2865490e+14
      678.979   4.2857405e+14
      679.025   4.2842368e+14
      679.071   4.2866099e+14
      679.117   4.2902611e+14
      679.163   4.2906195e+14
      679.209   4.2824027e+14
      679.256   4.2742479e+14
      679.302   4.2633315e+14
      679.348   4.2517608e+14
      679.394   4.2428293e+14
      679.440   4.2394066e+14
      679.486   4.2304167e+14
      679.532   4.2247487e+14
      679.579   4.2197960e+14
      679.625   4.2159168e+14
      679.671   4.2110993e+14
      679.717   4.2125034e+14
      679.763   4.2101859e+14
      679.810   4.2101747e+14
      679.856   4.2116361e+14
      679.902   4.2126425e+14
      679.948   4.2103808e+14
      679.995   4.2169359e+14
      680.041   4.2236852e+14
      680.087   4.2314867e+14
      680.133   4.2409953e+14
      680.180   4.2503114e+14
      680.226   4.2496149e+14
      680.272   4.2499985e+14
      680.318   4.2539086e+14
      680.365   4.2584789e+14
      680.411   4.2653476e+14
      680.457   4.2752317e+14
      680.504   4.2764481e+14
      680.550   4.2601352e+14
      680.596   4.2489699e+14
      680.643   4.2386340e+14
      680.689   4.2276932e+14
      680.735   4.2238642e+14
      680.782   4.2359471e+14
      680.828   4.2403422e+14
      680.874   4.2358018e+14
      680.921   4.2339990e+14
      680.967   4.2327588e+14
      681.013   4.2238859e+14
      681.060   4.2317324e+14
      681.106   4.2545755e+14
      681.153   4.2751807e+14
      681.199   4.2936179e+14
      681.245   4.3141938e+14
      681.292   4.3166971e+14
      681.338   4.3017908e+14
      681.385   4.2958906e+14
      681.431   4.2972174e+14
      681.477   4.2962074e+14
      681.524   4.2972569e+14
      681.570   4.3075590e+14
      681.617   4.3068429e+14
      681.663   4.3011317e+14
      681.710   4.2953984e+14
      681.756   4.2922786e+14
      681.803   4.2871991e+14
      681.849   4.2882407e+14
      681.896   4.2873225e+14
      681.942   4.2880217e+14
      681.989   4.2847937e+14
      682.035   4.2855773e+14
      682.082   4.2809228e+14
      682.128   4.2786837e+14
      682.175   4.2739129e+14
      682.221   4.2721864e+14
      682.268   4.2691549e+14
      682.314   4.2670282e+14
      682.361   4.2627679e+14
      682.408   4.2649282e+14
      682.454   4.2674518e+14
      682.501   4.2736082e+14
      682.547   4.2802719e+14
      682.594   4.2880008e+14
      682.640   4.2877297e+14
      682.687   4.2842964e+14
      682.734   4.2698418e+14
      682.780   4.2579753e+14
      682.827   4.2479418e+14
      682.874   4.2408200e+14
      682.920   4.2361451e+14
      682.967   4.2415898e+14
      683.013   4.2446158e+14
      683.060   4.2463730e+14
      683.107   4.2469016e+14
      683.153   4.2477116e+14
      683.200   4.2435547e+14
      683.247   4.2496264e+14
      683.293   4.2605236e+14
      683.340   4.2731982e+14
      683.387   4.2887037e+14
      683.434   4.3088117e+14
      683.480   4.3171986e+14
      683.527   4.3191027e+14
      683.574   4.3171767e+14
      683.620   4.3169327e+14
      683.667   4.3164643e+14
      683.714   4.3189689e+14
      683.761   4.3238468e+14
      683.807   4.3292923e+14
      683.854   4.3270230e+14
      683.901   4.3250685e+14
      683.948   4.3125326e+14
      683.995   4.2862685e+14
      684.041   4.2637444e+14
      684.088   4.2478860e+14
      684.135   4.2267917e+14
      684.182   4.2115307e+14
      684.229   4.1990136e+14
      684.275   4.1885793e+14
      684.322   4.1760029e+14
      684.369   4.1708061e+14
      684.416   4.1682410e+14
      684.463   4.1734292e+14
      684.510   4.1887754e+14
      684.556   4.2123602e+14
      684.603   4.2309723e+14
      684.650   4.2556815e+14
      684.697   4.2817385e+14
      684.744   4.3053654e+14
      684.791   4.3269336e+14
      684.838   4.3486759e+14
      684.885   4.3639511e+14
      684.932   4.3796284e+14
      684.978   4.3827067e+14
      685.025   4.3763000e+14
      685.072   4.3673784e+14
      685.119   4.3594287e+14
      685.166   4.3525089e+14
      685.213   4.3471625e+14
      685.260   4.3463699e+14
      685.307   4.3425116e+14
      685.354   4.3261061e+14
      685.401   4.3041687e+14
      685.448   4.2771573e+14
      685.495   4.2510578e+14
      685.542   4.2342095e+14
      685.589   4.2323174e+14
      685.636   4.2353262e+14
      685.683   4.2344656e+14
      685.730   4.2362133e+14
      685.777   4.2341200e+14
      685.824   4.2272388e+14
      685.871   4.2280115e+14
      685.918   4.2416876e+14
      685.965   4.2604409e+14
      686.012   4.2766741e+14
      686.059   4.2776515e+14
      686.106   4.2756174e+14
      686.153   4.2718904e+14
      686.201   4.2700921e+14
      686.248   4.2754299e+14
      686.295   4.2889177e+14
      686.342   4.2967255e+14
      686.389   4.3003449e+14
      686.436   4.2982246e+14
      686.483   4.2949566e+14
      686.530   4.2888751e+14
      686.577   4.2989824e+14
      686.625   4.3238548e+14
      686.672   4.3469151e+14
      686.719   4.3676531e+14
      686.766   4.3914100e+14
      686.813   4.4001220e+14
      686.860   4.3953087e+14
      686.908   4.3894969e+14
      686.955   4.3845097e+14
      687.002   4.3804678e+14
      687.049   4.3737873e+14
      687.096   4.3637438e+14
      687.144   4.3524988e+14
      687.191   4.3408139e+14
      687.238   4.3334098e+14
      687.285   4.3314933e+14
      687.332   4.3332846e+14
      687.380   4.3338181e+14
      687.427   4.3327638e+14
      687.474   4.3300990e+14
      687.521   4.3271470e+14
      687.569   4.3233091e+14
      687.616   4.3238068e+14
      687.663   4.3272657e+14
      687.711   4.3315663e+14
      687.758   4.3373272e+14
      687.805   4.3444411e+14
      687.852   4.3466081e+14
      687.900   4.3447839e+14
      687.947   4.3436425e+14
      687.995   4.3417886e+14
      688.042   4.3352658e+14
      688.089   4.3246846e+14
      688.137   4.3129289e+14
      688.184   4.3011646e+14
      688.231   4.2895130e+14
      688.279   4.2833360e+14
      688.326   4.2822753e+14
      688.373   4.2811859e+14
      688.421   4.2754961e+14
      688.468   4.2696551e+14
      688.516   4.2602770e+14
      688.563   4.2519569e+14
      688.610   4.2470051e+14
      688.658   4.2540993e+14
      688.705   4.2629158e+14
      688.753   4.2752258e+14
      688.800   4.2867242e+14
      688.848   4.2971080e+14
      688.895   4.2978910e+14
      688.943   4.3005542e+14
      688.990   4.3037869e+14
      689.037   4.3086979e+14
      689.085   4.3138402e+14
      689.132   4.3261831e+14
      689.180   4.3335463e+14
      689.227   4.3390310e+14
      689.275   4.3416111e+14
      689.322   4.3419931e+14
      689.370   4.3343085e+14
      689.417   4.3252896e+14
      689.465   4.3167666e+14
      689.513   4.3094528e+14
      689.560   4.3054491e+14
      689.608   4.3046236e+14
      689.655   4.3005905e+14
      689.703   4.2919464e+14
      689.750   4.2848242e+14
      689.798   4.2766399e+14
      689.846   4.2669254e+14
      689.893   4.2640702e+14
      689.941   4.2676566e+14
      689.988   4.2700829e+14
      690.036   4.2729489e+14
      690.083   4.2769343e+14
      690.131   4.2774913e+14
      690.179   4.2759704e+14
      690.226   4.2780800e+14
      690.274   4.2816977e+14
      690.322   4.2844788e+14
      690.369   4.2872538e+14
      690.417   4.2895442e+14
      690.465   4.2851930e+14
      690.512   4.2780040e+14
      690.560   4.2711669e+14
      690.608   4.2658885e+14
      690.655   4.2632615e+14
      690.703   4.2632684e+14
      690.751   4.2657029e+14
      690.799   4.2692353e+14
      690.846   4.2715194e+14
      690.894   4.2741859e+14
      690.942   4.2775752e+14
      690.990   4.2794616e+14
      691.037   4.2798635e+14
      691.085   4.2843178e+14
      691.133   4.2875001e+14
      691.181   4.2895557e+14
      691.228   4.2923279e+14
      691.276   4.2905672e+14
      691.324   4.2733649e+14
      691.372   4.2587055e+14
      691.419   4.2437774e+14
      691.467   4.2248914e+14
      691.515   4.2014037e+14
      691.563   4.1970035e+14
      691.611   4.1909254e+14
      691.659   4.1853087e+14
      691.706   4.1815948e+14
      691.754   4.1873190e+14
      691.802   4.1834372e+14
      691.850   4.1893062e+14
      691.898   4.1965076e+14
      691.946   4.1998608e+14
      691.994   4.2023174e+14
      692.042   4.2182910e+14
      692.089   4.2267060e+14
      692.137   4.2354179e+14
      692.185   4.2490810e+14
      692.233   4.2643671e+14
      692.281   4.2610089e+14
      692.329   4.2536827e+14
      692.377   4.2382475e+14
      692.425   4.2228092e+14
      692.473   4.2110477e+14
      692.521   4.2103200e+14
      692.569   4.2091866e+14
      692.617   4.2149769e+14
      692.665   4.2210863e+14
      692.713   4.2220975e+14
      692.761   4.2167053e+14
      692.809   4.2188748e+14
      692.857   4.2200887e+14
      692.905   4.2252440e+14
      692.953   4.2341675e+14
      693.001   4.2494687e+14
      693.049   4.2556295e+14
      693.097   4.2617617e+14
      693.145   4.2603861e+14
      693.193   4.2523422e+14
      693.241   4.2385859e+14
      693.289   4.2287996e+14
      693.337   4.2197077e+14
      693.385   4.2127036e+14
      693.433   4.2137023e+14
      693.481   4.2177462e+14
      693.529   4.2183682e+14
      693.577   4.2208470e+14
      693.626   4.2250716e+14
      693.674   4.2266520e+14
      693.722   4.2303788e+14
      693.770   4.2418531e+14
      693.818   4.2528938e+14
      693.866   4.2641970e+14
      693.914   4.2757917e+14
      693.963   4.2857102e+14
      694.011   4.2911837e+14
      694.059   4.2954100e+14
      694.107   4.2983591e+14
      694.155   4.2986674e+14
      694.203   4.2964206e+14
      694.252   4.2959211e+14
      694.300   4.2932962e+14
      694.348   4.2815826e+14
      694.396   4.2616488e+14
      694.444   4.2486823e+14
      694.493   4.2342970e+14
      694.541   4.2202817e+14
      694.589   4.2109698e+14
      694.637   4.2131604e+14
      694.686   4.2109987e+14
      694.734   4.2105748e+14
      694.782   4.2120096e+14
      694.831   4.2159494e+14
      694.879   4.2199425e+14
      694.927   4.2310844e+14
      694.975   4.2373743e+14
      695.024   4.2461408e+14
      695.072   4.2570244e+14
      695.120   4.2701476e+14
      695.169   4.2737445e+14
      695.217   4.2797191e+14
      695.265   4.2838338e+14
      695.314   4.2891195e+14
      695.362   4.2868085e+14
      695.410   4.2845261e+14
      695.459   4.2829193e+14
      695.507   4.2846219e+14
      695.555   4.2889420e+14
      695.604   4.2968774e+14
      695.652   4.3050684e+14
      695.701   4.3141990e+14
      695.749   4.3147983e+14
      695.797   4.3110617e+14
      695.846   4.3063708e+14
      695.894   4.3018761e+14
      695.943   4.2957571e+14
      695.991   4.2927460e+14
      696.040   4.2949800e+14
      696.088   4.2992175e+14
      696.136   4.3031929e+14
      696.185   4.3039732e+14
      696.233   4.3045130e+14
      696.282   4.3053223e+14
      696.330   4.3075230e+14
      696.379   4.3044586e+14
      696.427   4.3061929e+14
      696.476   4.3107318e+14
      696.524   4.3120293e+14
      696.573   4.3104210e+14
      696.621   4.3150121e+14
      696.670   4.3157931e+14
      696.718   4.3175004e+14
      696.767   4.3198846e+14
      696.816   4.3218028e+14
      696.864   4.3196915e+14
      696.913   4.3176747e+14
      696.961   4.3176323e+14
      697.010   4.3150784e+14
      697.058   4.3080693e+14
      697.107   4.3082974e+14
      697.156   4.3086426e+14
      697.204   4.3053941e+14
      697.253   4.3038720e+14
      697.301   4.3063112e+14
      697.350   4.3036800e+14
      697.399   4.2996193e+14
      697.447   4.2971278e+14
      697.496   4.2863839e+14
      697.545   4.2775941e+14
      697.593   4.2769685e+14
      697.642   4.2761438e+14
      697.691   4.2592667e+14
      697.739   4.2435500e+14
      697.788   4.2292375e+14
      697.837   4.2036550e+14
      697.885   4.1820052e+14
      697.934   4.1730281e+14
      697.983   4.1683416e+14
      698.032   4.1665451e+14
      698.080   4.1705836e+14
      698.129   4.1738392e+14
      698.178   4.1744664e+14
      698.227   4.1854623e+14
      698.275   4.2042237e+14
      698.324   4.2228464e+14
      698.373   4.2450649e+14
      698.422   4.2714934e+14
      698.470   4.2922220e+14
      698.519   4.2996946e+14
      698.568   4.3072264e+14
      698.617   4.3114574e+14
      698.666   4.3147535e+14
      698.714   4.3097441e+14
      698.763   4.3076331e+14
      698.812   4.3058147e+14
      698.861   4.3014234e+14
      698.910   4.2979663e+14
      698.959   4.3023444e+14
      699.007   4.3041157e+14
      699.056   4.3059823e+14
      699.105   4.3075265e+14
      699.154   4.3063521e+14
      699.203   4.3023701e+14
      699.252   4.3054358e+14
      699.301   4.3091455e+14
      699.350   4.3139081e+14
      699.398   4.3224981e+14
      699.447   4.3332598e+14
      699.496   4.3365623e+14
      699.545   4.3388122e+14
      699.594   4.3409743e+14
      699.643   4.3410297e+14
      699.692   4.3426073e+14
      699.741   4.3413167e+14
      699.790   4.3381812e+14
      699.839   4.3224892e+14
      699.888   4.3054191e+14
      699.937   4.2874686e+14
      699.986   4.2709208e+14
      700.035   4.2567712e+14
      700.084   4.2559132e+14
      700.133   4.2561971e+14
      700.182   4.2493062e+14
      700.231   4.2386953e+14
      700.280   4.2302500e+14
      700.329   4.2107024e+14
      700.378   4.2014634e+14
      700.427   4.1991363e+14
      700.476   4.2068868e+14
      700.525   4.2137296e+14
      700.574   4.2293924e+14
      700.624   4.2318779e+14
      700.673   4.2312510e+14
      700.722   4.2309177e+14
      700.771   4.2344817e+14
      700.820   4.2374311e+14
      700.869   4.2454517e+14
      700.918   4.2554664e+14
      700.967   4.2669775e+14
      701.016   4.2737589e+14
      701.066   4.2769795e+14
      701.115   4.2676442e+14
      701.164   4.2671928e+14
      701.213   4.2652161e+14
      701.262   4.2628281e+14
      701.311   4.2645171e+14
      701.361   4.2723146e+14
      701.410   4.2739161e+14
      701.459   4.2517834e+14
      701.508   4.2205807e+14
      701.557   4.1927184e+14
      701.607   4.1597813e+14
      701.656   4.1413302e+14
      701.705   4.1454756e+14
      701.754   4.1585739e+14
      701.804   4.1692449e+14
      701.853   4.1889818e+14
      701.902   4.1934840e+14
      701.951   4.1860078e+14
      702.001   4.1884324e+14
      702.050   4.2066796e+14
      702.099   4.2255169e+14
      702.149   4.2388713e+14
      702.198   4.2649402e+14
      702.247   4.2742103e+14
      702.297   4.2611020e+14
      702.346   4.2495122e+14
      702.395   4.2427398e+14
      702.445   4.2298606e+14
      702.494   4.2229089e+14
      702.543   4.2212762e+14
      702.593   4.2175625e+14
      702.642   4.2079332e+14
      702.691   4.2062389e+14
      702.741   4.2035526e+14
      702.790   4.2083264e+14
      702.839   4.2216869e+14
      702.889   4.2451723e+14
      702.938   4.2565384e+14
      702.988   4.2716187e+14
      703.037   4.2819491e+14
      703.087   4.2834893e+14
      703.136   4.2819337e+14
      703.185   4.2830554e+14
      703.235   4.2864194e+14
      703.284   4.2922200e+14
      703.334   4.2890530e+14
      703.383   4.2902341e+14
      703.433   4.2928054e+14
      703.482   4.2970773e+14
      703.532   4.2993256e+14
      703.581   4.3097514e+14
      703.631   4.3108230e+14
      703.680   4.2979324e+14
      703.730   4.2780675e+14
      703.779   4.2589884e+14
      703.829   4.2391759e+14
      703.878   4.2336683e+14
      703.928   4.2453089e+14
      703.977   4.2581225e+14
      704.027   4.2681459e+14
      704.077   4.2795855e+14
      704.126   4.2794404e+14
      704.176   4.2721421e+14
      704.225   4.2765936e+14
      704.275   4.2901884e+14
      704.325   4.2996294e+14
      704.374   4.3117181e+14
      704.424   4.3292685e+14
      704.473   4.3347283e+14
      704.523   4.3314389e+14
      704.573   4.3334864e+14
      704.622   4.3337282e+14
      704.672   4.3332988e+14
      704.722   4.3334294e+14
      704.771   4.3327865e+14
      704.821   4.3291419e+14
      704.871   4.3319562e+14
      704.920   4.3364462e+14
      704.970   4.3412972e+14
      705.020   4.3461262e+14
      705.069   4.3495280e+14
      705.119   4.3400121e+14
      705.169   4.3309957e+14
      705.219   4.3213882e+14
      705.268   4.3113610e+14
      705.318   4.3049678e+14
      705.368   4.3043003e+14
      705.418   4.2956042e+14
      705.467   4.2835643e+14
      705.517   4.2754559e+14
      705.567   4.2656926e+14
      705.617   4.2555142e+14
      705.667   4.2541052e+14
      705.716   4.2593049e+14
      705.766   4.2630641e+14
      705.816   4.2679461e+14
      705.866   4.2666849e+14
      705.916   4.2597519e+14
      705.965   4.2534333e+14
      706.015   4.2536771e+14
      706.065   4.2545123e+14
      706.115   4.2611382e+14
      706.165   4.2685335e+14
      706.215   4.2764910e+14
      706.265   4.2782733e+14
      706.314   4.2798730e+14
      706.364   4.2800299e+14
      706.414   4.2879012e+14
      706.464   4.2939412e+14
      706.514   4.3019325e+14
      706.564   4.3096298e+14
      706.614   4.3152875e+14
      706.664   4.2975584e+14
      706.714   4.2761312e+14
      706.764   4.2564458e+14
      706.814   4.2293943e+14
      706.864   4.2100581e+14
      706.914   4.2137296e+14
      706.964   4.2092676e+14
      707.014   4.1984255e+14
      707.064   4.1960672e+14
      707.114   4.1913115e+14
      707.164   4.1793655e+14
      707.214   4.1850825e+14
      707.264   4.2155383e+14
      707.314   4.2425364e+14
      707.364   4.2781506e+14
      707.414   4.3083234e+14
      707.464   4.3234051e+14
      707.514   4.3302593e+14
      707.564   4.3393947e+14
      707.614   4.3432018e+14
      707.664   4.3485487e+14
      707.714   4.3548740e+14
      707.764   4.3601043e+14
      707.814   4.3603605e+14
      707.864   4.3595499e+14
      707.914   4.3559257e+14
      707.965   4.3514483e+14
      708.015   4.3473783e+14
      708.065   4.3436924e+14
      708.115   4.3392066e+14
      708.165   4.3316678e+14
      708.215   4.3211658e+14
      708.266   4.3057481e+14
      708.316   4.2822313e+14
      708.366   4.2545033e+14
      708.416   4.2294384e+14
      708.466   4.2071559e+14
      708.516   4.1867972e+14
      708.567   4.1737055e+14
      708.617   4.1662089e+14
      708.667   4.1607572e+14
      708.717   4.1585071e+14
      708.767   4.1610318e+14
      708.818   4.1646295e+14
      708.868   4.1666502e+14
      708.918   4.1706294e+14
      708.968   4.1723245e+14
      709.019   4.1705253e+14
      709.069   4.1705489e+14
      709.119   4.1717307e+14
      709.170   4.1699521e+14
      709.220   4.1676312e+14
      709.270   4.1667354e+14
      709.320   4.1640575e+14
      709.371   4.1626930e+14
      709.421   4.1704947e+14
      709.471   4.1802569e+14
      709.522   4.1897906e+14
      709.572   4.2000017e+14
      709.622   4.2100663e+14
      709.673   4.2125362e+14
      709.723   4.2132768e+14
      709.774   4.2142025e+14
      709.824   4.2147943e+14
      709.874   4.2157132e+14
      709.925   4.2202647e+14
      709.975   4.2255226e+14
      710.026   4.2307894e+14
      710.076   4.2371789e+14
      710.126   4.2446988e+14
      710.177   4.2471739e+14
      710.227   4.2487497e+14
      710.278   4.2519096e+14
      710.328   4.2550919e+14
      710.379   4.2566172e+14
      710.429   4.2581941e+14
      710.480   4.2593327e+14
      710.530   4.2594826e+14
      710.581   4.2559209e+14
      710.631   4.2507440e+14
      710.682   4.2460500e+14
      710.732   4.2412878e+14
      710.783   4.2370391e+14
      710.833   4.2359957e+14
      710.884   4.2354953e+14
      710.934   4.2307308e+14
      710.985   4.2237987e+14
      711.035   4.2133056e+14
      711.086   4.2014805e+14
      711.136   4.1911983e+14
      711.187   4.1835996e+14
      711.238   4.1771013e+14
      711.288   4.1722666e+14
      711.339   4.1659462e+14
      711.389   4.1571788e+14
      711.440   4.1506782e+14
      711.491   4.1483174e+14
      711.541   4.1481568e+14
      711.592   4.1530344e+14
      711.642   4.1602625e+14
      711.693   4.1700869e+14
      711.744   4.1781842e+14
      711.794   4.1842524e+14
      711.845   4.1889834e+14
      711.896   4.1958317e+14
      711.946   4.2012755e+14
      711.997   4.2028493e+14
      712.048   4.1932173e+14
      712.099   4.1802764e+14
      712.149   4.1668529e+14
      712.200   4.1551611e+14
      712.251   4.1457634e+14
      712.301   4.1478680e+14
      712.352   4.1503039e+14
      712.403   4.1507132e+14
      712.454   4.1478125e+14
      712.504   4.1434178e+14
      712.555   4.1424549e+14
      712.606   4.1544332e+14
      712.657   4.1687387e+14
      712.708   4.1839105e+14
      712.758   4.1984536e+14
      712.809   4.2076036e+14
      712.860   4.2027956e+14
      712.911   4.1889199e+14
      712.962   4.1700611e+14
      713.012   4.1538379e+14
      713.063   4.1393088e+14
      713.114   4.1252254e+14
      713.165   4.1134970e+14
      713.216   4.1057659e+14
      713.267   4.0979143e+14
      713.318   4.0925978e+14
      713.369   4.0914290e+14
      713.419   4.0956572e+14
      713.470   4.1104867e+14
      713.521   4.1296166e+14
      713.572   4.1467192e+14
      713.623   4.1644505e+14
      713.674   4.1828414e+14
      713.725   4.1941876e+14
      713.776   4.2006689e+14
      713.827   4.2059562e+14
      713.878   4.2085865e+14
      713.929   4.2074836e+14
      713.980   4.2056638e+14
      714.031   4.2037843e+14
      714.082   4.1994546e+14
      714.133   4.1988587e+14
      714.184   4.1972470e+14
      714.235   4.1936332e+14
      714.286   4.1909454e+14
      714.337   4.1930675e+14
      714.388   4.1939051e+14
      714.439   4.1929501e+14
      714.490   4.1917254e+14
      714.541   4.1889466e+14
      714.592   4.1820721e+14
      714.643   4.1611480e+14
      714.694   4.1304151e+14
      714.745   4.0992607e+14
      714.796   4.0685205e+14
      714.847   4.0395699e+14
      714.898   4.0284072e+14
      714.950   4.0316616e+14
      715.001   4.0284240e+14
      715.052   4.0190659e+14
      715.103   4.0080309e+14
      715.154   4.0059381e+14
      715.205   4.0242180e+14
      715.256   4.0576994e+14
      715.308   4.0950545e+14
      715.359   4.1314516e+14
      715.410   4.1514544e+14
      715.461   4.1456022e+14
      715.512   4.1361867e+14
      715.564   4.1350386e+14
      715.615   4.1356495e+14
      715.666   4.1410808e+14
      715.717   4.1491480e+14
      715.768   4.1522754e+14
      715.820   4.1464266e+14
      715.871   4.1382326e+14
      715.922   4.1336317e+14
      715.973   4.1365491e+14
      716.025   4.1492110e+14
      716.076   4.1611189e+14
      716.127   4.1728789e+14
      716.178   4.1820638e+14
      716.230   4.1826261e+14
      716.281   4.1663667e+14
      716.332   4.1407513e+14
      716.384   4.1077343e+14
      716.435   4.0722457e+14
      716.486   4.0389994e+14
      716.538   4.0221562e+14
      716.589   4.0175688e+14
      716.640   4.0233276e+14
      716.692   4.0319440e+14
      716.743   4.0387549e+14
      716.794   4.0518372e+14
      716.846   4.0806505e+14
      716.897   4.1157925e+14
      716.949   4.1565600e+14
      717.000   4.1971475e+14
      717.052   4.2325017e+14
      717.103   4.2517381e+14
      717.154   4.2638626e+14
      717.206   4.2683679e+14
      717.257   4.2708289e+14
      717.309   4.2720629e+14
      717.360   4.2719418e+14
      717.412   4.2664809e+14
      717.463   4.2595141e+14
      717.515   4.2480472e+14
      717.566   4.2335719e+14
      717.617   4.2198761e+14
      717.669   4.2106572e+14
      717.721   4.2026989e+14
      717.772   4.1973182e+14
      717.824   4.1879167e+14
      717.875   4.1746957e+14
      717.927   4.1603358e+14
      717.978   4.1406837e+14
      718.030   4.1157162e+14
      718.081   4.1008963e+14
      718.133   4.0928689e+14
      718.184   4.0878711e+14
      718.236   4.0882858e+14
      718.288   4.0934777e+14
      718.339   4.0951199e+14
      718.391   4.0984792e+14
      718.442   4.1019853e+14
      718.494   4.1085913e+14
      718.546   4.1148675e+14
      718.597   4.1155795e+14
      718.649   4.1096525e+14
      718.701   4.1012902e+14
      718.752   4.0815298e+14
      718.804   4.0583440e+14
      718.856   4.0385839e+14
      718.907   4.0211319e+14
      718.959   4.0047051e+14
      719.011   3.9911075e+14
      719.062   3.9875242e+14
      719.114   4.0008193e+14
      719.166   4.0143869e+14
      719.217   4.0201294e+14
      719.269   4.0336713e+14
      719.321   4.0484792e+14
      719.373   4.0510438e+14
      719.424   4.0570926e+14
      719.476   4.0693484e+14
      719.528   4.0722766e+14
      719.580   4.0694567e+14
      719.632   4.0644984e+14
      719.683   4.0587192e+14
      719.735   4.0642067e+14
      719.787   4.0826121e+14
      719.839   4.1081270e+14
      719.891   4.1362969e+14
      719.942   4.1600677e+14
      719.994   4.1713797e+14
      720.046   4.1726628e+14
      720.098   4.1757832e+14
      720.150   4.1779403e+14
      720.202   4.1806700e+14
      720.254   4.1869565e+14
      720.305   4.1976060e+14
      720.357   4.2036232e+14
      720.409   4.2074113e+14
      720.461   4.2098738e+14
      720.513   4.2044374e+14
      720.565   4.1793721e+14
      720.617   4.1502916e+14
      720.669   4.1240402e+14
      720.721   4.0980557e+14
      720.773   4.0691404e+14
      720.825   4.0535229e+14
      720.877   4.0428194e+14
      720.929   4.0290967e+14
      720.981   4.0153418e+14
      721.032   4.0051739e+14
      721.085   4.0085723e+14
      721.137   4.0321549e+14
      721.189   4.0603302e+14
      721.241   4.0887823e+14
      721.293   4.1200473e+14
      721.345   4.1449167e+14
      721.397   4.1504666e+14
      721.449   4.1496753e+14
      721.501   4.1477365e+14
      721.553   4.1447398e+14
      721.605   4.1403833e+14
      721.657   4.1378688e+14
      721.709   4.1374989e+14
      721.761   4.1451659e+14
      721.813   4.1503868e+14
      721.865   4.1528884e+14
      721.917   4.1523081e+14
      721.970   4.1506464e+14
      722.022   4.1498843e+14
      722.074   4.1492425e+14
      722.126   4.1405279e+14
      722.178   4.1198073e+14
      722.230   4.0948494e+14
      722.282   4.0673462e+14
      722.335   4.0445638e+14
      722.387   4.0348672e+14
      722.439   4.0347284e+14
      722.491   4.0410637e+14
      722.543   4.0519696e+14
      722.596   4.0592223e+14
      722.648   4.0638367e+14
      722.700   4.0727197e+14
      722.752   4.0907145e+14
      722.805   4.1115050e+14
      722.857   4.1368638e+14
      722.909   4.1596535e+14
      722.961   4.1746655e+14
      723.014   4.1836673e+14
      723.066   4.1879023e+14
      723.118   4.1902301e+14
      723.170   4.1946174e+14
      723.223   4.1974667e+14
      723.275   4.1979781e+14
      723.327   4.1989736e+14
      723.380   4.1958245e+14
      723.432   4.1869118e+14
      723.484   4.1767256e+14
      723.537   4.1656646e+14
      723.589   4.1532931e+14
      723.641   4.1464358e+14
      723.694   4.1446150e+14
      723.746   4.1432125e+14
      723.799   4.1369046e+14
      723.851   4.1263151e+14
      723.903   4.1175433e+14
      723.956   4.1130509e+14
      724.008   4.1117969e+14
      724.061   4.1157041e+14
      724.113   4.1242763e+14
      724.165   4.1312120e+14
      724.218   4.1330589e+14
      724.270   4.1299552e+14
      724.323   4.1223975e+14
      724.375   4.1147723e+14
      724.428   4.1088806e+14
      724.480   4.1039842e+14
      724.533   4.1017328e+14
      724.585   4.1036327e+14
      724.638   4.1056296e+14
      724.690   4.1065285e+14
      724.743   4.1073422e+14
      724.795   4.1062073e+14
      724.848   4.1069606e+14
      724.900   4.1081933e+14
      724.953   4.1073370e+14
      725.005   4.1051071e+14
      725.058   4.1024715e+14
      725.111   4.0971334e+14
      725.163   4.0903007e+14
      725.216   4.0847170e+14
      725.268   4.0794013e+14
      725.321   4.0748495e+14
      725.374   4.0690516e+14
      725.426   4.0680172e+14
      725.479   4.0729129e+14
      725.531   4.0843674e+14
      725.584   4.1019970e+14
      725.637   4.1223947e+14
      725.689   4.1392338e+14
      725.742   4.1499715e+14
      725.795   4.1567591e+14
      725.847   4.1601072e+14
      725.900   4.1624274e+14
      725.953   4.1575122e+14
      726.005   4.1390001e+14
      726.058   4.1150478e+14
      726.111   4.0929782e+14
      726.164   4.0711788e+14
      726.216   4.0559100e+14
      726.269   4.0550912e+14
      726.322   4.0602643e+14
      726.375   4.0629439e+14
      726.427   4.0631544e+14
      726.480   4.0639177e+14
      726.533   4.0765469e+14
      726.586   4.0998574e+14
      726.639   4.1246925e+14
      726.691   4.1500431e+14
      726.744   4.1722984e+14
      726.797   4.1815609e+14
      726.850   4.1804754e+14
      726.903   4.1781725e+14
      726.956   4.1774826e+14
      727.008   4.1771484e+14
      727.061   4.1751537e+14
      727.114   4.1718494e+14
      727.167   4.1681796e+14
      727.220   4.1654223e+14
      727.273   4.1638527e+14
      727.326   4.1615516e+14
      727.379   4.1543166e+14
      727.431   4.1444559e+14
      727.484   4.1346907e+14
      727.537   4.1248626e+14
      727.590   4.1174713e+14
      727.643   4.1155318e+14
      727.696   4.1139882e+14
      727.749   4.1087274e+14
      727.802   4.1029475e+14
      727.855   4.0959481e+14
      727.908   4.0938544e+14
      727.961   4.1002633e+14
      728.014   4.1099648e+14
      728.067   4.1154311e+14
      728.120   4.1160509e+14
      728.173   4.1106951e+14
      728.226   4.1029312e+14
      728.279   4.0948301e+14
      728.332   4.0802946e+14
      728.385   4.0646908e+14
      728.438   4.0531095e+14
      728.491   4.0393924e+14
      728.544   4.0249719e+14
      728.597   4.0229628e+14
      728.651   4.0330372e+14
      728.704   4.0339871e+14
      728.757   4.0151397e+14
      728.810   3.9873508e+14
      728.863   3.9682229e+14
      728.916   3.9521444e+14
      728.969   3.9389008e+14
      729.022   3.9419007e+14
      729.076   3.9546098e+14
      729.129   3.9466216e+14
      729.182   3.9207759e+14
      729.235   3.9055180e+14
      729.288   3.9118719e+14
      729.341   3.9260118e+14
      729.395   3.9500236e+14
      729.448   3.9887815e+14
      729.501   4.0292873e+14
      729.554   4.0560566e+14
      729.607   4.0681075e+14
      729.661   4.0835276e+14
      729.714   4.1021818e+14
      729.767   4.1147596e+14
      729.820   4.1213195e+14
      729.874   4.1297516e+14
      729.927   4.1334719e+14
      729.980   4.1307441e+14
      730.034   4.1256690e+14
      730.087   4.1203107e+14
      730.140   4.1140348e+14
      730.193   4.1099590e+14
      730.247   4.1080599e+14
      730.300   4.1129729e+14
      730.353   4.1195691e+14
      730.407   4.1303010e+14
      730.460   4.1386435e+14
      730.514   4.1411197e+14
      730.567   4.1407147e+14
      730.620   4.1296621e+14
      730.674   4.1065278e+14
      730.727   4.0869937e+14
      730.780   4.0717105e+14
      730.834   4.0566445e+14
      730.887   4.0490999e+14
      730.941   4.0415293e+14
      730.994   4.0242158e+14
      731.048   4.0102731e+14
      731.101   3.9964380e+14
      731.154   3.9955841e+14
      731.208   4.0158958e+14
      731.261   4.0413803e+14
      731.315   4.0620962e+14
      731.368   4.0847081e+14
      731.422   4.0954747e+14
      731.475   4.1024074e+14
      731.529   4.1161176e+14
      731.582   4.1306208e+14
      731.636   4.1434772e+14
      731.689   4.1581682e+14
      731.743   4.1646537e+14
      731.797   4.1621609e+14
      731.850   4.1573017e+14
      731.904   4.1449081e+14
      731.957   4.1249049e+14
      732.011   4.1083071e+14
      732.064   4.0919161e+14
      732.118   4.0779498e+14
      732.172   4.0758176e+14
      732.225   4.0845646e+14
      732.279   4.0902213e+14
      732.332   4.0943092e+14
      732.386   4.0924529e+14
      732.440   4.0845850e+14
      732.493   4.0715873e+14
      732.547   4.0612931e+14
      732.601   4.0519176e+14
      732.654   4.0464011e+14
      732.708   4.0456759e+14
      732.762   4.0487553e+14
      732.815   4.0476255e+14
      732.869   4.0436776e+14
      732.923   4.0329767e+14
      732.977   4.0305311e+14
      733.030   4.0430419e+14
      733.084   4.0597133e+14
      733.138   4.0777389e+14
      733.192   4.1002803e+14
      733.245   4.1093090e+14
      733.299   4.1052014e+14
      733.353   4.0990360e+14
      733.407   4.0926542e+14
      733.461   4.0940733e+14
      733.514   4.1045173e+14
      733.568   4.1148460e+14
      733.622   4.1243470e+14
      733.676   4.1317600e+14
      733.730   4.1384978e+14
      733.783   4.1431725e+14
      733.837   4.1454559e+14
      733.891   4.1482932e+14
      733.945   4.1529751e+14
      733.999   4.1538153e+14
      734.053   4.1523189e+14
      734.107   4.1524520e+14
      734.160   4.1521181e+14
      734.214   4.1501602e+14
      734.268   4.1449733e+14
      734.322   4.1395394e+14
      734.376   4.1355196e+14
      734.430   4.1320522e+14
      734.484   4.1294154e+14
      734.538   4.1291467e+14
      734.592   4.1286622e+14
      734.646   4.1260238e+14
      734.700   4.1212319e+14
      734.754   4.1162538e+14
      734.808   4.1135832e+14
      734.862   4.1136821e+14
      734.916   4.1143043e+14
      734.970   4.1113248e+14
      735.024   4.1054088e+14
      735.078   4.1007774e+14
      735.132   4.0947286e+14
      735.186   4.0871699e+14
      735.240   4.0832441e+14
      735.294   4.0829822e+14
      735.348   4.0758516e+14
      735.402   4.0609885e+14
      735.456   4.0407319e+14
      735.510   4.0280200e+14
      735.565   4.0209807e+14
      735.619   4.0181251e+14
      735.673   4.0201980e+14
      735.727   4.0319798e+14
      735.781   4.0391407e+14
      735.835   4.0429118e+14
      735.889   4.0481629e+14
      735.943   4.0634347e+14
      735.998   4.0784072e+14
      736.052   4.0874863e+14
      736.106   4.0927434e+14
      736.160   4.0982477e+14
      736.214   4.0927733e+14
      736.269   4.0787295e+14
      736.323   4.0697974e+14
      736.377   4.0649979e+14
      736.431   4.0589015e+14
      736.485   4.0528653e+14
      736.540   4.0533152e+14
      736.594   4.0599613e+14
      736.648   4.0702203e+14
      736.703   4.0790360e+14
      736.757   4.0951941e+14
      736.811   4.1149969e+14
      736.865   4.1272397e+14
      736.920   4.1309995e+14
      736.974   4.1348155e+14
      737.028   4.1358921e+14
      737.083   4.1342376e+14
      737.137   4.1311270e+14
      737.191   4.1256060e+14
      737.246   4.1217879e+14
      737.300   4.1166985e+14
      737.354   4.1103725e+14
      737.409   4.1055333e+14
      737.463   4.1037476e+14
      737.518   4.1007614e+14
      737.572   4.0966885e+14
      737.626   4.0915950e+14
      737.681   4.0888240e+14
      737.735   4.0838220e+14
      737.790   4.0754554e+14
      737.844   4.0701429e+14
      737.898   4.0726508e+14
      737.953   4.0750400e+14
      738.007   4.0779812e+14
      738.062   4.0813912e+14
      738.116   4.0812411e+14
      738.171   4.0756222e+14
      738.225   4.0683585e+14
      738.280   4.0654908e+14
      738.334   4.0643497e+14
      738.389   4.0613884e+14
      738.443   4.0547101e+14
      738.498   4.0361261e+14
      738.552   4.0146271e+14
      738.607   3.9876847e+14
      738.661   3.9643856e+14
      738.716   3.9524746e+14
      738.771   3.9416446e+14
      738.825   3.9122110e+14
      738.880   3.8963021e+14
      738.934   3.8825221e+14
      738.989   3.8754612e+14
      739.044   3.8876343e+14
      739.098   3.9160360e+14
      739.153   3.9422179e+14
      739.208   3.9630480e+14
      739.262   3.9650500e+14
      739.317   3.9744896e+14
      739.372   3.9927870e+14
      739.426   4.0063747e+14
      739.481   4.0240579e+14
      739.536   4.0479700e+14
      739.590   4.0558028e+14
      739.645   4.0509719e+14
      739.700   4.0465116e+14
      739.754   4.0528902e+14
      739.809   4.0663396e+14
      739.864   4.0734695e+14
      739.919   4.0751150e+14
      739.973   4.0707424e+14
      740.028   4.0527981e+14
      740.083   4.0344480e+14
      740.138   4.0236908e+14
      740.192   4.0208939e+14
      740.247   4.0244268e+14
      740.302   4.0326738e+14
      740.357   4.0352782e+14
      740.412   4.0368594e+14
      740.466   4.0350546e+14
      740.521   4.0432426e+14
      740.576   4.0576976e+14
      740.631   4.0757536e+14
      740.686   4.0917027e+14
      740.741   4.0969192e+14
      740.796   4.0736822e+14
      740.851   4.0475866e+14
      740.905   4.0135371e+14
      740.960   3.9776562e+14
      741.015   3.9554095e+14
      741.070   3.9554825e+14
      741.125   3.9527300e+14
      741.180   3.9526783e+14
      741.235   3.9489007e+14
      741.290   3.9573568e+14
      741.345   3.9646655e+14
      741.400   3.9599873e+14
      741.455   3.9517048e+14
      741.510   3.9662526e+14
      741.565   3.9753040e+14
      741.620   3.9777396e+14
      741.675   3.9808590e+14
      741.730   3.9812441e+14
      741.785   3.9686700e+14
      741.840   3.9531414e+14
      741.895   3.9432978e+14
      741.950   3.9532226e+14
      742.005   3.9781033e+14
      742.060   3.9939406e+14
      742.115   3.9942340e+14
      742.170   3.9829276e+14
      742.225   3.9584640e+14
      742.280   3.9377910e+14
      742.335   3.9230552e+14
      742.391   3.9215125e+14
      742.446   3.9283632e+14
      742.501   3.9391670e+14
      742.556   3.9411352e+14
      742.611   3.9539018e+14
      742.666   3.9692854e+14
      742.721   3.9981793e+14
      742.776   4.0336461e+14
      742.832   4.0735779e+14
      742.887   4.1009011e+14
      742.942   4.1188882e+14
      742.997   4.1233955e+14
      743.052   4.1178641e+14
      743.108   4.1069763e+14
      743.163   4.0972034e+14
      743.218   4.0919447e+14
      743.273   4.0868725e+14
      743.329   4.0818979e+14
      743.384   4.0757027e+14
      743.439   4.0735256e+14
      743.494   4.0761153e+14
      743.550   4.0843195e+14
      743.605   4.0940776e+14
      743.660   4.1054887e+14
      743.716   4.1151929e+14
      743.771   4.1212769e+14
      743.826   4.1255854e+14
      743.882   4.1260340e+14
      743.937   4.1213648e+14
      743.992   4.1114877e+14
      744.048   4.1014277e+14
      744.103   4.0868398e+14
      744.158   4.0693802e+14
      744.214   4.0603752e+14
      744.269   4.0556991e+14
      744.325   4.0475965e+14
      744.380   4.0312522e+14
      744.435   4.0075752e+14
      744.491   3.9891098e+14
      744.546   3.9722586e+14
      744.602   3.9528515e+14
      744.657   3.9531892e+14
      744.713   3.9713818e+14
      744.768   3.9774005e+14
      744.823   3.9759610e+14
      744.879   3.9753687e+14
      744.934   3.9831371e+14
      744.990   3.9983099e+14
      745.045   4.0134428e+14
      745.101   4.0351541e+14
      745.156   4.0618585e+14
      745.212   4.0725229e+14
      745.268   4.0714779e+14
      745.323   4.0752671e+14
      745.379   4.0794382e+14
      745.434   4.0855090e+14
      745.490   4.0936804e+14
      745.545   4.1025346e+14
      745.601   4.1072719e+14
      745.657   4.1094162e+14
      745.712   4.1111791e+14
      745.768   4.1159496e+14
      745.823   4.1224646e+14
      745.879   4.1287060e+14
      745.935   4.1340418e+14
      745.990   4.1321490e+14
      746.046   4.1144095e+14
      746.102   4.0854396e+14
      746.157   4.0605551e+14
      746.213   4.0370177e+14
      746.269   4.0188254e+14
      746.324   4.0126668e+14
      746.380   4.0177455e+14
      746.436   4.0184441e+14
      746.492   4.0178919e+14
      746.547   4.0180210e+14
      746.603   4.0318022e+14
      746.659   4.0523146e+14
      746.714   4.0735446e+14
      746.770   4.0955678e+14
      746.826   4.1178444e+14
      746.882   4.1264426e+14
      746.938   4.1272763e+14
      746.993   4.1260992e+14
      747.049   4.1234756e+14
      747.105   4.1197755e+14
      747.161   4.1117837e+14
      747.217   4.0985285e+14
      747.272   4.0896207e+14
      747.328   4.0834111e+14
      747.384   4.0761978e+14
      747.440   4.0701745e+14
      747.496   4.0653718e+14
      747.552   4.0600049e+14
      747.608   4.0547620e+14
      747.664   4.0488923e+14
      747.719   4.0508526e+14
      747.775   4.0593062e+14
      747.831   4.0654412e+14
      747.887   4.0736148e+14
      747.943   4.0820715e+14
      747.999   4.0873628e+14
      748.055   4.0903967e+14
      748.111   4.0941527e+14
      748.167   4.0945849e+14
      748.223   4.0918177e+14
      748.279   4.0842829e+14
      748.335   4.0792884e+14
      748.391   4.0737591e+14
      748.447   4.0692333e+14
      748.503   4.0689101e+14
      748.559   4.0722274e+14
      748.615   4.0759524e+14
      748.671   4.0793641e+14
      748.727   4.0860086e+14
      748.783   4.0952275e+14
      748.839   4.1014970e+14
      748.895   4.1069828e+14
      748.951   4.1102408e+14
      749.008   4.1031841e+14
      749.064   4.0918723e+14
      749.120   4.0817831e+14
      749.176   4.0694626e+14
      749.232   4.0585527e+14
      749.288   4.0476416e+14
      749.344   4.0247620e+14
      749.401   3.9921791e+14
      749.457   3.9612811e+14
      749.513   3.9380435e+14
      749.569   3.9290965e+14
      749.625   3.9363927e+14
      749.681   3.9503523e+14
      749.738   3.9580336e+14
      749.794   3.9588913e+14
      749.850   3.9591202e+14
      749.906   3.9726139e+14
      749.963   3.9953260e+14
      750.019   4.0233181e+14
      750.075   4.0532956e+14
      750.131   4.0765482e+14
      750.188   4.0828303e+14
      750.244   4.0865288e+14
      750.300   4.0922086e+14
      750.356   4.0951217e+14
      750.413   4.0969721e+14
      750.469   4.0972117e+14
      750.525   4.0952809e+14
      750.582   4.0908696e+14
      750.638   4.0892840e+14
      750.694   4.0893653e+14
      750.751   4.0911213e+14
      750.807   4.0898498e+14
      750.863   4.0872556e+14
      750.920   4.0690534e+14
      750.976   4.0320160e+14
      751.033   4.0027824e+14
      751.089   3.9747315e+14
      751.146   3.9491067e+14
      751.202   3.9376754e+14
      751.258   3.9449184e+14
      751.315   3.9452701e+14
      751.371   3.9390013e+14
      751.428   3.9242001e+14
      751.484   3.9318537e+14
      751.541   3.9538185e+14
      751.597   3.9798144e+14
      751.654   4.0103266e+14
      751.710   4.0482758e+14
      751.767   4.0646782e+14
      751.823   4.0677759e+14
      751.880   4.0671285e+14
      751.936   4.0669795e+14
      751.993   4.0703048e+14
      752.049   4.0779445e+14
      752.106   4.0769196e+14
      752.162   4.0631792e+14
      752.219   4.0510830e+14
      752.276   4.0380383e+14
      752.332   4.0194972e+14
      752.389   3.9984038e+14
      752.445   3.9936748e+14
      752.502   3.9863000e+14
      752.559   3.9766841e+14
      752.615   3.9692061e+14
      752.672   3.9841712e+14
      752.729   4.0035886e+14
      752.785   4.0229400e+14
      752.842   4.0393013e+14
      752.899   4.0666513e+14
      752.955   4.0751524e+14
      753.012   4.0715999e+14
      753.069   4.0697858e+14
      753.125   4.0720400e+14
      753.182   4.0658051e+14
      753.239   4.0617163e+14
      753.296   4.0593330e+14
      753.352   4.0547947e+14
      753.409   4.0482404e+14
      753.466   4.0466443e+14
      753.523   4.0523793e+14
      753.579   4.0602259e+14
      753.636   4.0678582e+14
      753.693   4.0779576e+14
      753.750   4.0860034e+14
      753.807   4.0871284e+14
      753.864   4.0858510e+14
      753.920   4.0867488e+14
      753.977   4.0872095e+14
      754.034   4.0840345e+14
      754.091   4.0811432e+14
      754.148   4.0779987e+14
      754.205   4.0742839e+14
      754.262   4.0708538e+14
      754.318   4.0694093e+14
      754.375   4.0678128e+14
      754.432   4.0667853e+14
      754.489   4.0650615e+14
      754.546   4.0630841e+14
      754.603   4.0589862e+14
      754.660   4.0533045e+14
      754.717   4.0486038e+14
      754.774   4.0457064e+14
      754.831   4.0459105e+14
      754.888   4.0500091e+14
      754.945   4.0552475e+14
      755.002   4.0588713e+14
      755.059   4.0610366e+14
      755.116   4.0620312e+14
      755.173   4.0649571e+14
      755.230   4.0690555e+14
      755.287   4.0737249e+14
      755.344   4.0748152e+14
      755.401   4.0652295e+14
      755.458   4.0542165e+14
      755.515   4.0442159e+14
      755.572   4.0324074e+14
      755.629   4.0241150e+14
      755.687   4.0292635e+14
      755.744   4.0341222e+14
      755.801   4.0322307e+14
      755.858   4.0214627e+14
      755.915   4.0150048e+14
      755.972   4.0156156e+14
      756.029   4.0185406e+14
      756.086   4.0227351e+14
      756.144   4.0375897e+14
      756.201   4.0499354e+14
      756.258   4.0526103e+14
      756.315   4.0495450e+14
      756.372   4.0486041e+14
      756.430   4.0560427e+14
      756.487   4.0679506e+14
      756.544   4.0812242e+14
      756.601   4.0968159e+14
      756.659   4.1120979e+14
      756.716   4.1114464e+14
      756.773   4.0930227e+14
      756.830   4.0771355e+14
      756.888   4.0662022e+14
      756.945   4.0567227e+14
      757.002   4.0527658e+14
      757.060   4.0602859e+14
      757.117   4.0647218e+14
      757.174   4.0629033e+14
      757.232   4.0516585e+14
      757.289   4.0438045e+14
      757.346   4.0453505e+14
      757.404   4.0478228e+14
      757.461   4.0530855e+14
      757.518   4.0663229e+14
      757.576   4.0744523e+14
      757.633   4.0691696e+14
      757.691   4.0612862e+14
      757.748   4.0509809e+14
      757.805   4.0499220e+14
      757.863   4.0541757e+14
      757.920   4.0633833e+14
      757.978   4.0739008e+14
      758.035   4.0843818e+14
      758.093   4.0821226e+14
      758.150   4.0780767e+14
      758.208   4.0659272e+14
      758.265   4.0443261e+14
      758.323   4.0289923e+14
      758.380   4.0142547e+14
      758.438   3.9883563e+14
      758.495   3.9667744e+14
      758.553   3.9562965e+14
      758.610   3.9433944e+14
      758.668   3.9284272e+14
      758.725   3.9222017e+14
      758.783   3.9333555e+14
      758.841   3.9473112e+14
      758.898   3.9563944e+14
      758.956   3.9757324e+14
      759.013   4.0032180e+14
      759.071   4.0190970e+14
      759.129   4.0296619e+14
      759.186   4.0451257e+14
      759.244   4.0548665e+14
      759.301   4.0546681e+14
      759.359   4.0495711e+14
      759.417   4.0466704e+14
      759.474   4.0421395e+14
      759.532   4.0376771e+14
      759.590   4.0360811e+14
      759.648   4.0373202e+14
      759.705   4.0360687e+14
      759.763   4.0354276e+14
      759.821   4.0371122e+14
      759.878   4.0403537e+14
      759.936   4.0417524e+14
      759.994   4.0437571e+14
      760.052   4.0420326e+14
      760.109   4.0329068e+14
      760.167   4.0242949e+14
      760.225   4.0179771e+14
      760.283   4.0114035e+14
      760.341   4.0052747e+14
      760.398   3.9998098e+14
      760.456   3.9945724e+14
      760.514   3.9842308e+14
      760.572   3.9742706e+14
      760.630   3.9748358e+14
      760.688   3.9846522e+14
      760.746   3.9918223e+14
      760.803   3.9990836e+14
      760.861   3.9997462e+14
      760.919   3.9946650e+14
      760.977   3.9880823e+14
      761.035   3.9849835e+14
      761.093   3.9852389e+14
      761.151   3.9924536e+14
      761.209   3.9975621e+14
      761.267   3.9998300e+14
      761.325   3.9958715e+14
      761.383   3.9917533e+14
      761.441   3.9960006e+14
      761.499   3.9955545e+14
      761.557   3.9794572e+14
      761.615   3.9692346e+14
      761.673   3.9550173e+14
      761.731   3.9353029e+14
      761.789   3.9074695e+14
      761.847   3.8955762e+14
      761.905   3.8707393e+14
      761.963   3.8533762e+14
      762.021   3.8365855e+14
      762.079   3.8495499e+14
      762.137   3.8687501e+14
      762.195   3.9008357e+14
      762.253   3.9257976e+14
      762.311   3.9647995e+14
      762.369   3.9773316e+14
      762.428   3.9876962e+14
      762.486   4.0012877e+14
      762.544   4.0186549e+14
      762.602   4.0248934e+14
      762.660   4.0324448e+14
      762.718   4.0364467e+14
      762.776   4.0332499e+14
      762.835   4.0278827e+14
      762.893   4.0206530e+14
      762.951   4.0207823e+14
      763.009   4.0231234e+14
      763.068   4.0260021e+14
      763.126   4.0294512e+14
      763.184   4.0344061e+14
      763.242   4.0311015e+14
      763.301   4.0279944e+14
      763.359   4.0258093e+14
      763.417   4.0237517e+14
      763.475   4.0224622e+14
      763.534   4.0220116e+14
      763.592   4.0208179e+14
      763.650   4.0193040e+14
      763.709   4.0181153e+14
      763.767   4.0174018e+14
      763.825   4.0160470e+14
      763.884   4.0117494e+14
      763.942   4.0085354e+14
      764.000   4.0052239e+14
      764.059   4.0014694e+14
      764.117   3.9986055e+14
      764.175   3.9994921e+14
      764.234   4.0006415e+14
      764.292   4.0019128e+14
      764.351   4.0019402e+14
      764.409   4.0041101e+14
      764.468   4.0066069e+14
      764.526   4.0099643e+14
      764.584   4.0134181e+14
      764.643   4.0179378e+14
      764.701   4.0198207e+14
      764.760   4.0204909e+14
      764.818   4.0208018e+14
      764.877   4.0206377e+14
      764.935   4.0204996e+14
      764.994   4.0212020e+14
      765.052   4.0220354e+14
      765.111   4.0219285e+14
      765.169   4.0211115e+14
      765.228   4.0130740e+14
      765.287   4.0048432e+14
      765.345   3.9906036e+14
      765.404   3.9735405e+14
      765.462   3.9609997e+14
      765.521   3.9555903e+14
      765.580   3.9416378e+14
      765.638   3.9189764e+14
      765.697   3.8969906e+14
      765.755   3.8679968e+14
      765.814   3.8396140e+14
      765.873   3.8181341e+14
      765.931   3.8150571e+14
      765.990   3.8036289e+14
      766.049   3.7997510e+14
      766.107   3.7931375e+14
      766.166   3.8002468e+14
      766.225   3.7968172e+14
      766.284   3.7850643e+14
      766.342   3.7571094e+14
      766.401   3.7467674e+14
      766.460   3.7242106e+14
      766.518   3.7225083e+14
      766.577   3.7447241e+14
      766.636   3.7811184e+14
      766.695   3.7996425e+14
      766.754   3.8044091e+14
      766.812   3.8040605e+14
      766.871   3.8348388e+14
      766.930   3.8775498e+14
      766.989   3.9241557e+14
      767.048   3.9793704e+14
      767.106   4.0237595e+14
      767.165   4.0334257e+14
      767.224   4.0297446e+14
      767.283   4.0255152e+14
      767.342   4.0273662e+14
      767.401   4.0312123e+14
      767.460   4.0338047e+14
      767.519   4.0366868e+14
      767.578   4.0382498e+14
      767.636   4.0348797e+14
      767.695   4.0296814e+14
      767.754   4.0258987e+14
      767.813   4.0183148e+14
      767.872   3.9999079e+14
      767.931   3.9840091e+14
      767.990   3.9717468e+14
      768.049   3.9594819e+14
      768.108   3.9499852e+14
      768.167   3.9512822e+14
      768.226   3.9502586e+14
      768.285   3.9463658e+14
      768.344   3.9384434e+14
      768.403   3.9428987e+14
      768.462   3.9516427e+14
      768.521   3.9600341e+14
      768.580   3.9692016e+14
      768.640   3.9821837e+14
      768.699   3.9821939e+14
      768.758   3.9763653e+14
      768.817   3.9715035e+14
      768.876   3.9677050e+14
      768.935   3.9642284e+14
      768.994   3.9495848e+14
      769.053   3.9389687e+14
      769.112   3.9284333e+14
      769.172   3.9171581e+14
      769.231   3.9113327e+14
      769.290   3.9225852e+14
      769.349   3.9309656e+14
      769.408   3.9339549e+14
      769.468   3.9333007e+14
      769.527   3.9426521e+14
      769.586   3.9553315e+14
      769.645   3.9692729e+14
      769.704   3.9793069e+14
      769.764   3.9710963e+14
      769.823   3.9564504e+14
      769.882   3.9326922e+14
      769.942   3.9100657e+14
      770.001   3.8956060e+14
      770.060   3.9057366e+14
      770.119   3.9096634e+14
      770.179   3.9097167e+14
      770.238   3.9004892e+14
      770.297   3.9140166e+14
      770.357   3.9330783e+14
      770.416   3.9517499e+14
      770.475   3.9724930e+14
      770.535   4.0012628e+14
      770.594   4.0076234e+14
      770.654   4.0063580e+14
      770.713   4.0046669e+14
      770.772   4.0043984e+14
      770.832   3.9985069e+14
      770.891   3.9765656e+14
      770.951   3.9572143e+14
      771.010   3.9308060e+14
      771.069   3.9087456e+14
      771.129   3.8934827e+14
      771.188   3.8932583e+14
      771.248   3.8846577e+14
      771.307   3.8695456e+14
      771.367   3.8512318e+14
      771.426   3.8484797e+14
      771.486   3.8488397e+14
      771.545   3.8644748e+14
      771.605   3.8965972e+14
      771.664   3.9292696e+14
      771.724   3.9419403e+14
      771.784   3.9464850e+14
      771.843   3.9546845e+14
      771.903   3.9605260e+14
      771.962   3.9653915e+14
      772.022   3.9733078e+14
      772.082   3.9812256e+14
      772.141   3.9674648e+14
      772.201   3.9469351e+14
      772.260   3.9294435e+14
      772.320   3.9125045e+14
      772.380   3.8948824e+14
      772.439   3.8888559e+14
      772.499   3.8931405e+14
      772.559   3.8898731e+14
      772.618   3.8719793e+14
      772.678   3.8691636e+14
      772.738   3.8754580e+14
      772.798   3.8791267e+14
      772.857   3.8864234e+14
      772.917   3.9133786e+14
      772.977   3.9334301e+14
      773.036   3.9405040e+14
      773.096   3.9408686e+14
      773.156   3.9551500e+14
      773.216   3.9650216e+14
      773.276   3.9726231e+14
      773.335   3.9818107e+14
      773.395   3.9968457e+14
      773.455   3.9988371e+14
      773.515   3.9996279e+14
      773.575   3.9991204e+14
      773.635   3.9974118e+14
      773.694   3.9947562e+14
      773.754   3.9953850e+14
      773.814   3.9964027e+14
      773.874   3.9975508e+14
      773.934   3.9996401e+14
      773.994   4.0021199e+14
      774.054   3.9981045e+14
      774.114   3.9818756e+14
      774.174   3.9699000e+14
      774.234   3.9587671e+14
      774.293   3.9470747e+14
      774.353   3.9362307e+14
      774.413   3.9304212e+14
      774.473   3.9085907e+14
      774.533   3.8868222e+14
      774.593   3.8595574e+14
      774.653   3.8277710e+14
      774.713   3.7939973e+14
      774.773   3.7739684e+14
      774.833   3.7546190e+14
      774.893   3.7386805e+14
      774.953   3.7221220e+14
      775.014   3.7304142e+14
      775.074   3.7435464e+14
      775.134   3.7488757e+14
      775.194   3.7639971e+14
      775.254   3.8045630e+14
      775.314   3.8393797e+14
      775.374   3.8688675e+14
      775.434   3.9020403e+14
      775.494   3.9360998e+14
      775.555   3.9546797e+14
      775.615   3.9627083e+14
      775.675   3.9697948e+14
      775.735   3.9782505e+14
      775.795   3.9753091e+14
      775.855   3.9700546e+14
      775.916   3.9643833e+14
      775.976   3.9592238e+14
      776.036   3.9556269e+14
      776.096   3.9554506e+14
      776.156   3.9552088e+14
      776.217   3.9550404e+14
      776.277   3.9529074e+14
      776.337   3.9525675e+14
      776.398   3.9519095e+14
      776.458   3.9535258e+14
      776.518   3.9578497e+14
      776.578   3.9642619e+14
      776.639   3.9679758e+14
      776.699   3.9719435e+14
      776.759   3.9729756e+14
      776.820   3.9716006e+14
      776.880   3.9696625e+14
      776.940   3.9684416e+14
      777.001   3.9624252e+14
      777.061   3.9476573e+14
      777.122   3.9356661e+14
      777.182   3.9230824e+14
      777.242   3.9026604e+14
      777.303   3.8840028e+14
      777.363   3.8691609e+14
      777.424   3.8516425e+14
      777.484   3.8345434e+14
      777.544   3.8227337e+14
      777.605   3.8225546e+14
      777.665   3.8297873e+14
      777.726   3.8353912e+14
      777.786   3.8456962e+14
      777.847   3.8598287e+14
      777.907   3.8660519e+14
      777.968   3.8736520e+14
      778.029   3.8832459e+14
      778.089   3.8896024e+14
      778.150   3.8945904e+14
      778.210   3.8986602e+14
      778.271   3.9023741e+14
      778.331   3.9061179e+14
      778.392   3.9076430e+14
      778.452   3.9107337e+14
      778.513   3.9137298e+14
      778.574   3.9167917e+14
      778.634   3.9198506e+14
      778.695   3.9205265e+14
      778.756   3.9075337e+14
      778.816   3.8985258e+14
      778.877   3.8903706e+14
      778.938   3.8821491e+14
      778.998   3.8774882e+14
      779.059   3.8844022e+14
      779.120   3.8881478e+14
      779.180   3.8881265e+14
      779.241   3.8838901e+14
      779.302   3.8910386e+14
      779.362   3.9007688e+14
      779.423   3.9092615e+14
      779.484   3.9192941e+14
      779.545   3.9295571e+14
      779.606   3.9145203e+14
      779.666   3.9015702e+14
      779.727   3.8883287e+14
      779.788   3.8701087e+14
      779.849   3.8529332e+14
      779.910   3.8507196e+14
      779.970   3.8441452e+14
      780.031   3.8372804e+14
      780.092   3.8291361e+14
      780.153   3.8384829e+14
      780.214   3.8496980e+14
      780.275   3.8594082e+14
      780.336   3.8728546e+14
      780.396   3.8980610e+14
      780.457   3.9095789e+14
      780.518   3.9187396e+14
      780.579   3.9255745e+14
      780.640   3.9215283e+14
      780.701   3.9169245e+14
      780.762   3.9120909e+14
      780.823   3.9065014e+14
      780.884   3.9005840e+14
      780.945   3.8896157e+14
      781.006   3.8768063e+14
      781.067   3.8618731e+14
      781.128   3.8440514e+14
      781.189   3.8396096e+14
      781.250   3.8511740e+14
      781.311   3.8596564e+14
      781.372   3.8666641e+14
      781.433   3.8718681e+14
      781.494   3.8793695e+14
      781.555   3.8891035e+14
      781.616   3.8996921e+14
      781.677   3.9119557e+14
      781.739   3.9299371e+14
      781.800   3.9359352e+14
      781.861   3.9371091e+14
      781.922   3.9354599e+14
      781.983   3.9340727e+14
      782.044   3.9303541e+14
      782.105   3.9271608e+14
      782.167   3.9243981e+14
      782.228   3.9231742e+14
      782.289   3.9219829e+14
      782.350   3.9228270e+14
      782.411   3.9219641e+14
      782.473   3.9195286e+14
      782.534   3.9071988e+14
      782.595   3.9011432e+14
      782.656   3.8964994e+14
      782.718   3.8928449e+14
      782.779   3.8908288e+14
      782.840   3.8995915e+14
      782.901   3.9027680e+14
      782.963   3.9020389e+14
      783.024   3.8892952e+14
      783.085   3.8637296e+14
      783.147   3.8481919e+14
      783.208   3.8349809e+14
      783.269   3.8239378e+14
      783.331   3.8221393e+14
      783.392   3.8232622e+14
      783.453   3.8063932e+14
      783.515   3.7875528e+14
      783.576   3.7641964e+14
      783.638   3.7678532e+14
      783.699   3.7872988e+14
      783.760   3.8148759e+14
      783.822   3.8387766e+14
      783.883   3.8628737e+14
      783.945   3.8653885e+14
      784.006   3.8711240e+14
      784.068   3.8785121e+14
      784.129   3.8880360e+14
      784.191   3.9019460e+14
      784.252   3.9117370e+14
      784.314   3.9091854e+14
      784.375   3.9051783e+14
      784.437   3.9009787e+14
      784.498   3.8965089e+14
      784.560   3.8949434e+14
      784.621   3.8967650e+14
      784.683   3.8973409e+14
      784.745   3.8985098e+14
      784.806   3.8970699e+14
      784.868   3.8921410e+14
      784.929   3.8884915e+14
      784.991   3.8851107e+14
      785.053   3.8782901e+14
      785.114   3.8740332e+14
      785.176   3.8717259e+14
      785.238   3.8692199e+14
      785.299   3.8651260e+14
      785.361   3.8591893e+14
      785.423   3.8523604e+14
      785.484   3.8238866e+14
      785.546   3.8004936e+14
      785.608   3.7838921e+14
      785.669   3.7750372e+14
      785.731   3.7676378e+14
      785.793   3.7814890e+14
      785.855   3.7864649e+14
      785.916   3.7851985e+14
      785.978   3.7761461e+14
      786.040   3.7916206e+14
      786.102   3.8132713e+14
      786.164   3.8381282e+14
      786.225   3.8628188e+14
      786.287   3.8934965e+14
      786.349   3.8994096e+14
      786.411   3.8985198e+14
      786.473   3.8985880e+14
      786.535   3.9018928e+14
      786.596   3.9052593e+14
      786.658   3.9094909e+14
      786.720   3.9133257e+14
      786.782   3.9133618e+14
      786.844   3.9094318e+14
      786.906   3.9066250e+14
      786.968   3.9022313e+14
      787.030   3.8994949e+14
      787.092   3.8972584e+14
      787.154   3.8965753e+14
      787.216   3.8937763e+14
      787.278   3.8911421e+14
      787.340   3.8890693e+14
      787.402   3.8904026e+14
      787.464   3.8880980e+14
      787.526   3.8869513e+14
      787.588   3.8839185e+14
      787.650   3.8819105e+14
      787.712   3.8784795e+14
      787.774   3.8796140e+14
      787.836   3.8761494e+14
      787.898   3.8753317e+14
      787.960   3.8709396e+14
      788.022   3.8624432e+14
      788.084   3.8574208e+14
      788.146   3.8604405e+14
      788.208   3.8634941e+14
      788.271   3.8681408e+14
      788.333   3.8743074e+14
      788.395   3.8806397e+14
      788.457   3.8834632e+14
      788.519   3.8817176e+14
      788.581   3.8882838e+14
      788.644   3.8972394e+14
      788.706   3.9010917e+14
      788.768   3.9042157e+14
      788.830   3.9106856e+14
      788.892   3.9094048e+14
      788.955   3.9080950e+14
      789.017   3.9071706e+14
      789.079   3.9072852e+14
      789.141   3.9079306e+14
      789.204   3.9073205e+14
      789.266   3.9057124e+14
      789.328   3.9046674e+14
      789.391   3.9040901e+14
      789.453   3.9025804e+14
      789.515   3.9010045e+14
      789.578   3.8993992e+14
      789.640   3.8980879e+14
      789.702   3.8959143e+14
      789.765   3.8946398e+14
      789.827   3.8949858e+14
      789.889   3.8949999e+14
      789.952   3.8897790e+14
      790.014   3.8880677e+14
      790.077   3.8899431e+14
      790.139   3.8921796e+14
      790.201   3.8957097e+14
      790.264   3.9038886e+14
      790.326   3.9079506e+14
      790.389   3.9061778e+14
      790.451   3.9048322e+14
      790.514   3.9081027e+14
      790.576   3.9138587e+14
      790.639   3.9231034e+14
      790.701   3.9272345e+14
      790.764   3.9291462e+14
      790.826   3.9269381e+14
      790.889   3.9234391e+14
      790.951   3.9196038e+14
      791.014   3.9105006e+14
      791.077   3.8985997e+14
      791.139   3.8784907e+14
      791.202   3.8542992e+14
      791.264   3.8311291e+14
      791.327   3.8158642e+14
      791.390   3.8034535e+14
      791.452   3.7993404e+14
      791.515   3.7991507e+14
      791.578   3.7980646e+14
      791.640   3.7946478e+14
      791.703   3.7929625e+14
      791.766   3.7940681e+14
      791.828   3.7947709e+14
      791.891   3.7940492e+14
      791.954   3.7968170e+14
      792.016   3.7990818e+14
      792.079   3.7997895e+14
      792.142   3.8053837e+14
      792.205   3.8148016e+14
      792.267   3.8275081e+14
      792.330   3.8412515e+14
      792.393   3.8546310e+14
      792.456   3.8626919e+14
      792.519   3.8656985e+14
      792.581   3.8634797e+14
      792.644   3.8588034e+14
      792.707   3.8543926e+14
      792.770   3.8518776e+14
      792.833   3.8505262e+14
      792.896   3.8420881e+14
      792.959   3.8311196e+14
      793.021   3.8183139e+14
      793.084   3.7962247e+14
      793.147   3.7696722e+14
      793.210   3.7495734e+14
      793.273   3.7343645e+14
      793.336   3.7202513e+14
      793.399   3.7180212e+14
      793.462   3.7269433e+14
      793.525   3.7257459e+14
      793.588   3.7146913e+14
      793.651   3.7119601e+14
      793.714   3.7125260e+14
      793.777   3.7094612e+14
      793.840   3.7162219e+14
      793.903   3.7304112e+14
      793.966   3.7287791e+14
      794.029   3.7225167e+14
      794.092   3.7304788e+14
      794.155   3.7481389e+14
      794.218   3.7586697e+14
      794.281   3.7723680e+14
      794.344   3.7831687e+14
      794.407   3.7616427e+14
      794.470   3.7262143e+14
      794.534   3.7060188e+14
      794.597   3.6928830e+14
      794.660   3.6829119e+14
      794.723   3.6922438e+14
      794.786   3.7157148e+14
      794.849   3.7362539e+14
      794.913   3.7584684e+14
      794.976   3.7921198e+14
      795.039   3.8290355e+14
      795.102   3.8578084e+14
      795.165   3.8825173e+14
      795.229   3.9020336e+14
      795.292   3.9043963e+14
      795.355   3.8993842e+14
      795.418   3.8897658e+14
      795.482   3.8801178e+14
      795.545   3.8708620e+14
      795.608   3.8614702e+14
      795.672   3.8528513e+14
      795.735   3.8442565e+14
      795.798   3.8348255e+14
      795.862   3.8272026e+14
      795.925   3.8236464e+14
      795.988   3.8253677e+14
      796.052   3.8318073e+14
      796.115   3.8394444e+14
      796.178   3.8444431e+14
      796.242   3.8475111e+14
      796.305   3.8490014e+14
      796.369   3.8489949e+14
      796.432   3.8487139e+14
      796.495   3.8507065e+14
      796.559   3.8509341e+14
      796.622   3.8494151e+14
      796.686   3.8485380e+14
      796.749   3.8487923e+14
      796.813   3.8504241e+14
      796.876   3.8516482e+14
      796.940   3.8532138e+14
      797.003   3.8542661e+14
      797.067   3.8534501e+14
      797.130   3.8527966e+14
      797.194   3.8522813e+14
      797.257   3.8503217e+14
      797.321   3.8451186e+14
      797.385   3.8407861e+14
      797.448   3.8398625e+14
      797.512   3.8404178e+14
      797.575   3.8418721e+14
      797.639   3.8469157e+14
      797.703   3.8498498e+14
      797.766   3.8479551e+14
      797.830   3.8464670e+14
      797.894   3.8478940e+14
      797.957   3.8491480e+14
      798.021   3.8514468e+14
      798.085   3.8537457e+14
      798.148   3.8543299e+14
      798.212   3.8523724e+14
      798.276   3.8518893e+14
      798.339   3.8527082e+14
      798.403   3.8549412e+14
      798.467   3.8579115e+14
      798.531   3.8600777e+14
      798.594   3.8578119e+14
      798.658   3.8527341e+14
      798.722   3.8473866e+14
      798.786   3.8419381e+14
      798.850   3.8377288e+14
      798.913   3.8367355e+14
      798.977   3.8367535e+14
      799.041   3.8347976e+14
      799.105   3.8335296e+14
      799.169   3.8345440e+14
      799.233   3.8369009e+14
      799.297   3.8387215e+14
      799.361   3.8388300e+14
      799.424   3.8364166e+14
      799.488   3.8302800e+14
      799.552   3.8238408e+14
      799.616   3.8234111e+14
      799.680   3.8219062e+14
      799.744   3.8049535e+14
      799.808   3.7821880e+14
      799.872   3.7605612e+14
      799.936   3.7409127e+14
      800.000   3.7255951e+14
      800.064   3.7248556e+14
      800.128   3.7285166e+14
      800.192   3.7298934e+14
      800.256   3.7357058e+14
      800.320   3.7580522e+14
      800.384   3.7863840e+14
      800.448   3.8180133e+14
      800.512   3.8446054e+14
      800.576   3.8620245e+14
      800.641   3.8647943e+14
      800.705   3.8648702e+14
      800.769   3.8645763e+14
      800.833   3.8646862e+14
      800.897   3.8631477e+14
      800.961   3.8580448e+14
      801.025   3.8512524e+14
      801.089   3.8444999e+14
      801.154   3.8395007e+14
      801.218   3.8375231e+14
      801.282   3.8375633e+14
      801.346   3.8383104e+14
      801.411   3.8404420e+14
      801.475   3.8443860e+14
      801.539   3.8469177e+14
      801.603   3.8467566e+14
      801.667   3.8459221e+14
      801.732   3.8444196e+14
      801.796   3.8409251e+14
      801.860   3.8378000e+14
      801.925   3.8357914e+14
      801.989   3.8333055e+14
      802.053   3.8285958e+14
      802.118   3.8255077e+14
      802.182   3.8261187e+14
      802.246   3.8282121e+14
      802.311   3.8304127e+14
      802.375   3.8383361e+14
      802.439   3.8432280e+14
      802.504   3.8417567e+14
      802.568   3.8378528e+14
      802.633   3.8282914e+14
      802.697   3.8113402e+14
      802.761   3.7937448e+14
      802.826   3.7805356e+14
      802.890   3.7691053e+14
      802.955   3.7644557e+14
      803.019   3.7705073e+14
      803.084   3.7813791e+14
      803.148   3.7948112e+14
      803.213   3.8175937e+14
      803.277   3.8404759e+14
      803.342   3.8545610e+14
      803.406   3.8610184e+14
      803.471   3.8632631e+14
      803.536   3.8559588e+14
      803.600   3.8436880e+14
      803.665   3.8354023e+14
      803.729   3.8317686e+14
      803.794   3.8285435e+14
      803.859   3.8263311e+14
      803.923   3.8296164e+14
      803.988   3.8368230e+14
      804.052   3.8450731e+14
      804.117   3.8535308e+14
      804.182   3.8631385e+14
      804.246   3.8687580e+14
      804.311   3.8695185e+14
      804.376   3.8666659e+14
      804.440   3.8496204e+14
      804.505   3.8247731e+14
      804.570   3.7953614e+14
      804.635   3.7631072e+14
      804.699   3.7320937e+14
      804.764   3.7126708e+14
      804.829   3.6983139e+14
      804.894   3.6876727e+14
      804.958   3.6877739e+14
      805.023   3.7036137e+14
      805.088   3.7275981e+14
      805.153   3.7558126e+14
      805.218   3.7858237e+14
      805.283   3.8073868e+14
      805.347   3.8177886e+14
      805.412   3.8251201e+14
      805.477   3.8265675e+14
      805.542   3.8288605e+14
      805.607   3.8324059e+14
      805.672   3.8321962e+14
      805.737   3.8299225e+14
      805.802   3.8302540e+14
      805.867   3.8322777e+14
      805.932   3.8347076e+14
      805.997   3.8382889e+14
      806.062   3.8433934e+14
      806.127   3.8451139e+14
      806.192   3.8449386e+14
      806.257   3.8444928e+14
      806.322   3.8429966e+14
      806.387   3.8425163e+14
      806.452   3.8431198e+14
      806.517   3.8434182e+14
      806.582   3.8434455e+14
      806.647   3.8436763e+14
      806.712   3.8425177e+14
      806.777   3.8396313e+14
      806.842   3.8364730e+14
      806.907   3.8309422e+14
      806.972   3.8238176e+14
      807.037   3.8146109e+14
      807.102   3.8040120e+14
      807.168   3.7935507e+14
      807.233   3.7865757e+14
      807.298   3.7828541e+14
      807.363   3.7782512e+14
      807.428   3.7748336e+14
      807.494   3.7753873e+14
      807.559   3.7785820e+14
      807.624   3.7850662e+14
      807.689   3.7976223e+14
      807.754   3.8117058e+14
      807.820   3.8211826e+14
      807.885   3.8258392e+14
      807.950   3.8289702e+14
      808.016   3.8303753e+14
      808.081   3.8303172e+14
      808.146   3.8309047e+14
      808.211   3.8327130e+14
      808.277   3.8305216e+14
      808.342   3.8144793e+14
      808.407   3.7939894e+14
      808.473   3.7793723e+14
      808.538   3.7665823e+14
      808.604   3.7571210e+14
      808.669   3.7620822e+14
      808.734   3.7700661e+14
      808.800   3.7677668e+14
      808.865   3.7674331e+14
      808.931   3.7783423e+14
      808.996   3.7905397e+14
      809.061   3.8015729e+14
      809.127   3.8100350e+14
      809.192   3.8091186e+14
      809.258   3.7954339e+14
      809.323   3.7824560e+14
      809.389   3.7765133e+14
      809.454   3.7790931e+14
      809.520   3.7789940e+14
      809.586   3.7749525e+14
      809.651   3.7718573e+14
      809.717   3.7618666e+14
      809.782   3.7479261e+14
      809.848   3.7437792e+14
      809.913   3.7438758e+14
      809.979   3.7395571e+14
      810.045   3.7411204e+14
      810.110   3.7518267e+14
      810.176   3.7615191e+14
      810.241   3.7758337e+14
      810.307   3.7989989e+14
      810.373   3.8187659e+14
      810.438   3.8301628e+14
      810.504   3.8405796e+14
      810.570   3.8459625e+14
      810.636   3.8432473e+14
      810.701   3.8405951e+14
      810.767   3.8397172e+14
      810.833   3.8384647e+14
      810.898   3.8364579e+14
      810.964   3.8361578e+14
      811.030   3.8351693e+14
      811.096   3.8327817e+14
      811.162   3.8320965e+14
      811.227   3.8329718e+14
      811.293   3.8317412e+14
      811.359   3.8305787e+14
      811.425   3.8308463e+14
      811.491   3.8293771e+14
      811.557   3.8279751e+14
      811.622   3.8301111e+14
      811.688   3.8311619e+14
      811.754   3.8299986e+14
      811.820   3.8295839e+14
      811.886   3.8301924e+14
      811.952   3.8302215e+14
      812.018   3.8334548e+14
      812.084   3.8397234e+14
      812.150   3.8458574e+14
      812.216   3.8515483e+14
      812.282   3.8562515e+14
      812.348   3.8586362e+14
      812.414   3.8596226e+14
      812.480   3.8585615e+14
      812.546   3.8554878e+14
      812.612   3.8517650e+14
      812.678   3.8485871e+14
      812.744   3.8448973e+14
      812.810   3.8434246e+14
      812.876   3.8440340e+14
      812.942   3.8447803e+14
      813.008   3.8468517e+14
      813.074   3.8507566e+14
      813.140   3.8549695e+14
      813.206   3.8588413e+14
      813.273   3.8633674e+14
      813.339   3.8665227e+14
      813.405   3.8667070e+14
      813.471   3.8659690e+14
      813.537   3.8647183e+14
      813.603   3.8628524e+14
      813.670   3.8612979e+14
      813.736   3.8593967e+14
      813.802   3.8554789e+14
      813.868   3.8501251e+14
      813.935   3.8451508e+14
      814.001   3.8407520e+14
      814.067   3.8364896e+14
      814.133   3.8330803e+14
      814.200   3.8306337e+14
      814.266   3.8281808e+14
      814.332   3.8281562e+14
      814.399   3.8301200e+14
      814.465   3.8327297e+14
      814.531   3.8349970e+14
      814.598   3.8376119e+14
      814.664   3.8404275e+14
      814.730   3.8423196e+14
      814.797   3.8404187e+14
      814.863   3.8350898e+14
      814.930   3.8284990e+14
      814.996   3.8216964e+14
      815.062   3.8149202e+14
      815.129   3.8114707e+14
      815.195   3.8122945e+14
      815.262   3.8126102e+14
      815.328   3.8132635e+14
      815.395   3.8170382e+14
      815.461   3.8235479e+14
      815.528   3.8292770e+14
      815.594   3.8343504e+14
      815.661   3.8386763e+14
      815.727   3.8389201e+14
      815.794   3.8360858e+14
      815.860   3.8345819e+14
      815.927   3.8354135e+14
      815.993   3.8344917e+14
      816.060   3.8294278e+14
      816.127   3.8232311e+14
      816.193   3.8171997e+14
      816.260   3.8115150e+14
      816.327   3.8080239e+14
      816.393   3.8093969e+14
      816.460   3.8119064e+14
      816.526   3.8120792e+14
      816.593   3.8143153e+14
      816.660   3.8165860e+14
      816.727   3.8158040e+14
      816.793   3.8151190e+14
      816.860   3.8147478e+14
      816.927   3.8109447e+14
      816.993   3.8066894e+14
      817.060   3.8052630e+14
      817.127   3.8033067e+14
      817.194   3.8036157e+14
      817.261   3.8069455e+14
      817.327   3.8106504e+14
      817.394   3.8150112e+14
      817.461   3.8206083e+14
      817.528   3.8235621e+14
      817.595   3.8229792e+14
      817.661   3.8215343e+14
      817.728   3.8162464e+14
      817.795   3.8086909e+14
      817.862   3.8031615e+14
      817.929   3.7971844e+14
      817.996   3.7920649e+14
      818.063   3.7885603e+14
      818.130   3.7700426e+14
      818.197   3.7345508e+14
      818.264   3.7033842e+14
      818.331   3.6776086e+14
      818.398   3.6546825e+14
      818.465   3.6477324e+14
      818.532   3.6508158e+14
      818.599   3.6431774e+14
      818.666   3.6429272e+14
      818.733   3.6602062e+14
      818.800   3.6840860e+14
      818.867   3.7151533e+14
      818.934   3.7538890e+14
      819.001   3.7811836e+14
      819.068   3.7936916e+14
      819.135   3.8035541e+14
      819.202   3.8118366e+14
      819.269   3.8079800e+14
      819.336   3.7826617e+14
      819.403   3.7457794e+14
      819.471   3.7063153e+14
      819.538   3.6647395e+14
      819.605   3.6356456e+14
      819.672   3.6272270e+14
      819.739   3.6169836e+14
      819.807   3.6048495e+14
      819.874   3.6150131e+14
      819.941   3.6360574e+14
      820.008   3.6553838e+14
      820.075   3.6855262e+14
      820.143   3.7159891e+14
      820.210   3.7223117e+14
      820.277   3.7219532e+14
      820.345   3.7269732e+14
      820.412   3.7292681e+14
      820.479   3.7338714e+14
      820.547   3.7457854e+14
      820.614   3.7492888e+14
      820.681   3.7443485e+14
      820.749   3.7414123e+14
      820.816   3.7347124e+14
      820.883   3.7263566e+14
      820.951   3.7234520e+14
      821.018   3.7232179e+14
      821.085   3.7158130e+14
      821.153   3.7039621e+14
      821.220   3.6900348e+14
      821.288   3.6770418e+14
      821.355   3.6672500e+14
      821.423   3.6617725e+14
      821.490   3.6620172e+14
      821.558   3.6625073e+14
      821.625   3.6642699e+14
      821.693   3.6815317e+14
      821.760   3.7062465e+14
      821.828   3.7190281e+14
      821.895   3.7158599e+14
      821.963   3.7088638e+14
      822.030   3.6931967e+14
      822.098   3.6704525e+14
      822.166   3.6582364e+14
      822.233   3.6600687e+14
      822.301   3.6610765e+14
      822.368   3.6699894e+14
      822.436   3.6970430e+14
      822.504   3.7334980e+14
      822.571   3.7701955e+14
      822.639   3.8087352e+14
      822.707   3.8390234e+14
      822.774   3.8521030e+14
      822.842   3.8525403e+14
      822.910   3.8405698e+14
      822.978   3.8182280e+14
      823.045   3.7874650e+14
      823.113   3.7511284e+14
      823.181   3.7211812e+14
      823.249   3.7010826e+14
      823.316   3.6886856e+14
      823.384   3.6842472e+14
      823.452   3.6931605e+14
      823.520   3.7026980e+14
      823.588   3.7196072e+14
      823.655   3.7442657e+14
      823.723   3.7650582e+14
      823.791   3.7739847e+14
      823.859   3.7787941e+14
      823.927   3.7741873e+14
      823.995   3.7605095e+14
      824.063   3.7509486e+14
      824.131   3.7472034e+14
      824.198   3.7397117e+14
      824.266   3.7377996e+14
      824.334   3.7444782e+14
      824.402   3.7538956e+14
      824.470   3.7650121e+14
      824.538   3.7784190e+14
      824.606   3.7813281e+14
      824.674   3.7679813e+14
      824.742   3.7528640e+14
      824.810   3.7391987e+14
      824.878   3.7249771e+14
      824.946   3.7161256e+14
      825.014   3.7160956e+14
      825.082   3.7160226e+14
      825.151   3.7182095e+14
      825.219   3.7294796e+14
      825.287   3.7452613e+14
      825.355   3.7605597e+14
      825.423   3.7746121e+14
      825.491   3.7795406e+14
      825.559   3.7751349e+14
      825.628   3.7675755e+14
      825.696   3.7599054e+14
      825.764   3.7554277e+14
      825.832   3.7568500e+14
      825.900   3.7585162e+14
      825.968   3.7623347e+14
      826.037   3.7709505e+14
      826.105   3.7808126e+14
      826.173   3.7863704e+14
      826.241   3.7896371e+14
      826.310   3.7909625e+14
      826.378   3.7883948e+14
      826.446   3.7834285e+14
      826.515   3.7795780e+14
      826.583   3.7781196e+14
      826.651   3.7749235e+14
      826.720   3.7738157e+14
      826.788   3.7755193e+14
      826.856   3.7785094e+14
      826.925   3.7821635e+14
      826.993   3.7872744e+14
      827.061   3.7895674e+14
      827.130   3.7877970e+14
      827.198   3.7848053e+14
      827.267   3.7805303e+14
      827.335   3.7767720e+14
      827.404   3.7720782e+14
      827.472   3.7648048e+14
      827.541   3.7573267e+14
      827.609   3.7527992e+14
      827.678   3.7481709e+14
      827.746   3.7448954e+14
      827.815   3.7462511e+14
      827.883   3.7477761e+14
      827.952   3.7498979e+14
      828.020   3.7542780e+14
      828.089   3.7600201e+14
      828.157   3.7633923e+14
      828.226   3.7668733e+14
      828.294   3.7686102e+14
      828.363   3.7670082e+14
      828.432   3.7650580e+14
      828.500   3.7636952e+14
      828.569   3.7609082e+14
      828.638   3.7561708e+14
      828.706   3.7532038e+14
      828.775   3.7507992e+14
      828.844   3.7485675e+14
      828.912   3.7479688e+14
      828.981   3.7508944e+14
      829.050   3.7514688e+14
      829.119   3.7524080e+14
      829.187   3.7496493e+14
      829.256   3.7393300e+14
      829.325   3.7285915e+14
      829.394   3.7205003e+14
      829.463   3.7117113e+14
      829.531   3.7062994e+14
      829.600   3.7076541e+14
      829.669   3.7063939e+14
      829.738   3.7077138e+14
      829.807   3.7146485e+14
      829.876   3.7228743e+14
      829.944   3.7325975e+14
      830.013   3.7452904e+14
      830.082   3.7550193e+14
      830.151   3.7582269e+14
      830.220   3.7598992e+14
      830.289   3.7607347e+14
      830.358   3.7606628e+14
      830.427   3.7564038e+14
      830.496   3.7470846e+14
      830.565   3.7297725e+14
      830.634   3.7117248e+14
      830.703   3.6976886e+14
      830.772   3.6870362e+14
      830.841   3.6755800e+14
      830.910   3.6681018e+14
      830.979   3.6610764e+14
      831.048   3.6598999e+14
      831.117   3.6676859e+14
      831.186   3.6839932e+14
      831.255   3.7042158e+14
      831.324   3.7229388e+14
      831.393   3.7370897e+14
      831.463   3.7494662e+14
      831.532   3.7597788e+14
      831.601   3.7656906e+14
      831.670   3.7748888e+14
      831.739   3.7765750e+14
      831.808   3.7708524e+14
      831.878   3.7645397e+14
      831.947   3.7621006e+14
      832.016   3.7558857e+14
      832.085   3.7539358e+14
      832.154   3.7575778e+14
      832.224   3.7627993e+14
      832.293   3.7688918e+14
      832.362   3.7764176e+14
      832.432   3.7760114e+14
      832.501   3.7541585e+14
      832.570   3.7115948e+14
      832.639   3.6718563e+14
      832.709   3.6344598e+14
      832.778   3.5999921e+14
      832.847   3.5813692e+14
      832.917   3.5803153e+14
      832.986   3.5642422e+14
      833.056   3.5577248e+14
      833.125   3.5726239e+14
      833.195   3.5925357e+14
      833.264   3.6132172e+14
      833.333   3.6384185e+14
      833.403   3.6449645e+14
      833.472   3.6304262e+14
      833.542   3.6216332e+14
      833.611   3.6197696e+14
      833.681   3.6240747e+14
      833.750   3.6310733e+14
      833.820   3.6327877e+14
      833.889   3.6353730e+14
      833.959   3.6391552e+14
      834.028   3.6428287e+14
      834.098   3.6454552e+14
      834.167   3.6512674e+14
      834.237   3.6497592e+14
      834.307   3.6476900e+14
      834.376   3.6476134e+14
      834.446   3.6470156e+14
      834.516   3.6404222e+14
      834.585   3.6354362e+14
      834.655   3.6304536e+14
      834.725   3.6251189e+14
      834.794   3.6261285e+14
      834.864   3.6345788e+14
      834.934   3.6398727e+14
      835.003   3.6504627e+14
      835.073   3.6688072e+14
      835.143   3.6891897e+14
      835.213   3.7103488e+14
      835.282   3.7338581e+14
      835.352   3.7475831e+14
      835.422   3.7526403e+14
      835.492   3.7569609e+14
      835.562   3.7611065e+14
      835.631   3.7606478e+14
      835.701   3.7548913e+14
      835.771   3.7501524e+14
      835.841   3.7471336e+14
      835.911   3.7436924e+14
      835.981   3.7402158e+14
      836.051   3.7383538e+14
      836.120   3.7344843e+14
      836.190   3.7304081e+14
      836.260   3.7272089e+14
      836.330   3.7243962e+14
      836.400   3.7162401e+14
      836.470   3.7020352e+14
      836.540   3.6916254e+14
      836.610   3.6835341e+14
      836.680   3.6773752e+14
      836.750   3.6791633e+14
      836.820   3.6885127e+14
      836.890   3.6918493e+14
      836.960   3.6996894e+14
      837.030   3.7116819e+14
      837.100   3.7227361e+14
      837.170   3.7306258e+14
      837.240   3.7365103e+14
      837.311   3.7348680e+14
      837.381   3.7297746e+14
      837.451   3.7241524e+14
      837.521   3.7182133e+14
      837.591   3.7114635e+14
      837.661   3.7028832e+14
      837.731   3.6939151e+14
      837.802   3.6857930e+14
      837.872   3.6787238e+14
      837.942   3.6724986e+14
      838.012   3.6664486e+14
      838.083   3.6611404e+14
      838.153   3.6582932e+14
      838.223   3.6581213e+14
      838.293   3.6596048e+14
      838.364   3.6624643e+14
      838.434   3.6713784e+14
      838.504   3.6772295e+14
      838.574   3.6614215e+14
      838.645   3.6271944e+14
      838.715   3.6033870e+14
      838.785   3.5828883e+14
      838.856   3.5682377e+14
      838.926   3.5712316e+14
      838.997   3.5813444e+14
      839.067   3.5708748e+14
      839.137   3.5816629e+14
      839.208   3.6114211e+14
      839.278   3.6463970e+14
      839.349   3.6839970e+14
      839.419   3.7277000e+14
      839.490   3.7465260e+14
      839.560   3.7445779e+14
      839.631   3.7375934e+14
      839.701   3.7274256e+14
      839.772   3.7193076e+14
      839.842   3.7119571e+14
      839.913   3.7085282e+14
      839.983   3.7018803e+14
      840.054   3.6983076e+14
      840.124   3.6958221e+14
      840.195   3.6975436e+14
      840.266   3.7012432e+14
      840.336   3.7081155e+14
      840.407   3.7129119e+14
      840.477   3.7165367e+14
      840.548   3.7203820e+14
      840.619   3.7245459e+14
      840.689   3.7302243e+14
      840.760   3.7376409e+14
      840.831   3.7417025e+14
      840.901   3.7423644e+14
      840.972   3.7410173e+14
      841.043   3.7356353e+14
      841.114   3.7265140e+14
      841.184   3.7181305e+14
      841.255   3.7078757e+14
      841.326   3.6982556e+14
      841.397   3.6928792e+14
      841.468   3.6907918e+14
      841.538   3.6838896e+14
      841.609   3.6753270e+14
      841.680   3.6618797e+14
      841.751   3.6548713e+14
      841.822   3.6496666e+14
      841.893   3.6467964e+14
      841.963   3.6456570e+14
      842.034   3.6472106e+14
      842.105   3.6402696e+14
      842.176   3.6344597e+14
      842.247   3.6344198e+14
      842.318   3.6326100e+14
      842.389   3.6330298e+14
      842.460   3.6329546e+14
      842.531   3.6245573e+14
      842.602   3.6098901e+14
      842.673   3.6000384e+14
      842.744   3.5932313e+14
      842.815   3.5954908e+14
      842.886   3.6047989e+14
      842.957   3.6151004e+14
      843.028   3.6252703e+14
      843.099   3.6370504e+14
      843.170   3.6453965e+14
      843.241   3.6498813e+14
      843.313   3.6451574e+14
      843.384   3.6211764e+14
      843.455   3.5876526e+14
      843.526   3.5612482e+14
      843.597   3.5466455e+14
      843.668   3.5391729e+14
      843.739   3.5359362e+14
      843.811   3.5269675e+14
      843.882   3.5244994e+14
      843.953   3.5352083e+14
      844.024   3.5536465e+14
      844.096   3.5819119e+14
      844.167   3.6184492e+14
      844.238   3.6403330e+14
      844.309   3.6564348e+14
      844.381   3.6734696e+14
      844.452   3.6791734e+14
      844.523   3.6742582e+14
      844.595   3.6776952e+14
      844.666   3.6727431e+14
      844.737   3.6616778e+14
      844.809   3.6584337e+14
      844.880   3.6629666e+14
      844.951   3.6611728e+14
      845.023   3.6709106e+14
      845.094   3.6875487e+14
      845.166   3.7041933e+14
      845.237   3.7231117e+14
      845.309   3.7439566e+14
      845.380   3.7519629e+14
      845.451   3.7530357e+14
      845.523   3.7518004e+14
      845.594   3.7475729e+14
      845.666   3.7412503e+14
      845.737   3.7323972e+14
      845.809   3.7208427e+14
      845.881   3.7099271e+14
      845.952   3.7033115e+14
      846.024   3.7004705e+14
      846.095   3.6994753e+14
      846.167   3.6998013e+14
      846.238   3.6985570e+14
      846.310   3.7001991e+14
      846.382   3.7020915e+14
      846.453   3.7014522e+14
      846.525   3.6986095e+14
      846.597   3.6935938e+14
      846.668   3.6703808e+14
      846.740   3.6347049e+14
      846.812   3.6094221e+14
      846.883   3.5874444e+14
      846.955   3.5663929e+14
      847.027   3.5571860e+14
      847.099   3.5607230e+14
      847.170   3.5508291e+14
      847.242   3.5553385e+14
      847.314   3.5748462e+14
      847.386   3.5992068e+14
      847.458   3.6210782e+14
      847.529   3.6493281e+14
      847.601   3.6634015e+14
      847.673   3.6658208e+14
      847.745   3.6671712e+14
      847.817   3.6702686e+14
      847.889   3.6674828e+14
      847.961   3.6580282e+14
      848.033   3.6437207e+14
      848.104   3.6274080e+14
      848.176   3.6124881e+14
      848.248   3.5995988e+14
      848.320   3.5898118e+14
      848.392   3.5842327e+14
      848.464   3.5812221e+14
      848.536   3.5779613e+14
      848.608   3.5780188e+14
      848.680   3.5797895e+14
      848.752   3.5825964e+14
      848.824   3.5850822e+14
      848.896   3.5858185e+14
      848.969   3.5878095e+14
      849.041   3.5953357e+14
      849.113   3.5996239e+14
      849.185   3.6036629e+14
      849.257   3.6067027e+14
      849.329   3.6082421e+14
      849.401   3.6068520e+14
      849.473   3.5964581e+14
      849.545   3.5624854e+14
      849.618   3.4843270e+14
      849.690   3.3651281e+14
      849.762   3.2490656e+14
      849.834   3.1451767e+14
      849.906   3.0523213e+14
      849.979   3.0020574e+14
      850.051   2.9899878e+14
      850.123   2.9890579e+14
      850.196   3.0392168e+14
      850.268   3.1297943e+14
      850.340   3.2389592e+14
      850.412   3.3595617e+14
      850.485   3.4727118e+14
      850.557   3.5371526e+14
      850.629   3.5687040e+14
      850.702   3.5876382e+14
      850.774   3.6023097e+14
      850.847   3.6170232e+14
      850.919   3.6288722e+14
      850.991   3.6341371e+14
      851.064   3.6360776e+14
      851.136   3.6355792e+14
      851.209   3.6228063e+14
      851.281   3.5832475e+14
      851.354   3.5352826e+14
      851.426   3.4906397e+14
      851.499   3.4486829e+14
      851.571   3.4174273e+14
      851.644   3.4094224e+14
      851.716   3.4031750e+14
      851.789   3.4067198e+14
      851.861   3.4310801e+14
      851.934   3.4663285e+14
      852.006   3.5050366e+14
      852.079   3.5522043e+14
      852.152   3.5861628e+14
      852.224   3.5987053e+14
      852.297   3.6019705e+14
      852.370   3.6027273e+14
      852.442   3.5967046e+14
      852.515   3.5784992e+14
      852.588   3.5465514e+14
      852.660   3.5043290e+14
      852.733   3.4643416e+14
      852.806   3.4298915e+14
      852.878   3.4054029e+14
      852.951   3.3828219e+14
      853.024   3.3619520e+14
      853.097   3.3507309e+14
      853.169   3.3439421e+14
      853.242   3.3372988e+14
      853.315   3.3306444e+14
      853.388   3.3145637e+14
      853.461   3.2821029e+14
      853.534   3.3015688e+14
      853.606   3.3138691e+14
      853.679   3.3162557e+14
      853.752   3.3077926e+14
      853.825   3.2828521e+14
      853.898   3.2291195e+14
      853.971   3.1372511e+14
      854.044   2.9971329e+14
      854.117   2.8275053e+14
      854.190   2.6617075e+14
      854.263   2.5192496e+14
      854.336   2.4208013e+14
      854.409   2.3690692e+14
      854.482   2.3593129e+14
      854.555   2.4095481e+14
      854.628   2.5259285e+14
      854.701   2.6879490e+14
      854.774   2.8729146e+14
      854.847   3.0622301e+14
      854.920   3.2206702e+14
      854.993   3.3302755e+14
      855.066   3.4009322e+14
      855.139   3.4450176e+14
      855.213   3.4718597e+14
      855.286   3.4935604e+14
      855.359   3.5196225e+14
      855.432   3.5379996e+14
      855.505   3.5476853e+14
      855.578   3.5475940e+14
      855.652   3.5461824e+14
      855.725   3.5447156e+14
      855.798   3.5417293e+14
      855.871   3.5388359e+14
      855.945   3.5411320e+14
      856.018   3.5406826e+14
      856.091   3.5475774e+14
      856.164   3.5592813e+14
      856.238   3.5683552e+14
      856.311   3.5748465e+14
      856.384   3.5821826e+14
      856.458   3.5818353e+14
      856.531   3.5780424e+14
      856.604   3.5740786e+14
      856.678   3.5705112e+14
      856.751   3.5648087e+14
      856.825   3.5576574e+14
      856.898   3.5497497e+14
      856.971   3.5411950e+14
      857.045   3.5312750e+14
      857.118   3.5297930e+14
      857.192   3.5353487e+14
      857.265   3.5414126e+14
      857.339   3.5474391e+14
      857.412   3.5538265e+14
      857.486   3.5574018e+14
      857.559   3.5633400e+14
      857.633   3.5699986e+14
      857.706   3.5777976e+14
      857.780   3.5865673e+14
      857.854   3.5973048e+14
      857.927   3.6039713e+14
      858.001   3.6005747e+14
      858.074   3.5833584e+14
      858.148   3.5694402e+14
      858.222   3.5544967e+14
      858.295   3.5403048e+14
      858.369   3.5302214e+14
      858.443   3.5289970e+14
      858.516   3.5207556e+14
      858.590   3.5189955e+14
      858.664   3.5224127e+14
      858.738   3.5328019e+14
      858.811   3.5440340e+14
      858.885   3.5630985e+14
      858.959   3.5761116e+14
      859.033   3.5813579e+14
      859.107   3.5846678e+14
      859.180   3.5893834e+14
      859.254   3.5943833e+14
      859.328   3.5996446e+14
      859.402   3.6062811e+14
      859.476   3.6058504e+14
      859.550   3.6029673e+14
      859.623   3.5943726e+14
      859.697   3.5867444e+14
      859.771   3.5773910e+14
      859.845   3.5717381e+14
      859.919   3.5653506e+14
      859.993   3.5625151e+14
      860.067   3.5620543e+14
      860.141   3.5659922e+14
      860.215   3.5667301e+14
      860.289   3.5759811e+14
      860.363   3.5864223e+14
      860.437   3.5910448e+14
      860.511   3.5939473e+14
      860.585   3.5958659e+14
      860.659   3.5929143e+14
      860.733   3.5941768e+14
      860.807   3.5990376e+14
      860.882   3.6034256e+14
      860.956   3.6038986e+14
      861.030   3.5883048e+14
      861.104   3.5804124e+14
      861.178   3.5749987e+14
      861.252   3.5678264e+14
      861.326   3.5674831e+14
      861.401   3.5768393e+14
      861.475   3.5615639e+14
      861.549   3.5620038e+14
      861.623   3.5738348e+14
      861.698   3.5837234e+14
      861.772   3.6018613e+14
      861.846   3.6363723e+14
      861.920   3.6439421e+14
      861.995   3.6412849e+14
      862.069   3.6464246e+14
      862.143   3.6493877e+14
      862.218   3.6536613e+14
      862.292   3.6678388e+14
      862.366   3.6833245e+14
      862.441   3.6877823e+14
      862.515   3.6953952e+14
      862.589   3.7013753e+14
      862.664   3.7085937e+14
      862.738   3.7166089e+14
      862.813   3.7282225e+14
      862.887   3.7314832e+14
      862.962   3.7262148e+14
      863.036   3.7168529e+14
      863.111   3.7023540e+14
      863.185   3.6882462e+14
      863.260   3.6716349e+14
      863.334   3.6573044e+14
      863.409   3.6464995e+14
      863.483   3.6434636e+14
      863.558   3.6393047e+14
      863.632   3.6420819e+14
      863.707   3.6456631e+14
      863.782   3.6516450e+14
      863.856   3.6600220e+14
      863.931   3.6708406e+14
      864.005   3.6762030e+14
      864.080   3.6781164e+14
      864.155   3.6766856e+14
      864.230   3.6739803e+14
      864.304   3.6695972e+14
      864.379   3.6616532e+14
      864.454   3.6539984e+14
      864.528   3.6451008e+14
      864.603   3.6331530e+14
      864.678   3.6124108e+14
      864.753   3.5885106e+14
      864.827   3.5665694e+14
      864.902   3.5462264e+14
      864.977   3.5275284e+14
      865.052   3.5150829e+14
      865.127   3.4996453e+14
      865.202   3.4915372e+14
      865.276   3.5104268e+14
      865.351   3.5313933e+14
      865.426   3.5528053e+14
      865.501   3.5758899e+14
      865.576   3.5886359e+14
      865.651   3.5909165e+14
      865.726   3.5826549e+14
      865.801   3.5612431e+14
      865.876   3.5194384e+14
      865.951   3.4404855e+14
      866.026   3.3028391e+14
      866.101   3.1211410e+14
      866.176   2.9354393e+14
      866.251   2.7660112e+14
      866.326   2.6369420e+14
      866.401   2.5731660e+14
      866.476   2.5702204e+14
      866.551   2.6160522e+14
      866.626   2.7344782e+14
      866.701   2.9040989e+14
      866.776   3.1039542e+14
      866.852   3.3162480e+14
      866.927   3.5062068e+14
      867.002   3.6339656e+14
      867.077   3.6911601e+14
      867.152   3.7222803e+14
      867.227   3.7328859e+14
      867.303   3.7187049e+14
      867.378   3.6934216e+14
      867.453   3.6737218e+14
      867.528   3.6509498e+14
      867.604   3.6350280e+14
      867.679   3.6334502e+14
      867.754   3.6282168e+14
      867.830   3.6163163e+14
      867.905   3.6152781e+14
      867.980   3.6234687e+14
      868.056   3.6316189e+14
      868.131   3.6449907e+14
      868.206   3.6571214e+14
      868.282   3.6573217e+14
      868.357   3.6522844e+14
      868.432   3.6555980e+14
      868.508   3.6612778e+14
      868.583   3.6641793e+14
      868.659   3.6509626e+14
      868.734   3.5984914e+14
      868.810   3.5441391e+14
      868.885   3.4944611e+14
      868.961   3.4489402e+14
      869.036   3.4237836e+14
      869.112   3.4312239e+14
      869.187   3.4256295e+14
      869.263   3.4530943e+14
      869.338   3.4973130e+14
      869.414   3.5482985e+14
      869.680   3.6100830e+14
      869.716   3.7559184e+14
      869.792   3.7374201e+14
      869.868   3.7234916e+14
      869.943   3.7110924e+14
      870.019   3.6997928e+14
      870.095   3.6944201e+14
      870.171   3.6949397e+14
      870.246   3.6857535e+14
      870.322   3.6888716e+14
      870.398   3.6960537e+14
      870.474   3.7055806e+14
      870.549   3.7193161e+14
      870.625   3.7332789e+14
      870.701   3.7337285e+14
      870.777   3.7291965e+14
      870.853   3.7169701e+14
      870.928   3.6984704e+14
      871.004   3.6832703e+14
      871.080   3.6618191e+14
      871.156   3.6284974e+14
      871.232   3.6060216e+14
      871.308   3.5898311e+14
      871.384   3.5735060e+14
      871.460   3.5716676e+14
      871.536   3.5899007e+14
      871.612   3.5959034e+14
      871.688   3.6162110e+14
      871.764   3.6404616e+14
      871.840   3.6566474e+14
      871.916   3.6742595e+14
      871.992   3.7028742e+14
      872.068   3.7149461e+14
      872.144   3.7272032e+14
      872.220   3.7426564e+14
      872.296   3.7591407e+14
      872.372   3.7762141e+14
      872.448   3.7847750e+14
      872.524   3.7861774e+14
      872.600   3.7785472e+14
      872.677   3.7603071e+14
      872.753   3.7405901e+14
      872.829   3.7234762e+14
      872.905   3.7075353e+14
      872.981   3.6955212e+14
      873.057   3.6930157e+14
      873.134   3.6897202e+14
      873.210   3.6902746e+14
      873.286   3.6946882e+14
      873.362   3.6899840e+14
      873.439   3.6683810e+14
      873.515   3.6530973e+14
      873.591   3.6328410e+14
      873.668   3.6072871e+14
      873.744   3.5863733e+14
      873.820   3.5815022e+14
      873.897   3.5666702e+14
      873.973   3.5629025e+14
      874.049   3.5631583e+14
      874.126   3.5571930e+14
      874.202   3.5586458e+14
      874.279   3.5712998e+14
      874.355   3.5700527e+14
      874.432   3.5612817e+14
      874.508   3.5582211e+14
      874.585   3.5464055e+14
      874.661   3.5430892e+14
      874.738   3.5425147e+14
      874.814   3.5427072e+14
      874.891   3.5398725e+14
      874.967   3.5361757e+14
      875.044   3.5105499e+14
      875.120   3.4912702e+14
      875.197   3.4771449e+14
      875.273   3.4687087e+14
      875.350   3.4675870e+14
      875.427   3.4766013e+14
      875.503   3.4742539e+14
      875.580   3.4658323e+14
      875.657   3.4690938e+14
      875.733   3.4764494e+14
      875.810   3.4873169e+14
      875.887   3.5036314e+14
      875.964   3.5266921e+14
      876.040   3.5314524e+14
      876.117   3.5504552e+14
      876.194   3.5750011e+14
      876.271   3.5975086e+14
      876.347   3.6184912e+14
      876.424   3.6439900e+14
      876.501   3.6473189e+14
      876.578   3.6451228e+14
      876.655   3.6449658e+14
      876.732   3.6426443e+14
      876.808   3.6431289e+14
      876.885   3.6465754e+14
      876.962   3.6458267e+14
      877.039   3.6454774e+14
      877.116   3.6382566e+14
      877.193   3.6258593e+14
      877.270   3.6040673e+14
      877.347   3.5880681e+14
      877.424   3.5728165e+14
      877.501   3.5662667e+14
      877.578   3.5596606e+14
      877.655   3.5673210e+14
      877.732   3.5693795e+14
      877.809   3.5826951e+14
      877.886   3.5989215e+14
      877.963   3.6181114e+14
      878.040   3.6322575e+14
      878.117   3.6472418e+14
      878.194   3.6478320e+14
      878.272   3.6441439e+14
      878.349   3.6412211e+14
      878.426   3.6373621e+14
      878.503   3.6359364e+14
      878.580   3.6369247e+14
      878.657   3.6389306e+14
      878.735   3.6381399e+14
      878.812   3.6354854e+14
      878.889   3.6171555e+14
      878.966   3.6055417e+14
      879.044   3.5946794e+14
      879.121   3.5784379e+14
      879.198   3.5474991e+14
      879.276   3.5333255e+14
      879.353   3.5091435e+14
      879.430   3.4979375e+14
      879.508   3.4952435e+14
      879.585   3.5091828e+14
      879.662   3.5154022e+14
      879.740   3.5412720e+14
      879.817   3.5610133e+14
      879.894   3.5797742e+14
      879.972   3.5974943e+14
      880.049   3.6234348e+14
      880.127   3.6334212e+14
      880.204   3.6335159e+14
      880.282   3.6241473e+14
      880.359   3.6121778e+14
      880.437   3.5811661e+14
      880.514   3.5072116e+14
      880.592   3.4375300e+14
      880.669   3.3758472e+14
      880.747   3.3168454e+14
      880.824   3.2771440e+14
      880.902   3.2830460e+14
      880.980   3.2777845e+14
      881.057   3.3106987e+14
      881.135   3.3648290e+14
      881.213   3.4231910e+14
      881.290   3.4745234e+14
      881.368   3.5369224e+14
      881.446   3.5639234e+14
      881.523   3.5678618e+14
      881.601   3.5651600e+14
      881.679   3.5651685e+14
      881.756   3.5623962e+14
      881.834   3.5615324e+14
      881.912   3.5696697e+14
      881.990   3.5769601e+14
      882.068   3.5884849e+14
      882.145   3.5978583e+14
      882.223   3.5891422e+14
      882.301   3.5486708e+14
      882.379   3.5186749e+14
      882.457   3.4884505e+14
      882.535   3.4614229e+14
      882.613   3.4476261e+14
      882.690   3.4545597e+14
      882.768   3.4465632e+14
      882.846   3.4636434e+14
      882.924   3.4911990e+14
      883.002   3.5214977e+14
      883.080   3.5565997e+14
      883.158   3.5945488e+14
      883.236   3.6032336e+14
      883.314   3.6019411e+14
      883.392   3.6009298e+14
      883.470   3.5992451e+14
      883.548   3.5984456e+14
      883.626   3.5918940e+14
      883.704   3.5650344e+14
      883.783   3.5448166e+14
      883.861   3.5264255e+14
      883.939   3.5078281e+14
      884.017   3.4970205e+14
      884.095   3.5022779e+14
      884.173   3.4931730e+14
      884.251   3.5035192e+14
      884.330   3.5202079e+14
      884.408   3.5366268e+14
      884.486   3.5513917e+14
      884.564   3.5692206e+14
      884.643   3.5706034e+14
      884.721   3.5675974e+14
      884.799   3.5640492e+14
      884.877   3.5652251e+14
      884.956   3.5672043e+14
      885.034   3.5682066e+14
      885.112   3.5732761e+14
      885.191   3.5786121e+14
      885.269   3.5844599e+14
      885.347   3.5920984e+14
      885.426   3.5967414e+14
      885.504   3.5953262e+14
      885.583   3.5927036e+14
      885.661   3.5882726e+14
      885.740   3.5818418e+14
      885.818   3.5685555e+14
      885.896   3.5377097e+14
      885.975   3.5083446e+14
      886.054   3.4730266e+14
      886.132   3.4290341e+14
      886.211   3.3906057e+14
      886.289   3.3691285e+14
      886.368   3.3412779e+14
      886.446   3.3311181e+14
      886.525   3.3181591e+14
      886.603   3.3140204e+14
      886.682   3.3189116e+14
      886.761   3.3398902e+14
      886.839   3.3557286e+14
      886.918   3.3863675e+14
      886.997   3.4059400e+14
      887.075   3.4365422e+14
      887.154   3.4611414e+14
      887.233   3.4872466e+14
      887.311   3.5141868e+14
      887.390   3.5443223e+14
      887.469   3.5490145e+14
      887.548   3.5499838e+14
      887.626   3.5439143e+14
      887.705   3.5310956e+14
      887.784   3.5219441e+14
      887.863   3.5206653e+14
      887.942   3.5163752e+14
      888.021   3.5181455e+14
      888.099   3.5267061e+14
      888.178   3.5287873e+14
      888.257   3.5334827e+14
      888.336   3.5427104e+14
      888.415   3.5463381e+14
      888.494   3.5483814e+14
      888.573   3.5531668e+14
      888.652   3.5547720e+14
      888.731   3.5555567e+14
      888.810   3.5579628e+14
      888.889   3.5572870e+14
      888.968   3.5572210e+14
      889.047   3.5549745e+14
      889.126   3.5447071e+14
      889.205   3.5352886e+14
      889.284   3.5290349e+14
      889.363   3.5217382e+14
      889.442   3.5185365e+14
      889.521   3.5238750e+14
      889.601   3.5236634e+14
      889.680   3.5307202e+14
      889.759   3.5379581e+14
      889.838   3.5440950e+14
      889.917   3.5493404e+14
      889.996   3.5577734e+14
      890.076   3.5579470e+14
      890.155   3.5595124e+14
      890.234   3.5579153e+14
      890.313   3.5592365e+14
      890.393   3.5618405e+14
      890.472   3.5652142e+14
      890.551   3.5674666e+14
      890.631   3.5709391e+14
      890.710   3.5702544e+14
      890.789   3.5662662e+14
      890.869   3.5634489e+14
      890.948   3.5588932e+14
      891.027   3.5437722e+14
      891.107   3.5310885e+14
      891.186   3.5215969e+14
      891.266   3.5104527e+14
      891.345   3.5044167e+14
      891.424   3.5087899e+14
      891.504   3.5070830e+14
      891.583   3.5138187e+14
      891.663   3.5247168e+14
      891.742   3.5302905e+14
      891.822   3.5255119e+14
      891.902   3.5279149e+14
      891.981   3.5220611e+14
      892.061   3.5121658e+14
      892.140   3.5005984e+14
      892.220   3.4904860e+14
      892.299   3.4714325e+14
      892.379   3.4599749e+14
      892.459   3.4526239e+14
      892.538   3.4436594e+14
      892.618   3.4350769e+14
      892.698   3.4298956e+14
      892.777   3.4147462e+14
      892.857   3.4037228e+14
      892.937   3.4013467e+14
      893.017   3.4048790e+14
      893.096   3.4134960e+14
      893.176   3.4308209e+14
      893.256   3.4401441e+14
      893.336   3.4567630e+14
      893.416   3.4780789e+14
      893.495   3.4978859e+14
      893.575   3.5130831e+14
      893.655   3.5284779e+14
      893.735   3.5336305e+14
      893.815   3.5382956e+14
      893.895   3.5413800e+14
      893.975   3.5411072e+14
      894.055   3.5368221e+14
      894.134   3.5176580e+14
      894.214   3.5030809e+14
      894.294   3.4866862e+14
      894.374   3.4553927e+14
      894.454   3.4256533e+14
      894.534   3.4097386e+14
      894.614   3.3833550e+14
      894.694   3.3732575e+14
      894.774   3.3751452e+14
      894.855   3.3722782e+14
      894.935   3.3830269e+14
      895.015   3.4080184e+14
      895.095   3.4245198e+14
      895.175   3.4458865e+14
      895.255   3.4721985e+14
      895.335   3.4899069e+14
      895.415   3.5039235e+14
      895.496   3.5142312e+14
      895.576   3.5230729e+14
      895.656   3.5338702e+14
      895.736   3.5409317e+14
      895.817   3.5422364e+14
      895.897   3.5423709e+14
      895.977   3.5416941e+14
      896.057   3.5412441e+14
      896.138   3.5410095e+14
      896.218   3.5409325e+14
      896.298   3.5390590e+14
      896.379   3.5360878e+14
      896.459   3.5266789e+14
      896.539   3.5092757e+14
      896.620   3.4881518e+14
      896.700   3.4688609e+14
      896.781   3.4515193e+14
      896.861   3.4400762e+14
      896.941   3.4354219e+14
      897.022   3.4355844e+14
      897.102   3.4420691e+14
      897.183   3.4566649e+14
      897.263   3.4740821e+14
      897.344   3.4864737e+14
      897.424   3.4945776e+14
      897.505   3.4950977e+14
      897.586   3.4871648e+14
      897.666   3.4748613e+14
      897.747   3.4664772e+14
      897.827   3.4599893e+14
      897.908   3.4578879e+14
      897.989   3.4616191e+14
      898.069   3.4712889e+14
      898.150   3.4839212e+14
      898.230   3.4973494e+14
      898.311   3.5040002e+14
      898.392   3.5068833e+14
      898.473   3.5061102e+14
      898.553   3.5037524e+14
      898.634   3.5022288e+14
      898.715   3.5020040e+14
      898.796   3.4965979e+14
      898.876   3.4967981e+14
      898.957   3.4960905e+14
      899.038   3.4943584e+14
      899.119   3.4958527e+14
      899.200   3.4998138e+14
      899.281   3.4955743e+14
      899.361   3.4935768e+14
      899.442   3.4913851e+14
      899.523   3.4875510e+14
      899.604   3.4864153e+14
      899.685   3.4827979e+14
      899.766   3.4515766e+14
      899.847   3.4244840e+14
      899.928   3.4031322e+14
      900.009   3.3789758e+14
      900.090   3.3623063e+14
      900.171   3.3712751e+14
      900.252   3.3672461e+14
      900.333   3.3789419e+14
      900.414   3.4032217e+14
      900.495   3.4235733e+14
      900.576   3.4441823e+14
      900.657   3.4634680e+14
      900.739   3.4590007e+14
      900.820   3.4318746e+14
      900.901   3.4017120e+14
      900.982   3.3695045e+14
      901.063   3.3324541e+14
      901.144   3.2942734e+14
      901.226   3.2646704e+14
      901.307   3.2344924e+14
      901.388   3.2110840e+14
      901.469   3.2078446e+14
      901.551   3.1960713e+14
      901.632   3.2034069e+14
      901.713   3.2184458e+14
      901.795   3.2328674e+14
      901.876   3.2518480e+14
      901.957   3.2857967e+14
      902.039   3.2967027e+14
      902.120   3.3195336e+14
      902.201   3.3428353e+14
      902.283   3.3498927e+14
      902.364   3.3630895e+14
      902.446   3.3836338e+14
      902.527   3.3888112e+14
      902.609   3.3994398e+14
      902.690   3.4203712e+14
      902.772   3.4305604e+14
      902.853   3.4453070e+14
      902.935   3.4580381e+14
      903.016   3.4635463e+14
      903.098   3.4666268e+14
      903.179   3.4735296e+14
      903.261   3.4754334e+14
      903.342   3.4790725e+14
      903.424   3.4777504e+14
      903.506   3.4809388e+14
      903.587   3.4840646e+14
      903.669   3.4858746e+14
      903.751   3.4892661e+14
      903.832   3.4956658e+14
      903.914   3.4964059e+14
      903.996   3.4971345e+14
      904.077   3.4997361e+14
      904.159   3.5021382e+14
      904.241   3.5051278e+14
      904.323   3.5090708e+14
      904.404   3.5114675e+14
      904.486   3.5120255e+14
      904.568   3.5126251e+14
      904.650   3.5125426e+14
      904.732   3.5111901e+14
      904.814   3.5095587e+14
      904.896   3.5074923e+14
      904.977   3.5009028e+14
      905.059   3.4965762e+14
      905.141   3.4927307e+14
      905.223   3.4893993e+14
      905.305   3.4872306e+14
      905.387   3.4893894e+14
      905.469   3.4888994e+14
      905.551   3.4929670e+14
      905.633   3.4962533e+14
      905.715   3.4980013e+14
      905.797   3.4997915e+14
      905.879   3.4987067e+14
      905.961   3.4757255e+14
      906.043   3.4422273e+14
      906.125   3.4065707e+14
      906.208   3.3750293e+14
      906.290   3.3508277e+14
      906.372   3.3429117e+14
      906.454   3.3396070e+14
      906.536   3.3485208e+14
      906.618   3.3673987e+14
      906.701   3.3953454e+14
      906.783   3.4262917e+14
      906.865   3.4591684e+14
      906.947   3.4845065e+14
      907.029   3.4959418e+14
      907.112   3.4946968e+14
      907.194   3.4861532e+14
      907.276   3.4822873e+14
      907.359   3.4750455e+14
      907.441   3.4716485e+14
      907.523   3.4695139e+14
      907.606   3.4678640e+14
      907.688   3.4469645e+14
      907.771   3.4261261e+14
      907.853   3.4011861e+14
      907.935   3.3802688e+14
      908.018   3.3654577e+14
      908.100   3.3671994e+14
      908.183   3.3657361e+14
      908.265   3.3728771e+14
      908.348   3.3872861e+14
      908.430   3.4089282e+14
      908.513   3.4298952e+14
      908.595   3.4494832e+14
      908.678   3.4250265e+14
      908.760   3.3831218e+14
      908.843   3.3425312e+14
      908.926   3.3033410e+14
      909.008   3.2695146e+14
      909.091   3.2707355e+14
      909.174   3.2659364e+14
      909.256   3.2714625e+14
      909.339   3.2800384e+14
      909.422   3.2992676e+14
      909.504   3.3229542e+14
      909.587   3.3582507e+14
      909.670   3.3689430e+14
      909.753   3.3696805e+14
      909.835   3.3568612e+14
      909.918   3.3578317e+14
      910.001   3.3658074e+14
      910.084   3.3783868e+14
      910.167   3.3922565e+14
      910.249   3.4133551e+14
      910.332   3.4230284e+14
      910.415   3.4204163e+14
      910.498   3.4215370e+14
      910.581   3.4299774e+14
      910.664   3.4296101e+14
      910.747   3.4269861e+14
      910.830   3.4313575e+14
      910.913   3.4267493e+14
      910.996   3.4076607e+14
      911.079   3.3930665e+14
      911.162   3.3785511e+14
      911.245   3.3661750e+14
      911.328   3.3615018e+14
      911.411   3.3674633e+14
      911.494   3.3629966e+14
      911.577   3.3526990e+14
      911.660   3.3534683e+14
      911.743   3.3374523e+14
      911.826   3.3307600e+14
      911.910   3.3372059e+14
      911.993   3.3437641e+14
      912.076   3.3329778e+14
      912.159   3.3491486e+14
      912.242   3.3562326e+14
      912.326   3.3793814e+14
      912.409   3.4077972e+14
      912.492   3.4371454e+14
      912.575   3.4543912e+14
      912.659   3.4741249e+14
      912.742   3.4778678e+14
      912.825   3.4760039e+14
      912.909   3.4744242e+14
      912.992   3.4732595e+14
      913.075   3.4723477e+14
      913.159   3.4706868e+14
      913.242   3.4702818e+14
      913.325   3.4704227e+14
      913.409   3.4717591e+14
      913.492   3.4703726e+14
      913.576   3.4689032e+14
      913.659   3.4677783e+14
      913.743   3.4665201e+14
      913.826   3.4622080e+14
      913.910   3.4570695e+14
      913.993   3.4509086e+14
      914.077   3.4455345e+14
      914.160   3.4397417e+14
      914.244   3.4350670e+14
      914.328   3.4316314e+14
      914.411   3.4259640e+14
      914.495   3.4174644e+14
      914.578   3.4050876e+14
      914.662   3.3893194e+14
      914.746   3.3738615e+14
      914.829   3.3626478e+14
      914.913   3.3549625e+14
      914.997   3.3556578e+14
      915.081   3.3649663e+14
      915.164   3.3808523e+14
      915.248   3.3991479e+14
      915.332   3.4164063e+14
      915.416   3.4277300e+14
      915.499   3.4335030e+14
      915.583   3.4342585e+14
      915.667   3.4318538e+14
      915.751   3.4288205e+14
      915.835   3.4289172e+14
      915.919   3.4308519e+14
      916.003   3.4341518e+14
      916.086   3.4372714e+14
      916.170   3.4397783e+14
      916.254   3.4338477e+14
      916.338   3.4256794e+14
      916.422   3.4165301e+14
      916.506   3.4075148e+14
      916.590   3.3978380e+14
      916.674   3.3939038e+14
      916.758   3.3909911e+14
      916.842   3.3924883e+14
      916.926   3.3943944e+14
      917.011   3.3952185e+14
      917.095   3.3946915e+14
      917.179   3.3859517e+14
      917.263   3.3709827e+14
      917.347   3.3577793e+14
      917.431   3.3474144e+14
      917.515   3.3397698e+14
      917.600   3.3426929e+14
      917.684   3.3475361e+14
      917.768   3.3577723e+14
      917.852   3.3703516e+14
      917.937   3.3827097e+14
      918.021   3.3927865e+14
      918.105   3.4019686e+14
      918.189   3.4030453e+14
      918.274   3.4034106e+14
      918.358   3.4058866e+14
      918.442   3.4091358e+14
      918.527   3.4122198e+14
      918.611   3.4176665e+14
      918.695   3.4201252e+14
      918.780   3.4202954e+14
      918.864   3.4199042e+14
      918.949   3.4202479e+14
      919.033   3.4182764e+14
      919.118   3.4154119e+14
      919.202   3.4118352e+14
      919.287   3.4104825e+14
      919.371   3.4096286e+14
      919.456   3.4101914e+14
      919.540   3.4109008e+14
      919.625   3.4129236e+14
      919.709   3.4127894e+14
      919.794   3.4072891e+14
      919.879   3.3993708e+14
      919.963   3.3930541e+14
      920.048   3.3848341e+14
      920.133   3.3731810e+14
      920.217   3.3650540e+14
      920.302   3.3596762e+14
      920.387   3.3584713e+14
      920.471   3.3596484e+14
      920.556   3.3627213e+14
      920.641   3.3647712e+14
      920.726   3.3679690e+14
      920.810   3.3588390e+14
      920.895   3.3457643e+14
      920.980   3.3318221e+14
      921.065   3.3145080e+14
      921.150   3.2866065e+14
      921.234   3.2660397e+14
      921.319   3.2488331e+14
      921.404   3.2432118e+14
      921.489   3.2467344e+14
      921.574   3.2546090e+14
      921.659   3.2622781e+14
      921.744   3.2782674e+14
      921.829   3.2875918e+14
      921.914   3.2956026e+14
      921.999   3.3074824e+14
      922.084   3.3214069e+14
      922.169   3.3334521e+14
      922.254   3.3437813e+14
      922.339   3.3465509e+14
      922.424   3.3472849e+14
      922.509   3.3422995e+14
      922.594   3.3194386e+14
      922.680   3.2808512e+14
      922.765   3.2366703e+14
      922.850   3.1928567e+14
      922.935   3.1537912e+14
      923.020   3.1238236e+14
      923.105   3.1088724e+14
      923.191   3.1143791e+14
      923.276   3.1363125e+14
      923.361   3.1691543e+14
      923.446   3.2098858e+14
      923.532   3.2508490e+14
      923.617   3.2780192e+14
      923.702   3.2927534e+14
      923.788   3.2976784e+14
      923.873   3.2971678e+14
      923.958   3.2954361e+14
      924.044   3.2972543e+14
      924.129   3.3028197e+14
      924.214   3.3150287e+14
      924.300   3.3268811e+14
      924.385   3.3376471e+14
      924.471   3.3410003e+14
      924.556   3.3376195e+14
      924.642   3.3293248e+14
      924.727   3.3186531e+14
      924.813   3.3103689e+14
      924.898   3.3116600e+14
      924.984   3.3184887e+14
      925.069   3.3299174e+14
      925.155   3.3419738e+14
      925.241   3.3519072e+14
      925.326   3.3583233e+14
      925.412   3.3430737e+14
      925.497   3.3153425e+14
      925.583   3.2884560e+14
      925.669   3.2552636e+14
      925.755   3.2167224e+14
      925.840   3.1936894e+14
      925.926   3.1828550e+14
      926.012   3.1894787e+14
      926.097   3.2021071e+14
      926.183   3.2199884e+14
      926.269   3.2480990e+14
      926.355   3.2786773e+14
      926.441   3.2928708e+14
      926.526   3.3086906e+14
      926.612   3.3274670e+14
      926.698   3.3421174e+14
      926.784   3.3506370e+14
      926.870   3.3590255e+14
      926.956   3.3671422e+14
      927.042   3.3767778e+14
      927.128   3.3814668e+14
      927.214   3.3831066e+14
      927.300   3.3851723e+14
      927.386   3.3894173e+14
      927.472   3.3920032e+14
      927.558   3.3952958e+14
      927.644   3.3984096e+14
      927.730   3.3998244e+14
      927.816   3.3976368e+14
      927.902   3.3941560e+14
      927.988   3.3891779e+14
      928.074   3.3851021e+14
      928.160   3.3821626e+14
      928.247   3.3822305e+14
      928.333   3.3851100e+14
      928.419   3.3886898e+14
      928.505   3.3900687e+14
      928.591   3.3908694e+14
      928.678   3.3888889e+14
      928.764   3.3797051e+14
      928.850   3.3638693e+14
      928.936   3.3478007e+14
      929.023   3.3336377e+14
      929.109   3.3233249e+14
      929.195   3.3187555e+14
      929.282   3.3181048e+14
      929.368   3.3231452e+14
      929.454   3.3305188e+14
      929.541   3.3346819e+14
      929.627   3.3372685e+14
      929.714   3.3417027e+14
      929.800   3.3420984e+14
      929.887   3.3426708e+14
      929.973   3.3441197e+14
      930.060   3.3494492e+14
      930.146   3.3587395e+14
      930.233   3.3694849e+14
      930.319   3.3751279e+14
      930.406   3.3815336e+14
      930.492   3.3840764e+14
      930.579   3.3837795e+14
      930.665   3.3810053e+14
      930.752   3.3787252e+14
      930.839   3.3753739e+14
      930.925   3.3732797e+14
      931.012   3.3687577e+14
      931.099   3.3666210e+14
      931.185   3.3674637e+14
      931.272   3.3679346e+14
      931.359   3.3674720e+14
      931.446   3.3707354e+14
      931.532   3.3726618e+14
      931.619   3.3672048e+14
      931.706   3.3586541e+14
      931.793   3.3510641e+14
      931.880   3.3445114e+14
      931.966   3.3377890e+14
      932.053   3.3333337e+14
      932.140   3.3359994e+14
      932.227   3.3442992e+14
      932.314   3.3502493e+14
      932.401   3.3563413e+14
      932.488   3.3639857e+14
      932.575   3.3663413e+14
      932.662   3.3634566e+14
      932.749   3.3612868e+14
      932.836   3.3621062e+14
      932.923   3.3663676e+14
      933.010   3.3728553e+14
      933.097   3.3794708e+14
      933.184   3.3835404e+14
      933.271   3.3820250e+14
      933.358   3.3777062e+14
      933.445   3.3724113e+14
      933.532   3.3653150e+14
      933.620   3.3587552e+14
      933.707   3.3555336e+14
      933.794   3.3577356e+14
      933.881   3.3625290e+14
      933.968   3.3691170e+14
      934.056   3.3778500e+14
      934.143   3.3842867e+14
      934.230   3.3849254e+14
      934.317   3.3815348e+14
      934.405   3.3737790e+14
      934.492   3.3651758e+14
      934.579   3.3585113e+14
      934.667   3.3531601e+14
      934.754   3.3492966e+14
      934.842   3.3407228e+14
      934.929   3.3319674e+14
      935.016   3.3271871e+14
      935.104   3.3218399e+14
      935.191   3.3157957e+14
      935.279   3.3146647e+14
      935.366   3.3176074e+14
      935.454   3.3230550e+14
      935.541   3.3279330e+14
      935.629   3.3322792e+14
      935.716   3.3346646e+14
      935.804   3.3287663e+14
      935.891   3.3167671e+14
      935.979   3.3061368e+14
      936.067   3.2939988e+14
      936.154   3.2851944e+14
      936.242   3.2846310e+14
      936.330   3.2894884e+14
      936.417   3.2982471e+14
      936.505   3.3110245e+14
      936.593   3.3274282e+14
      936.680   3.3438083e+14
      936.768   3.3543996e+14
      936.856   3.3599362e+14
      936.944   3.3647472e+14
      937.031   3.3659300e+14
      937.119   3.3567379e+14
      937.207   3.3462608e+14
      937.295   3.3376020e+14
      937.383   3.3290234e+14
      937.471   3.3232457e+14
      937.559   3.3231277e+14
      937.646   3.3278743e+14
      937.734   3.3377547e+14
      937.822   3.3467253e+14
      937.910   3.3528179e+14
      937.998   3.3586984e+14
      938.086   3.3609744e+14
      938.174   3.3554592e+14
      938.262   3.3483430e+14
      938.350   3.3430070e+14
      938.438   3.3418037e+14
      938.526   3.3419756e+14
      938.615   3.3399578e+14
      938.703   3.3391684e+14
      938.791   3.3392450e+14
      938.879   3.3349326e+14
      938.967   3.3290411e+14
      939.055   3.3246160e+14
      939.143   3.3201460e+14
      939.232   3.3157268e+14
      939.320   3.3118564e+14
      939.408   3.3101573e+14
      939.496   3.3117459e+14
      939.585   3.3138411e+14
      939.673   3.3175432e+14
      939.761   3.3252434e+14
      939.850   3.3323594e+14
      939.938   3.3327589e+14
      940.026   3.3303834e+14
      940.115   3.3271914e+14
      940.203   3.3210054e+14
      940.291   3.3081969e+14
      940.380   3.2858290e+14
      940.468   3.2630765e+14
      940.557   3.2444672e+14
      940.645   3.2258149e+14
      940.734   3.2111086e+14
      940.822   3.2073005e+14
      940.911   3.2125854e+14
      940.999   3.2240622e+14
      941.088   3.2354483e+14
      941.176   3.2293722e+14
      941.265   3.2056493e+14
      941.354   3.1665627e+14
      941.442   3.1171240e+14
      941.531   3.0706613e+14
      941.620   3.0395764e+14
      941.708   3.0387407e+14
      941.797   3.0716995e+14
      941.886   3.1191081e+14
      941.974   3.1694630e+14
      942.063   3.2232310e+14
      942.152   3.2708512e+14
      942.241   3.2961259e+14
      942.329   3.3035414e+14
      942.418   3.3049609e+14
      942.507   3.3107782e+14
      942.596   3.3191138e+14
      942.685   3.3262003e+14
      942.774   3.3318911e+14
      942.862   3.3368914e+14
      942.951   3.3367773e+14
      943.040   3.3263371e+14
      943.129   3.3093102e+14
      943.218   3.2928406e+14
      943.307   3.2781607e+14
      943.396   3.2667484e+14
      943.485   3.2588071e+14
      943.574   3.2525178e+14
      943.663   3.2443439e+14
      943.752   3.2345954e+14
      943.841   3.2245030e+14
      943.930   3.2167148e+14
      944.020   3.2133404e+14
      944.109   3.2176033e+14
      944.198   3.2268484e+14
      944.287   3.2395018e+14
      944.376   3.2537116e+14
      944.465   3.2657285e+14
      944.555   3.2687583e+14
      944.644   3.2641816e+14
      944.733   3.2566299e+14
      944.822   3.2529588e+14
      944.912   3.2538719e+14
      945.001   3.2595222e+14
      945.090   3.2714015e+14
      945.180   3.2844847e+14
      945.269   3.2892775e+14
      945.358   3.2899325e+14
      945.448   3.2903411e+14
      945.537   3.2881892e+14
      945.627   3.2850745e+14
      945.716   3.2842631e+14
      945.805   3.2872429e+14
      945.895   3.2968912e+14
      945.984   3.3082218e+14
      946.074   3.3137038e+14
      946.163   3.3121301e+14
      946.253   3.3062017e+14
      946.342   3.2966601e+14
      946.432   3.2844905e+14
      946.522   3.2734418e+14
      946.611   3.2710690e+14
      946.701   3.2777065e+14
      946.790   3.2859278e+14
      946.880   3.2943201e+14
      946.970   3.3053413e+14
      947.059   3.3164013e+14
      947.149   3.3205314e+14
      947.239   3.3172454e+14
      947.328   3.3138147e+14
      947.418   3.3130611e+14
      947.508   3.3112653e+14
      947.598   3.3083957e+14
      947.688   3.3076048e+14
      947.777   3.3089138e+14
      947.867   3.3103749e+14
      947.957   3.3104062e+14
      948.047   3.3108337e+14
      948.137   3.3144081e+14
      948.227   3.3178987e+14
      948.317   3.3179753e+14
      948.407   3.3162376e+14
      948.497   3.3151505e+14
      948.587   3.3137598e+14
      948.677   3.3095429e+14
      948.767   3.3049095e+14
      948.857   3.3040687e+14
      948.947   3.3064818e+14
      949.037   3.3101075e+14
      949.127   3.3152560e+14
      949.217   3.3214411e+14
      949.307   3.3250679e+14
      949.397   3.3236273e+14
      949.487   3.3192302e+14
      949.577   3.3136555e+14
      949.668   3.3073999e+14
      949.758   3.3036830e+14
      949.848   3.3041361e+14
      949.938   3.3067785e+14
      950.029   3.3085769e+14
      950.119   3.3097953e+14
      950.209   3.3096001e+14
      950.299   3.3025168e+14
      950.390   3.2903096e+14
      950.480   3.2796892e+14
      950.570   3.2715261e+14
      950.661   3.2650198e+14
      950.751   3.2629115e+14
      950.841   3.2653714e+14
      950.932   3.2701564e+14
      951.022   3.2748660e+14
      951.113   3.2773516e+14
      951.203   3.2794929e+14
      951.294   3.2812420e+14
      951.384   3.2826857e+14
      951.475   3.2853216e+14
      951.565   3.2887041e+14
      951.656   3.2923361e+14
      951.746   3.2965096e+14
      951.837   3.2962150e+14
      951.928   3.2908548e+14
      952.018   3.2869711e+14
      952.109   3.2842824e+14
      952.200   3.2823399e+14
      952.290   3.2840255e+14
      952.381   3.2901695e+14
      952.472   3.2962462e+14
      952.562   3.2991754e+14
      952.653   3.2991772e+14
      952.744   3.2939324e+14
      952.835   3.2824708e+14
      952.925   3.2694106e+14
      953.016   3.2604516e+14
      953.107   3.2560961e+14
      953.198   3.2560924e+14
      953.289   3.2592000e+14
      953.380   3.2629704e+14
      953.471   3.2638527e+14
      953.562   3.2603551e+14
      953.653   3.2563800e+14
      953.743   3.2513965e+14
      953.834   3.2461668e+14
      953.925   3.2439807e+14
      954.016   3.2442717e+14
      954.107   3.2438051e+14
      954.198   3.2387512e+14
      954.290   3.2231354e+14
      954.381   3.1906960e+14
      954.472   3.1431829e+14
      954.563   3.0903888e+14
      954.654   3.0408565e+14
      954.745   3.0024392e+14
      954.836   2.9833638e+14
      954.927   2.9880523e+14
      955.019   3.0133474e+14
      955.110   3.0504280e+14
      955.201   3.0932182e+14
      955.292   3.1370874e+14
      955.384   3.1742841e+14
      955.475   3.1983649e+14
      955.566   3.2144391e+14
      955.657   3.2281134e+14
      955.749   3.2397938e+14
      955.840   3.2493177e+14
      955.932   3.2556086e+14
      956.023   3.2608873e+14
      956.114   3.2651106e+14
      956.206   3.2657233e+14
      956.297   3.2643358e+14
      956.389   3.2650205e+14
      956.480   3.2674120e+14
      956.572   3.2693716e+14
      956.663   3.2708133e+14
      956.755   3.2684047e+14
      956.846   3.2607968e+14
      956.938   3.2491228e+14
      957.029   3.2341364e+14
      957.121   3.2185400e+14
      957.213   3.2039577e+14
      957.304   3.1943263e+14
      957.396   3.1933722e+14
      957.488   3.1984616e+14
      957.579   3.2081321e+14
      957.671   3.2216679e+14
      957.763   3.2369142e+14
      957.854   3.2500154e+14
      957.946   3.2604480e+14
      958.038   3.2686607e+14
      958.130   3.2764953e+14
      958.222   3.2825735e+14
      958.313   3.2851180e+14
      958.405   3.2847769e+14
      958.497   3.2831741e+14
      958.589   3.2817048e+14
      958.681   3.2789621e+14
      958.773   3.2758507e+14
      958.865   3.2731391e+14
      958.957   3.2718859e+14
      959.049   3.2722471e+14
      959.141   3.2737696e+14
      959.233   3.2757862e+14
      959.325   3.2788910e+14
      959.417   3.2804428e+14
      959.509   3.2790213e+14
      959.601   3.2761911e+14
      959.693   3.2723410e+14
      959.785   3.2651950e+14
      959.877   3.2561461e+14
      959.969   3.2491462e+14
      960.061   3.2426553e+14
      960.154   3.2334301e+14
      960.246   3.2238748e+14
      960.338   3.2180798e+14
      960.430   3.2127408e+14
      960.523   3.2047478e+14
      960.615   3.1986283e+14
      960.707   3.1985561e+14
      960.799   3.2009322e+14
      960.892   3.2059738e+14
      960.984   3.2170113e+14
      961.076   3.2330171e+14
      961.169   3.2499449e+14
      961.261   3.2655706e+14
      961.354   3.2777083e+14
      961.446   3.2866455e+14
      961.538   3.2905682e+14
      961.631   3.2888903e+14
      961.723   3.2843819e+14
      961.816   3.2778763e+14
      961.908   3.2656098e+14
      962.001   3.2487923e+14
      962.094   3.2349859e+14
      962.186   3.2218517e+14
      962.279   3.2091648e+14
      962.371   3.1995119e+14
      962.464   3.1938745e+14
      962.557   3.1882970e+14
      962.649   3.1858289e+14
      962.742   3.1869277e+14
      962.835   3.1932892e+14
      962.927   3.2012072e+14
      963.020   3.2145811e+14
      963.113   3.2299346e+14
      963.206   3.2375652e+14
      963.298   3.2387040e+14
      963.391   3.2406251e+14
      963.484   3.2339987e+14
      963.577   3.2172230e+14
      963.670   3.1987222e+14
      963.763   3.1883289e+14
      963.855   3.1839459e+14
      963.948   3.1817022e+14
      964.041   3.1841602e+14
      964.134   3.1957958e+14
      964.227   3.2105062e+14
      964.320   3.2223734e+14
      964.413   3.2325342e+14
      964.506   3.2396598e+14
      964.599   3.2423583e+14
      964.692   3.2398367e+14
      964.785   3.2322476e+14
      964.878   3.2244136e+14
      964.972   3.2208836e+14
      965.065   3.2203979e+14
      965.158   3.2164562e+14
      965.251   3.2116918e+14
      965.344   3.2102218e+14
      965.437   3.2078324e+14
      965.531   3.1991054e+14
      965.624   3.1831993e+14
      965.717   3.1666993e+14
      965.810   3.1516931e+14
      965.904   3.1376855e+14
      965.997   3.1276324e+14
      966.090   3.1281097e+14
      966.184   3.1415479e+14
      966.277   3.1607382e+14
      966.370   3.1808740e+14
      966.464   3.2029057e+14
      966.557   3.2260309e+14
      966.651   3.2395014e+14
      966.744   3.2433144e+14
      966.837   3.2427823e+14
      966.931   3.2411122e+14
      967.024   3.2384284e+14
      967.118   3.2341120e+14
      967.212   3.2285303e+14
      967.305   3.2191946e+14
      967.399   3.2066297e+14
      967.492   3.1938372e+14
      967.586   3.1833763e+14
      967.680   3.1756101e+14
      967.773   3.1728059e+14
      967.867   3.1771847e+14
      967.961   3.1870313e+14
      968.054   3.1998194e+14
      968.148   3.2123655e+14
      968.242   3.2252528e+14
      968.335   3.2350152e+14
      968.429   3.2393503e+14
      968.523   3.2400139e+14
      968.617   3.2389409e+14
      968.711   3.2332102e+14
      968.805   3.2236973e+14
      968.898   3.2149066e+14
      968.992   3.2054875e+14
      969.086   3.1970206e+14
      969.180   3.1914192e+14
      969.274   3.1938632e+14
      969.368   3.2003098e+14
      969.462   3.2079518e+14
      969.556   3.2157991e+14
      969.650   3.2253900e+14
      969.744   3.2326956e+14
      969.838   3.2361289e+14
      969.932   3.2380574e+14
      970.026   3.2368034e+14
      970.120   3.2340603e+14
      970.214   3.2301915e+14
      970.309   3.2239760e+14
      970.403   3.2117748e+14
      970.497   3.1975051e+14
      970.591   3.1884759e+14
      970.685   3.1812171e+14
      970.780   3.1742346e+14
      970.874   3.1731015e+14
      970.968   3.1816625e+14
      971.062   3.1918347e+14
      971.157   3.2017452e+14
      971.251   3.2124359e+14
      971.345   3.2225307e+14
      971.440   3.2266765e+14
      971.534   3.2263296e+14
      971.628   3.2249097e+14
      971.723   3.2215549e+14
      971.817   3.2187288e+14
      971.912   3.2184333e+14
      972.006   3.2189829e+14
      972.101   3.2185399e+14
      972.195   3.2188887e+14
      972.290   3.2211672e+14
      972.384   3.2231972e+14
      972.479   3.2232586e+14
      972.573   3.2211025e+14
      972.668   3.2167063e+14
      972.763   3.2094993e+14
      972.857   3.2012998e+14
      972.952   3.1929212e+14
      973.047   3.1869815e+14
      973.141   3.1853162e+14
      973.236   3.1876466e+14
      973.331   3.1898457e+14
      973.426   3.1942296e+14
      973.520   3.1967839e+14
      973.615   3.1895062e+14
      973.710   3.1695162e+14
      973.805   3.1522845e+14
      973.899   3.1366179e+14
      973.994   3.1236540e+14
      974.089   3.1178791e+14
      974.184   3.1267229e+14
      974.279   3.1380340e+14
      974.374   3.1511926e+14
      974.469   3.1613990e+14
      974.564   3.1669438e+14
      974.659   3.1646013e+14
      974.754   3.1625548e+14
      974.849   3.1597794e+14
      974.944   3.1586564e+14
      975.039   3.1663528e+14
      975.134   3.1831228e+14
      975.229   3.1967945e+14
      975.324   3.2067544e+14
      975.419   3.2173127e+14
      975.515   3.2243997e+14
      975.610   3.2241275e+14
      975.705   3.2201646e+14
      975.800   3.2160980e+14
      975.895   3.2119069e+14
      975.991   3.2089242e+14
      976.086   3.2042911e+14
      976.181   3.1931396e+14
      976.276   3.1772966e+14
      976.372   3.1630017e+14
      976.467   3.1487218e+14
      976.563   3.1364561e+14
      976.658   3.1308162e+14
      976.753   3.1354570e+14
      976.849   3.1428865e+14
      976.944   3.1498816e+14
      977.040   3.1581452e+14
      977.135   3.1665887e+14
      977.231   3.1720613e+14
      977.326   3.1753222e+14
      977.422   3.1820447e+14
      977.517   3.1913377e+14
      977.613   3.2026923e+14
      977.708   3.2121041e+14
      977.804   3.2186751e+14
      977.899   3.2198302e+14
      977.995   3.2162744e+14
      978.091   3.2091221e+14
      978.186   3.1962896e+14
      978.282   3.1810745e+14
      978.378   3.1675519e+14
      978.474   3.1551487e+14
      978.569   3.1370309e+14
      978.665   3.1200800e+14
      978.761   3.1106949e+14
      978.857   3.1061618e+14
      978.953   3.1024528e+14
      979.048   3.1074460e+14
      979.144   3.1239116e+14
      979.240   3.1428927e+14
      979.336   3.1596894e+14
      979.432   3.1761721e+14
      979.528   3.1908836e+14
      979.624   3.1976670e+14
      979.720   3.1968373e+14
      979.816   3.1890665e+14
      979.912   3.1754494e+14
      980.008   3.1643170e+14
      980.104   3.1548019e+14
      980.200   3.1471076e+14
      980.296   3.1426154e+14
      980.392   3.1498373e+14
      980.488   3.1602702e+14
      980.584   3.1712895e+14
      980.681   3.1813353e+14
      980.777   3.1928807e+14
      980.873   3.1978872e+14
      980.969   3.1978419e+14
      981.065   3.1955688e+14
      981.162   3.1938596e+14
      981.258   3.1922091e+14
      981.354   3.1916887e+14
      981.451   3.1910676e+14
      981.547   3.1921990e+14
      981.643   3.1931400e+14
      981.740   3.1946479e+14
      981.836   3.1955644e+14
      981.932   3.1950684e+14
      982.029   3.1914430e+14
      982.125   3.1888167e+14
      982.222   3.1858035e+14
      982.318   3.1813274e+14
      982.415   3.1766133e+14
      982.511   3.1758577e+14
      982.608   3.1746867e+14
      982.704   3.1727075e+14
      982.801   3.1725307e+14
      982.898   3.1750622e+14
      982.994   3.1763252e+14
      983.091   3.1753365e+14
      983.188   3.1723527e+14
      983.284   3.1651490e+14
      983.381   3.1582049e+14
      983.478   3.1512300e+14
      983.574   3.1462581e+14
      983.671   3.1435425e+14
      983.768   3.1485968e+14
      983.865   3.1571403e+14
      983.961   3.1664664e+14
      984.058   3.1710930e+14
      984.155   3.1713774e+14
      984.252   3.1698670e+14
      984.349   3.1656017e+14
      984.446   3.1598147e+14
      984.543   3.1565656e+14
      984.640   3.1615101e+14
      984.737   3.1678356e+14
      984.834   3.1715979e+14
      984.931   3.1746049e+14
      985.028   3.1780612e+14
      985.125   3.1778566e+14
      985.222   3.1740136e+14
      985.319   3.1701987e+14
      985.416   3.1685004e+14
      985.513   3.1682489e+14
      985.610   3.1686793e+14
      985.707   3.1691930e+14
      985.804   3.1711720e+14
      985.902   3.1715892e+14
      985.999   3.1658364e+14
      986.096   3.1537977e+14
      986.193   3.1440332e+14
      986.291   3.1347781e+14
      986.388   3.1252017e+14
      986.485   3.1209358e+14
      986.582   3.1283529e+14
      986.680   3.1382650e+14
      986.777   3.1487171e+14
      986.875   3.1601860e+14
      986.972   3.1703504e+14
      987.069   3.1678370e+14
      987.167   3.1565211e+14
      987.264   3.1459988e+14
      987.362   3.1351110e+14
      987.459   3.1256839e+14
      987.557   3.1224570e+14
      987.654   3.1311313e+14
      987.752   3.1428383e+14
      987.849   3.1550775e+14
      987.947   3.1650511e+14
      988.045   3.1729366e+14
      988.142   3.1741214e+14
      988.240   3.1700331e+14
      988.338   3.1645838e+14
      988.435   3.1609483e+14
      988.533   3.1613681e+14
      988.631   3.1604271e+14
      988.729   3.1524279e+14
      988.826   3.1357354e+14
      988.924   3.1156778e+14
      989.022   3.0938881e+14
      989.120   3.0741505e+14
      989.218   3.0620178e+14
      989.315   3.0660737e+14
      989.413   3.0830521e+14
      989.511   3.1061912e+14
      989.609   3.1284911e+14
      989.707   3.1438630e+14
      989.805   3.1439527e+14
      989.903   3.1365576e+14
      990.001   3.1228081e+14
      990.099   3.1079446e+14
      990.197   3.0969869e+14
      990.295   3.1018207e+14
      990.393   3.1101089e+14
      990.491   3.1195488e+14
      990.589   3.1311394e+14
      990.688   3.1456420e+14
      990.786   3.1526326e+14
      990.884   3.1544036e+14
      990.982   3.1565395e+14
      991.080   3.1527067e+14
      991.179   3.1411449e+14
      991.277   3.1309450e+14
      991.375   3.1211030e+14
      991.473   3.1099866e+14
      991.572   3.1017510e+14
      991.670   3.1082718e+14
      991.768   3.1193487e+14
      991.867   3.1321529e+14
      991.965   3.1457397e+14
      992.063   3.1599321e+14
      992.162   3.1651758e+14
      992.260   3.1633995e+14
      992.359   3.1588953e+14
      992.457   3.1534432e+14
      992.556   3.1484841e+14
      992.654   3.1456911e+14
      992.753   3.1453909e+14
      992.852   3.1468045e+14
      992.950   3.1461861e+14
      993.049   3.1437901e+14
      993.147   3.1417304e+14
      993.246   3.1380170e+14
      993.345   3.1326877e+14
      993.443   3.1303120e+14
      993.542   3.1331528e+14
      993.641   3.1368162e+14
      993.739   3.1412370e+14
      993.838   3.1476831e+14
      993.937   3.1526287e+14
      994.036   3.1536677e+14
      994.135   3.1526207e+14
      994.233   3.1501568e+14
      994.332   3.1459439e+14
      994.431   3.1427091e+14
      994.530   3.1414594e+14
      994.629   3.1402723e+14
      994.728   3.1390345e+14
      994.827   3.1391990e+14
      994.926   3.1386367e+14
      995.025   3.1354463e+14
      995.124   3.1319330e+14
      995.223   3.1294861e+14
      995.322   3.1277866e+14
      995.421   3.1262294e+14
      995.520   3.1275213e+14
      995.619   3.1301166e+14
      995.718   3.1332627e+14
      995.818   3.1348579e+14
      995.917   3.1360461e+14
      996.016   3.1349215e+14
      996.115   3.1342215e+14
      996.214   3.1330330e+14
      996.314   3.1320924e+14
      996.413   3.1317276e+14
      996.512   3.1338374e+14
      996.612   3.1351979e+14
      996.711   3.1363025e+14
      996.810   3.1369227e+14
      996.910   3.1383048e+14
      997.009   3.1382312e+14
      997.108   3.1382234e+14
      997.208   3.1378017e+14
      997.307   3.1382402e+14
      997.407   3.1383956e+14
      997.506   3.1378018e+14
      997.606   3.1361372e+14
      997.705   3.1346036e+14
      997.805   3.1334942e+14
      997.904   3.1316522e+14
      998.004   3.1314991e+14
      998.104   3.1310000e+14
      998.203   3.1307675e+14
      998.303   3.1304701e+14
      998.403   3.1298824e+14
      998.502   3.1258256e+14
      998.602   3.1229677e+14
      998.702   3.1216703e+14
      998.801   3.1204114e+14
      998.901   3.1190920e+14
      999.001   3.1222111e+14
      999.101   3.1244215e+14
      999.201   3.1221764e+14
      999.300   3.1205720e+14
      999.400   3.1196680e+14
      999.500   3.1154076e+14
      999.600   3.1084226e+14
      999.700   3.1082679e+14
      999.800   3.1087927e+14
      999.900   3.1085323e+14
      1000.00   3.1081785e+14
      1000.10   3.1131009e+14
      1000.20   3.1155699e+14
      1000.30   3.1163322e+14
      1000.40   3.1183419e+14
      1000.50   3.1234202e+14
      1000.60   3.1268216e+14
      1000.70   3.1284734e+14
      1000.80   3.1297280e+14
      1000.90   3.1304080e+14
      1001.00   3.1292435e+14
      1001.10   3.1273722e+14
      1001.20   3.1266895e+14
      1001.30   3.1271062e+14
      1001.40   3.1280609e+14
      1001.50   3.1297481e+14
      1001.60   3.1317106e+14
      1001.70   3.1328813e+14
      1001.80   3.1323756e+14
      1001.90   3.1309769e+14
      1002.00   3.1285270e+14
      1002.10   3.1264825e+14
      1002.20   3.1244375e+14
      1002.30   3.1218157e+14
      1002.41   3.1170325e+14
      1002.51   3.1135400e+14
      1002.61   3.1100538e+14
      1002.71   3.1057652e+14
      1002.81   3.1012806e+14
      1002.91   3.0994032e+14
      1003.01   3.0957263e+14
      1003.11   3.0922096e+14
      1003.21   3.0900338e+14
      1003.31   3.0884960e+14
      1003.41   3.0827585e+14
      1003.51   3.0764433e+14
      1003.61   3.0728369e+14
      1003.71   3.0687717e+14
      1003.81   3.0642012e+14
      1003.91   3.0616697e+14
      1004.02   3.0642039e+14
      1004.12   3.0649934e+14
      1004.22   3.0642663e+14
      1004.32   3.0620866e+14
      1004.42   3.0582636e+14
      1004.52   3.0462141e+14
      1004.62   3.0224985e+14
      1004.72   2.9838465e+14
      1004.82   2.9333032e+14
      1004.92   2.8840227e+14
      1005.03   2.8398107e+14
      1005.13   2.8065644e+14
      1005.23   2.7959081e+14
      1005.33   2.8161713e+14
      1005.43   2.8525817e+14
      1005.53   2.8949424e+14
      1005.63   2.9361418e+14
      1005.73   2.9725023e+14
      1005.83   2.9959627e+14
      1005.93   3.0083517e+14
      1006.04   3.0149314e+14
      1006.14   3.0244861e+14
      1006.24   3.0374365e+14
      1006.34   3.0496064e+14
      1006.44   3.0604763e+14
      1006.54   3.0711566e+14
      1006.64   3.0776527e+14
      1006.74   3.0790576e+14
      1006.85   3.0803637e+14
      1006.95   3.0812025e+14
      1007.05   3.0822110e+14
      1007.15   3.0847364e+14
      1007.25   3.0904807e+14
      1007.35   3.0950615e+14
      1007.45   3.0995078e+14
      1007.56   3.1032775e+14
      1007.66   3.1066406e+14
      1007.76   3.1063137e+14
      1007.86   3.1039851e+14
      1007.96   3.1001400e+14
      1008.07   3.0967253e+14
      1008.17   3.0927489e+14
      1008.27   3.0885222e+14
      1008.37   3.0840329e+14
      1008.47   3.0813578e+14
      1008.57   3.0795996e+14
      1008.67   3.0792234e+14
      1008.78   3.0806621e+14
      1008.88   3.0843269e+14
      1008.98   3.0884866e+14
      1009.08   3.0917636e+14
      1009.18   3.0944565e+14
      1009.28   3.0960591e+14
      1009.39   3.0969087e+14
      1009.49   3.0964905e+14
      1009.59   3.0958457e+14
      1009.69   3.0947014e+14
      1009.80   3.0953075e+14
      1009.90   3.0957509e+14
      1010.00   3.0959901e+14
      1010.10   3.0961687e+14
      1010.20   3.0968307e+14
      1010.30   3.0942844e+14
      1010.41   3.0886071e+14
      1010.51   3.0843550e+14
      1010.61   3.0801371e+14
      1010.71   3.0758349e+14
      1010.82   3.0740212e+14
      1010.92   3.0783392e+14
      1011.02   3.0822642e+14
      1011.12   3.0854845e+14
      1011.22   3.0868358e+14
      1011.33   3.0876338e+14
      1011.43   3.0851314e+14
      1011.53   3.0822353e+14
      1011.63   3.0799349e+14
      1011.74   3.0812455e+14
      1011.84   3.0840674e+14
      1011.94   3.0864817e+14
      1012.04   3.0879936e+14
      1012.15   3.0865524e+14
      1012.25   3.0781667e+14
      1012.35   3.0694353e+14
      1012.45   3.0623009e+14
      1012.56   3.0552889e+14
      1012.66   3.0495809e+14
      1012.76   3.0546665e+14
      1012.86   3.0620097e+14
      1012.97   3.0679707e+14
      1013.07   3.0743994e+14
      1013.17   3.0835702e+14
      1013.27   3.0872186e+14
      1013.38   3.0868134e+14
      1013.48   3.0864129e+14
      1013.58   3.0853515e+14
      1013.68   3.0838067e+14
      1013.79   3.0821838e+14
      1013.89   3.0815559e+14
      1013.99   3.0800268e+14
      1014.10   3.0782274e+14
      1014.20   3.0752623e+14
      1014.30   3.0680234e+14
      1014.41   3.0511323e+14
      1014.51   3.0374363e+14
      1014.61   3.0261407e+14
      1014.71   3.0168840e+14
      1014.82   3.0087787e+14
      1014.92   3.0194009e+14
      1015.02   3.0327822e+14
      1015.12   3.0440694e+14
      1015.23   3.0516956e+14
      1015.33   3.0618150e+14
      1015.43   3.0609101e+14
      1015.54   3.0528205e+14
      1015.64   3.0460805e+14
      1015.74   3.0437463e+14
      1015.85   3.0434454e+14
      1015.95   3.0455698e+14
      1016.05   3.0518223e+14
      1016.16   3.0536944e+14
      1016.26   3.0446402e+14
      1016.36   3.0361843e+14
      1016.47   3.0261132e+14
      1016.57   3.0113978e+14
      1016.67   2.9986121e+14
      1016.78   3.0044727e+14
      1016.88   3.0135669e+14
      1016.98   3.0232883e+14
      1017.09   3.0372407e+14
      1017.19   3.0538072e+14
      1017.29   3.0615125e+14
      1017.40   3.0641335e+14
      1017.50   3.0664983e+14
      1017.60   3.0677541e+14
      1017.71   3.0689207e+14
      1017.81   3.0690117e+14
      1017.91   3.0692064e+14
      1018.02   3.0687855e+14
      1018.12   3.0625020e+14
      1018.23   3.0439853e+14
      1018.33   3.0261298e+14
      1018.43   3.0090451e+14
      1018.54   2.9899097e+14
      1018.64   2.9740698e+14
      1018.74   2.9777998e+14
      1018.85   2.9894586e+14
      1018.95   2.9986275e+14
      1019.06   3.0044805e+14
      1019.16   3.0090974e+14
      1019.26   3.0074631e+14
      1019.37   2.9954670e+14
      1019.47   2.9826199e+14
      1019.58   2.9790913e+14
      1019.68   2.9875502e+14
      1019.78   2.9955458e+14
      1019.89   3.0086658e+14
      1019.99   3.0248652e+14
      1020.10   3.0356725e+14
      1020.20   3.0357759e+14
      1020.30   3.0368705e+14
      1020.41   3.0358572e+14
      1020.51   3.0330328e+14
      1020.62   3.0321569e+14
      1020.72   3.0341902e+14
      1020.83   3.0360743e+14
      1020.93   3.0369234e+14
      1021.03   3.0379021e+14
      1021.14   3.0388191e+14
      1021.24   3.0407775e+14
      1021.35   3.0368375e+14
      1021.45   3.0233938e+14
      1021.55   3.0092557e+14
      1021.66   2.9931903e+14
      1021.76   2.9751475e+14
      1021.87   2.9592524e+14
      1021.97   2.9600807e+14
      1022.08   2.9686851e+14
      1022.18   2.9854375e+14
      1022.29   3.0058370e+14
      1022.39   3.0276463e+14
      1022.49   3.0417347e+14
      1022.60   3.0496809e+14
      1022.70   3.0519416e+14
      1022.81   3.0502012e+14
      1022.91   3.0485390e+14
      1023.02   3.0492098e+14
      1023.12   3.0499709e+14
      1023.23   3.0498560e+14
      1023.33   3.0502628e+14
      1023.44   3.0513359e+14
      1023.54   3.0501831e+14
      1023.65   3.0468700e+14
      1023.75   3.0439849e+14
      1023.86   3.0425137e+14
      1023.96   3.0400512e+14
      1024.07   3.0380857e+14
      1024.17   3.0387042e+14
      1024.28   3.0405857e+14
      1024.38   3.0389655e+14
      1024.48   3.0390723e+14
      1024.59   3.0398240e+14
      1024.69   3.0391427e+14
      1024.80   3.0362793e+14
      1024.91   3.0378967e+14
      1025.01   3.0387002e+14
      1025.11   3.0386855e+14
      1025.22   3.0396973e+14
      1025.33   3.0424543e+14
      1025.43   3.0431023e+14
      1025.54   3.0433782e+14
      1025.64   3.0443774e+14
      1025.75   3.0452209e+14
      1025.85   3.0458957e+14
      1025.96   3.0459189e+14
      1026.06   3.0447379e+14
      1026.17   3.0426243e+14
      1026.27   3.0398797e+14
      1026.38   3.0356399e+14
      1026.48   3.0318497e+14
      1026.59   3.0297192e+14
      1026.69   3.0287783e+14
      1026.80   3.0282144e+14
      1026.91   3.0301749e+14
      1027.01   3.0330487e+14
      1027.12   3.0348317e+14
      1027.22   3.0346804e+14
      1027.33   3.0355354e+14
      1027.43   3.0357354e+14
      1027.54   3.0352656e+14
      1027.64   3.0350001e+14
      1027.75   3.0371848e+14
      1027.85   3.0394210e+14
      1027.96   3.0411019e+14
      1028.07   3.0422800e+14
      1028.17   3.0430267e+14
      1028.28   3.0427826e+14
      1028.38   3.0419971e+14
      1028.49   3.0409184e+14
      1028.59   3.0364487e+14
      1028.70   3.0238487e+14
      1028.81   3.0095804e+14
      1028.91   2.9968154e+14
      1029.02   2.9842023e+14
      1029.12   2.9724180e+14
      1029.23   2.9746408e+14
      1029.34   2.9858472e+14
      1029.44   2.9977562e+14
      1029.55   3.0096718e+14
      1029.65   3.0236398e+14
      1029.76   3.0307953e+14
      1029.87   3.0303703e+14
      1029.97   3.0254055e+14
      1030.08   3.0194249e+14
      1030.18   3.0145748e+14
      1030.29   3.0122309e+14
      1030.40   3.0095304e+14
      1030.50   3.0088719e+14
      1030.61   3.0104694e+14
      1030.71   3.0129902e+14
      1030.82   3.0144431e+14
      1030.93   3.0169432e+14
      1031.03   3.0173829e+14
      1031.14   3.0148577e+14
      1031.25   3.0126035e+14
      1031.35   3.0106062e+14
      1031.46   3.0075692e+14
      1031.57   3.0047818e+14
      1031.67   3.0073956e+14
      1031.78   3.0102223e+14
      1031.89   3.0126452e+14
      1031.99   3.0145216e+14
      1032.10   3.0187340e+14
      1032.20   3.0198266e+14
      1032.31   3.0189358e+14
      1032.42   3.0160838e+14
      1032.52   3.0096606e+14
      1032.63   2.9944865e+14
      1032.74   2.9796806e+14
      1032.84   2.9592115e+14
      1032.95   2.9405271e+14
      1033.06   2.9241305e+14
      1033.17   2.9250344e+14
      1033.27   2.9276301e+14
      1033.38   2.9421209e+14
      1033.48   2.9592744e+14
      1033.59   2.9807207e+14
      1033.70   2.9941067e+14
      1033.81   3.0031488e+14
      1033.91   3.0001253e+14
      1034.02   2.9958677e+14
      1034.13   2.9855693e+14
      1034.23   2.9642636e+14
      1034.34   2.9461881e+14
      1034.45   2.9397593e+14
      1034.55   2.9323058e+14
      1034.66   2.9225425e+14
      1034.77   2.9339021e+14
      1034.88   2.9487280e+14
      1034.98   2.9583081e+14
      1035.09   2.9660746e+14
      1035.20   2.9815100e+14
      1035.30   2.9878318e+14
      1035.41   2.9897712e+14
      1035.52   2.9908879e+14
      1035.63   2.9930232e+14
      1035.73   2.9959089e+14
      1035.84   2.9981950e+14
      1035.95   3.0004206e+14
      1036.06   3.0031967e+14
      1036.16   3.0060401e+14
      1036.27   3.0052455e+14
      1036.38   3.0025829e+14
      1036.48   2.9997511e+14
      1036.59   2.9964657e+14
      1036.70   2.9935272e+14
      1036.81   2.9916072e+14
      1036.91   2.9830152e+14
      1037.02   2.9640253e+14
      1037.13   2.9492890e+14
      1037.24   2.9360250e+14
      1037.34   2.9211685e+14
      1037.45   2.9120196e+14
      1037.56   2.9241844e+14
      1037.67   2.9329404e+14
      1037.78   2.9391363e+14
      1037.88   2.9490089e+14
      1037.99   2.9602795e+14
      1038.10   2.9593342e+14
      1038.21   2.9603324e+14
      1038.31   2.9680041e+14
      1038.42   2.9755858e+14
      1038.53   2.9834602e+14
      1038.64   2.9917819e+14
      1038.74   2.9962171e+14
      1038.85   2.9951165e+14
      1038.96   2.9910608e+14
      1039.07   2.9868590e+14
      1039.18   2.9832580e+14
      1039.29   2.9791071e+14
      1039.39   2.9668812e+14
      1039.50   2.9566165e+14
      1039.61   2.9485418e+14
      1039.72   2.9403814e+14
      1039.82   2.9315865e+14
      1039.93   2.9367578e+14
      1040.04   2.9469441e+14
      1040.15   2.9563118e+14
      1040.26   2.9663678e+14
      1040.37   2.9774195e+14
      1040.47   2.9810987e+14
      1040.58   2.9771464e+14
      1040.69   2.9734278e+14
      1040.80   2.9695977e+14
      1040.91   2.9680009e+14
      1041.02   2.9685304e+14
      1041.12   2.9743396e+14
      1041.23   2.9795655e+14
      1041.34   2.9841852e+14
      1041.45   2.9868986e+14
      1041.56   2.9886892e+14
      1041.67   2.9875288e+14
      1041.78   2.9852683e+14
      1041.88   2.9832880e+14
      1041.99   2.9824222e+14
      1042.10   2.9795730e+14
      1042.21   2.9723275e+14
      1042.32   2.9658017e+14
      1042.43   2.9561274e+14
      1042.54   2.9414755e+14
      1042.64   2.9306638e+14
      1042.75   2.9298827e+14
      1042.86   2.9294983e+14
      1042.97   2.9331489e+14
      1043.08   2.9465364e+14
      1043.19   2.9601915e+14
      1043.30   2.9671719e+14
      1043.41   2.9710171e+14
      1043.52   2.9746604e+14
      1043.62   2.9737388e+14
      1043.73   2.9710902e+14
      1043.84   2.9686259e+14
      1043.95   2.9701118e+14
      1044.06   2.9719644e+14
      1044.17   2.9739629e+14
      1044.28   2.9763329e+14
      1044.39   2.9793569e+14
      1044.49   2.9802173e+14
      1044.60   2.9783956e+14
      1044.71   2.9720643e+14
      1044.82   2.9664074e+14
      1044.93   2.9613589e+14
      1045.04   2.9558052e+14
      1045.15   2.9504303e+14
      1045.26   2.9501960e+14
      1045.37   2.9410493e+14
      1045.48   2.9300258e+14
      1045.59   2.9200552e+14
      1045.70   2.9088500e+14
      1045.81   2.8847893e+14
      1045.92   2.8751413e+14
      1046.03   2.8755565e+14
      1046.14   2.8782932e+14
      1046.24   2.8822353e+14
      1046.35   2.9046347e+14
      1046.46   2.9273107e+14
      1046.57   2.9427063e+14
      1046.68   2.9520921e+14
      1046.79   2.9529712e+14
      1046.90   2.9490115e+14
      1047.01   2.9394741e+14
      1047.12   2.9278012e+14
      1047.23   2.9160179e+14
      1047.34   2.9232008e+14
      1047.45   2.9333020e+14
      1047.56   2.9431124e+14
      1047.67   2.9534435e+14
      1047.78   2.9672956e+14
      1047.89   2.9722987e+14
      1048.00   2.9720653e+14
      1048.11   2.9703403e+14
      1048.22   2.9694130e+14
      1048.33   2.9677802e+14
      1048.44   2.9628124e+14
      1048.55   2.9593691e+14
      1048.66   2.9580499e+14
      1048.77   2.9561668e+14
      1048.88   2.9536978e+14
      1048.99   2.9575593e+14
      1049.10   2.9613107e+14
      1049.21   2.9632167e+14
      1049.32   2.9636185e+14
      1049.43   2.9615747e+14
      1049.54   2.9576616e+14
      1049.65   2.9528684e+14
      1049.76   2.9487875e+14
      1049.87   2.9441082e+14
      1049.98   2.9445657e+14
      1050.09   2.9446768e+14
      1050.20   2.9458047e+14
      1050.31   2.9466076e+14
      1050.42   2.9477626e+14
      1050.53   2.9490492e+14
      1050.64   2.9512716e+14
      1050.75   2.9528228e+14
      1050.86   2.9525593e+14
      1050.97   2.9540443e+14
      1051.08   2.9545542e+14
      1051.19   2.9534607e+14
      1051.30   2.9516497e+14
      1051.41   2.9525968e+14
      1051.53   2.9521908e+14
      1051.64   2.9468268e+14
      1051.75   2.9435817e+14
      1051.86   2.9410122e+14
      1051.97   2.9361302e+14
      1052.08   2.9314281e+14
      1052.19   2.9364362e+14
      1052.30   2.9404998e+14
      1052.41   2.9440351e+14
      1052.52   2.9500250e+14
      1052.63   2.9568701e+14
      1052.74   2.9567460e+14
      1052.85   2.9529204e+14
      1052.96   2.9479803e+14
      1053.07   2.9349023e+14
      1053.19   2.9237819e+14
      1053.30   2.9138654e+14
      1053.41   2.9065668e+14
      1053.52   2.8996768e+14
      1053.63   2.9076896e+14
      1053.74   2.9162526e+14
      1053.85   2.9245054e+14
      1053.96   2.9333523e+14
      1054.07   2.9440335e+14
      1054.19   2.9468970e+14
      1054.30   2.9467378e+14
      1054.41   2.9467214e+14
      1054.52   2.9462173e+14
      1054.63   2.9459554e+14
      1054.74   2.9457512e+14
      1054.85   2.9454758e+14
      1054.96   2.9464523e+14
      1055.07   2.9483225e+14
      1055.19   2.9491674e+14
      1055.30   2.9494833e+14
      1055.41   2.9504177e+14
      1055.52   2.9511821e+14
      1055.63   2.9498110e+14
      1055.74   2.9483967e+14
      1055.85   2.9470608e+14
      1055.97   2.9452972e+14
      1056.08   2.9436656e+14
      1056.19   2.9435808e+14
      1056.30   2.9436017e+14
      1056.41   2.9429402e+14
      1056.52   2.9438544e+14
      1056.64   2.9446480e+14
      1056.75   2.9446788e+14
      1056.86   2.9446728e+14
      1056.97   2.9460382e+14
      1057.08   2.9460250e+14
      1057.19   2.9461122e+14
      1057.31   2.9462355e+14
      1057.42   2.9450842e+14
      1057.53   2.9415635e+14
      1057.64   2.9394730e+14
      1057.75   2.9371662e+14
      1057.86   2.9337759e+14
      1057.98   2.9282108e+14
      1058.09   2.9230508e+14
      1058.20   2.9114371e+14
      1058.31   2.8787758e+14
      1058.43   2.8464211e+14
      1058.54   2.8216917e+14
      1058.65   2.8010134e+14
      1058.76   2.7804291e+14
      1058.87   2.7984462e+14
      1058.98   2.8301841e+14
      1059.10   2.8599748e+14
      1059.21   2.8876141e+14
      1059.32   2.9211196e+14
      1059.43   2.9369247e+14
      1059.55   2.9391546e+14
      1059.66   2.9394595e+14
      1059.77   2.9404051e+14
      1059.88   2.9405443e+14
      1060.00   2.9389373e+14
      1060.11   2.9294821e+14
      1060.22   2.9034966e+14
      1060.33   2.8773835e+14
      1060.44   2.8538489e+14
      1060.56   2.8299176e+14
      1060.67   2.8119806e+14
      1060.78   2.8254591e+14
      1060.90   2.8468302e+14
      1061.01   2.8645871e+14
      1061.12   2.8859799e+14
      1061.23   2.9103020e+14
      1061.35   2.9185551e+14
      1061.46   2.9142202e+14
      1061.57   2.9140892e+14
      1061.68   2.9146807e+14
      1061.80   2.9147919e+14
      1061.91   2.9150440e+14
      1062.02   2.9209761e+14
      1062.14   2.9258630e+14
      1062.25   2.9288954e+14
      1062.36   2.9316604e+14
      1062.47   2.9301599e+14
      1062.59   2.9128956e+14
      1062.70   2.8979276e+14
      1062.81   2.8838554e+14
      1062.93   2.8682873e+14
      1063.04   2.8522565e+14
      1063.15   2.8620193e+14
      1063.26   2.8733946e+14
      1063.38   2.8841874e+14
      1063.49   2.8965620e+14
      1063.60   2.9141971e+14
      1063.72   2.9220247e+14
      1063.83   2.9243683e+14
      1063.94   2.9259253e+14
      1064.06   2.9280586e+14
      1064.17   2.9305839e+14
      1064.28   2.9308843e+14
      1064.40   2.9309837e+14
      1064.51   2.9312134e+14
      1064.62   2.9301630e+14
      1064.74   2.9290542e+14
      1064.85   2.9275991e+14
      1064.96   2.9261371e+14
      1065.08   2.9241989e+14
      1065.19   2.9240113e+14
      1065.30   2.9238343e+14
      1065.42   2.9242194e+14
      1065.53   2.9242632e+14
      1065.64   2.9237690e+14
      1065.76   2.9187753e+14
      1065.87   2.9024556e+14
      1065.98   2.8737440e+14
      1066.10   2.8508653e+14
      1066.21   2.8296411e+14
      1066.32   2.8098296e+14
      1066.44   2.8023938e+14
      1066.55   2.8227427e+14
      1066.67   2.8433624e+14
      1066.78   2.8640023e+14
      1066.89   2.8859952e+14
      1067.01   2.9049729e+14
      1067.12   2.9110309e+14
      1067.24   2.9119558e+14
      1067.35   2.9118556e+14
      1067.46   2.9120529e+14
      1067.58   2.9152735e+14
      1067.69   2.9166880e+14
      1067.81   2.9170907e+14
      1067.92   2.9163951e+14
      1068.03   2.9101448e+14
      1068.15   2.8881851e+14
      1068.26   2.8661077e+14
      1068.38   2.8335862e+14
      1068.49   2.8050909e+14
      1068.60   2.7789501e+14
      1068.72   2.7767401e+14
      1068.83   2.7574746e+14
      1068.95   2.7478855e+14
      1069.06   2.7445013e+14
      1069.18   2.7420738e+14
      1069.29   2.7133886e+14
      1069.40   2.7113026e+14
      1069.52   2.7319847e+14
      1069.63   2.7499664e+14
      1069.75   2.7685520e+14
      1069.86   2.8164090e+14
      1069.98   2.8574839e+14
      1070.09   2.8775856e+14
      1070.20   2.8915662e+14
      1070.32   2.9077758e+14
      1070.44   2.9083838e+14
      1070.55   2.8944550e+14
      1070.66   2.8835985e+14
      1070.78   2.8746124e+14
      1070.89   2.8651966e+14
      1071.01   2.8545779e+14
      1071.12   2.8654603e+14
      1071.24   2.8765692e+14
      1071.35   2.8857560e+14
      1071.47   2.8936933e+14
      1071.58   2.9004213e+14
      1071.70   2.8986746e+14
      1071.81   2.8929376e+14
      1071.93   2.8874379e+14
      1072.04   2.8819914e+14
      1072.16   2.8880141e+14
      1072.27   2.8925037e+14
      1072.39   2.8931415e+14
      1072.50   2.8865945e+14
      1072.62   2.8691280e+14
      1072.73   2.8423477e+14
      1072.85   2.8114029e+14
      1072.96   2.7861732e+14
      1073.08   2.7668846e+14
      1073.19   2.7723405e+14
      1073.31   2.7899561e+14
      1073.42   2.8179407e+14
      1073.54   2.8455991e+14
      1073.65   2.8761824e+14
      1073.77   2.8955098e+14
      1073.88   2.9048810e+14
      1074.00   2.9052185e+14
      1074.11   2.9038543e+14
      1074.23   2.8995326e+14
      1074.34   2.8889483e+14
      1074.46   2.8790593e+14
      1074.58   2.8729813e+14
      1074.69   2.8598689e+14
      1074.81   2.8301523e+14
      1074.92   2.8163461e+14
      1075.04   2.8056644e+14
      1075.15   2.7845786e+14
      1075.27   2.7663350e+14
      1075.39   2.7863491e+14
      1075.50   2.8012182e+14
      1075.62   2.8118286e+14
      1075.73   2.8359817e+14
      1075.85   2.8698237e+14
      1075.96   2.8841904e+14
      1076.08   2.8931603e+14
      1076.19   2.9040217e+14
      1076.31   2.9090175e+14
      1076.43   2.9048077e+14
      1076.54   2.8984883e+14
      1076.66   2.8903863e+14
      1076.77   2.8820371e+14
      1076.89   2.8736035e+14
      1077.01   2.8716890e+14
      1077.12   2.8720067e+14
      1077.24   2.8771148e+14
      1077.35   2.8834404e+14
      1077.47   2.8913856e+14
      1077.59   2.8970662e+14
      1077.70   2.9014873e+14
      1077.82   2.9025491e+14
      1077.94   2.9005896e+14
      1078.05   2.8950657e+14
      1078.17   2.8814807e+14
      1078.28   2.8634960e+14
      1078.40   2.8420793e+14
      1078.52   2.8049562e+14
      1078.63   2.7766366e+14
      1078.75   2.7629537e+14
      1078.86   2.7599218e+14
      1078.98   2.7571404e+14
      1079.10   2.7907646e+14
      1079.21   2.8242286e+14
      1079.33   2.8503100e+14
      1079.45   2.8677685e+14
      1079.56   2.8894337e+14
      1079.68   2.8906962e+14
      1079.80   2.8860366e+14
      1079.91   2.8807044e+14
      1080.03   2.8794762e+14
      1080.15   2.8762487e+14
      1080.26   2.8763654e+14
      1080.38   2.8776037e+14
      1080.50   2.8802337e+14
      1080.61   2.8799301e+14
      1080.73   2.8780491e+14
      1080.85   2.8661173e+14
      1080.96   2.8313253e+14
      1081.08   2.8027956e+14
      1081.20   2.7759881e+14
      1081.31   2.7530812e+14
      1081.43   2.7339568e+14
      1081.55   2.7576937e+14
      1081.67   2.7779909e+14
      1081.78   2.7979807e+14
      1081.90   2.8056888e+14
      1082.02   2.8170592e+14
      1082.13   2.8087257e+14
      1082.25   2.8016443e+14
      1082.37   2.7853655e+14
      1082.48   2.7686849e+14
      1082.60   2.7507204e+14
      1082.72   2.7373933e+14
      1082.84   2.7171849e+14
      1082.95   2.6998248e+14
      1083.07   2.7085498e+14
      1083.19   2.7354651e+14
      1083.31   2.7569529e+14
      1083.42   2.7862242e+14
      1083.54   2.8231755e+14
      1083.66   2.8449325e+14
      1083.78   2.8482943e+14
      1083.89   2.8572005e+14
      1084.01   2.8620266e+14
      1084.13   2.8613625e+14
      1084.25   2.8508180e+14
      1084.36   2.8480288e+14
      1084.48   2.8404892e+14
      1084.60   2.8304297e+14
      1084.72   2.8207502e+14
      1084.83   2.8334079e+14
      1084.95   2.8431457e+14
      1085.07   2.8524002e+14
      1085.19   2.8632988e+14
      1085.31   2.8773495e+14
      1085.42   2.8805032e+14
      1085.54   2.8814078e+14
      1085.66   2.8817586e+14
      1085.78   2.8813820e+14
      1085.89   2.8808906e+14
      1086.01   2.8769900e+14
      1086.13   2.8635739e+14
      1086.25   2.8521903e+14
      1086.37   2.8421223e+14
      1086.48   2.8304620e+14
      1086.60   2.8113158e+14
      1086.72   2.7807271e+14
      1086.84   2.7448307e+14
      1086.96   2.7138256e+14
      1087.07   2.6825663e+14
      1087.19   2.6535309e+14
      1087.31   2.6656333e+14
      1087.43   2.7025195e+14
      1087.55   2.7389856e+14
      1087.67   2.7796723e+14
      1087.78   2.8290631e+14
      1087.90   2.8575342e+14
      1088.02   2.8601550e+14
      1088.14   2.8505962e+14
      1088.26   2.8329735e+14
      1088.38   2.8051919e+14
      1088.49   2.7804274e+14
      1088.61   2.7610276e+14
      1088.73   2.7521933e+14
      1088.85   2.7511880e+14
      1088.97   2.7702056e+14
      1089.09   2.7914575e+14
      1089.21   2.8111067e+14
      1089.32   2.8234785e+14
      1089.44   2.8277071e+14
      1089.56   2.8274054e+14
      1089.68   2.8231339e+14
      1089.80   2.8191931e+14
      1089.92   2.8191480e+14
      1090.04   2.8321524e+14
      1090.16   2.8419281e+14
      1090.28   2.8503815e+14
      1090.39   2.8561440e+14
      1090.51   2.8626243e+14
      1090.63   2.8626461e+14
      1090.75   2.8592605e+14
      1090.87   2.8551847e+14
      1090.99   2.8568093e+14
      1091.11   2.8566017e+14
      1091.23   2.8496874e+14
      1091.35   2.8350615e+14
      1091.46   2.8254933e+14
      1091.58   2.8132792e+14
      1091.70   2.7982090e+14
      1091.82   2.7892079e+14
      1091.94   2.8001013e+14
      1092.06   2.8091513e+14
      1092.18   2.8169209e+14
      1092.30   2.8277274e+14
      1092.42   2.8345939e+14
      1092.54   2.8295475e+14
      1092.66   2.8196722e+14
      1092.78   2.8085316e+14
      1092.90   2.7945018e+14
      1093.02   2.7844350e+14
      1093.14   2.7731344e+14
      1093.26   2.7599235e+14
      1093.37   2.7430120e+14
      1093.49   2.7149841e+14
      1093.61   2.6672336e+14
      1093.73   2.6159065e+14
      1093.85   2.5685869e+14
      1093.97   2.5273792e+14
      1094.09   2.5038714e+14
      1094.21   2.5188441e+14
      1094.33   2.5549782e+14
      1094.45   2.6007075e+14
      1094.57   2.6509137e+14
      1094.69   2.6998573e+14
      1094.81   2.7333941e+14
      1094.93   2.7527523e+14
      1095.05   2.7586214e+14
      1095.17   2.7551981e+14
      1095.29   2.7550714e+14
      1095.41   2.7512023e+14
      1095.53   2.7321025e+14
      1095.65   2.7229454e+14
      1095.77   2.7297607e+14
      1095.89   2.7326065e+14
      1096.01   2.7290150e+14
      1096.13   2.7506319e+14
      1096.25   2.7629034e+14
      1096.37   2.7488655e+14
      1096.49   2.7343397e+14
      1096.61   2.7284831e+14
      1096.73   2.7108577e+14
      1096.85   2.6907395e+14
      1096.97   2.7030389e+14
      1097.09   2.7192275e+14
      1097.21   2.7346274e+14
      1097.33   2.7510115e+14
      1097.45   2.7775164e+14
      1097.57   2.7834252e+14
      1097.69   2.7705158e+14
      1097.81   2.7538798e+14
      1097.94   2.7369737e+14
      1098.06   2.7048690e+14
      1098.18   2.6736610e+14
      1098.30   2.6582136e+14
      1098.42   2.6594160e+14
      1098.54   2.6584475e+14
      1098.66   2.6809591e+14
      1098.78   2.7065662e+14
      1098.90   2.7355803e+14
      1099.02   2.7540452e+14
      1099.14   2.7777268e+14
      1099.26   2.7880409e+14
      1099.38   2.7947254e+14
      1099.51   2.7978211e+14
      1099.63   2.7968459e+14
      1099.75   2.7928213e+14
      1099.87   2.7893541e+14
      1099.99   2.7883405e+14
      1100.11   2.7849834e+14
      1100.23   2.7865730e+14
      1100.35   2.7847402e+14
      1100.47   2.7832512e+14
      1100.59   2.7819943e+14
      1100.72   2.7852236e+14
      1100.84   2.7824502e+14
      1100.96   2.7849428e+14
      1101.08   2.7841321e+14
      1101.20   2.7776810e+14
      1101.32   2.7671915e+14
      1101.44   2.7575866e+14
      1101.56   2.7294163e+14
      1101.69   2.7031654e+14
      1101.81   2.6894308e+14
      1101.93   2.6775842e+14
      1102.05   2.6627293e+14
      1102.17   2.6759186e+14
      1102.29   2.6993358e+14
      1102.41   2.7201284e+14
      1102.54   2.7413998e+14
      1102.66   2.7648747e+14
      1102.78   2.7761457e+14
      1102.90   2.7806755e+14
      1103.02   2.7799745e+14
      1103.14   2.7754866e+14
      1103.27   2.7734586e+14
      1103.39   2.7780479e+14
      1103.51   2.7797920e+14
      1103.63   2.7776985e+14
      1103.75   2.7768776e+14
      1103.88   2.7789064e+14
      1104.00   2.7730022e+14
      1104.12   2.7672579e+14
      1104.24   2.7678022e+14
      1104.36   2.7680761e+14
      1104.48   2.7654185e+14
      1104.61   2.7626947e+14
      1104.73   2.7607364e+14
      1104.85   2.7585530e+14
      1104.97   2.7609037e+14
      1105.09   2.7636047e+14
      1105.22   2.7714338e+14
      1105.34   2.7782990e+14
      1105.46   2.7814566e+14
      1105.58   2.7792131e+14
      1105.70   2.7739964e+14
      1105.83   2.7664867e+14
      1105.95   2.7609257e+14
      1106.07   2.7600437e+14
      1106.19   2.7602950e+14
      1106.32   2.7652717e+14
      1106.44   2.7687525e+14
      1106.56   2.7704553e+14
      1106.68   2.7642961e+14
      1106.81   2.7612826e+14
      1106.93   2.7573948e+14
      1107.05   2.7530177e+14
      1107.18   2.7479562e+14
      1107.30   2.7507026e+14
      1107.42   2.7554139e+14
      1107.54   2.7590420e+14
      1107.67   2.7621546e+14
      1107.79   2.7636895e+14
      1107.91   2.7667140e+14
      1108.03   2.7645891e+14
      1108.16   2.7600113e+14
      1108.28   2.7577986e+14
      1108.40   2.7599844e+14
      1108.53   2.7599831e+14
      1108.65   2.7613516e+14
      1108.77   2.7661545e+14
      1108.89   2.7637624e+14
      1109.02   2.7617591e+14
      1109.14   2.7587331e+14
      1109.26   2.7584353e+14
      1109.39   2.7547325e+14
      1109.51   2.7582266e+14
      1109.63   2.7620564e+14
      1109.76   2.7685708e+14
      1109.88   2.7684944e+14
      1110.00   2.7662822e+14
      1110.12   2.7683549e+14
      1110.25   2.7689098e+14
      1110.37   2.7632466e+14
      1110.49   2.7622396e+14
      1110.62   2.7668551e+14
      1110.74   2.7649555e+14
      1110.86   2.7585618e+14
      1110.99   2.7553108e+14
      1111.11   2.7500366e+14
      1111.23   2.7428259e+14
      1111.36   2.7386840e+14
      1111.48   2.7408798e+14
      1111.60   2.7427820e+14
      1111.73   2.7398040e+14
      1111.85   2.7358498e+14
      1111.98   2.7336599e+14
      1112.10   2.7244595e+14
      1112.22   2.7167401e+14
      1112.35   2.7168891e+14
      1112.47   2.7251791e+14
      1112.59   2.7310746e+14
      1112.72   2.7427300e+14
      1112.84   2.7425161e+14
      1112.97   2.7380381e+14
      1113.09   2.7293992e+14
      1113.21   2.7173459e+14
      1113.34   2.7010478e+14
      1113.46   2.7038694e+14
      1113.59   2.7149121e+14
      1113.71   2.7262874e+14
      1113.83   2.7406137e+14
      1113.96   2.7601767e+14
      1114.08   2.7721790e+14
      1114.21   2.7756423e+14
      1114.33   2.7710863e+14
      1114.45   2.7641446e+14
      1114.58   2.7566243e+14
      1114.70   2.7438858e+14
      1114.83   2.7347596e+14
      1114.95   2.7319757e+14
      1115.08   2.7341682e+14
      1115.20   2.7321111e+14
      1115.32   2.7376790e+14
      1115.45   2.7407359e+14
      1115.57   2.7360891e+14
      1115.70   2.7272159e+14
      1115.82   2.7210086e+14
      1115.95   2.7153687e+14
      1116.07   2.7109990e+14
      1116.20   2.7187876e+14
      1116.32   2.7308746e+14
      1116.44   2.7472821e+14
      1116.57   2.7578456e+14
      1116.69   2.7693797e+14
      1116.82   2.7727938e+14
      1116.94   2.7688030e+14
      1117.07   2.7602467e+14
      1117.19   2.7542020e+14
      1117.32   2.7468439e+14
      1117.44   2.7419026e+14
      1117.57   2.7445161e+14
      1117.69   2.7448231e+14
      1117.82   2.7467616e+14
      1117.94   2.7498542e+14
      1118.07   2.7528106e+14
      1118.19   2.7515100e+14
      1118.32   2.7490550e+14
      1118.44   2.7403871e+14
      1118.57   2.7229679e+14
      1118.69   2.7029089e+14
      1118.82   2.6820970e+14
      1118.94   2.6664045e+14
      1119.07   2.6599656e+14
      1119.19   2.6761045e+14
      1119.32   2.6968827e+14
      1119.44   2.7113696e+14
      1119.57   2.7210407e+14
      1119.69   2.7219082e+14
      1119.82   2.7080977e+14
      1119.95   2.6885577e+14
      1120.07   2.6836807e+14
      1120.20   2.6817387e+14
      1120.32   2.6853010e+14
      1120.45   2.6917482e+14
      1120.57   2.7039213e+14
      1120.70   2.7077696e+14
      1120.82   2.7122370e+14
      1120.95   2.7156107e+14
      1121.08   2.7172603e+14
      1121.20   2.7157347e+14
      1121.33   2.7177242e+14
      1121.45   2.7188527e+14
      1121.58   2.7208803e+14
      1121.70   2.7246600e+14
      1121.83   2.7320712e+14
      1121.96   2.7361612e+14
      1122.08   2.7386473e+14
      1122.21   2.7384255e+14
      1122.33   2.7377834e+14
      1122.46   2.7356026e+14
      1122.59   2.7332360e+14
      1122.71   2.7283854e+14
      1122.84   2.7256192e+14
      1122.96   2.7237170e+14
      1123.09   2.7213677e+14
      1123.22   2.7226155e+14
      1123.34   2.7302078e+14
      1123.47   2.7372315e+14
      1123.59   2.7417611e+14
      1123.72   2.7427000e+14
      1123.85   2.7395426e+14
      1123.97   2.7332744e+14
      1124.10   2.7258320e+14
      1124.23   2.7150184e+14
      1124.35   2.7069205e+14
      1124.48   2.7022582e+14
      1124.61   2.6992553e+14
      1124.73   2.6973153e+14
      1124.86   2.6979185e+14
      1124.99   2.6942117e+14
      1125.11   2.6771374e+14
      1125.24   2.6470881e+14
      1125.37   2.6130439e+14
      1125.49   2.5885659e+14
      1125.62   2.5758574e+14
      1125.75   2.5844604e+14
      1125.87   2.6109215e+14
      1126.00   2.6419314e+14
      1126.13   2.6653628e+14
      1126.25   2.6816617e+14
      1126.38   2.6903862e+14
      1126.51   2.6971824e+14
      1126.63   2.7050479e+14
      1126.76   2.7118568e+14
      1126.89   2.7173652e+14
      1127.02   2.7177779e+14
      1127.14   2.7117140e+14
      1127.27   2.7024722e+14
      1127.40   2.6936859e+14
      1127.52   2.6828363e+14
      1127.65   2.6727234e+14
      1127.78   2.6663293e+14
      1127.90   2.6643581e+14
      1128.03   2.6654245e+14
      1128.16   2.6750004e+14
      1128.29   2.6913728e+14
      1128.41   2.7050612e+14
      1128.54   2.7138420e+14
      1128.67   2.7179455e+14
      1128.80   2.7063031e+14
      1128.92   2.6870863e+14
      1129.05   2.6698985e+14
      1129.18   2.6534194e+14
      1129.31   2.6388126e+14
      1129.43   2.6407579e+14
      1129.56   2.6450684e+14
      1129.69   2.6431610e+14
      1129.82   2.6439145e+14
      1129.94   2.6483677e+14
      1130.07   2.6493040e+14
      1130.20   2.6530628e+14
      1130.33   2.6691537e+14
      1130.45   2.6837617e+14
      1130.58   2.6916861e+14
      1130.71   2.6969888e+14
      1130.84   2.6986312e+14
      1130.97   2.6907975e+14
      1131.09   2.6834267e+14
      1131.22   2.6805846e+14
      1131.35   2.6767355e+14
      1131.48   2.6760235e+14
      1131.61   2.6798719e+14
      1131.73   2.6844166e+14
      1131.86   2.6905009e+14
      1131.99   2.6979623e+14
      1132.12   2.7005405e+14
      1132.25   2.7002378e+14
      1132.38   2.6987199e+14
      1132.50   2.6942327e+14
      1132.63   2.6884713e+14
      1132.76   2.6828575e+14
      1132.89   2.6730755e+14
      1133.02   2.6604064e+14
      1133.15   2.6436875e+14
      1133.27   2.6289065e+14
      1133.40   2.6226026e+14
      1133.53   2.6252361e+14
      1133.66   2.6299414e+14
      1133.79   2.6421577e+14
      1133.92   2.6554302e+14
      1134.04   2.6641844e+14
      1134.17   2.6703764e+14
      1134.30   2.6813069e+14
      1134.43   2.6902632e+14
      1134.56   2.6972224e+14
      1134.69   2.7016546e+14
      1134.82   2.7031686e+14
      1134.94   2.6999983e+14
      1135.07   2.6925319e+14
      1135.20   2.6824975e+14
      1135.33   2.6736196e+14
      1135.46   2.6657663e+14
      1135.59   2.6593559e+14
      1135.72   2.6580395e+14
      1135.85   2.6614733e+14
      1135.98   2.6674221e+14
      1136.10   2.6757187e+14
      1136.23   2.6844066e+14
      1136.36   2.6928335e+14
      1136.49   2.6984844e+14
      1136.62   2.7015530e+14
      1136.75   2.7025823e+14
      1136.88   2.7002390e+14
      1137.01   2.6929409e+14
      1137.14   2.6795802e+14
      1137.27   2.6617217e+14
      1137.40   2.6437270e+14
      1137.53   2.6298987e+14
      1137.66   2.6218005e+14
      1137.79   2.6239976e+14
      1137.92   2.6254602e+14
      1138.05   2.6243974e+14
      1138.17   2.6221173e+14
      1138.30   2.6179509e+14
      1138.43   2.6153901e+14
      1138.56   2.6271144e+14
      1138.69   2.6402002e+14
      1138.82   2.6459364e+14
      1138.95   2.6487458e+14
      1139.08   2.6451433e+14
      1139.21   2.6333473e+14
      1139.34   2.6271300e+14
      1139.47   2.6319732e+14
      1139.60   2.6381925e+14
      1139.73   2.6452093e+14
      1139.86   2.6523388e+14
      1139.99   2.6541521e+14
      1140.12   2.6423222e+14
      1140.25   2.6284277e+14
      1140.38   2.6138830e+14
      1140.51   2.5972004e+14
      1140.64   2.5844152e+14
      1140.77   2.5878722e+14
      1140.90   2.5970298e+14
      1141.03   2.6088944e+14
      1141.16   2.6211753e+14
      1141.29   2.6303066e+14
      1141.42   2.6376859e+14
      1141.55   2.6429572e+14
      1141.68   2.6478557e+14
      1141.81   2.6570572e+14
      1141.94   2.6659402e+14
      1142.07   2.6611523e+14
      1142.20   2.6528810e+14
      1142.33   2.6410454e+14
      1142.46   2.6246038e+14
      1142.60   2.6111877e+14
      1142.73   2.6146123e+14
      1142.86   2.6245195e+14
      1142.99   2.6390970e+14
      1143.12   2.6565453e+14
      1143.25   2.6720347e+14
      1143.38   2.6772880e+14
      1143.51   2.6764756e+14
      1143.64   2.6643630e+14
      1143.77   2.6442538e+14
      1143.90   2.6249585e+14
      1144.03   2.6094375e+14
      1144.17   2.5992078e+14
      1144.30   2.6047569e+14
      1144.43   2.6192768e+14
      1144.56   2.6317841e+14
      1144.69   2.6408433e+14
      1144.82   2.6446349e+14
      1144.95   2.6431141e+14
      1145.08   2.6432025e+14
      1145.21   2.6450800e+14
      1145.34   2.6502560e+14
      1145.47   2.6597013e+14
      1145.61   2.6651784e+14
      1145.74   2.6660209e+14
      1145.87   2.6669849e+14
      1146.00   2.6671046e+14
      1146.13   2.6663969e+14
      1146.26   2.6697489e+14
      1146.40   2.6746093e+14
      1146.53   2.6784097e+14
      1146.66   2.6815847e+14
      1146.79   2.6842040e+14
      1146.92   2.6828760e+14
      1147.05   2.6772412e+14
      1147.18   2.6706362e+14
      1147.31   2.6640270e+14
      1147.45   2.6583274e+14
      1147.58   2.6571699e+14
      1147.71   2.6608308e+14
      1147.84   2.6649911e+14
      1147.97   2.6668866e+14
      1148.11   2.6659676e+14
      1148.24   2.6592744e+14
      1148.37   2.6505245e+14
      1148.50   2.6428178e+14
      1148.63   2.6388894e+14
      1148.77   2.6381847e+14
      1148.90   2.6450751e+14
      1149.03   2.6542643e+14
      1149.16   2.6615573e+14
      1149.29   2.6620572e+14
      1149.43   2.6589940e+14
      1149.56   2.6516158e+14
      1149.69   2.6433720e+14
      1149.82   2.6395162e+14
      1149.95   2.6446694e+14
      1150.09   2.6494586e+14
      1150.22   2.6517668e+14
      1150.35   2.6520168e+14
      1150.48   2.6482176e+14
      1150.62   2.6417880e+14
      1150.75   2.6407599e+14
      1150.88   2.6433289e+14
      1151.01   2.6483433e+14
      1151.15   2.6545076e+14
      1151.28   2.6585590e+14
      1151.41   2.6576441e+14
      1151.54   2.6534681e+14
      1151.68   2.6455050e+14
      1151.81   2.6369374e+14
      1151.94   2.6283263e+14
      1152.07   2.6210159e+14
      1152.21   2.6179232e+14
      1152.34   2.6196253e+14
      1152.47   2.6222265e+14
      1152.60   2.6262966e+14
      1152.74   2.6319191e+14
      1152.87   2.6360039e+14
      1153.00   2.6385759e+14
      1153.14   2.6413606e+14
      1153.27   2.6451475e+14
      1153.40   2.6491134e+14
      1153.54   2.6532026e+14
      1153.67   2.6573608e+14
      1153.80   2.6596968e+14
      1153.94   2.6586266e+14
      1154.07   2.6557759e+14
      1154.20   2.6522599e+14
      1154.33   2.6486373e+14
      1154.47   2.6480343e+14
      1154.60   2.6513484e+14
      1154.73   2.6553092e+14
      1154.87   2.6581432e+14
      1155.00   2.6599086e+14
      1155.14   2.6577620e+14
      1155.27   2.6482473e+14
      1155.40   2.6375217e+14
      1155.54   2.6285531e+14
      1155.67   2.6194768e+14
      1155.80   2.6149053e+14
      1155.94   2.6199795e+14
      1156.07   2.6270647e+14
      1156.20   2.6339827e+14
      1156.34   2.6411467e+14
      1156.47   2.6457531e+14
      1156.60   2.6458747e+14
      1156.74   2.6447078e+14
      1156.87   2.6418151e+14
      1157.01   2.6399955e+14
      1157.14   2.6387684e+14
      1157.27   2.6366513e+14
      1157.41   2.6346975e+14
      1157.54   2.6348739e+14
      1157.68   2.6349677e+14
      1157.81   2.6348010e+14
      1157.94   2.6364449e+14
      1158.08   2.6396660e+14
      1158.21   2.6426650e+14
      1158.35   2.6420231e+14
      1158.48   2.6398353e+14
      1158.61   2.6355070e+14
      1158.75   2.6272677e+14
      1158.88   2.6148016e+14
      1159.02   2.6023470e+14
      1159.15   2.5813769e+14
      1159.29   2.5577076e+14
      1159.42   2.5399908e+14
      1159.56   2.5314531e+14
      1159.69   2.5341612e+14
      1159.82   2.5553039e+14
      1159.96   2.5814571e+14
      1160.09   2.6027236e+14
      1160.23   2.6173424e+14
      1160.36   2.6228185e+14
      1160.50   2.6102509e+14
      1160.63   2.5916988e+14
      1160.77   2.5709265e+14
      1160.90   2.5395397e+14
      1161.04   2.5094044e+14
      1161.17   2.4991767e+14
      1161.31   2.4959604e+14
      1161.44   2.5043094e+14
      1161.57   2.5335036e+14
      1161.71   2.5627491e+14
      1161.84   2.5817868e+14
      1161.98   2.6005490e+14
      1162.11   2.6120869e+14
      1162.25   2.6161427e+14
      1162.39   2.6222381e+14
      1162.52   2.6283829e+14
      1162.66   2.6290798e+14
      1162.79   2.6259456e+14
      1162.93   2.6208053e+14
      1163.06   2.6134996e+14
      1163.20   2.6077153e+14
      1163.33   2.6101100e+14
      1163.47   2.6159740e+14
      1163.60   2.6113017e+14
      1163.74   2.6005349e+14
      1163.87   2.5856294e+14
      1164.01   2.5626369e+14
      1164.14   2.5440815e+14
      1164.28   2.5470219e+14
      1164.42   2.5586934e+14
      1164.55   2.5746098e+14
      1164.69   2.5947981e+14
      1164.82   2.6102596e+14
      1164.96   2.6143464e+14
      1165.09   2.6127895e+14
      1165.23   2.6077009e+14
      1165.36   2.6010573e+14
      1165.50   2.5928334e+14
      1165.64   2.5813610e+14
      1165.77   2.5698016e+14
      1165.91   2.5603053e+14
      1166.05   2.5538061e+14
      1166.18   2.5524217e+14
      1166.32   2.5619443e+14
      1166.45   2.5790988e+14
      1166.59   2.5946212e+14
      1166.72   2.6019516e+14
      1166.86   2.6027142e+14
      1167.00   2.5966694e+14
      1167.13   2.5852173e+14
      1167.27   2.5784112e+14
      1167.41   2.5837147e+14
      1167.54   2.5936079e+14
      1167.68   2.6043530e+14
      1167.81   2.6158559e+14
      1167.95   2.6223602e+14
      1168.09   2.6218555e+14
      1168.22   2.6181088e+14
      1168.36   2.6125358e+14
      1168.50   2.6069541e+14
      1168.63   2.6007738e+14
      1168.77   2.5822561e+14
      1168.91   2.5591174e+14
      1169.04   2.5387688e+14
      1169.18   2.5175114e+14
      1169.32   2.5049215e+14
      1169.45   2.5201241e+14
      1169.59   2.5442109e+14
      1169.73   2.5651275e+14
      1169.86   2.5864327e+14
      1170.00   2.6018844e+14
      1170.14   2.6026649e+14
      1170.28   2.6015408e+14
      1170.41   2.6037454e+14
      1170.55   2.6065711e+14
      1170.69   2.6085737e+14
      1170.82   2.6109781e+14
      1170.96   2.6109061e+14
      1171.10   2.6085401e+14
      1171.23   2.6071619e+14
      1171.37   2.6056264e+14
      1171.51   2.6047042e+14
      1171.65   2.6070251e+14
      1171.78   2.6096449e+14
      1171.92   2.6113879e+14
      1172.06   2.6128454e+14
      1172.20   2.6111555e+14
      1172.33   2.6061522e+14
      1172.47   2.6007599e+14
      1172.61   2.5950899e+14
      1172.74   2.5912034e+14
      1172.88   2.5925596e+14
      1173.02   2.5972779e+14
      1173.16   2.6020147e+14
      1173.30   2.6071036e+14
      1173.43   2.6104649e+14
      1173.57   2.6105453e+14
      1173.71   2.6092669e+14
      1173.85   2.6067688e+14
      1173.98   2.6036851e+14
      1174.12   2.6018972e+14
      1174.26   2.5998204e+14
      1174.40   2.5972195e+14
      1174.54   2.5925020e+14
      1174.67   2.5842112e+14
      1174.81   2.5744637e+14
      1174.95   2.5624418e+14
      1175.09   2.5436497e+14
      1175.23   2.5226100e+14
      1175.36   2.5029806e+14
      1175.50   2.4842653e+14
      1175.64   2.4744968e+14
      1175.78   2.4842567e+14
      1175.92   2.5095476e+14
      1176.06   2.5410022e+14
      1176.19   2.5731308e+14
      1176.33   2.5988223e+14
      1176.47   2.6113505e+14
      1176.61   2.6134907e+14
      1176.75   2.6085289e+14
      1176.89   2.6000746e+14
      1177.03   2.5872002e+14
      1177.16   2.5716087e+14
      1177.30   2.5591662e+14
      1177.44   2.5512876e+14
      1177.58   2.5470450e+14
      1177.72   2.5526032e+14
      1177.86   2.5611428e+14
      1177.99   2.5635260e+14
      1178.13   2.5558369e+14
      1178.27   2.5434688e+14
      1178.41   2.5285731e+14
      1178.55   2.5150756e+14
      1178.69   2.5131865e+14
      1178.83   2.5314472e+14
      1178.97   2.5550607e+14
      1179.11   2.5763983e+14
      1179.24   2.5969954e+14
      1179.38   2.6089698e+14
      1179.52   2.6090588e+14
      1179.66   2.6069839e+14
      1179.80   2.6025207e+14
      1179.94   2.5954501e+14
      1180.08   2.5891332e+14
      1180.22   2.5838866e+14
      1180.36   2.5802516e+14
      1180.50   2.5818938e+14
      1180.64   2.5876970e+14
      1180.78   2.5923235e+14
      1180.92   2.5904881e+14
      1181.06   2.5830920e+14
      1181.19   2.5730787e+14
      1181.33   2.5613179e+14
      1181.47   2.5541901e+14
      1181.61   2.5589676e+14
      1181.75   2.5692507e+14
      1181.89   2.5772146e+14
      1182.03   2.5836839e+14
      1182.17   2.5862663e+14
      1182.31   2.5807017e+14
      1182.45   2.5666604e+14
      1182.59   2.5340890e+14
      1182.73   2.4896961e+14
      1182.87   2.4461028e+14
      1183.01   2.4061778e+14
      1183.15   2.3900312e+14
      1183.29   2.4159985e+14
      1183.43   2.4613146e+14
      1183.57   2.5061062e+14
      1183.71   2.5431835e+14
      1183.85   2.5594257e+14
      1183.99   2.5541968e+14
      1184.13   2.5422583e+14
      1184.27   2.5347563e+14
      1184.41   2.5406229e+14
      1184.55   2.5519495e+14
      1184.69   2.5622369e+14
      1184.83   2.5731977e+14
      1184.97   2.5789394e+14
      1185.11   2.5766614e+14
      1185.26   2.5746939e+14
      1185.40   2.5752212e+14
      1185.54   2.5761130e+14
      1185.68   2.5785308e+14
      1185.82   2.5809542e+14
      1185.96   2.5795941e+14
      1186.10   2.5744691e+14
      1186.24   2.5681306e+14
      1186.38   2.5625675e+14
      1186.52   2.5604364e+14
      1186.66   2.5632815e+14
      1186.80   2.5699719e+14
      1186.94   2.5770066e+14
      1187.08   2.5812340e+14
      1187.22   2.5819409e+14
      1187.37   2.5798557e+14
      1187.51   2.5766799e+14
      1187.65   2.5738649e+14
      1187.79   2.5708553e+14
      1187.93   2.5657060e+14
      1188.07   2.5452835e+14
      1188.21   2.5052636e+14
      1188.35   2.4617814e+14
      1188.49   2.4213328e+14
      1188.64   2.3914825e+14
      1188.78   2.3930024e+14
      1188.92   2.4236421e+14
      1189.06   2.4562379e+14
      1189.20   2.4833674e+14
      1189.34   2.5028384e+14
      1189.48   2.5072682e+14
      1189.63   2.5060279e+14
      1189.77   2.5105119e+14
      1189.91   2.5225570e+14
      1190.05   2.5393924e+14
      1190.19   2.5547046e+14
      1190.33   2.5652473e+14
      1190.48   2.5723919e+14
      1190.62   2.5750489e+14
      1190.76   2.5736408e+14
      1190.90   2.5736442e+14
      1191.04   2.5739075e+14
      1191.19   2.5731808e+14
      1191.33   2.5730597e+14
      1191.47   2.5731559e+14
      1191.61   2.5721806e+14
      1191.75   2.5711397e+14
      1191.90   2.5696229e+14
      1192.04   2.5671751e+14
      1192.18   2.5641858e+14
      1192.32   2.5605334e+14
      1192.46   2.5569729e+14
      1192.61   2.5551062e+14
      1192.75   2.5544723e+14
      1192.89   2.5543134e+14
      1193.03   2.5568378e+14
      1193.18   2.5613449e+14
      1193.32   2.5648355e+14
      1193.46   2.5666680e+14
      1193.60   2.5675276e+14
      1193.74   2.5663688e+14
      1193.89   2.5626214e+14
      1194.03   2.5597407e+14
      1194.17   2.5593689e+14
      1194.31   2.5594798e+14
      1194.46   2.5602189e+14
      1194.60   2.5617111e+14
      1194.74   2.5570153e+14
      1194.89   2.5470143e+14
      1195.03   2.5378377e+14
      1195.17   2.5262576e+14
      1195.31   2.5148257e+14
      1195.46   2.5126164e+14
      1195.60   2.5157585e+14
      1195.74   2.5168484e+14
      1195.89   2.5221203e+14
      1196.03   2.5309570e+14
      1196.17   2.5362665e+14
      1196.31   2.5401164e+14
      1196.46   2.5450474e+14
      1196.60   2.5469586e+14
      1196.74   2.5434765e+14
      1196.89   2.5362915e+14
      1197.03   2.5154340e+14
      1197.18   2.4828403e+14
      1197.32   2.4520957e+14
      1197.46   2.4231524e+14
      1197.60   2.4096008e+14
      1197.75   2.4261628e+14
      1197.89   2.4588736e+14
      1198.04   2.4868291e+14
      1198.18   2.4968098e+14
      1198.32   2.4819383e+14
      1198.47   2.4519494e+14
      1198.61   2.4158366e+14
      1198.75   2.3930980e+14
      1198.90   2.3912485e+14
      1199.04   2.3945213e+14
      1199.19   2.3977083e+14
      1199.33   2.4026879e+14
      1199.47   2.4089677e+14
      1199.62   2.4281794e+14
      1199.76   2.4611524e+14
      1199.90   2.4942719e+14
      1200.05   2.5272377e+14
      1200.19   2.5473873e+14
      1200.34   2.5503035e+14
      1200.48   2.5479380e+14
      1200.62   2.5443808e+14
      1200.77   2.5409038e+14
      1200.91   2.5393937e+14
      1201.06   2.5393062e+14
      1201.20   2.5384293e+14
      1201.35   2.5385780e+14
      1201.49   2.5399521e+14
      1201.63   2.5412552e+14
      1201.78   2.5427953e+14
      1201.92   2.5449090e+14
      1202.07   2.5449464e+14
      1202.21   2.5428098e+14
      1202.36   2.5400580e+14
      1202.50   2.5351301e+14
      1202.65   2.5287699e+14
      1202.79   2.5172518e+14
      1202.94   2.4859687e+14
      1203.08   2.4418807e+14
      1203.22   2.4017417e+14
      1203.37   2.3646015e+14
      1203.51   2.3512759e+14
      1203.66   2.3760874e+14
      1203.80   2.4152323e+14
      1203.95   2.4515227e+14
      1204.09   2.4861572e+14
      1204.24   2.5032654e+14
      1204.38   2.5059150e+14
      1204.53   2.5102202e+14
      1204.67   2.5158337e+14
      1204.82   2.5216630e+14
      1204.96   2.5270392e+14
      1205.11   2.5274107e+14
      1205.26   2.5226856e+14
      1205.40   2.5168244e+14
      1205.55   2.5101612e+14
      1205.69   2.5061068e+14
      1205.84   2.5065916e+14
      1205.98   2.5109644e+14
      1206.13   2.5171157e+14
      1206.27   2.5241401e+14
      1206.42   2.5289799e+14
      1206.56   2.5310295e+14
      1206.71   2.5316040e+14
      1206.85   2.5311828e+14
      1207.00   2.5307564e+14
      1207.15   2.5296163e+14
      1207.29   2.5285085e+14
      1207.44   2.5267092e+14
      1207.58   2.5212554e+14
      1207.73   2.5132083e+14
      1207.88   2.5013765e+14
      1208.02   2.4720123e+14
      1208.17   2.4225675e+14
      1208.31   2.3702696e+14
      1208.46   2.3221741e+14
      1208.60   2.2895586e+14
      1208.75   2.2982646e+14
      1208.90   2.3425633e+14
      1209.04   2.3954141e+14
      1209.19   2.4467601e+14
      1209.34   2.4877603e+14
      1209.48   2.5057344e+14
      1209.63   2.5089197e+14
      1209.78   2.5093377e+14
      1209.92   2.5068766e+14
      1210.07   2.4921244e+14
      1210.21   2.4676683e+14
      1210.36   2.4454306e+14
      1210.51   2.4236203e+14
      1210.65   2.4140241e+14
      1210.80   2.4247369e+14
      1210.95   2.4440651e+14
      1211.09   2.4608554e+14
      1211.24   2.4772012e+14
      1211.39   2.4861634e+14
      1211.53   2.4897263e+14
      1211.68   2.4936598e+14
      1211.83   2.4967747e+14
      1211.97   2.5009363e+14
      1212.12   2.5031912e+14
      1212.27   2.5034661e+14
      1212.42   2.5057272e+14
      1212.56   2.5090225e+14
      1212.71   2.5107999e+14
      1212.86   2.5118207e+14
      1213.00   2.5100678e+14
      1213.15   2.5059326e+14
      1213.30   2.5015471e+14
      1213.44   2.4978863e+14
      1213.59   2.4959860e+14
      1213.74   2.4967809e+14
      1213.89   2.4990161e+14
      1214.03   2.5024115e+14
      1214.18   2.5065514e+14
      1214.33   2.5095049e+14
      1214.48   2.5105493e+14
      1214.62   2.5108544e+14
      1214.77   2.5103986e+14
      1214.92   2.5095847e+14
      1215.07   2.5090256e+14
      1215.21   2.5086444e+14
      1215.36   2.5081004e+14
      1215.51   2.5068698e+14
      1215.66   2.5054582e+14
      1215.81   2.5048669e+14
      1215.95   2.5051555e+14
      1216.10   2.5060862e+14
      1216.25   2.5075438e+14
      1216.40   2.5088672e+14
      1216.55   2.5084564e+14
      1216.69   2.5068004e+14
      1216.84   2.5050406e+14
      1216.99   2.5033425e+14
      1217.14   2.5018711e+14
      1217.29   2.5012933e+14
      1217.43   2.5013990e+14
      1217.58   2.5006176e+14
      1217.73   2.4995975e+14
      1217.88   2.4992129e+14
      1218.03   2.4980962e+14
      1218.18   2.4962222e+14
      1218.32   2.4952700e+14
      1218.47   2.4945535e+14
      1218.62   2.4929985e+14
      1218.77   2.4908919e+14
      1218.92   2.4883652e+14
      1219.07   2.4854015e+14
      1219.21   2.4818901e+14
      1219.36   2.4805240e+14
      1219.51   2.4820687e+14
      1219.66   2.4857053e+14
      1219.81   2.4899537e+14
      1219.96   2.4951382e+14
      1220.11   2.4988605e+14
      1220.26   2.5004444e+14
      1220.41   2.5000340e+14
      1220.55   2.4987580e+14
      1220.70   2.4966217e+14
      1220.85   2.4943346e+14
      1221.00   2.4917718e+14
      1221.15   2.4893589e+14
      1221.30   2.4874117e+14
      1221.45   2.4850047e+14
      1221.60   2.4828803e+14
      1221.75   2.4821760e+14
      1221.90   2.4831055e+14
      1222.05   2.4836950e+14
      1222.19   2.4850655e+14
      1222.34   2.4860424e+14
      1222.49   2.4833575e+14
      1222.64   2.4776051e+14
      1222.79   2.4729323e+14
      1222.94   2.4675661e+14
      1223.09   2.4638827e+14
      1223.24   2.4658633e+14
      1223.39   2.4710470e+14
      1223.54   2.4761558e+14
      1223.69   2.4825746e+14
      1223.84   2.4873410e+14
      1223.99   2.4889149e+14
      1224.14   2.4891070e+14
      1224.29   2.4876151e+14
      1224.44   2.4849325e+14
      1224.59   2.4816046e+14
      1224.74   2.4776626e+14
      1224.89   2.4748007e+14
      1225.04   2.4730825e+14
      1225.19   2.4730068e+14
      1225.34   2.4742836e+14
      1225.49   2.4768976e+14
      1225.64   2.4794082e+14
      1225.79   2.4818377e+14
      1225.94   2.4816954e+14
      1226.09   2.4793928e+14
      1226.24   2.4757852e+14
      1226.39   2.4705819e+14
      1226.54   2.4666319e+14
      1226.69   2.4628235e+14
      1226.84   2.4511436e+14
      1226.99   2.4315098e+14
      1227.15   2.4143767e+14
      1227.30   2.3952318e+14
      1227.45   2.3873326e+14
      1227.60   2.3990549e+14
      1227.75   2.4214890e+14
      1227.90   2.4425009e+14
      1228.05   2.4642795e+14
      1228.20   2.4757026e+14
      1228.35   2.4763527e+14
      1228.50   2.4751050e+14
      1228.65   2.4737786e+14
      1228.80   2.4726865e+14
      1228.95   2.4719644e+14
      1229.10   2.4720768e+14
      1229.26   2.4718553e+14
      1229.41   2.4714612e+14
      1229.56   2.4708604e+14
      1229.71   2.4696884e+14
      1229.86   2.4667613e+14
      1230.01   2.4631651e+14
      1230.16   2.4601444e+14
      1230.31   2.4568075e+14
      1230.47   2.4555799e+14
      1230.62   2.4571337e+14
      1230.77   2.4600392e+14
      1230.92   2.4625345e+14
      1231.07   2.4637371e+14
      1231.22   2.4615235e+14
      1231.38   2.4576550e+14
      1231.53   2.4529035e+14
      1231.68   2.4477847e+14
      1231.83   2.4439962e+14
      1231.98   2.4423327e+14
      1232.13   2.4405166e+14
      1232.29   2.4398931e+14
      1232.44   2.4417287e+14
      1232.59   2.4448513e+14
      1232.74   2.4479559e+14
      1232.89   2.4517786e+14
      1233.05   2.4545445e+14
      1233.20   2.4554834e+14
      1233.35   2.4547989e+14
      1233.50   2.4538733e+14
      1233.65   2.4535604e+14
      1233.81   2.4525769e+14
      1233.96   2.4494287e+14
      1234.11   2.4454274e+14
      1234.26   2.4418580e+14
      1234.42   2.4368169e+14
      1234.57   2.4336703e+14
      1234.72   2.4342032e+14
      1234.87   2.4363797e+14
      1235.03   2.4372697e+14
      1235.18   2.4398297e+14
      1235.33   2.4413969e+14
      1235.48   2.4421586e+14
      1235.64   2.4437072e+14
      1235.79   2.4467342e+14
      1235.94   2.4493178e+14
      1236.09   2.4514766e+14
      1236.25   2.4527015e+14
      1236.40   2.4526772e+14
      1236.55   2.4516896e+14
      1236.70   2.4503256e+14
      1236.86   2.4492608e+14
      1237.01   2.4486629e+14
      1237.16   2.4488057e+14
      1237.32   2.4494424e+14
      1237.47   2.4498026e+14
      1237.62   2.4501029e+14
      1237.78   2.4504676e+14
      1237.93   2.4506852e+14
      1238.08   2.4503716e+14
      1238.24   2.4496392e+14
      1238.39   2.4485890e+14
      1238.54   2.4463446e+14
      1238.70   2.4418346e+14
      1238.85   2.4349803e+14
      1239.00   2.4289630e+14
      1239.16   2.4220686e+14
      1239.31   2.4146218e+14
      1239.46   2.4078502e+14
      1239.62   2.4056902e+14
      1239.77   2.4023922e+14
      1239.93   2.4046007e+14
      1240.08   2.4124105e+14
      1240.23   2.4225994e+14
      1240.39   2.4305044e+14
      1240.54   2.4384064e+14
      1240.69   2.4418001e+14
      1240.85   2.4409323e+14
      1241.00   2.4396058e+14
      1241.16   2.4394064e+14
      1241.31   2.4397290e+14
      1241.46   2.4382171e+14
      1241.62   2.4352338e+14
      1241.77   2.4322022e+14
      1241.93   2.4278462e+14
      1242.08   2.4218775e+14
      1242.24   2.4155463e+14
      1242.39   2.4103744e+14
      1242.55   2.4033372e+14
      1242.70   2.4011754e+14
      1242.85   2.4034800e+14
      1243.01   2.4036349e+14
      1243.16   2.3980958e+14
      1243.32   2.3948023e+14
      1243.47   2.3859975e+14
      1243.63   2.3808684e+14
      1243.78   2.3863089e+14
      1243.94   2.3991460e+14
      1244.09   2.4116272e+14
      1244.24   2.4253462e+14
      1244.40   2.4335539e+14
      1244.56   2.4360030e+14
      1244.71   2.4367660e+14
      1244.86   2.4366784e+14
      1245.02   2.4352739e+14
      1245.18   2.4332557e+14
      1245.33   2.4304695e+14
      1245.48   2.4279158e+14
      1245.64   2.4249907e+14
      1245.80   2.4219400e+14
      1245.95   2.4189283e+14
      1246.11   2.4156986e+14
      1246.26   2.4142999e+14
      1246.42   2.4156608e+14
      1246.57   2.4182377e+14
      1246.73   2.4188664e+14
      1246.88   2.4176808e+14
      1247.04   2.4153749e+14
      1247.19   2.4109143e+14
      1247.35   2.4094332e+14
      1247.51   2.4123993e+14
      1247.66   2.4183440e+14
      1247.82   2.4235197e+14
      1247.97   2.4291386e+14
      1248.13   2.4314030e+14
      1248.28   2.4308361e+14
      1248.44   2.4294927e+14
      1248.59   2.4284372e+14
      1248.75   2.4280554e+14
      1248.91   2.4285115e+14
      1249.06   2.4293813e+14
      1249.22   2.4297687e+14
      1249.38   2.4292219e+14
      1249.53   2.4279052e+14
      1249.69   2.4254857e+14
      1249.84   2.4233133e+14
      1250.00   2.4221331e+14
      1250.16   2.4213084e+14
      1250.31   2.4211865e+14
      1250.47   2.4220556e+14
      1250.62   2.4224047e+14
      1250.78   2.4204761e+14
      1250.94   2.4165572e+14
      1251.09   2.4118794e+14
      1251.25   2.4056887e+14
      1251.41   2.4008966e+14
      1251.56   2.3987168e+14
      1251.72   2.3980275e+14
      1251.88   2.3952374e+14
      1252.04   2.3903771e+14
      1252.19   2.3870830e+14
      1252.35   2.3829277e+14
      1252.51   2.3830978e+14
      1252.66   2.3889559e+14
      1252.82   2.3981368e+14
      1252.98   2.4038330e+14
      1253.13   2.4090094e+14
      1253.29   2.4106620e+14
      1253.45   2.4091252e+14
      1253.60   2.4076196e+14
      1253.76   2.4070937e+14
      1253.92   2.4069745e+14
      1254.08   2.4071254e+14
      1254.23   2.4075208e+14
      1254.39   2.4086464e+14
      1254.55   2.4099024e+14
      1254.70   2.4098985e+14
      1254.86   2.4082918e+14
      1255.02   2.4070130e+14
      1255.18   2.4049144e+14
      1255.33   2.4034586e+14
      1255.49   2.4028634e+14
      1255.65   2.4031834e+14
      1255.81   2.4024704e+14
      1255.97   2.4011164e+14
      1256.12   2.3988659e+14
      1256.28   2.3978132e+14
      1256.44   2.3960310e+14
      1256.60   2.3949478e+14
      1256.76   2.3936824e+14
      1256.91   2.3932284e+14
      1257.07   2.3917703e+14
      1257.23   2.3931750e+14
      1257.39   2.3961026e+14
      1257.55   2.4009836e+14
      1257.70   2.4054400e+14
      1257.86   2.4088946e+14
      1258.02   2.4082046e+14
      1258.18   2.4044297e+14
      1258.34   2.3970765e+14
      1258.49   2.3902847e+14
      1258.65   2.3874309e+14
      1258.81   2.3885102e+14
      1258.97   2.3932632e+14
      1259.13   2.4012939e+14
      1259.29   2.4082543e+14
      1259.45   2.4127888e+14
      1259.60   2.4156733e+14
      1259.76   2.4159749e+14
      1259.92   2.4139476e+14
      1260.08   2.4102811e+14
      1260.24   2.4067258e+14
      1260.40   2.4036497e+14
      1260.56   2.4029051e+14
      1260.72   2.4052675e+14
      1260.88   2.4096024e+14
      1261.03   2.4121485e+14
      1261.19   2.4107395e+14
      1261.35   2.4031069e+14
      1261.51   2.3913976e+14
      1261.67   2.3806397e+14
      1261.83   2.3735324e+14
      1261.99   2.3744451e+14
      1262.15   2.3814562e+14
      1262.31   2.3914789e+14
      1262.47   2.4008621e+14
      1262.63   2.4081980e+14
      1262.79   2.4110459e+14
      1262.94   2.4112628e+14
      1263.10   2.4109986e+14
      1263.26   2.4104317e+14
      1263.42   2.4096728e+14
      1263.58   2.4051643e+14
      1263.74   2.3958874e+14
      1263.90   2.3873544e+14
      1264.06   2.3775250e+14
      1264.22   2.3732483e+14
      1264.38   2.3770654e+14
      1264.54   2.3837494e+14
      1264.70   2.3851092e+14
      1264.86   2.3881622e+14
      1265.02   2.3847004e+14
      1265.18   2.3807599e+14
      1265.34   2.3826088e+14
      1265.50   2.3893892e+14
      1265.66   2.3957856e+14
      1265.82   2.4035482e+14
      1265.98   2.4075308e+14
      1266.14   2.4075005e+14
      1266.30   2.4049540e+14
      1266.46   2.3984230e+14
      1266.62   2.3883722e+14
      1266.79   2.3790276e+14
      1266.94   2.3704127e+14
      1267.11   2.3682905e+14
      1267.27   2.3723853e+14
      1267.43   2.3796652e+14
      1267.59   2.3819891e+14
      1267.75   2.3771855e+14
      1267.91   2.3672769e+14
      1268.07   2.3528572e+14
      1268.23   2.3427501e+14
      1268.39   2.3426380e+14
      1268.55   2.3515038e+14
      1268.71   2.3620690e+14
      1268.88   2.3757190e+14
      1269.04   2.3852367e+14
      1269.20   2.3892288e+14
      1269.36   2.3918788e+14
      1269.52   2.3930835e+14
      1269.68   2.3930477e+14
      1269.84   2.3936320e+14
      1270.00   2.3939683e+14
      1270.16   2.3949923e+14
      1270.32   2.3968349e+14
      1270.49   2.3986965e+14
      1270.65   2.3997352e+14
      1270.81   2.4002958e+14
      1270.97   2.3991474e+14
      1271.13   2.3964017e+14
      1271.29   2.3938527e+14
      1271.46   2.3911541e+14
      1271.62   2.3893732e+14
      1271.78   2.3890924e+14
      1271.94   2.3896458e+14
      1272.10   2.3903507e+14
      1272.27   2.3916076e+14
      1272.43   2.3920856e+14
      1272.59   2.3913193e+14
      1272.75   2.3901198e+14
      1272.91   2.3879588e+14
      1273.07   2.3853534e+14
      1273.24   2.3823056e+14
      1273.40   2.3796280e+14
      1273.56   2.3769547e+14
      1273.72   2.3739613e+14
      1273.89   2.3712863e+14
      1274.05   2.3699451e+14
      1274.21   2.3690941e+14
      1274.37   2.3703613e+14
      1274.54   2.3734464e+14
      1274.70   2.3769310e+14
      1274.86   2.3801045e+14
      1275.02   2.3833686e+14
      1275.19   2.3851885e+14
      1275.35   2.3864770e+14
      1275.51   2.3873408e+14
      1275.67   2.3875937e+14
      1275.84   2.3874726e+14
      1276.00   2.3871753e+14
      1276.16   2.3868095e+14
      1276.32   2.3865249e+14
      1276.49   2.3865225e+14
      1276.65   2.3863299e+14
      1276.81   2.3862294e+14
      1276.98   2.3858353e+14
      1277.14   2.3851645e+14
      1277.30   2.3842104e+14
      1277.46   2.3829028e+14
      1277.63   2.3816412e+14
      1277.79   2.3802450e+14
      1277.95   2.3791742e+14
      1278.12   2.3783237e+14
      1278.28   2.3776160e+14
      1278.44   2.3765162e+14
      1278.61   2.3744885e+14
      1278.77   2.3705080e+14
      1278.94   2.3666595e+14
      1279.10   2.3622289e+14
      1279.26   2.3588445e+14
      1279.43   2.3567612e+14
      1279.59   2.3559973e+14
      1279.75   2.3542555e+14
      1279.92   2.3530574e+14
      1280.08   2.3506704e+14
      1280.25   2.3470275e+14
      1280.41   2.3402413e+14
      1280.57   2.3284323e+14
      1280.74   2.3135789e+14
      1280.90   2.2950994e+14
      1281.07   2.2748055e+14
      1281.23   2.2531588e+14
      1281.39   2.2227752e+14
      1281.56   2.1751971e+14
      1281.72   2.1169790e+14
      1281.89   2.0611589e+14
      1282.05   2.0181725e+14
      1282.22   2.0101242e+14
      1282.38   2.0387659e+14
      1282.55   2.0909449e+14
      1282.71   2.1499558e+14
      1282.87   2.2042124e+14
      1283.04   2.2401413e+14
      1283.20   2.2632556e+14
      1283.37   2.2799216e+14
      1283.53   2.2933550e+14
      1283.70   2.3052689e+14
      1283.86   2.3145517e+14
      1284.03   2.3219805e+14
      1284.19   2.3272157e+14
      1284.36   2.3306507e+14
      1284.52   2.3323724e+14
      1284.69   2.3348616e+14
      1284.85   2.3351285e+14
      1285.02   2.3352092e+14
      1285.18   2.3358810e+14
      1285.35   2.3360000e+14
      1285.51   2.3356045e+14
      1285.68   2.3370321e+14
      1285.84   2.3385633e+14
      1286.01   2.3398317e+14
      1286.17   2.3432028e+14
      1286.34   2.3476409e+14
      1286.51   2.3514613e+14
      1286.67   2.3549474e+14
      1286.84   2.3565071e+14
      1287.00   2.3569437e+14
      1287.17   2.3564666e+14
      1287.33   2.3563781e+14
      1287.50   2.3569351e+14
      1287.66   2.3558690e+14
      1287.83   2.3509542e+14
      1288.00   2.3471011e+14
      1288.16   2.3413735e+14
      1288.33   2.3382086e+14
      1288.49   2.3393113e+14
      1288.66   2.3444426e+14
      1288.83   2.3488840e+14
      1288.99   2.3549105e+14
      1289.16   2.3582577e+14
      1289.32   2.3574935e+14
      1289.49   2.3536219e+14
      1289.66   2.3454478e+14
      1289.82   2.3295988e+14
      1289.99   2.3168031e+14
      1290.16   2.3062190e+14
      1290.32   2.3045660e+14
      1290.49   2.3106701e+14
      1290.66   2.3233899e+14
      1290.82   2.3300407e+14
      1290.99   2.3374247e+14
      1291.16   2.3385300e+14
      1291.32   2.3379702e+14
      1291.49   2.3396084e+14
      1291.66   2.3437180e+14
      1291.82   2.3465708e+14
      1291.99   2.3498692e+14
      1292.16   2.3516739e+14
      1292.32   2.3526659e+14
      1292.49   2.3544438e+14
      1292.66   2.3560086e+14
      1292.82   2.3566264e+14
      1292.99   2.3552600e+14
      1293.16   2.3498412e+14
      1293.33   2.3412039e+14
      1293.49   2.3329671e+14
      1293.66   2.3258153e+14
      1293.83   2.3225615e+14
      1294.00   2.3248217e+14
      1294.16   2.3305800e+14
      1294.33   2.3365129e+14
      1294.50   2.3428744e+14
      1294.67   2.3468230e+14
      1294.83   2.3476673e+14
      1295.00   2.3481188e+14
      1295.17   2.3483629e+14
      1295.34   2.3486019e+14
      1295.51   2.3496836e+14
      1295.67   2.3518652e+14
      1295.84   2.3533001e+14
      1296.01   2.3539197e+14
      1296.18   2.3534423e+14
      1296.34   2.3520606e+14
      1296.51   2.3511029e+14
      1296.68   2.3497151e+14
      1296.85   2.3469000e+14
      1297.02   2.3443301e+14
      1297.19   2.3395474e+14
      1297.35   2.3328372e+14
      1297.52   2.3252726e+14
      1297.69   2.3205095e+14
      1297.86   2.3160066e+14
      1298.03   2.3178217e+14
      1298.19   2.3234191e+14
      1298.36   2.3310633e+14
      1298.53   2.3384274e+14
      1298.70   2.3453387e+14
      1298.87   2.3479722e+14
      1299.04   2.3480866e+14
      1299.21   2.3477357e+14
      1299.38   2.3470433e+14
      1299.55   2.3461298e+14
      1299.71   2.3449505e+14
      1299.88   2.3433452e+14
      1300.05   2.3415180e+14
      1300.22   2.3394138e+14
      1300.39   2.3379621e+14
      1300.56   2.3370238e+14
      1300.73   2.3371531e+14
      1300.90   2.3370460e+14
      1301.07   2.3354933e+14
      1301.24   2.3308846e+14
      1301.41   2.3260609e+14
      1301.57   2.3202709e+14
      1301.74   2.3159465e+14
      1301.91   2.3155482e+14
      1302.08   2.3175904e+14
      1302.25   2.3194853e+14
      1302.42   2.3207527e+14
      1302.59   2.3205844e+14
      1302.76   2.3145985e+14
      1302.93   2.3089103e+14
      1303.10   2.3033404e+14
      1303.27   2.2975214e+14
      1303.44   2.2950158e+14
      1303.61   2.2968950e+14
      1303.78   2.2984588e+14
      1303.95   2.3011211e+14
      1304.12   2.3065074e+14
      1304.29   2.3100091e+14
      1304.46   2.3147823e+14
      1304.63   2.3196065e+14
      1304.80   2.3234072e+14
      1304.97   2.3247037e+14
      1305.14   2.3259725e+14
      1305.31   2.3263108e+14
      1305.48   2.3259699e+14
      1305.65   2.3251621e+14
      1305.82   2.3261389e+14
      1305.99   2.3263270e+14
      1306.17   2.3265134e+14
      1306.34   2.3278852e+14
      1306.51   2.3289663e+14
      1306.68   2.3279039e+14
      1306.85   2.3250456e+14
      1307.02   2.3211243e+14
      1307.19   2.3164786e+14
      1307.36   2.3126254e+14
      1307.53   2.3109648e+14
      1307.70   2.3113691e+14
      1307.87   2.3123018e+14
      1308.04   2.3146870e+14
      1308.22   2.3168071e+14
      1308.39   2.3175681e+14
      1308.56   2.3177168e+14
      1308.73   2.3173202e+14
      1308.90   2.3166351e+14
      1309.07   2.3163214e+14
      1309.24   2.3169601e+14
      1309.42   2.3175555e+14
      1309.59   2.3173254e+14
      1309.76   2.3141384e+14
      1309.93   2.3101354e+14
      1310.10   2.3035589e+14
      1310.27   2.2979060e+14
      1310.44   2.2947526e+14
      1310.62   2.2946152e+14
      1310.79   2.2967858e+14
      1310.96   2.3021125e+14
      1311.13   2.3066860e+14
      1311.30   2.3094216e+14
      1311.47   2.3098100e+14
      1311.65   2.3065895e+14
      1311.82   2.3009750e+14
      1311.99   2.2855469e+14
      1312.16   2.2558687e+14
      1312.34   2.2311335e+14
      1312.51   2.2050672e+14
      1312.68   2.1962781e+14
      1312.85   2.2075710e+14
      1313.03   2.2350365e+14
      1313.20   2.2580052e+14
      1313.37   2.2809002e+14
      1313.54   2.2898949e+14
      1313.71   2.2883818e+14
      1313.89   2.2885016e+14
      1314.06   2.2914976e+14
      1314.23   2.2969329e+14
      1314.41   2.2980262e+14
      1314.58   2.2947872e+14
      1314.75   2.2806309e+14
      1314.92   2.2486837e+14
      1315.10   2.2193004e+14
      1315.27   2.1913345e+14
      1315.44   2.1790702e+14
      1315.62   2.1873096e+14
      1315.79   2.2150870e+14
      1315.96   2.2430145e+14
      1316.14   2.2722800e+14
      1316.31   2.2891923e+14
      1316.48   2.2935500e+14
      1316.66   2.2940800e+14
      1316.83   2.2937233e+14
      1317.00   2.2940296e+14
      1317.18   2.2955719e+14
      1317.35   2.2934221e+14
      1317.52   2.2848578e+14
      1317.70   2.2763552e+14
      1317.87   2.2648993e+14
      1318.04   2.2606350e+14
      1318.22   2.2639455e+14
      1318.39   2.2749565e+14
      1318.56   2.2844993e+14
      1318.74   2.2959319e+14
      1318.91   2.3001465e+14
      1319.09   2.3000753e+14
      1319.26   2.2992011e+14
      1319.44   2.2979113e+14
      1319.61   2.2967333e+14
      1319.78   2.2950066e+14
      1319.96   2.2926314e+14
      1320.13   2.2901712e+14
      1320.31   2.2870700e+14
      1320.48   2.2844527e+14
      1320.66   2.2813214e+14
      1320.83   2.2795601e+14
      1321.00   2.2763055e+14
      1321.18   2.2753017e+14
      1321.35   2.2736700e+14
      1321.53   2.2739606e+14
      1321.70   2.2748794e+14
      1321.88   2.2780725e+14
      1322.05   2.2797588e+14
      1322.23   2.2822054e+14
      1322.40   2.2835981e+14
      1322.58   2.2837565e+14
      1322.75   2.2834090e+14
      1322.93   2.2828365e+14
      1323.10   2.2809346e+14
      1323.28   2.2798433e+14
      1323.45   2.2795417e+14
      1323.63   2.2803081e+14
      1323.80   2.2821736e+14
      1323.98   2.2852337e+14
      1324.15   2.2877323e+14
      1324.33   2.2892442e+14
      1324.50   2.2893303e+14
      1324.68   2.2871463e+14
      1324.85   2.2835226e+14
      1325.03   2.2798658e+14
      1325.20   2.2760935e+14
      1325.38   2.2747918e+14
      1325.56   2.2751933e+14
      1325.73   2.2764166e+14
      1325.91   2.2751820e+14
      1326.08   2.2738624e+14
      1326.26   2.2672437e+14
      1326.44   2.2610125e+14
      1326.61   2.2559199e+14
      1326.79   2.2538743e+14
      1326.96   2.2550462e+14
      1327.14   2.2606397e+14
      1327.32   2.2667146e+14
      1327.49   2.2720170e+14
      1327.67   2.2756538e+14
      1327.84   2.2745907e+14
      1328.02   2.2692328e+14
      1328.20   2.2632028e+14
      1328.37   2.2516243e+14
      1328.55   2.2332270e+14
      1328.73   2.2202614e+14
      1328.90   2.2080461e+14
      1329.08   2.2028602e+14
      1329.26   2.2054179e+14
      1329.43   2.2178699e+14
      1329.61   2.2251132e+14
      1329.79   2.2387031e+14
      1329.96   2.2469827e+14
      1330.14   2.2534817e+14
      1330.32   2.2585503e+14
      1330.49   2.2648261e+14
      1330.67   2.2659168e+14
      1330.85   2.2648558e+14
      1331.03   2.2636583e+14
      1331.20   2.2632424e+14
      1331.38   2.2607939e+14
      1331.56   2.2516621e+14
      1331.73   2.2365943e+14
      1331.91   2.2217899e+14
      1332.09   2.2090940e+14
      1332.27   2.2075883e+14
      1332.44   2.2178520e+14
      1332.62   2.2347625e+14
      1332.80   2.2512709e+14
      1332.98   2.2650454e+14
      1333.16   2.2699331e+14
      1333.33   2.2712910e+14
      1333.51   2.2710163e+14
      1333.69   2.2713430e+14
      1333.87   2.2709034e+14
      1334.05   2.2707080e+14
      1334.22   2.2705293e+14
      1334.40   2.2711400e+14
      1334.58   2.2712167e+14
      1334.76   2.2716285e+14
      1334.94   2.2691713e+14
      1335.11   2.2621861e+14
      1335.29   2.2559249e+14
      1335.47   2.2488147e+14
      1335.65   2.2462956e+14
      1335.83   2.2487012e+14
      1336.01   2.2561094e+14
      1336.18   2.2621680e+14
      1336.36   2.2690627e+14
      1336.54   2.2702493e+14
      1336.72   2.2676072e+14
      1336.90   2.2629368e+14
      1337.08   2.2587052e+14
      1337.26   2.2546030e+14
      1337.44   2.2527200e+14
      1337.61   2.2517318e+14
      1337.79   2.2520263e+14
      1337.97   2.2518597e+14
      1338.15   2.2508724e+14
      1338.33   2.2494349e+14
      1338.51   2.2471708e+14
      1338.69   2.2420395e+14
      1338.87   2.2341991e+14
      1339.05   2.2205160e+14
      1339.23   2.2080524e+14
      1339.41   2.1975408e+14
      1339.58   2.1961576e+14
      1339.76   2.2026718e+14
      1339.94   2.2172270e+14
      1340.12   2.2316766e+14
      1340.30   2.2451502e+14
      1340.48   2.2521792e+14
      1340.66   2.2526900e+14
      1340.84   2.2513817e+14
      1341.02   2.2484398e+14
      1341.20   2.2453602e+14
      1341.38   2.2422392e+14
      1341.56   2.2415794e+14
      1341.74   2.2409134e+14
      1341.92   2.2417215e+14
      1342.10   2.2438784e+14
      1342.28   2.2461041e+14
      1342.46   2.2466903e+14
      1342.64   2.2482109e+14
      1342.82   2.2468508e+14
      1343.00   2.2438360e+14
      1343.18   2.2421928e+14
      1343.36   2.2413400e+14
      1343.54   2.2416812e+14
      1343.72   2.2443755e+14
      1343.91   2.2475897e+14
      1344.09   2.2500795e+14
      1344.27   2.2527642e+14
      1344.45   2.2540514e+14
      1344.63   2.2539089e+14
      1344.81   2.2523347e+14
      1344.99   2.2499926e+14
      1345.17   2.2458171e+14
      1345.35   2.2423733e+14
      1345.53   2.2382525e+14
      1345.71   2.2344458e+14
      1345.90   2.2309131e+14
      1346.08   2.2293166e+14
      1346.26   2.2282812e+14
      1346.44   2.2306413e+14
      1346.62   2.2345028e+14
      1346.80   2.2387897e+14
      1346.98   2.2423106e+14
      1347.16   2.2433755e+14
      1347.35   2.2423137e+14
      1347.53   2.2403573e+14
      1347.71   2.2394132e+14
      1347.89   2.2395593e+14
      1348.07   2.2411501e+14
      1348.25   2.2425881e+14
      1348.44   2.2428492e+14
      1348.62   2.2405548e+14
      1348.80   2.2378460e+14
      1348.98   2.2347670e+14
      1349.16   2.2316043e+14
      1349.35   2.2264336e+14
      1349.53   2.2227153e+14
      1349.71   2.2167314e+14
      1349.89   2.2113951e+14
      1350.07   2.2054936e+14
      1350.26   2.2044916e+14
      1350.44   2.2042118e+14
      1350.62   2.2092640e+14
      1350.80   2.2132262e+14
      1350.99   2.2189311e+14
      1351.17   2.2227803e+14
      1351.35   2.2282291e+14
      1351.53   2.2314363e+14
      1351.72   2.2348686e+14
      1351.90   2.2371775e+14
      1352.08   2.2394310e+14
      1352.27   2.2392834e+14
      1352.45   2.2379550e+14
      1352.63   2.2361963e+14
      1352.81   2.2347804e+14
      1353.00   2.2332026e+14
      1353.18   2.2314687e+14
      1353.36   2.2292617e+14
      1353.55   2.2275902e+14
      1353.73   2.2261372e+14
      1353.91   2.2262188e+14
      1354.10   2.2270431e+14
      1354.28   2.2264098e+14
      1354.46   2.2204909e+14
      1354.65   2.2149395e+14
      1354.83   2.2054650e+14
      1355.01   2.1957225e+14
      1355.20   2.1915335e+14
      1355.38   2.1915351e+14
      1355.56   2.1934821e+14
      1355.75   2.1994005e+14
      1355.93   2.2044381e+14
      1356.12   2.2017906e+14
      1356.30   2.1943600e+14
      1356.48   2.1862629e+14
      1356.67   2.1760033e+14
      1356.85   2.1733677e+14
      1357.04   2.1789891e+14
      1357.22   2.1897093e+14
      1357.41   2.1973705e+14
      1357.59   2.2075673e+14
      1357.77   2.2101042e+14
      1357.96   2.2106254e+14
      1358.14   2.2126544e+14
      1358.33   2.2158367e+14
      1358.51   2.2172998e+14
      1358.70   2.2173591e+14
      1358.88   2.2134179e+14
      1359.06   2.2025555e+14
      1359.25   2.1944339e+14
      1359.43   2.1847217e+14
      1359.62   2.1813370e+14
      1359.80   2.1795840e+14
      1359.99   2.1856606e+14
      1360.17   2.1888484e+14
      1360.36   2.1968628e+14
      1360.54   2.2020633e+14
      1360.73   2.2088701e+14
      1360.92   2.2136235e+14
      1361.10   2.2178833e+14
      1361.29   2.2188345e+14
      1361.47   2.2182954e+14
      1361.66   2.2171840e+14
      1361.84   2.2152467e+14
      1362.03   2.2122724e+14
      1362.21   2.2043358e+14
      1362.40   2.1928998e+14
      1362.58   2.1808656e+14
      1362.77   2.1714364e+14
      1362.95   2.1681335e+14
      1363.14   2.1736828e+14
      1363.33   2.1825260e+14
      1363.51   2.1916368e+14
      1363.70   2.1990910e+14
      1363.88   2.2009887e+14
      1364.07   2.1965014e+14
      1364.26   2.1943838e+14
      1364.44   2.1914710e+14
      1364.63   2.1921997e+14
      1364.81   2.1955270e+14
      1365.00   2.2010589e+14
      1365.19   2.2043320e+14
      1365.37   2.2079531e+14
      1365.56   2.2072380e+14
      1365.75   2.2033383e+14
      1365.93   2.2001432e+14
      1366.12   2.1965965e+14
      1366.31   2.1946098e+14
      1366.49   2.1899568e+14
      1366.68   2.1851664e+14
      1366.87   2.1806671e+14
      1367.05   2.1785659e+14
      1367.24   2.1793996e+14
      1367.43   2.1834432e+14
      1367.61   2.1900821e+14
      1367.80   2.1947303e+14
      1367.99   2.1967398e+14
      1368.18   2.1896099e+14
      1368.36   2.1820692e+14
      1368.55   2.1694607e+14
      1368.74   2.1644335e+14
      1368.93   2.1609152e+14
      1369.11   2.1639082e+14
      1369.30   2.1682658e+14
      1369.49   2.1730817e+14
      1369.68   2.1705254e+14
      1369.86   2.1685186e+14
      1370.05   2.1653784e+14
      1370.24   2.1643375e+14
      1370.43   2.1671585e+14
      1370.61   2.1707984e+14
      1370.80   2.1692628e+14
      1370.99   2.1693569e+14
      1371.18   2.1667976e+14
      1371.37   2.1677914e+14
      1371.55   2.1725037e+14
      1371.74   2.1818018e+14
      1371.93   2.1891906e+14
      1372.12   2.1958174e+14
      1372.31   2.1993552e+14
      1372.49   2.1989270e+14
      1372.68   2.1968857e+14
      1372.87   2.1954197e+14
      1373.06   2.1934805e+14
      1373.25   2.1934303e+14
      1373.44   2.1939787e+14
      1373.63   2.1961125e+14
      1373.81   2.1965205e+14
      1374.00   2.1933383e+14
      1374.19   2.1842914e+14
      1374.38   2.1750075e+14
      1374.57   2.1663467e+14
      1374.76   2.1634928e+14
      1374.95   2.1653618e+14
      1375.14   2.1697296e+14
      1375.33   2.1672616e+14
      1375.52   2.1648398e+14
      1375.70   2.1531757e+14
      1375.89   2.1466873e+14
      1376.08   2.1413420e+14
      1376.27   2.1443649e+14
      1376.46   2.1480988e+14
      1376.65   2.1577197e+14
      1376.84   2.1646848e+14
      1377.03   2.1725305e+14
      1377.22   2.1779790e+14
      1377.41   2.1778852e+14
      1377.60   2.1754479e+14
      1377.79   2.1703052e+14
      1377.98   2.1665351e+14
      1378.17   2.1671280e+14
      1378.36   2.1723562e+14
      1378.55   2.1791312e+14
      1378.74   2.1857257e+14
      1378.93   2.1900887e+14
      1379.12   2.1900619e+14
      1379.31   2.1878365e+14
      1379.50   2.1823427e+14
      1379.69   2.1781043e+14
      1379.88   2.1738408e+14
      1380.07   2.1726778e+14
      1380.26   2.1727419e+14
      1380.45   2.1763442e+14
      1380.64   2.1781920e+14
      1380.83   2.1806304e+14
      1381.03   2.1811269e+14
      1381.21   2.1794907e+14
      1381.41   2.1732395e+14
      1381.60   2.1671631e+14
      1381.79   2.1582400e+14
      1381.98   2.1519710e+14
      1382.17   2.1478979e+14
      1382.36   2.1491730e+14
      1382.55   2.1516163e+14
      1382.74   2.1572937e+14
      1382.94   2.1591247e+14
      1383.13   2.1617443e+14
      1383.32   2.1629145e+14
      1383.51   2.1660971e+14
      1383.70   2.1697093e+14
      1383.89   2.1739950e+14
      1384.08   2.1761891e+14
      1384.28   2.1777700e+14
      1384.47   2.1734727e+14
      1384.66   2.1681605e+14
      1384.85   2.1602144e+14
      1385.04   2.1552296e+14
      1385.23   2.1524970e+14
      1385.43   2.1549023e+14
      1385.62   2.1593335e+14
      1385.81   2.1672565e+14
      1386.00   2.1711353e+14
      1386.19   2.1688177e+14
      1386.39   2.1654906e+14
      1386.58   2.1585385e+14
      1386.77   2.1550598e+14
      1386.96   2.1537744e+14
      1387.16   2.1566136e+14
      1387.35   2.1583773e+14
      1387.54   2.1618514e+14
      1387.73   2.1629318e+14
      1387.93   2.1636416e+14
      1388.12   2.1657476e+14
      1388.31   2.1683259e+14
      1388.50   2.1706757e+14
      1388.70   2.1718485e+14
      1388.89   2.1729918e+14
      1389.08   2.1730163e+14
      1389.28   2.1688010e+14
      1389.47   2.1580159e+14
      1389.66   2.1476772e+14
      1389.85   2.1369325e+14
      1390.05   2.1333958e+14
      1390.24   2.1365561e+14
      1390.43   2.1460701e+14
      1390.63   2.1546145e+14
      1390.82   2.1636378e+14
      1391.01   2.1664354e+14
      1391.21   2.1670529e+14
      1391.40   2.1676686e+14
      1391.59   2.1675564e+14
      1391.79   2.1667541e+14
      1391.98   2.1641430e+14
      1392.18   2.1601657e+14
      1392.37   2.1565135e+14
      1392.56   2.1545682e+14
      1392.76   2.1536337e+14
      1392.95   2.1544507e+14
      1393.15   2.1558024e+14
      1393.34   2.1560556e+14
      1393.53   2.1534803e+14
      1393.73   2.1488540e+14
      1393.92   2.1436081e+14
      1394.12   2.1402289e+14
      1394.31   2.1410325e+14
      1394.51   2.1442634e+14
      1394.70   2.1442708e+14
      1394.90   2.1431019e+14
      1395.09   2.1393792e+14
      1395.28   2.1356629e+14
      1395.48   2.1357535e+14
      1395.67   2.1411089e+14
      1395.87   2.1468366e+14
      1396.06   2.1530657e+14
      1396.26   2.1549564e+14
      1396.45   2.1539596e+14
      1396.65   2.1521943e+14
      1396.84   2.1526740e+14
      1397.04   2.1533797e+14
      1397.23   2.1553981e+14
      1397.43   2.1566525e+14
      1397.62   2.1572414e+14
      1397.82   2.1567896e+14
      1398.02   2.1557490e+14
      1398.21   2.1548674e+14
      1398.41   2.1534506e+14
      1398.60   2.1532302e+14
      1398.80   2.1530294e+14
      1398.99   2.1528579e+14
      1399.19   2.1496189e+14
      1399.38   2.1375384e+14
      1399.58   2.1223818e+14
      1399.78   2.1062488e+14
      1399.97   2.0943311e+14
      1400.17   2.0930055e+14
      1400.36   2.0990583e+14
      1400.56   2.1023723e+14
      1400.76   2.1095980e+14
      1400.95   2.1105382e+14
      1401.15   2.1118239e+14
      1401.34   2.1171359e+14
      1401.54   2.1257784e+14
      1401.74   2.1317628e+14
      1401.94   2.1393215e+14
      1402.13   2.1399717e+14
      1402.33   2.1378915e+14
      1402.53   2.1329636e+14
      1402.72   2.1276700e+14
      1402.92   2.1194163e+14
      1403.11   2.1153946e+14
      1403.31   2.1124900e+14
      1403.51   2.1167402e+14
      1403.71   2.1188971e+14
      1403.90   2.1249682e+14
      1404.10   2.1253551e+14
      1404.30   2.1261672e+14
      1404.49   2.1209323e+14
      1404.69   2.1202843e+14
      1404.89   2.1178674e+14
      1405.09   2.1216853e+14
      1405.28   2.1266559e+14
      1405.48   2.1334415e+14
      1405.68   2.1343223e+14
      1405.88   2.1348962e+14
      1406.07   2.1288064e+14
      1406.27   2.1223728e+14
      1406.47   2.1194808e+14
      1406.67   2.1208573e+14
      1406.86   2.1236304e+14
      1407.06   2.1259377e+14
      1407.26   2.1276575e+14
      1407.46   2.1262760e+14
      1407.66   2.1261381e+14
      1407.86   2.1245132e+14
      1408.05   2.1253369e+14
      1408.25   2.1246419e+14
      1408.45   2.1262477e+14
      1408.65   2.1273118e+14
      1408.85   2.1296446e+14
      1409.05   2.1315260e+14
      1409.24   2.1341484e+14
      1409.44   2.1348712e+14
      1409.64   2.1332702e+14
      1409.84   2.1312422e+14
      1410.04   2.1281182e+14
      1410.24   2.1248990e+14
      1410.44   2.1239812e+14
      1410.64   2.1231831e+14
      1410.83   2.1187890e+14
      1411.03   2.1020356e+14
      1411.23   2.0867574e+14
      1411.43   2.0645468e+14
      1411.63   2.0548789e+14
      1411.83   2.0543059e+14
      1412.03   2.0682903e+14
      1412.23   2.0810132e+14
      1412.43   2.0930768e+14
      1412.63   2.0926372e+14
      1412.83   2.0870450e+14
      1413.03   2.0845296e+14
      1413.23   2.0858924e+14
      1413.43   2.0941163e+14
      1413.63   2.1015039e+14
      1413.83   2.1091365e+14
      1414.03   2.1082193e+14
      1414.23   2.1058013e+14
      1414.43   2.1019229e+14
      1414.63   2.1036268e+14
      1414.83   2.1070561e+14
      1415.03   2.1149573e+14
      1415.23   2.1203561e+14
      1415.43   2.1234333e+14
      1415.63   2.1178656e+14
      1415.83   2.1104353e+14
      1416.03   2.1018013e+14
      1416.23   2.0975974e+14
      1416.43   2.0981567e+14
      1416.63   2.1035821e+14
      1416.83   2.1098387e+14
      1417.03   2.1165983e+14
      1417.23   2.1199945e+14
      1417.43   2.1213292e+14
      1417.64   2.1226116e+14
      1417.84   2.1216702e+14
      1418.04   2.1177418e+14
      1418.24   2.1130336e+14
      1418.44   2.1075366e+14
      1418.64   2.1020866e+14
      1418.84   2.0996294e+14
      1419.04   2.0994230e+14
      1419.24   2.0991490e+14
      1419.45   2.0955888e+14
      1419.65   2.0939956e+14
      1419.85   2.0884001e+14
      1420.05   2.0907164e+14
      1420.25   2.0934993e+14
      1420.45   2.1016827e+14
      1420.66   2.1071626e+14
      1420.86   2.1100153e+14
      1421.06   2.0957982e+14
      1421.26   2.0827405e+14
      1421.46   2.0675890e+14
      1421.67   2.0624567e+14
      1421.87   2.0618565e+14
      1422.07   2.0692887e+14
      1422.27   2.0643483e+14
      1422.47   2.0669370e+14
      1422.68   2.0595313e+14
      1422.88   2.0622439e+14
      1423.08   2.0689710e+14
      1423.29   2.0812513e+14
      1423.49   2.0777063e+14
      1423.69   2.0758096e+14
      1423.89   2.0641986e+14
      1424.10   2.0600432e+14
      1424.30   2.0643053e+14
      1424.50   2.0771202e+14
      1424.70   2.0874135e+14
      1424.91   2.0900894e+14
      1425.11   2.0808397e+14
      1425.31   2.0665483e+14
      1425.52   2.0554346e+14
      1425.72   2.0427635e+14
      1425.92   2.0398763e+14
      1426.13   2.0390251e+14
      1426.33   2.0465826e+14
      1426.53   2.0556261e+14
      1426.74   2.0595402e+14
      1426.94   2.0609946e+14
      1427.14   2.0573109e+14
      1427.35   2.0551654e+14
      1427.55   2.0535196e+14
      1427.76   2.0645495e+14
      1427.96   2.0755938e+14
      1428.16   2.0866380e+14
      1428.37   2.0804575e+14
      1428.57   2.0720528e+14
      1428.78   2.0569801e+14
      1428.98   2.0402858e+14
      1429.18   2.0281164e+14
      1429.39   2.0234654e+14
      1429.59   2.0229332e+14
      1429.80   2.0334227e+14
      1430.00   2.0483653e+14
      1430.21   2.0642118e+14
      1430.41   2.0771740e+14
      1430.61   2.0763196e+14
      1430.82   2.0667804e+14
      1431.03   2.0551575e+14
      1431.23   2.0530287e+14
      1431.43   2.0581152e+14
      1431.64   2.0718962e+14
      1431.84   2.0861217e+14
      1432.05   2.0998397e+14
      1432.25   2.1048225e+14
      1432.46   2.1060070e+14
      1432.67   2.1059738e+14
      1432.87   2.1023980e+14
      1433.07   2.0930695e+14
      1433.28   2.0824072e+14
      1433.49   2.0711527e+14
      1433.69   2.0664331e+14
      1433.90   2.0667252e+14
      1434.10   2.0716128e+14
      1434.31   2.0775967e+14
      1434.51   2.0829508e+14
      1434.72   2.0845382e+14
      1434.93   2.0841184e+14
      1435.13   2.0845127e+14
      1435.34   2.0852865e+14
      1435.54   2.0871443e+14
      1435.75   2.0846175e+14
      1435.96   2.0819369e+14
      1436.16   2.0800958e+14
      1436.37   2.0796622e+14
      1436.57   2.0825803e+14
      1436.78   2.0859053e+14
      1436.99   2.0892114e+14
      1437.19   2.0918578e+14
      1437.40   2.0920935e+14
      1437.61   2.0867104e+14
      1437.81   2.0840824e+14
      1438.02   2.0809031e+14
      1438.23   2.0824966e+14
      1438.44   2.0845016e+14
      1438.64   2.0899498e+14
      1438.85   2.0923615e+14
      1439.06   2.0955227e+14
      1439.26   2.0925320e+14
      1439.47   2.0801321e+14
      1439.68   2.0570650e+14
      1439.89   2.0192551e+14
      1440.09   1.9844182e+14
      1440.30   1.9566209e+14
      1440.51   1.9549274e+14
      1440.71   1.9728497e+14
      1440.92   2.0098340e+14
      1441.13   2.0439408e+14
      1441.34   2.0702846e+14
      1441.55   2.0698858e+14
      1441.75   2.0518585e+14
      1441.96   2.0301464e+14
      1442.17   2.0097814e+14
      1442.38   2.0014662e+14
      1442.58   2.0034797e+14
      1442.79   2.0158337e+14
      1443.00   2.0305125e+14
      1443.21   2.0460779e+14
      1443.42   2.0529438e+14
      1443.63   2.0537750e+14
      1443.83   2.0509916e+14
      1444.04   2.0368435e+14
      1444.25   2.0277395e+14
      1444.46   2.0189595e+14
      1444.67   2.0254449e+14
      1444.88   2.0370696e+14
      1445.09   2.0576763e+14
      1445.30   2.0691735e+14
      1445.50   2.0770765e+14
      1445.71   2.0741748e+14
      1445.92   2.0652806e+14
      1446.13   2.0565518e+14
      1446.34   2.0453314e+14
      1446.55   2.0401140e+14
      1446.76   2.0366542e+14
      1446.97   2.0401234e+14
      1447.18   2.0451111e+14
      1447.39   2.0527875e+14
      1447.60   2.0576330e+14
      1447.81   2.0629118e+14
      1448.02   2.0647421e+14
      1448.23   2.0644236e+14
      1448.44   2.0647171e+14
      1448.65   2.0630381e+14
      1448.85   2.0620623e+14
      1449.06   2.0621881e+14
      1449.28   2.0640334e+14
      1449.48   2.0612953e+14
      1449.70   2.0594552e+14
      1449.91   2.0491791e+14
      1450.12   2.0384609e+14
      1450.33   2.0297820e+14
      1450.54   2.0272608e+14
      1450.75   2.0257345e+14
      1450.96   2.0181843e+14
      1451.17   2.0127855e+14
      1451.38   2.0024067e+14
      1451.59   2.0050383e+14
      1451.80   2.0103980e+14
      1452.01   2.0260942e+14
      1452.22   2.0345878e+14
      1452.43   2.0456000e+14
      1452.64   2.0427983e+14
      1452.85   2.0384122e+14
      1453.07   2.0361085e+14
      1453.28   2.0345728e+14
      1453.49   2.0326524e+14
      1453.70   2.0307015e+14
      1453.91   2.0219000e+14
      1454.12   2.0121281e+14
      1454.33   2.0057926e+14
      1454.55   2.0029435e+14
      1454.76   2.0075215e+14
      1454.97   2.0160750e+14
      1455.18   2.0153044e+14
      1455.39   2.0139818e+14
      1455.60   2.0074363e+14
      1455.82   2.0028083e+14
      1456.03   2.0059310e+14
      1456.24   2.0161616e+14
      1456.45   2.0213125e+14
      1456.66   2.0278439e+14
      1456.88   2.0254214e+14
      1457.09   2.0230138e+14
      1457.30   2.0250978e+14
      1457.51   2.0308755e+14
      1457.73   2.0382181e+14
      1457.94   2.0450264e+14
      1458.15   2.0487654e+14
      1458.36   2.0512799e+14
      1458.58   2.0555362e+14
      1458.79   2.0566704e+14
      1459.00   2.0542377e+14
      1459.21   2.0488901e+14
      1459.43   2.0419834e+14
      1459.64   2.0380889e+14
      1459.85   2.0354702e+14
      1460.07   2.0334301e+14
      1460.28   2.0325544e+14
      1460.49   2.0320852e+14
      1460.71   2.0318945e+14
      1460.92   2.0329135e+14
      1461.13   2.0355682e+14
      1461.35   2.0329641e+14
      1461.56   2.0298237e+14
      1461.78   2.0229256e+14
      1461.99   2.0173963e+14
      1462.20   2.0119495e+14
      1462.42   2.0124212e+14
      1462.63   2.0088533e+14
      1462.84   2.0088874e+14
      1463.06   2.0069230e+14
      1463.27   2.0057888e+14
      1463.49   2.0018239e+14
      1463.70   2.0052620e+14
      1463.92   2.0062090e+14
      1464.13   2.0131733e+14
      1464.34   2.0218021e+14
      1464.56   2.0307659e+14
      1464.77   2.0320090e+14
      1464.99   2.0241804e+14
      1465.20   2.0111148e+14
      1465.42   1.9949167e+14
      1465.63   1.9896194e+14
      1465.85   1.9927857e+14
      1466.06   2.0066656e+14
      1466.28   2.0198485e+14
      1466.49   2.0341488e+14
      1466.71   2.0383872e+14
      1466.92   2.0377615e+14
      1467.14   2.0330841e+14
      1467.35   2.0223932e+14
      1467.57   2.0135750e+14
      1467.78   2.0053387e+14
      1468.00   2.0033292e+14
      1468.21   2.0057980e+14
      1468.43   2.0128312e+14
      1468.65   2.0202112e+14
      1468.86   2.0271716e+14
      1469.08   2.0312952e+14
      1469.29   2.0334760e+14
      1469.51   2.0348985e+14
      1469.72   2.0292019e+14
      1469.94   2.0191751e+14
      1470.16   2.0018046e+14
      1470.37   1.9878738e+14
      1470.59   1.9777302e+14
      1470.81   1.9778725e+14
      1471.02   1.9846678e+14
      1471.24   1.9969590e+14
      1471.45   2.0040929e+14
      1471.67   2.0035969e+14
      1471.89   1.9998605e+14
      1472.10   1.9897971e+14
      1472.32   1.9871307e+14
      1472.54   1.9825584e+14
      1472.75   1.9867057e+14
      1472.97   1.9865171e+14
      1473.19   1.9816631e+14
      1473.41   1.9682241e+14
      1473.62   1.9530755e+14
      1473.84   1.9437217e+14
      1474.06   1.9448542e+14
      1474.27   1.9593383e+14
      1474.49   1.9736571e+14
      1474.71   1.9828711e+14
      1474.93   1.9826745e+14
      1475.14   1.9720074e+14
      1475.36   1.9665558e+14
      1475.58   1.9652361e+14
      1475.80   1.9706318e+14
      1476.02   1.9782915e+14
      1476.23   1.9873465e+14
      1476.45   1.9887270e+14
      1476.67   1.9851523e+14
      1476.89   1.9780011e+14
      1477.10   1.9727394e+14
      1477.32   1.9706805e+14
      1477.54   1.9726567e+14
      1477.76   1.9722367e+14
      1477.98   1.9734557e+14
      1478.20   1.9713437e+14
      1478.42   1.9721148e+14
      1478.63   1.9748316e+14
      1478.85   1.9840647e+14
      1479.07   1.9979877e+14
      1479.29   2.0103105e+14
      1479.51   2.0154224e+14
      1479.73   2.0142619e+14
      1479.95   2.0073819e+14
      1480.17   2.0001647e+14
      1480.39   1.9902588e+14
      1480.60   1.9851799e+14
      1480.82   1.9793786e+14
      1481.04   1.9812477e+14
      1481.26   1.9814462e+14
      1481.48   1.9877177e+14
      1481.70   1.9921261e+14
      1481.92   1.9981808e+14
      1482.14   1.9979640e+14
      1482.36   1.9884499e+14
      1482.58   1.9802764e+14
      1482.80   1.9680105e+14
      1483.02   1.9597627e+14
      1483.24   1.9548876e+14
      1483.46   1.9617161e+14
      1483.68   1.9675335e+14
      1483.90   1.9814466e+14
      1484.12   1.9887927e+14
      1484.34   1.9970210e+14
      1484.56   2.0055498e+14
      1484.78   2.0113922e+14
      1485.00   2.0101629e+14
      1485.22   2.0084209e+14
      1485.44   2.0032807e+14
      1485.66   1.9983285e+14
      1485.88   1.9883423e+14
      1486.10   1.9823801e+14
      1486.33   1.9751233e+14
      1486.55   1.9747778e+14
      1486.77   1.9733284e+14
      1486.99   1.9710986e+14
      1487.21   1.9557485e+14
      1487.43   1.9112602e+14
      1487.65   1.8515403e+14
      1487.87   1.7928341e+14
      1488.09   1.7646392e+14
      1488.32   1.7739439e+14
      1488.54   1.8250691e+14
      1488.76   1.8877934e+14
      1488.98   1.9511534e+14
      1489.20   1.9887514e+14
      1489.43   1.9991067e+14
      1489.65   1.9957512e+14
      1489.87   1.9913700e+14
      1490.09   1.9861468e+14
      1490.31   1.9856045e+14
      1490.54   1.9869709e+14
      1490.76   1.9899990e+14
      1490.98   1.9894949e+14
      1491.20   1.9893172e+14
      1491.42   1.9828309e+14
      1491.65   1.9761336e+14
      1491.87   1.9730889e+14
      1492.09   1.9737162e+14
      1492.31   1.9781049e+14
      1492.54   1.9852873e+14
      1492.76   1.9910803e+14
      1492.98   1.9933283e+14
      1493.21   1.9955897e+14
      1493.43   1.9938956e+14
      1493.65   1.9935860e+14
      1493.88   1.9955480e+14
      1494.10   1.9992022e+14
      1494.32   2.0019266e+14
      1494.55   2.0021794e+14
      1494.77   1.9968060e+14
      1494.99   1.9905063e+14
      1495.21   1.9798660e+14
      1495.44   1.9630011e+14
      1495.66   1.9494794e+14
      1495.89   1.9332559e+14
      1496.11   1.9283350e+14
      1496.33   1.9291022e+14
      1496.56   1.9401947e+14
      1496.78   1.9468209e+14
      1497.01   1.9608483e+14
      1497.23   1.9619657e+14
      1497.45   1.9663777e+14
      1497.68   1.9685566e+14
      1497.90   1.9740428e+14
      1498.13   1.9756903e+14
      1498.35   1.9709275e+14
      1498.58   1.9634694e+14
      1498.80   1.9546735e+14
      1499.03   1.9538953e+14
      1499.25   1.9582043e+14
      1499.47   1.9684792e+14
      1499.70   1.9758172e+14
      1499.93   1.9828168e+14
      1500.15   1.9812585e+14
      1500.38   1.9788295e+14
      1500.60   1.9772067e+14
      1500.82   1.9756987e+14
      1501.05   1.9757407e+14
      1501.28   1.9751739e+14
      1501.50   1.9724109e+14
      1501.73   1.9684307e+14
      1501.95   1.9534488e+14
      1502.18   1.9090578e+14
      1502.40   1.8611338e+14
      1502.63   1.8125089e+14
      1502.85   1.7911516e+14
      1503.08   1.7991423e+14
      1503.31   1.8369466e+14
      1503.53   1.8710873e+14
      1503.76   1.8811649e+14
      1503.98   1.8698314e+14
      1504.21   1.8327191e+14
      1504.44   1.8014979e+14
      1504.66   1.7864040e+14
      1504.89   1.7833029e+14
      1505.12   1.7900157e+14
      1505.34   1.8092945e+14
      1505.57   1.8255820e+14
      1505.80   1.8447013e+14
      1506.02   1.8774419e+14
      1506.25   1.9001754e+14
      1506.48   1.9194281e+14
      1506.70   1.9333580e+14
      1506.93   1.9396272e+14
      1507.16   1.9472759e+14
      1507.39   1.9463048e+14
      1507.61   1.9432675e+14
      1507.84   1.9322673e+14
      1508.07   1.9155691e+14
      1508.30   1.9012549e+14
      1508.52   1.8948878e+14
      1508.75   1.8992406e+14
      1508.98   1.9138264e+14
      1509.21   1.9311397e+14
      1509.43   1.9449205e+14
      1509.66   1.9556571e+14
      1509.89   1.9573883e+14
      1510.12   1.9576237e+14
      1510.35   1.9579555e+14
      1510.57   1.9601010e+14
      1510.80   1.9616792e+14
      1511.03   1.9636082e+14
      1511.26   1.9627079e+14
      1511.49   1.9575186e+14
      1511.72   1.9466630e+14
      1511.94   1.9301607e+14
      1512.17   1.9176729e+14
      1512.40   1.9088642e+14
      1512.63   1.9107430e+14
      1512.86   1.9134620e+14
      1513.09   1.9193831e+14
      1513.32   1.9179837e+14
      1513.55   1.9165516e+14
      1513.78   1.9115601e+14
      1514.01   1.9119330e+14
      1514.23   1.9135929e+14
      1514.46   1.9201988e+14
      1514.69   1.9254228e+14
      1514.92   1.9295330e+14
      1515.15   1.9328738e+14
      1515.38   1.9342800e+14
      1515.61   1.9313458e+14
      1515.84   1.9280930e+14
      1516.07   1.9192899e+14
      1516.30   1.9139403e+14
      1516.53   1.9083097e+14
      1516.76   1.9097323e+14
      1516.99   1.9115639e+14
      1517.22   1.9214259e+14
      1517.45   1.9271925e+14
      1517.68   1.9361807e+14
      1517.91   1.9396477e+14
      1518.14   1.9390928e+14
      1518.37   1.9314285e+14
      1518.60   1.9238995e+14
      1518.83   1.9173733e+14
      1519.06   1.9161131e+14
      1519.30   1.9196785e+14
      1519.53   1.9260639e+14
      1519.76   1.9298783e+14
      1519.99   1.9337391e+14
      1520.22   1.9298089e+14
      1520.45   1.9160564e+14
      1520.68   1.9061353e+14
      1520.91   1.8951580e+14
      1521.14   1.8928529e+14
      1521.38   1.8921001e+14
      1521.61   1.8905681e+14
      1521.84   1.8870758e+14
      1522.07   1.8865441e+14
      1522.30   1.8864614e+14
      1522.53   1.8895485e+14
      1522.77   1.9000444e+14
      1523.00   1.9068669e+14
      1523.23   1.9138155e+14
      1523.46   1.9133156e+14
      1523.69   1.9139227e+14
      1523.93   1.9138931e+14
      1524.16   1.9054625e+14
      1524.39   1.8983064e+14
      1524.62   1.8873166e+14
      1524.85   1.8843271e+14
      1525.09   1.8868216e+14
      1525.32   1.9006764e+14
      1525.55   1.9134805e+14
      1525.79   1.9272937e+14
      1526.02   1.9269585e+14
      1526.25   1.9224465e+14
      1526.48   1.9166849e+14
      1526.72   1.9139072e+14
      1526.95   1.9131710e+14
      1527.18   1.9172995e+14
      1527.42   1.9215277e+14
      1527.65   1.9250854e+14
      1527.88   1.9252841e+14
      1528.12   1.9230844e+14
      1528.35   1.9201924e+14
      1528.58   1.9169648e+14
      1528.82   1.9132793e+14
      1529.05   1.8999804e+14
      1529.29   1.8780243e+14
      1529.52   1.8505076e+14
      1529.75   1.8271688e+14
      1529.99   1.8173673e+14
      1530.22   1.8249903e+14
      1530.46   1.8462104e+14
      1530.69   1.8729234e+14
      1530.93   1.8969161e+14
      1531.16   1.9091208e+14
      1531.39   1.9131370e+14
      1531.63   1.9127838e+14
      1531.86   1.9084482e+14
      1532.10   1.9028123e+14
      1532.33   1.8977525e+14
      1532.57   1.8937407e+14
      1532.80   1.8929295e+14
      1533.04   1.8933832e+14
      1533.27   1.8861836e+14
      1533.51   1.8809691e+14
      1533.74   1.8717181e+14
      1533.98   1.8640663e+14
      1534.21   1.8602235e+14
      1534.45   1.8630808e+14
      1534.68   1.8673054e+14
      1534.92   1.8767170e+14
      1535.16   1.8836509e+14
      1535.39   1.8892272e+14
      1535.63   1.8957118e+14
      1535.86   1.8976902e+14
      1536.10   1.8971339e+14
      1536.33   1.8966233e+14
      1536.57   1.8968682e+14
      1536.81   1.8991792e+14
      1537.04   1.8997335e+14
      1537.28   1.8927713e+14
      1537.52   1.8811590e+14
      1537.75   1.8677855e+14
      1537.99   1.8594065e+14
      1538.22   1.8575409e+14
      1538.46   1.8640348e+14
      1538.70   1.8725438e+14
      1538.94   1.8788847e+14
      1539.17   1.8685772e+14
      1539.41   1.8557169e+14
      1539.65   1.8386013e+14
      1539.88   1.8307054e+14
      1540.12   1.8267807e+14
      1540.36   1.8339304e+14
      1540.59   1.8408001e+14
      1540.83   1.8510675e+14
      1541.07   1.8557516e+14
      1541.31   1.8589083e+14
      1541.55   1.8651279e+14
      1541.78   1.8680153e+14
      1542.02   1.8676505e+14
      1542.26   1.8657342e+14
      1542.50   1.8650781e+14
      1542.73   1.8662970e+14
      1542.97   1.8702167e+14
      1543.21   1.8776720e+14
      1543.45   1.8831539e+14
      1543.69   1.8874279e+14
      1543.93   1.8859803e+14
      1544.16   1.8851389e+14
      1544.40   1.8844826e+14
      1544.64   1.8862937e+14
      1544.88   1.8880192e+14
      1545.12   1.8904716e+14
      1545.36   1.8909278e+14
      1545.59   1.8909541e+14
      1545.83   1.8887037e+14
      1546.07   1.8861417e+14
      1546.31   1.8836580e+14
      1546.55   1.8800018e+14
      1546.79   1.8692788e+14
      1547.03   1.8593620e+14
      1547.27   1.8425586e+14
      1547.51   1.8309497e+14
      1547.75   1.8217296e+14
      1547.99   1.8254020e+14
      1548.23   1.8320169e+14
      1548.47   1.8457068e+14
      1548.71   1.8517371e+14
      1548.95   1.8566287e+14
      1549.19   1.8556860e+14
      1549.43   1.8505916e+14
      1549.67   1.8458406e+14
      1549.91   1.8385410e+14
      1550.15   1.8372237e+14
      1550.39   1.8347656e+14
      1550.63   1.8382388e+14
      1550.87   1.8431010e+14
      1551.11   1.8535062e+14
      1551.35   1.8601309e+14
      1551.59   1.8682103e+14
      1551.83   1.8695859e+14
      1552.07   1.8696002e+14
      1552.31   1.8687440e+14
      1552.55   1.8660707e+14
      1552.80   1.8577199e+14
      1553.04   1.8467341e+14
      1553.28   1.8342821e+14
      1553.52   1.8236418e+14
      1553.76   1.8187615e+14
      1554.00   1.8140800e+14
      1554.24   1.8160608e+14
      1554.48   1.8201057e+14
      1554.73   1.8276908e+14
      1554.97   1.8286313e+14
      1555.21   1.8315951e+14
      1555.45   1.8240213e+14
      1555.69   1.8197938e+14
      1555.94   1.8128944e+14
      1556.18   1.8146982e+14
      1556.42   1.8215927e+14
      1556.66   1.8360003e+14
      1556.91   1.8458400e+14
      1557.15   1.8532298e+14
      1557.39   1.8514364e+14
      1557.63   1.8485315e+14
      1557.88   1.8420121e+14
      1558.12   1.8395393e+14
      1558.36   1.8377995e+14
      1558.60   1.8397488e+14
      1558.85   1.8363586e+14
      1559.09   1.8333237e+14
      1559.33   1.8266281e+14
      1559.58   1.8240166e+14
      1559.82   1.8249363e+14
      1560.06   1.8315936e+14
      1560.31   1.8421015e+14
      1560.55   1.8531661e+14
      1560.79   1.8597784e+14
      1561.04   1.8609530e+14
      1561.28   1.8614380e+14
      1561.52   1.8608279e+14
      1561.77   1.8561121e+14
      1562.01   1.8515819e+14
      1562.26   1.8457595e+14
      1562.50   1.8446175e+14
      1562.74   1.8424051e+14
      1562.99   1.8358354e+14
      1563.23   1.8298072e+14
      1563.48   1.8221091e+14
      1563.72   1.8205754e+14
      1563.97   1.8224346e+14
      1564.21   1.8341527e+14
      1564.46   1.8401345e+14
      1564.70   1.8497675e+14
      1564.94   1.8464544e+14
      1565.19   1.8447347e+14
      1565.44   1.8349795e+14
      1565.68   1.8293030e+14
      1565.93   1.8194897e+14
      1566.17   1.8152708e+14
      1566.42   1.8119956e+14
      1566.66   1.8138703e+14
      1566.91   1.8193953e+14
      1567.15   1.8261555e+14
      1567.40   1.8265511e+14
      1567.64   1.8188656e+14
      1567.89   1.8087298e+14
      1568.14   1.7995958e+14
      1568.38   1.7975098e+14
      1568.63   1.8028369e+14
      1568.87   1.8061927e+14
      1569.12   1.8097091e+14
      1569.37   1.8085034e+14
      1569.61   1.8062690e+14
      1569.86   1.8064949e+14
      1570.10   1.8132540e+14
      1570.35   1.8246097e+14
      1570.60   1.8359206e+14
      1570.84   1.8435170e+14
      1571.09   1.8447855e+14
      1571.34   1.8450652e+14
      1571.59   1.8458968e+14
      1571.83   1.8453416e+14
      1572.08   1.8391242e+14
      1572.33   1.8334164e+14
      1572.57   1.8262261e+14
      1572.82   1.8241390e+14
      1573.07   1.8256006e+14
      1573.32   1.8320945e+14
      1573.56   1.8336105e+14
      1573.81   1.8176393e+14
      1574.06   1.8000156e+14
      1574.31   1.7715035e+14
      1574.56   1.7416278e+14
      1574.80   1.7238230e+14
      1575.05   1.7199504e+14
      1575.30   1.7306188e+14
      1575.55   1.7507492e+14
      1575.80   1.7723709e+14
      1576.04   1.7760612e+14
      1576.29   1.7644462e+14
      1576.54   1.7243272e+14
      1576.79   1.6800455e+14
      1577.04   1.6530960e+14
      1577.29   1.6547794e+14
      1577.54   1.6823837e+14
      1577.79   1.7199632e+14
      1578.03   1.7633477e+14
      1578.28   1.7872832e+14
      1578.53   1.7963039e+14
      1578.78   1.8014681e+14
      1579.03   1.8070010e+14
      1579.28   1.8104478e+14
      1579.53   1.8166522e+14
      1579.78   1.8173480e+14
      1580.03   1.8200626e+14
      1580.28   1.8236186e+14
      1580.53   1.8270071e+14
      1580.78   1.8242024e+14
      1581.03   1.8248120e+14
      1581.28   1.8141360e+14
      1581.53   1.7964092e+14
      1581.78   1.7741446e+14
      1582.03   1.7538731e+14
      1582.28   1.7455118e+14
      1582.53   1.7457877e+14
      1582.78   1.7598432e+14
      1583.03   1.7728143e+14
      1583.28   1.7808553e+14
      1583.53   1.7771965e+14
      1583.78   1.7729000e+14
      1584.03   1.7696055e+14
      1584.28   1.7736156e+14
      1584.54   1.7875938e+14
      1584.79   1.8027104e+14
      1585.04   1.8074887e+14
      1585.29   1.8039810e+14
      1585.54   1.7983797e+14
      1585.79   1.7950036e+14
      1586.04   1.7906086e+14
      1586.29   1.7910337e+14
      1586.55   1.7862217e+14
      1586.80   1.7803202e+14
      1587.05   1.7679859e+14
      1587.30   1.7620650e+14
      1587.55   1.7511844e+14
      1587.81   1.7455482e+14
      1588.06   1.7316390e+14
      1588.31   1.7155826e+14
      1588.56   1.6754956e+14
      1588.81   1.6439923e+14
      1589.07   1.6204075e+14
      1589.32   1.6223234e+14
      1589.57   1.6302709e+14
      1589.82   1.6550204e+14
      1590.08   1.6767059e+14
      1590.33   1.6889029e+14
      1590.58   1.6868926e+14
      1590.84   1.6862035e+14
      1591.09   1.6949862e+14
      1591.34   1.7108463e+14
      1591.60   1.7321847e+14
      1591.85   1.7533399e+14
      1592.10   1.7729594e+14
      1592.36   1.7884258e+14
      1592.61   1.7979797e+14
      1592.86   1.8016881e+14
      1593.12   1.8024434e+14
      1593.37   1.8022910e+14
      1593.62   1.8019124e+14
      1593.88   1.8018292e+14
      1594.13   1.8049058e+14
      1594.39   1.8096559e+14
      1594.64   1.8138337e+14
      1594.90   1.8128970e+14
      1595.15   1.8036752e+14
      1595.41   1.7895573e+14
      1595.66   1.7635672e+14
      1595.91   1.7400625e+14
      1596.17   1.7189783e+14
      1596.42   1.7175210e+14
      1596.68   1.7245553e+14
      1596.93   1.7488103e+14
      1597.19   1.7727716e+14
      1597.44   1.7969110e+14
      1597.70   1.8073940e+14
      1597.95   1.8122245e+14
      1598.21   1.8099649e+14
      1598.46   1.7984152e+14
      1598.72   1.7858010e+14
      1598.98   1.7749831e+14
      1599.23   1.7726322e+14
      1599.49   1.7730560e+14
      1599.74   1.7799619e+14
      1600.00   1.7811546e+14
      1600.26   1.7762470e+14
      1600.51   1.7610128e+14
      1600.77   1.7490574e+14
      1601.03   1.7386899e+14
      1601.28   1.7384142e+14
      1601.54   1.7436957e+14
      1601.79   1.7527753e+14
      1602.05   1.7568753e+14
      1602.31   1.7607215e+14
      1602.56   1.7608075e+14
      1602.82   1.7616559e+14
      1603.08   1.7634452e+14
      1603.33   1.7686154e+14
      1603.59   1.7693762e+14
      1603.85   1.7669410e+14
      1604.11   1.7612550e+14
      1604.36   1.7554416e+14
      1604.62   1.7491582e+14
      1604.88   1.7479084e+14
      1605.14   1.7525666e+14
      1605.39   1.7600435e+14
      1605.65   1.7590378e+14
      1605.91   1.7504881e+14
      1606.17   1.7374464e+14
      1606.43   1.7299428e+14
      1606.68   1.7266786e+14
      1606.94   1.7338138e+14
      1607.20   1.7457809e+14
      1607.46   1.7596759e+14
      1607.72   1.7661524e+14
      1607.98   1.7678345e+14
      1608.23   1.7664003e+14
      1608.49   1.7648215e+14
      1608.75   1.7623935e+14
      1609.01   1.7492509e+14
      1609.27   1.7251761e+14
      1609.53   1.6978144e+14
      1609.79   1.6752187e+14
      1610.05   1.6602645e+14
      1610.31   1.6585738e+14
      1610.56   1.6723716e+14
      1610.82   1.6916184e+14
      1611.08   1.7058279e+14
      1611.34   1.7105501e+14
      1611.60   1.7124338e+14
      1611.86   1.7124091e+14
      1612.12   1.7150263e+14
      1612.38   1.7195872e+14
      1612.64   1.7281609e+14
      1612.90   1.7371529e+14
      1613.16   1.7424258e+14
      1613.42   1.7395989e+14
      1613.68   1.7352956e+14
      1613.94   1.7332207e+14
      1614.20   1.7346885e+14
      1614.47   1.7371828e+14
      1614.73   1.7357637e+14
      1614.99   1.7272447e+14
      1615.25   1.7084706e+14
      1615.51   1.6859732e+14
      1615.77   1.6688959e+14
      1616.03   1.6600965e+14
      1616.29   1.6590932e+14
      1616.55   1.6652174e+14
      1616.81   1.6775966e+14
      1617.08   1.6905479e+14
      1617.34   1.7055632e+14
      1617.60   1.7195690e+14
      1617.86   1.7318865e+14
      1618.12   1.7368316e+14
      1618.39   1.7360392e+14
      1618.65   1.7325950e+14
      1618.91   1.7308020e+14
      1619.17   1.7314172e+14
      1619.43   1.7211527e+14
      1619.70   1.7024561e+14
      1619.96   1.6781903e+14
      1620.22   1.6623573e+14
      1620.48   1.6503695e+14
      1620.74   1.6567269e+14
      1621.01   1.6708000e+14
      1621.27   1.6881989e+14
      1621.53   1.6953223e+14
      1621.80   1.7023570e+14
      1622.06   1.7064946e+14
      1622.32   1.7121558e+14
      1622.59   1.7202665e+14
      1622.85   1.7316979e+14
      1623.11   1.7402238e+14
      1623.38   1.7445087e+14
      1623.64   1.7468387e+14
      1623.90   1.7434566e+14
      1624.17   1.7348742e+14
      1624.43   1.7249460e+14
      1624.69   1.7186135e+14
      1624.96   1.7152463e+14
      1625.22   1.7179272e+14
      1625.49   1.7234703e+14
      1625.75   1.7265420e+14
      1626.02   1.7265768e+14
      1626.28   1.7268566e+14
      1626.55   1.7289615e+14
      1626.81   1.7310474e+14
      1627.07   1.7355244e+14
      1627.34   1.7403321e+14
      1627.60   1.7432859e+14
      1627.87   1.7437361e+14
      1628.13   1.7439209e+14
      1628.40   1.7444966e+14
      1628.67   1.7438310e+14
      1628.93   1.7384090e+14
      1629.19   1.7302121e+14
      1629.46   1.7215664e+14
      1629.73   1.7154450e+14
      1629.99   1.7117124e+14
      1630.26   1.7145687e+14
      1630.52   1.7205772e+14
      1630.79   1.7237926e+14
      1631.06   1.7230862e+14
      1631.32   1.7217988e+14
      1631.59   1.7218342e+14
      1631.85   1.7210846e+14
      1632.12   1.7188790e+14
      1632.39   1.7161628e+14
      1632.65   1.7124991e+14
      1632.92   1.7020856e+14
      1633.19   1.6876608e+14
      1633.45   1.6788144e+14
      1633.72   1.6791351e+14
      1633.99   1.6824060e+14
      1634.25   1.6890840e+14
      1634.52   1.6997599e+14
      1634.79   1.7094301e+14
      1635.06   1.7120914e+14
      1635.32   1.7114698e+14
      1635.59   1.7103917e+14
      1635.86   1.7058271e+14
      1636.13   1.6904036e+14
      1636.39   1.6711538e+14
      1636.66   1.6563347e+14
      1636.93   1.6509966e+14
      1637.20   1.6482692e+14
      1637.46   1.6519402e+14
      1637.73   1.6449043e+14
      1638.00   1.6279359e+14
      1638.27   1.6053568e+14
      1638.54   1.5956629e+14
      1638.81   1.5918316e+14
      1639.08   1.6016860e+14
      1639.34   1.6160105e+14
      1639.61   1.6275625e+14
      1639.88   1.6263590e+14
      1640.15   1.6236979e+14
      1640.42   1.6200006e+14
      1640.69   1.6170901e+14
      1640.96   1.6128683e+14
      1641.23   1.6100199e+14
      1641.50   1.6084511e+14
      1641.77   1.6118308e+14
      1642.04   1.6184745e+14
      1642.31   1.6274559e+14
      1642.58   1.6366945e+14
      1642.84   1.6456183e+14
      1643.11   1.6486416e+14
      1643.39   1.6442917e+14
      1643.66   1.6388896e+14
      1643.93   1.6363077e+14
      1644.20   1.6302929e+14
      1644.47   1.6248618e+14
      1644.74   1.6268751e+14
      1645.01   1.6343525e+14
      1645.28   1.6386162e+14
      1645.55   1.6445699e+14
      1645.82   1.6535145e+14
      1646.09   1.6595908e+14
      1646.36   1.6606999e+14
      1646.63   1.6606702e+14
      1646.90   1.6625920e+14
      1647.18   1.6634959e+14
      1647.45   1.6641600e+14
      1647.72   1.6641305e+14
      1647.99   1.6643702e+14
      1648.26   1.6562887e+14
      1648.53   1.6453330e+14
      1648.81   1.6381609e+14
      1649.08   1.6378800e+14
      1649.35   1.6386908e+14
      1649.62   1.6470962e+14
      1649.89   1.6587906e+14
      1650.17   1.6596881e+14
      1650.44   1.6503947e+14
      1650.71   1.6426506e+14
      1650.98   1.6403870e+14
      1651.26   1.6386405e+14
      1651.53   1.6456227e+14
      1651.80   1.6567238e+14
      1652.07   1.6607394e+14
      1652.35   1.6571939e+14
      1652.62   1.6548669e+14
      1652.89   1.6553048e+14
      1653.17   1.6543026e+14
      1653.44   1.6576898e+14
      1653.71   1.6614045e+14
      1653.99   1.6607925e+14
      1654.26   1.6551162e+14
      1654.53   1.6508850e+14
      1654.81   1.6493001e+14
      1655.08   1.6509148e+14
      1655.36   1.6553263e+14
      1655.63   1.6598598e+14
      1655.90   1.6632656e+14
      1656.18   1.6655578e+14
      1656.45   1.6662037e+14
      1656.73   1.6648672e+14
      1657.00   1.6641135e+14
      1657.28   1.6645737e+14
      1657.55   1.6649924e+14
      1657.82   1.6645579e+14
      1658.10   1.6635332e+14
      1658.38   1.6601049e+14
      1658.65   1.6545137e+14
      1658.93   1.6493187e+14
      1659.20   1.6472874e+14
      1659.48   1.6486005e+14
      1659.75   1.6535348e+14
      1660.03   1.6604860e+14
      1660.30   1.6663420e+14
      1660.58   1.6696803e+14
      1660.85   1.6714036e+14
      1661.13   1.6713612e+14
      1661.41   1.6698155e+14
      1661.68   1.6666593e+14
      1661.96   1.6626897e+14
      1662.23   1.6586830e+14
      1662.51   1.6555659e+14
      1662.79   1.6518783e+14
      1663.06   1.6493365e+14
      1663.34   1.6485634e+14
      1663.62   1.6489165e+14
      1663.89   1.6480204e+14
      1664.17   1.6463975e+14
      1664.45   1.6450519e+14
      1664.72   1.6427066e+14
      1665.00   1.6382848e+14
      1665.28   1.6326585e+14
      1665.56   1.6291936e+14
      1665.83   1.6282564e+14
      1666.11   1.6282823e+14
      1666.39   1.6297737e+14
      1666.67   1.6322946e+14
      1666.94   1.6327996e+14
      1667.22   1.6298460e+14
      1667.50   1.6235234e+14
      1667.78   1.6117278e+14
      1668.06   1.5999929e+14
      1668.33   1.5964725e+14
      1668.61   1.6008144e+14
      1668.89   1.6088731e+14
      1669.17   1.6220089e+14
      1669.45   1.6355368e+14
      1669.73   1.6423892e+14
      1670.01   1.6417737e+14
      1670.29   1.6392810e+14
      1670.56   1.6365653e+14
      1670.84   1.6337054e+14
      1671.12   1.6268878e+14
      1671.40   1.6107839e+14
      1671.68   1.5915345e+14
      1671.96   1.5752888e+14
      1672.24   1.5658301e+14
      1672.52   1.5642240e+14
      1672.80   1.5761417e+14
      1673.08   1.5934401e+14
      1673.36   1.6064672e+14
      1673.64   1.6118381e+14
      1673.92   1.6136998e+14
      1674.20   1.6131496e+14
      1674.48   1.6091355e+14
      1674.76   1.5971664e+14
      1675.04   1.5829655e+14
      1675.32   1.5736996e+14
      1675.60   1.5704750e+14
      1675.88   1.5660561e+14
      1676.17   1.5694679e+14
      1676.45   1.5788667e+14
      1676.73   1.5873841e+14
      1677.01   1.5888091e+14
      1677.29   1.5922857e+14
      1677.57   1.5950094e+14
      1677.85   1.5931593e+14
      1678.13   1.5868434e+14
      1678.42   1.5805967e+14
      1678.70   1.5748072e+14
      1678.98   1.5691386e+14
      1679.26   1.5626817e+14
      1679.54   1.5509937e+14
      1679.82   1.5345397e+14
      1680.11   1.5164915e+14
      1680.39   1.4979166e+14
      1680.67   1.4810721e+14
      1680.95   1.4737574e+14
      1681.24   1.4757466e+14
      1681.52   1.4819118e+14
      1681.80   1.4935989e+14
      1682.09   1.5107898e+14
      1682.37   1.5252195e+14
      1682.65   1.5357740e+14
      1682.94   1.5463912e+14
      1683.22   1.5566506e+14
      1683.50   1.5634220e+14
      1683.78   1.5695657e+14
      1684.07   1.5758362e+14
      1684.35   1.5810513e+14
      1684.64   1.5845901e+14
      1684.92   1.5865592e+14
      1685.20   1.5845742e+14
      1685.49   1.5801651e+14
      1685.77   1.5772107e+14
      1686.06   1.5771755e+14
      1686.34   1.5767783e+14
      1686.62   1.5780617e+14
      1686.91   1.5789833e+14
      1687.19   1.5787958e+14
      1687.48   1.5774922e+14
      1687.76   1.5798641e+14
      1688.05   1.5837153e+14
      1688.33   1.5867698e+14
      1688.62   1.5809991e+14
      1688.90   1.5698745e+14
      1689.19   1.5601328e+14
      1689.47   1.5581878e+14
      1689.76   1.5600946e+14
      1690.05   1.5695558e+14
      1690.33   1.5820009e+14
      1690.62   1.5905155e+14
      1690.90   1.5913818e+14
      1691.19   1.5909343e+14
      1691.47   1.5917277e+14
      1691.76   1.5933712e+14
      1692.05   1.5944848e+14
      1692.33   1.5944659e+14
      1692.62   1.5936257e+14
      1692.91   1.5921904e+14
      1693.19   1.5905141e+14
      1693.48   1.5887729e+14
      1693.77   1.5877940e+14
      1694.05   1.5879849e+14
      1694.34   1.5882630e+14
      1694.63   1.5879669e+14
      1694.92   1.5877941e+14
      1695.20   1.5878564e+14
      1695.49   1.5868639e+14
      1695.78   1.5852171e+14
      1696.06   1.5828850e+14
      1696.35   1.5807861e+14
      1696.64   1.5785988e+14
      1696.93   1.5777709e+14
      1697.22   1.5773083e+14
      1697.51   1.5780168e+14
      1697.79   1.5787107e+14
      1698.08   1.5799000e+14
      1698.37   1.5798084e+14
      1698.66   1.5784850e+14
      1698.95   1.5757630e+14
      1699.23   1.5710717e+14
      1699.52   1.5654687e+14
      1699.81   1.5599875e+14
      1700.10   1.5565898e+14
      1700.39   1.5541243e+14
      1700.68   1.5521684e+14
      1700.97   1.5500740e+14
      1701.26   1.5508522e+14
      1701.55   1.5530900e+14
      1701.84   1.5514761e+14
      1702.13   1.5479932e+14
      1702.42   1.5450920e+14
      1702.71   1.5419281e+14
      1703.00   1.5368863e+14
      1703.29   1.5375979e+14
      1703.58   1.5441612e+14
      1703.87   1.5521211e+14
      1704.16   1.5573654e+14
      1704.45   1.5616767e+14
      1704.74   1.5641171e+14
      1705.03   1.5623123e+14
      1705.32   1.5576047e+14
      1705.61   1.5539039e+14
      1705.90   1.5519508e+14
      1706.19   1.5486216e+14
      1706.48   1.5458994e+14
      1706.78   1.5441266e+14
      1707.07   1.5370987e+14
      1707.36   1.5243527e+14
      1707.65   1.5159501e+14
      1707.94   1.5164271e+14
      1708.23   1.5183833e+14
      1708.53   1.5217537e+14
      1708.82   1.5282091e+14
      1709.11   1.5342992e+14
      1709.40   1.5364798e+14
      1709.69   1.5387336e+14
      1709.99   1.5423440e+14
      1710.28   1.5383833e+14
      1710.57   1.5155614e+14
      1710.86   1.4855681e+14
      1711.16   1.4673079e+14
      1711.45   1.4654377e+14
      1711.74   1.4742862e+14
      1712.04   1.4989367e+14
      1712.33   1.5284759e+14
      1712.62   1.5463821e+14
      1712.92   1.5496767e+14
      1713.21   1.5502339e+14
      1713.50   1.5509522e+14
      1713.80   1.5515171e+14
      1714.09   1.5515163e+14
      1714.38   1.5517433e+14
      1714.68   1.5519776e+14
      1714.97   1.5516093e+14
      1715.27   1.5501357e+14
      1715.56   1.5462765e+14
      1715.85   1.5407017e+14
      1716.15   1.5366046e+14
      1716.44   1.5357492e+14
      1716.74   1.5360791e+14
      1717.03   1.5351870e+14
      1717.33   1.5340370e+14
      1717.62   1.5333064e+14
      1717.92   1.5328401e+14
      1718.21   1.5324180e+14
      1718.51   1.5346255e+14
      1718.80   1.5356926e+14
      1719.10   1.5333102e+14
      1719.39   1.5295933e+14
      1719.69   1.5275917e+14
      1719.99   1.5228107e+14
      1720.28   1.5168770e+14
      1720.58   1.5137144e+14
      1720.87   1.5129412e+14
      1721.17   1.5119980e+14
      1721.47   1.5154466e+14
      1721.76   1.5229337e+14
      1722.06   1.5215718e+14
      1722.36   1.5090486e+14
      1722.65   1.4925996e+14
      1722.95   1.4775479e+14
      1723.25   1.4660741e+14
      1723.54   1.4693407e+14
      1723.84   1.4833346e+14
      1724.14   1.4988419e+14
      1724.44   1.5093414e+14
      1724.73   1.5146310e+14
      1725.03   1.5134225e+14
      1725.33   1.5112240e+14
      1725.62   1.5095560e+14
      1725.92   1.5105021e+14
      1726.22   1.5139659e+14
      1726.52   1.5184024e+14
      1726.82   1.5195075e+14
      1727.12   1.5162612e+14
      1727.41   1.5090986e+14
      1727.71   1.5019117e+14
      1728.01   1.4976192e+14
      1728.31   1.4961602e+14
      1728.61   1.4992566e+14
      1728.91   1.5067776e+14
      1729.21   1.5143113e+14
      1729.51   1.5170656e+14
      1729.81   1.5175417e+14
      1730.10   1.5168200e+14
      1730.40   1.5146186e+14
      1730.70   1.5115399e+14
      1731.00   1.5094474e+14
      1731.30   1.5059191e+14
      1731.60   1.5011758e+14
      1731.90   1.4933710e+14
      1732.20   1.4753247e+14
      1732.50   1.4499858e+14
      1732.80   1.4318216e+14
      1733.10   1.4248910e+14
      1733.40   1.4201414e+14
      1733.70   1.4223357e+14
      1734.00   1.4331154e+14
      1734.31   1.4421625e+14
      1734.61   1.4402233e+14
      1734.91   1.4350901e+14
      1735.21   1.4285634e+14
      1735.51   1.4173246e+14
      1735.81   1.3995362e+14
      1736.11   1.3820725e+14
      1736.41   1.3725799e+14
      1736.71   1.3730701e+14
      1737.02   1.3807369e+14
      1737.32   1.3946118e+14
      1737.62   1.4129112e+14
      1737.92   1.4302132e+14
      1738.22   1.4427743e+14
      1738.53   1.4512431e+14
      1738.83   1.4568367e+14
      1739.13   1.4605781e+14
      1739.43   1.4639392e+14
      1739.74   1.4679885e+14
      1740.04   1.4711935e+14
      1740.34   1.4679105e+14
      1740.64   1.4606789e+14
      1740.95   1.4563919e+14
      1741.25   1.4566135e+14
      1741.55   1.4575230e+14
      1741.86   1.4637661e+14
      1742.16   1.4725530e+14
      1742.46   1.4763524e+14
      1742.77   1.4752965e+14
      1743.07   1.4760584e+14
      1743.38   1.4784969e+14
      1743.68   1.4814297e+14
      1743.98   1.4844904e+14
      1744.29   1.4834420e+14
      1744.59   1.4753123e+14
      1744.90   1.4653237e+14
      1745.20   1.4575139e+14
      1745.51   1.4521186e+14
      1745.81   1.4513285e+14
      1746.11   1.4525906e+14
      1746.42   1.4481586e+14
      1746.72   1.4430580e+14
      1747.03   1.4428578e+14
      1747.33   1.4445013e+14
      1747.64   1.4502850e+14
      1747.95   1.4641163e+14
      1748.25   1.4762278e+14
      1748.56   1.4779529e+14
      1748.86   1.4738494e+14
      1749.17   1.4697520e+14
      1749.47   1.4647450e+14
      1749.78   1.4576269e+14
      1750.09   1.4509577e+14
      1750.39   1.4469585e+14
      1750.70   1.4458041e+14
      1751.01   1.4479330e+14
      1751.31   1.4499336e+14
      1751.62   1.4514775e+14
      1751.93   1.4539464e+14
      1752.23   1.4557920e+14
      1752.54   1.4549692e+14
      1752.85   1.4575898e+14
      1753.16   1.4639198e+14
      1753.46   1.4679493e+14
      1753.77   1.4682645e+14
      1754.08   1.4663740e+14
      1754.39   1.4614436e+14
      1754.69   1.4566017e+14
      1755.00   1.4548220e+14
      1755.31   1.4545575e+14
      1755.62   1.4563710e+14
      1755.93   1.4611982e+14
      1756.23   1.4653120e+14
      1756.54   1.4672714e+14
      1756.85   1.4678155e+14
      1757.16   1.4651856e+14
      1757.47   1.4606559e+14
      1757.78   1.4582657e+14
      1758.09   1.4575339e+14
      1758.40   1.4560774e+14
      1758.71   1.4563413e+14
      1759.02   1.4578190e+14
      1759.32   1.4574257e+14
      1759.63   1.4552291e+14
      1759.94   1.4522312e+14
      1760.25   1.4478952e+14
      1760.56   1.4438978e+14
      1760.87   1.4405715e+14
      1761.18   1.4320463e+14
      1761.49   1.4208439e+14
      1761.80   1.4130527e+14
      1762.11   1.4087967e+14
      1762.43   1.4073584e+14
      1762.74   1.4147819e+14
      1763.05   1.4261106e+14
      1763.36   1.4314211e+14
      1763.67   1.4297288e+14
      1763.98   1.4274542e+14
      1764.29   1.4261918e+14
      1764.60   1.4261779e+14
      1764.91   1.4303132e+14
      1765.22   1.4373124e+14
      1765.54   1.4410551e+14
      1765.85   1.4395653e+14
      1766.16   1.4372332e+14
      1766.47   1.4352572e+14
      1766.78   1.4312037e+14
      1767.10   1.4262022e+14
      1767.41   1.4236999e+14
      1767.72   1.4231755e+14
      1768.03   1.4224469e+14
      1768.35   1.4240618e+14
      1768.66   1.4273223e+14
      1768.97   1.4277699e+14
      1769.28   1.4238161e+14
      1769.60   1.4191171e+14
      1769.91   1.4151222e+14
      1770.22   1.4114534e+14
      1770.54   1.4093997e+14
      1770.85   1.4109007e+14
      1771.17   1.4137459e+14
      1771.48   1.4162278e+14
      1771.79   1.4188324e+14
      1772.11   1.4213997e+14
      1772.42   1.4229414e+14
      1772.73   1.4237462e+14
      1773.05   1.4236242e+14
      1773.36   1.4228930e+14
      1773.68   1.4219415e+14
      1773.99   1.4199464e+14
      1774.31   1.4165514e+14
      1774.62   1.4131019e+14
      1774.94   1.4092856e+14
      1775.25   1.4051756e+14
      1775.57   1.4023098e+14
      1775.88   1.3996798e+14
      1776.20   1.3964766e+14
      1776.52   1.3910481e+14
      1776.83   1.3823855e+14
      1777.15   1.3753060e+14
      1777.46   1.3752601e+14
      1777.78   1.3793234e+14
      1778.09   1.3859585e+14
      1778.41   1.3928248e+14
      1778.73   1.3950551e+14
      1779.04   1.3924415e+14
      1779.36   1.3899635e+14
      1779.68   1.3894547e+14
      1779.99   1.3924957e+14
      1780.31   1.3979893e+14
      1780.63   1.4021249e+14
      1780.94   1.4013044e+14
      1781.26   1.3967626e+14
      1781.58   1.3926468e+14
      1781.90   1.3894094e+14
      1782.21   1.3850392e+14
      1782.53   1.3828454e+14
      1782.85   1.3848044e+14
      1783.17   1.3859838e+14
      1783.48   1.3846158e+14
      1783.80   1.3843493e+14
      1784.12   1.3830643e+14
      1784.44   1.3783044e+14
      1784.76   1.3745757e+14
      1785.08   1.3749683e+14
      1785.40   1.3771220e+14
      1785.71   1.3814281e+14
      1786.03   1.3877436e+14
      1786.35   1.3931952e+14
      1786.67   1.3964109e+14
      1786.99   1.3982330e+14
      1787.31   1.3984756e+14
      1787.63   1.3977985e+14
      1787.95   1.3968672e+14
      1788.27   1.3957217e+14
      1788.59   1.3936626e+14
      1788.91   1.3906893e+14
      1789.23   1.3881678e+14
      1789.55   1.3870581e+14
      1789.87   1.3865464e+14
      1790.19   1.3866497e+14
      1790.51   1.3874129e+14
      1790.83   1.3874933e+14
      1791.15   1.3857371e+14
      1791.47   1.3834425e+14
      1791.79   1.3817463e+14
      1792.11   1.3803110e+14
      1792.44   1.3788904e+14
      1792.76   1.3784075e+14
      1793.08   1.3784786e+14
      1793.40   1.3769645e+14
      1793.72   1.3743579e+14
      1794.04   1.3734894e+14
      1794.37   1.3740444e+14
      1794.69   1.3749844e+14
      1795.01   1.3774419e+14
      1795.33   1.3804773e+14
      1795.66   1.3806646e+14
      1795.98   1.3783782e+14
      1796.30   1.3760764e+14
      1796.62   1.3738111e+14
      1796.94   1.3720315e+14
      1797.27   1.3723404e+14
      1797.59   1.3742378e+14
      1797.91   1.3761355e+14
      1798.24   1.3783203e+14
      1798.56   1.3807363e+14
      1798.89   1.3824982e+14
      1799.21   1.3829785e+14
      1799.53   1.3818696e+14
      1799.86   1.3780732e+14
      1800.18   1.3717735e+14
      1800.50   1.3666531e+14
      1800.83   1.3647673e+14
      1801.15   1.3614908e+14
      1801.48   1.3558706e+14
      1801.80   1.3519034e+14
      1802.13   1.3483672e+14
      1802.45   1.3435530e+14
      1802.78   1.3432621e+14
      1803.10   1.3494066e+14
      1803.43   1.3566295e+14
      1803.75   1.3626391e+14
      1804.08   1.3678152e+14
      1804.40   1.3702459e+14
      1804.73   1.3700211e+14
      1805.05   1.3691042e+14
      1805.38   1.3678082e+14
      1805.71   1.3647367e+14
      1806.03   1.3607486e+14
      1806.36   1.3587896e+14
      1806.69   1.3580248e+14
      1807.01   1.3565598e+14
      1807.34   1.3563290e+14
      1807.67   1.3576731e+14
      1807.99   1.3584965e+14
      1808.32   1.3593992e+14
      1808.64   1.3605274e+14
      1808.97   1.3605308e+14
      1809.30   1.3601674e+14
      1809.63   1.3598892e+14
      1809.95   1.3593551e+14
      1810.28   1.3590686e+14
      1810.61   1.3585882e+14
      1810.94   1.3570023e+14
      1811.27   1.3539130e+14
      1811.59   1.3503468e+14
      1811.92   1.3480015e+14
      1812.25   1.3470890e+14
      1812.58   1.3470010e+14
      1812.91   1.3475845e+14
      1813.24   1.3475834e+14
      1813.57   1.3444308e+14
      1813.89   1.3386852e+14
      1814.22   1.3334533e+14
      1814.55   1.3286778e+14
      1814.88   1.3232829e+14
      1815.21   1.3184270e+14
      1815.54   1.3135905e+14
      1815.87   1.3059175e+14
      1816.20   1.2946332e+14
      1816.53   1.2792299e+14
      1816.86   1.2580715e+14
      1817.19   1.2342526e+14
      1817.52   1.2157192e+14
      1817.85   1.2077414e+14
      1818.18   1.2112768e+14
      1818.51   1.2256245e+14
      1818.84   1.2469812e+14
      1819.17   1.2681545e+14
      1819.51   1.2839910e+14
      1819.84   1.2940432e+14
      1820.17   1.3010076e+14
      1820.50   1.3066206e+14
      1820.83   1.3075791e+14
      1821.16   1.3042819e+14
      1821.49   1.3009447e+14
      1821.83   1.2953919e+14
      1822.16   1.2889924e+14
      1822.49   1.2896996e+14
      1822.82   1.2965521e+14
      1823.15   1.3044784e+14
      1823.49   1.3151156e+14
      1823.82   1.3256223e+14
      1824.15   1.3301320e+14
      1824.48   1.3303894e+14
      1824.82   1.3292210e+14
      1825.15   1.3280199e+14
      1825.48   1.3277875e+14
      1825.82   1.3282367e+14
      1826.15   1.3294933e+14
      1826.48   1.3311820e+14
      1826.82   1.3315068e+14
      1827.15   1.3307726e+14
      1827.48   1.3299837e+14
      1827.82   1.3246839e+14
      1828.15   1.3150838e+14
      1828.49   1.3096388e+14
      1828.82   1.3093323e+14
      1829.16   1.3098897e+14
      1829.49   1.3136495e+14
      1829.83   1.3209049e+14
      1830.16   1.3250999e+14
      1830.50   1.3254634e+14
      1830.83   1.3258271e+14
      1831.17   1.3267569e+14
      1831.50   1.3248498e+14
      1831.84   1.3185176e+14
      1832.17   1.3104151e+14
      1832.51   1.3025932e+14
      1832.84   1.2983069e+14
      1833.18   1.3004360e+14
      1833.52   1.3066240e+14
      1833.85   1.3126804e+14
      1834.19   1.3171334e+14
      1834.53   1.3177091e+14
      1834.86   1.3149002e+14
      1835.20   1.3120441e+14
      1835.54   1.3103737e+14
      1835.87   1.3102696e+14
      1836.21   1.3117875e+14
      1836.55   1.3131801e+14
      1836.89   1.3097917e+14
      1837.22   1.3017921e+14
      1837.56   1.2965487e+14
      1837.90   1.2948572e+14
      1838.23   1.2941435e+14
      1838.57   1.2970325e+14
      1838.91   1.3024458e+14
      1839.25   1.3030505e+14
      1839.59   1.2997185e+14
      1839.93   1.2981918e+14
      1840.27   1.2993798e+14
      1840.60   1.3018543e+14
      1840.94   1.3044403e+14
      1841.28   1.3039473e+14
      1841.62   1.2947379e+14
      1841.96   1.2802256e+14
      1842.30   1.2699658e+14
      1842.64   1.2653042e+14
      1842.98   1.2655633e+14
      1843.32   1.2721766e+14
      1843.66   1.2809103e+14
      1844.00   1.2857260e+14
      1844.34   1.2881949e+14
      1844.68   1.2897470e+14
      1845.02   1.2907100e+14
      1845.36   1.2927487e+14
      1845.70   1.2940690e+14
      1846.04   1.2852665e+14
      1846.38   1.2661385e+14
      1846.72   1.2501617e+14
      1847.06   1.2399114e+14
      1847.40   1.2360415e+14
      1847.75   1.2438958e+14
      1848.09   1.2609529e+14
      1848.43   1.2747203e+14
      1848.77   1.2837844e+14
      1849.11   1.2895926e+14
      1849.45   1.2924216e+14
      1849.80   1.2945865e+14
      1850.14   1.2968861e+14
      1850.48   1.2987578e+14
      1850.82   1.2995122e+14
      1851.17   1.2988131e+14
      1851.51   1.2965659e+14
      1851.85   1.2920778e+14
      1852.19   1.2854270e+14
      1852.54   1.2791944e+14
      1852.88   1.2755821e+14
      1853.22   1.2753708e+14
      1853.57   1.2787443e+14
      1853.91   1.2847759e+14
      1854.26   1.2897204e+14
      1854.60   1.2898448e+14
      1854.94   1.2821560e+14
      1855.29   1.2702421e+14
      1855.63   1.2634123e+14
      1855.98   1.2624792e+14
      1856.32   1.2652015e+14
      1856.67   1.2732443e+14
      1857.01   1.2840786e+14
      1857.36   1.2896904e+14
      1857.70   1.2892395e+14
      1858.05   1.2851542e+14
      1858.39   1.2797445e+14
      1858.74   1.2744676e+14
      1859.08   1.2673792e+14
      1859.43   1.2607182e+14
      1859.77   1.2588658e+14
      1860.12   1.2600526e+14
      1860.47   1.2602583e+14
      1860.81   1.2593702e+14
      1861.16   1.2599116e+14
      1861.50   1.2610513e+14
      1861.85   1.2597799e+14
      1862.20   1.2572854e+14
      1862.54   1.2596240e+14
      1862.89   1.2632179e+14
      1863.24   1.2622815e+14
      1863.59   1.2604501e+14
      1863.93   1.2616951e+14
      1864.28   1.2615813e+14
      1864.63   1.2605244e+14
      1864.98   1.2604266e+14
      1865.32   1.2587287e+14
      1865.67   1.2524508e+14
      1866.02   1.2438556e+14
      1866.37   1.2377784e+14
      1866.72   1.2348226e+14
      1867.06   1.2331941e+14
      1867.41   1.2338897e+14
      1867.76   1.2398995e+14
      1868.11   1.2450874e+14
      1868.46   1.2482887e+14
      1868.81   1.2534021e+14
      1869.16   1.2594316e+14
      1869.51   1.2610897e+14
      1869.86   1.2589598e+14
      1870.21   1.2560254e+14
      1870.56   1.2532811e+14
      1870.91   1.2500140e+14
      1871.26   1.2453152e+14
      1871.61   1.2377507e+14
      1871.96   1.2262174e+14
      1872.31   1.2166254e+14
      1872.66   1.2110020e+14
      1873.01   1.2053604e+14
      1873.36   1.1996833e+14
      1873.71   1.1947683e+14
      1874.06   1.1807806e+14
      1874.41   1.1487300e+14
      1874.77   1.1030920e+14
      1875.12   1.0639399e+14
      1875.47   1.0447557e+14
      1875.82   1.0456269e+14
      1876.17   1.0693187e+14
      1876.53   1.1130409e+14
      1876.88   1.1559351e+14
      1877.23   1.1836824e+14
      1877.58   1.1997308e+14
      1877.93   1.2101587e+14
      1878.29   1.2172969e+14
      1878.64   1.2213701e+14
      1878.99   1.2217636e+14
      1879.35   1.2207280e+14
      1879.70   1.2201201e+14
      1880.05   1.2215393e+14
      1880.41   1.2256233e+14
      1880.76   1.2322851e+14
      1881.11   1.2383345e+14
      1881.47   1.2410812e+14
      1881.82   1.2402977e+14
      1882.18   1.2387219e+14
      1882.53   1.2380267e+14
      1882.89   1.2378813e+14
      1883.24   1.2380667e+14
      1883.59   1.2384386e+14
      1883.95   1.2368294e+14
      1884.30   1.2328503e+14
      1884.66   1.2298165e+14
      1885.01   1.2235642e+14
      1885.37   1.2123351e+14
      1885.72   1.2079231e+14
      1886.08   1.2112467e+14
      1886.44   1.2150650e+14
      1886.79   1.2220326e+14
      1887.15   1.2322100e+14
      1887.51   1.2365029e+14
      1887.86   1.2356216e+14
      1888.22   1.2334689e+14
      1888.57   1.2307477e+14
      1888.93   1.2272646e+14
      1889.29   1.2204168e+14
      1889.64   1.2100735e+14
      1890.00   1.2051582e+14
      1890.36   1.2064604e+14
      1890.72   1.2082742e+14
      1891.07   1.2088065e+14
      1891.43   1.2110916e+14
      1891.79   1.2076820e+14
      1892.15   1.1967327e+14
      1892.51   1.1856825e+14
      1892.86   1.1820153e+14
      1893.22   1.1845330e+14
      1893.58   1.1887165e+14
      1893.94   1.1922835e+14
      1894.30   1.1963152e+14
      1894.66   1.1988857e+14
      1895.02   1.1933672e+14
      1895.38   1.1826997e+14
      1895.73   1.1738404e+14
      1896.09   1.1681729e+14
      1896.45   1.1664794e+14
      1896.81   1.1691764e+14
      1897.17   1.1770001e+14
      1897.53   1.1881059e+14
      1897.89   1.1978083e+14
      1898.25   1.1980323e+14
      1898.61   1.1931588e+14
      1898.97   1.1908811e+14
      1899.33   1.1890753e+14
      1899.70   1.1889307e+14
      1900.06   1.1946201e+14
      1900.42   1.2036778e+14
      1900.78   1.2090546e+14
      1901.14   1.2122898e+14
      1901.50   1.2132828e+14
      1901.86   1.2120666e+14
      1902.23   1.2086467e+14
      1902.59   1.2003703e+14
      1902.95   1.1906453e+14
      1903.31   1.1859533e+14
      1903.67   1.1847132e+14
      1904.04   1.1845177e+14
      1904.40   1.1871329e+14
      1904.76   1.1919306e+14
      1905.12   1.1938696e+14
      1905.49   1.1929736e+14
      1905.85   1.1925919e+14
      1906.21   1.1943607e+14
      1906.58   1.1947482e+14
      1906.94   1.1917001e+14
      1907.31   1.1873095e+14
      1907.67   1.1836371e+14
      1908.03   1.1813465e+14
      1908.40   1.1814288e+14
      1908.76   1.1841721e+14
      1909.13   1.1879241e+14
      1909.49   1.1908414e+14
      1909.86   1.1910243e+14
      1910.22   1.1885849e+14
      1910.58   1.1839895e+14
      1910.95   1.1754005e+14
      1911.31   1.1664062e+14
      1911.68   1.1635751e+14
      1912.05   1.1643190e+14
      1912.41   1.1660144e+14
      1912.78   1.1727884e+14
      1913.14   1.1812640e+14
      1913.51   1.1842438e+14
      1913.88   1.1839828e+14
      1914.24   1.1843696e+14
      1914.61   1.1836565e+14
      1914.97   1.1808727e+14
      1915.34   1.1776934e+14
      1915.71   1.1760991e+14
      1916.08   1.1751368e+14
      1916.44   1.1749878e+14
      1916.81   1.1763681e+14
      1917.18   1.1776341e+14
      1917.55   1.1763593e+14
      1917.91   1.1736021e+14
      1918.28   1.1720297e+14
      1918.65   1.1691643e+14
      1919.02   1.1617870e+14
      1919.39   1.1549097e+14
      1919.75   1.1539824e+14
      1920.12   1.1548340e+14
      1920.49   1.1573419e+14
      1920.86   1.1653209e+14
      1921.23   1.1741036e+14
      1921.60   1.1770120e+14
      1921.97   1.1765579e+14
      1922.34   1.1735646e+14
      1922.71   1.1684084e+14
      1923.08   1.1659564e+14
      1923.45   1.1649886e+14
      1923.82   1.1630630e+14
      1924.19   1.1644877e+14
      1924.56   1.1690168e+14
      1924.93   1.1709554e+14
      1925.30   1.1707784e+14
      1925.67   1.1707662e+14
      1926.04   1.1701924e+14
      1926.41   1.1685936e+14
      1926.78   1.1650931e+14
      1927.15   1.1605833e+14
      1927.53   1.1579809e+14
      1927.90   1.1525497e+14
      1928.27   1.1424176e+14
      1928.64   1.1352604e+14
      1929.01   1.1362259e+14
      1929.39   1.1374159e+14
      1929.76   1.1378276e+14
      1930.13   1.1420314e+14
      1930.50   1.1441668e+14
      1930.88   1.1396191e+14
      1931.25   1.1368092e+14
      1931.62   1.1357793e+14
      1931.99   1.1322215e+14
      1932.37   1.1305437e+14
      1932.74   1.1322154e+14
      1933.11   1.1331574e+14
      1933.49   1.1369616e+14
      1933.86   1.1441851e+14
      1934.24   1.1480176e+14
      1934.61   1.1473037e+14
      1934.98   1.1469222e+14
      1935.36   1.1468599e+14
      1935.73   1.1466864e+14
      1936.11   1.1486145e+14
      1936.48   1.1527698e+14
      1936.86   1.1547504e+14
      1937.23   1.1545128e+14
      1937.61   1.1533923e+14
      1937.98   1.1484772e+14
      1938.36   1.1363028e+14
      1938.74   1.1240882e+14
      1939.11   1.1174287e+14
      1939.49   1.1154796e+14
      1939.86   1.1183368e+14
      1940.24   1.1274054e+14
      1940.62   1.1358698e+14
      1940.99   1.1381604e+14
      1941.37   1.1357224e+14
      1941.75   1.1309135e+14
      1942.12   1.1237226e+14
      1942.50   1.1125114e+14
      1942.88   1.0966923e+14
      1943.26   1.0796281e+14
      1943.64   1.0625872e+14
      1944.01   1.0421417e+14
      1944.39   1.0214009e+14
      1944.77   1.0085354e+14
      1945.15   1.0025445e+14
      1945.53   1.0079054e+14
      1945.90   1.0265885e+14
      1946.28   1.0510750e+14
      1946.66   1.0726627e+14
      1947.04   1.0919290e+14
      1947.42   1.1039166e+14
      1947.80   1.1105149e+14
      1948.18   1.1156914e+14
      1948.56   1.1178380e+14
      1948.94   1.1145495e+14
      1949.32   1.1121397e+14
      1949.70   1.1115807e+14
      1950.08   1.1052071e+14
      1950.46   1.0922713e+14
      1950.84   1.0869586e+14
      1951.22   1.0863294e+14
      1951.60   1.0868813e+14
      1951.98   1.0945508e+14
      1952.36   1.1118046e+14
      1952.74   1.1251384e+14
      1953.12   1.1311376e+14
      1953.51   1.1330625e+14
      1953.89   1.1338131e+14
      1954.27   1.1344805e+14
      1954.65   1.1332685e+14
      1955.03   1.1300317e+14
      1955.42   1.1281724e+14
      1955.80   1.1274451e+14
      1956.18   1.1261217e+14
      1956.56   1.1249151e+14
      1956.95   1.1261184e+14
      1957.33   1.1267510e+14
      1957.71   1.1257374e+14
      1958.10   1.1245639e+14
      1958.48   1.1241880e+14
      1958.86   1.1221985e+14
      1959.25   1.1203007e+14
      1959.63   1.1194869e+14
      1960.02   1.1192780e+14
      1960.40   1.1194140e+14
      1960.78   1.1180609e+14
      1961.17   1.1132076e+14
      1961.55   1.1103638e+14
      1961.94   1.1067440e+14
      1962.32   1.0983840e+14
      1962.71   1.0928337e+14
      1963.09   1.0909272e+14
      1963.48   1.0855330e+14
      1963.86   1.0842905e+14
      1964.25   1.0898215e+14
      1964.64   1.0943517e+14
      1965.02   1.0963051e+14
      1965.41   1.0989021e+14
      1965.80   1.0980349e+14
      1966.18   1.0968808e+14
      1966.57   1.0978682e+14
      1966.95   1.1012860e+14
      1967.34   1.1050934e+14
      1967.73   1.1080412e+14
      1968.12   1.1072426e+14
      1968.50   1.1053880e+14
      1968.89   1.1042164e+14
      1969.28   1.1033911e+14
      1969.67   1.1036044e+14
      1970.06   1.1048401e+14
      1970.44   1.1045465e+14
      1970.83   1.1027406e+14
      1971.22   1.0995468e+14
      1971.61   1.0900448e+14
      1972.00   1.0746363e+14
      1972.39   1.0665807e+14
      1972.78   1.0621853e+14
      1973.17   1.0572043e+14
      1973.55   1.0610990e+14
      1973.94   1.0736127e+14
      1974.33   1.0797474e+14
      1974.72   1.0826242e+14
      1975.11   1.0873633e+14
      1975.50   1.0889520e+14
      1975.89   1.0875502e+14
      1976.28   1.0865125e+14
      1976.68   1.0850247e+14
      1977.07   1.0773306e+14
      1977.46   1.0630359e+14
      1977.85   1.0571236e+14
      1978.24   1.0563158e+14
      1978.63   1.0540742e+14
      1979.02   1.0543684e+14
      1979.41   1.0639500e+14
      1979.81   1.0664206e+14
      1980.20   1.0623275e+14
      1980.59   1.0618256e+14
      1980.98   1.0663364e+14
      1981.38   1.0684012e+14
      1981.77   1.0705268e+14
      1982.16   1.0734778e+14
      1982.55   1.0751624e+14
      1982.95   1.0742294e+14
      1983.34   1.0712965e+14
      1983.73   1.0688556e+14
      1984.13   1.0666439e+14
      1984.52   1.0617757e+14
      1984.92   1.0556793e+14
      1985.31   1.0542155e+14
      1985.70   1.0509523e+14
      1986.10   1.0455583e+14
      1986.49   1.0468849e+14
      1986.89   1.0533929e+14
      1987.28   1.0577815e+14
      1987.68   1.0632033e+14
      1988.07   1.0702224e+14
      1988.47   1.0727405e+14
      1988.86   1.0723164e+14
      1989.26   1.0717219e+14
      1989.65   1.0712210e+14
      1990.05   1.0707199e+14
      1990.45   1.0701672e+14
      1990.84   1.0690165e+14
      1991.24   1.0661233e+14
      1991.64   1.0616566e+14
      1992.03   1.0563000e+14
      1992.43   1.0496677e+14
      1992.83   1.0421437e+14
      1993.22   1.0364634e+14
      1993.62   1.0365268e+14
      1994.02   1.0397128e+14
      1994.42   1.0445338e+14
      1994.81   1.0507080e+14
      1995.21   1.0568924e+14
      1995.61   1.0575816e+14
      1996.01   1.0540752e+14
      1996.41   1.0506785e+14
      1996.81   1.0452766e+14
      1997.20   1.0394094e+14
      1997.60   1.0382787e+14
      1998.00   1.0407041e+14
      1998.40   1.0429078e+14
      1998.80   1.0474023e+14
      1999.20   1.0525326e+14
      1999.60   1.0542601e+14
      2000.00   1.0540062e+14
      2000.40   1.0532887e+14
      2000.80   1.0529999e+14
      2001.20   1.0525053e+14
      2001.60   1.0504471e+14
      2002.00   1.0461895e+14
      2002.40   1.0426602e+14
      2002.80   1.0391809e+14
      2003.20   1.0352272e+14
      2003.61   1.0342556e+14
      2004.01   1.0372038e+14
      2004.41   1.0387001e+14
      2004.81   1.0368680e+14
      2005.21   1.0360021e+14
      2005.62   1.0360519e+14
      2006.02   1.0357574e+14
      2006.42   1.0369269e+14
      2006.82   1.0411962e+14
      2007.23   1.0447788e+14
      2007.63   1.0455284e+14
      2008.03   1.0446928e+14
      2008.44   1.0434435e+14
      2008.84   1.0425295e+14
      2009.24   1.0417619e+14
      2009.65   1.0411660e+14
      2010.05   1.0406220e+14
      2010.45   1.0401553e+14
      2010.86   1.0394818e+14
      2011.26   1.0387555e+14
      2011.67   1.0378568e+14
      2012.07   1.0375875e+14
      2012.48   1.0374566e+14
      2012.88   1.0363841e+14
      2013.29   1.0340932e+14
      2013.69   1.0327429e+14
      2014.10   1.0320838e+14
      2014.50   1.0316920e+14
      2014.91   1.0321044e+14
      2015.32   1.0334537e+14
      2015.72   1.0334753e+14
      2016.13   1.0325104e+14
      2016.54   1.0315107e+14
      2016.94   1.0308133e+14
      2017.35   1.0304276e+14
      2017.76   1.0303534e+14
      2018.16   1.0303742e+14
      2018.57   1.0302570e+14
      2018.98   1.0291516e+14
      2019.39   1.0254639e+14
      2019.79   1.0185594e+14
      2020.20   1.0097973e+14
      2020.61   1.0024277e+14
      2021.02   9.9933943e+13
      2021.43   9.9917220e+13
      2021.84   1.0025620e+14
      2022.24   1.0093107e+14
      2022.65   1.0154285e+14
      2023.06   1.0176773e+14
      2023.47   1.0177392e+14
      2023.88   1.0159695e+14
      2024.29   1.0143639e+14
      2024.70   1.0133739e+14
      2025.11   1.0126217e+14
      2025.52   1.0135200e+14
      2025.93   1.0154619e+14
      2026.34   1.0157437e+14
      2026.75   1.0154348e+14
      2027.16   1.0151428e+14
      2027.57   1.0130939e+14
      2027.99   1.0094692e+14
      2028.40   1.0072707e+14
      2028.81   1.0031383e+14
      2029.22   9.9637576e+13
      2029.63   9.9175239e+13
      2030.05   9.8905176e+13
      2030.46   9.8833584e+13
      2030.87   9.9045982e+13
      2031.28   9.9580943e+13
      2031.69   1.0012825e+14
      2032.11   1.0067671e+14
      2032.52   1.0088181e+14
      2032.93   1.0094049e+14
      2033.35   1.0091026e+14
      2033.76   1.0048996e+14
      2034.17   9.9573008e+13
      2034.59   9.8978614e+13
      2035.00   9.8797767e+13
      2035.42   9.8772993e+13
      2035.83   9.9108088e+13
      2036.24   9.9907989e+13
      2036.66   1.0018929e+14
      2037.07   9.9616846e+13
      2037.49   9.8465470e+13
      2037.91   9.7733257e+13
      2038.32   9.7500126e+13
      2038.74   9.7521359e+13
      2039.15   9.8089464e+13
      2039.57   9.9209996e+13
      2039.98   9.9861853e+13
      2040.40   9.9876638e+13
      2040.82   9.9702287e+13
      2041.23   9.9576064e+13
      2041.65   9.9490081e+13
      2042.07   9.9447858e+13
      2042.48   9.9544088e+13
      2042.90   9.9761319e+13
      2043.32   9.9849749e+13
      2043.74   9.9824247e+13
      2044.15   9.9768033e+13
      2044.57   9.9742485e+13
      2044.99   9.9721308e+13
      2045.41   9.9674905e+13
      2045.83   9.9633678e+13
      2046.24   9.9554723e+13
      2046.66   9.9352767e+13
      2047.08   9.9116483e+13
      2047.50   9.8995174e+13
      2047.92   9.8948531e+13
      2048.34   9.8945834e+13
      2048.76   9.9004618e+13
      2049.18   9.9081934e+13
      2049.60   9.8969316e+13
      2050.02   9.8794236e+13
      2050.44   9.8665650e+13
      2050.86   9.8523825e+13
      2051.28   9.8285155e+13
      2051.70   9.7940744e+13
      2052.12   9.7676330e+13
      2052.54   9.7543007e+13
      2052.97   9.7485439e+13
      2053.39   9.7495610e+13
      2053.81   9.7766669e+13
      2054.23   9.8016660e+13
      2054.65   9.8103679e+13
      2055.08   9.8116686e+13
      2055.50   9.8138748e+13
      2055.92   9.8099097e+13
      2056.34   9.8037369e+13
      2056.77   9.7985324e+13
      2057.19   9.7871460e+13
      2057.61   9.7658687e+13
      2058.04   9.7579182e+13
      2058.46   9.7516370e+13
      2058.88   9.7422652e+13
      2059.31   9.7320956e+13
      2059.73   9.6989444e+13
      2060.16   9.6295452e+13
      2060.58   9.5963653e+13
      2061.01   9.5923476e+13
      2061.43   9.6020340e+13
      2061.85   9.6426772e+13
      2062.28   9.6646778e+13
      2062.71   9.5728025e+13
      2063.13   9.4813366e+13
      2063.56   9.4480801e+13
      2063.98   9.4387973e+13
      2064.41   9.4732614e+13
      2064.84   9.5818781e+13
      2065.26   9.6663853e+13
      2065.69   9.6873012e+13
      2066.12   9.6881945e+13
      2066.54   9.6820844e+13
      2066.97   9.6646205e+13
      2067.40   9.6470593e+13
      2067.82   9.6401394e+13
      2068.25   9.6370263e+13
      2068.68   9.6336500e+13
      2069.11   9.6088773e+13
      2069.54   9.5401438e+13
      2069.97   9.5026450e+13
      2070.39   9.4880405e+13
      2070.82   9.4723663e+13
      2071.25   9.4783684e+13
      2071.68   9.5401023e+13
      2072.11   9.5711905e+13
      2072.54   9.5786441e+13
      2072.97   9.5909020e+13
      2073.40   9.6117887e+13
      2073.83   9.6205871e+13
      2074.26   9.6185364e+13
      2074.69   9.6142519e+13
      2075.12   9.6096626e+13
      2075.55   9.6031168e+13
      2075.98   9.5948726e+13
      2076.41   9.5867151e+13
      2076.84   9.5802452e+13
      2077.27   9.5737762e+13
      2077.71   9.5673010e+13
      2078.14   9.5494105e+13
      2078.57   9.5079672e+13
      2079.00   9.4787264e+13
      2079.43   9.4541143e+13
      2079.87   9.4253881e+13
      2080.30   9.4143244e+13
      2080.73   9.4353925e+13
      2081.17   9.4456729e+13
      2081.60   9.4472874e+13
      2082.03   9.4425584e+13
      2082.47   9.4106671e+13
      2082.90   9.3714265e+13
      2083.33   9.3478194e+13
      2083.77   9.3355564e+13
      2084.20   9.3441295e+13
      2084.64   9.3793576e+13
      2085.07   9.4114486e+13
      2085.51   9.4316072e+13
      2085.94   9.4438053e+13
      2086.38   9.4413275e+13
      2086.81   9.4390270e+13
      2087.25   9.4391472e+13
      2087.68   9.4316518e+13
      2088.12   9.4243320e+13
      2088.55   9.4211314e+13
      2088.99   9.4154194e+13
      2089.43   9.4121248e+13
      2089.86   9.4047071e+13
      2090.30   9.3828481e+13
      2090.74   9.3542531e+13
      2091.18   9.2868908e+13
      2091.61   9.2018288e+13
      2092.05   9.1620513e+13
      2092.49   9.1487416e+13
      2092.93   9.1571542e+13
      2093.36   9.1952920e+13
      2093.80   9.2293118e+13
      2094.24   9.2314579e+13
      2094.68   9.2090739e+13
      2095.12   9.1933355e+13
      2095.56   9.1947612e+13
      2096.00   9.2116565e+13
      2096.44   9.2262150e+13
      2096.88   9.2486994e+13
      2097.31   9.2602121e+13
      2097.75   9.2619246e+13
      2098.20   9.2571614e+13
      2098.64   9.2529302e+13
      2099.08   9.2622044e+13
      2099.52   9.2598673e+13
      2099.96   9.2469857e+13
      2100.40   9.2524821e+13
      2100.84   9.2583422e+13
      2101.28   9.2560022e+13
      2101.72   9.2468015e+13
      2102.17   9.2335426e+13
      2102.61   9.2243348e+13
      2103.05   9.2189189e+13
      2103.49   9.2149377e+13
      2103.93   9.2225117e+13
      2104.38   9.2458971e+13
      2104.82   9.2596271e+13
      2105.26   9.2602173e+13
      2105.71   9.2574674e+13
      2106.15   9.2526302e+13
      2106.59   9.2450840e+13
      2107.04   9.2374428e+13
      2107.48   9.2271692e+13
      2107.93   9.2122869e+13
      2108.37   9.1810146e+13
      2108.81   9.1272871e+13
      2109.26   9.0932715e+13
      2109.71   9.0824187e+13
      2110.15   9.0809789e+13
      2110.59   9.0981073e+13
      2111.04   9.1374435e+13
      2111.49   9.1564920e+13
      2111.93   9.1490000e+13
      2112.38   9.1399570e+13
      2112.82   9.1350821e+13
      2113.27   9.1320179e+13
      2113.72   9.1299531e+13
      2114.17   9.1336945e+13
      2114.61   9.1340780e+13
      2115.06   9.1203957e+13
      2115.51   9.0872206e+13
      2115.95   9.0242399e+13
      2116.40   8.9917545e+13
      2116.85   8.9827840e+13
      2117.30   8.9813515e+13
      2117.75   9.0040983e+13
      2118.20   9.0463954e+13
      2118.64   9.0348838e+13
      2119.09   9.0038130e+13
      2119.54   8.9919226e+13
      2119.99   8.9828461e+13
      2120.44   8.9744979e+13
      2120.89   8.9776149e+13
      2121.34   8.9932054e+13
      2121.79   8.9916806e+13
      2122.24   8.9743976e+13
      2122.69   8.9544679e+13
      2123.14   8.9284208e+13
      2123.59   8.8940705e+13
      2124.04   8.8794865e+13
      2124.50   8.8835028e+13
      2124.95   8.8952662e+13
      2125.40   8.9074738e+13
      2125.85   8.9060019e+13
      2126.30   8.9030681e+13
      2126.75   8.9018705e+13
      2127.21   8.9018547e+13
      2127.66   8.9178224e+13
      2128.11   8.9466718e+13
      2128.56   8.9524228e+13
      2129.02   8.9380773e+13
      2129.47   8.9316705e+13
      2129.93   8.9305680e+13
      2130.38   8.9316531e+13
      2130.83   8.9366761e+13
      2131.29   8.9467318e+13
      2131.74   8.9462674e+13
      2132.20   8.9399512e+13
      2132.65   8.9334462e+13
      2133.11   8.9244665e+13
      2133.56   8.9154829e+13
      2134.02   8.9058537e+13
      2134.47   8.8735018e+13
      2134.93   8.8005386e+13
      2135.38   8.7646549e+13
      2135.84   8.7556139e+13
      2136.30   8.7522552e+13
      2136.75   8.7744786e+13
      2137.21   8.8412966e+13
      2137.67   8.8736428e+13
      2138.12   8.8742502e+13
      2138.58   8.8656789e+13
      2139.04   8.8599485e+13
      2139.50   8.8571578e+13
      2139.95   8.8563850e+13
      2140.41   8.8589182e+13
      2140.87   8.8657709e+13
      2141.33   8.8666556e+13
      2141.79   8.8630323e+13
      2142.25   8.8573881e+13
      2142.70   8.8488887e+13
      2143.16   8.8428693e+13
      2143.62   8.8347335e+13
      2144.08   8.8209754e+13
      2144.54   8.8070319e+13
      2145.00   8.7856244e+13
      2145.46   8.7648688e+13
      2145.92   8.7623468e+13
      2146.38   8.7749255e+13
      2146.84   8.7853012e+13
      2147.30   8.8047141e+13
      2147.77   8.8220158e+13
      2148.23   8.8225447e+13
      2148.69   8.8163355e+13
      2149.15   8.8097592e+13
      2149.61   8.8031793e+13
      2150.07   8.7970558e+13
      2150.54   8.7913963e+13
      2151.00   8.7835108e+13
      2151.46   8.7718388e+13
      2151.93   8.7522172e+13
      2152.39   8.7396999e+13
      2152.85   8.7305083e+13
      2153.32   8.7197355e+13
      2153.78   8.7146936e+13
      2154.24   8.7213017e+13
      2154.71   8.7222691e+13
      2155.17   8.7215850e+13
      2155.64   8.7232500e+13
      2156.10   8.7221382e+13
      2156.57   8.7185219e+13
      2157.03   8.7144405e+13
      2157.50   8.7097068e+13
      2157.96   8.7014498e+13
      2158.43   8.6902199e+13
      2158.90   8.6794456e+13
      2159.36   8.6688486e+13
      2159.83   8.6573134e+13
      2160.29   8.6442919e+13
      2160.76   8.6250369e+13
      2161.23   8.6027950e+13
      2161.70   8.5826756e+13
      2162.16   8.5584507e+13
      2162.63   8.5294703e+13
      2163.10   8.4982388e+13
      2163.57   8.4518173e+13
      2164.03   8.3683145e+13
      2164.50   8.2245077e+13
      2164.97   8.0144764e+13
      2165.44   7.8245562e+13
      2165.91   7.7300838e+13
      2166.38   7.7240190e+13
      2166.85   7.8063918e+13
      2167.32   7.9811471e+13
      2167.79   8.1691750e+13
      2168.26   8.2922677e+13
      2168.73   8.3622434e+13
      2169.20   8.4161024e+13
      2169.67   8.4536557e+13
      2170.14   8.4740564e+13
      2170.61   8.4841075e+13
      2171.08   8.4876307e+13
      2171.55   8.4937683e+13
      2172.02   8.4999039e+13
      2172.50   8.5004448e+13
      2172.97   8.4980927e+13
      2173.44   8.5046034e+13
      2173.91   8.5032773e+13
      2174.39   8.5006431e+13
      2174.86   8.4945531e+13
      2175.33   8.4774410e+13
      2175.80   8.4497225e+13
      2176.28   8.4399327e+13
      2176.75   8.4345254e+13
      2177.23   8.4051015e+13
      2177.70   8.3416402e+13
      2178.18   8.3337847e+13
      2178.65   8.3385445e+13
      2179.12   8.3412524e+13
      2179.60   8.3754853e+13
      2180.07   8.4548306e+13
      2180.55   8.4820806e+13
      2181.02   8.4573923e+13
      2181.50   8.3965569e+13
      2181.98   8.3679086e+13
      2182.45   8.3584475e+13
      2182.93   8.3524493e+13
      2183.41   8.3716556e+13
      2183.88   8.4245140e+13
      2184.36   8.4455218e+13
      2184.84   8.4485366e+13
      2185.31   8.4528399e+13
      2185.79   8.4526264e+13
      2186.27   8.4446294e+13
      2186.75   8.4210503e+13
      2187.23   8.3575716e+13
      2187.71   8.2698374e+13
      2188.18   8.2312722e+13
      2188.66   8.2107219e+13
      2189.14   8.1917588e+13
      2189.62   8.2277587e+13
      2190.10   8.2976152e+13
      2190.58   8.3185224e+13
      2191.06   8.3225113e+13
      2191.54   8.3386350e+13
      2192.02   8.3393363e+13
      2192.50   8.3296859e+13
      2192.98   8.3181524e+13
      2193.46   8.3077472e+13
      2193.95   8.2990258e+13
      2194.43   8.2918071e+13
      2194.91   8.2834567e+13
      2195.39   8.2742071e+13
      2195.87   8.2643334e+13
      2196.35   8.2574697e+13
      2196.84   8.2533375e+13
      2197.32   8.2492068e+13
      2197.80   8.2463941e+13
      2198.28   8.2448997e+13
      2198.77   8.2377466e+13
      2199.25   8.2301144e+13
      2199.74   8.2218207e+13
      2200.22   8.2099356e+13
      2200.70   8.1994623e+13
      2201.19   8.1930447e+13
      2201.67   8.1856828e+13
      2202.16   8.1814343e+13
      2202.64   8.1819105e+13
      2203.13   8.1830467e+13
      2203.61   8.1824843e+13
      2204.10   8.1770994e+13
      2204.58   8.1478727e+13
      2205.07   8.0755664e+13
      2205.56   7.9995201e+13
      2206.04   7.9087665e+13
      2206.53   7.8685189e+13
      2207.02   7.8654693e+13
      2207.50   7.8985988e+13
      2207.99   7.9145064e+13
      2208.48   7.9742970e+13
      2208.97   8.0049214e+13
      2209.46   8.0225708e+13
      2209.95   8.0452553e+13
      2210.43   8.0873014e+13
      2210.92   8.0993881e+13
      2211.41   8.0963881e+13
      2211.90   8.0906342e+13
      2212.39   8.0837364e+13
      2212.88   8.0762688e+13
      2213.37   8.0710773e+13
      2213.86   8.0662617e+13
      2214.35   8.0594472e+13
      2214.84   8.0481592e+13
      2215.33   8.0278879e+13
      2215.82   7.9966510e+13
      2216.31   7.9695862e+13
      2216.80   7.9573544e+13
      2217.29   7.9502585e+13
      2217.79   7.9613430e+13
      2218.28   7.9862366e+13
      2218.77   8.0060929e+13
      2219.26   8.0114772e+13
      2219.76   8.0156280e+13
      2220.25   8.0107265e+13
      2220.74   8.0003894e+13
      2221.24   7.9933851e+13
      2221.73   7.9880959e+13
      2222.22   7.9804158e+13
      2222.72   7.9734989e+13
      2223.21   7.9702987e+13
      2223.71   7.9628059e+13
      2224.20   7.9556877e+13
      2224.69   7.9396903e+13
      2225.19   7.8969901e+13
      2225.68   7.8573042e+13
      2226.18   7.8461684e+13
      2226.68   7.8388496e+13
      2227.17   7.8322879e+13
      2227.67   7.8590920e+13
      2228.16   7.8900219e+13
      2228.66   7.8960011e+13
      2229.16   7.8932737e+13
      2229.65   7.8949498e+13
      2230.15   7.8958633e+13
      2230.65   7.8885387e+13
      2231.15   7.8798745e+13
      2231.65   7.8776226e+13
      2232.14   7.8813080e+13
      2232.64   7.8803952e+13
      2233.14   7.8781421e+13
      2233.64   7.8717614e+13
      2234.14   7.8627929e+13
      2234.64   7.8544947e+13
      2235.14   7.8451198e+13
      2235.64   7.8387813e+13
      2236.14   7.8310952e+13
      2236.64   7.8177423e+13
      2237.14   7.7927650e+13
      2237.64   7.7500140e+13
      2238.14   7.7234766e+13
      2238.64   7.7077815e+13
      2239.14   7.6947707e+13
      2239.64   7.7060746e+13
      2240.14   7.7428536e+13
      2240.65   7.7594620e+13
      2241.15   7.7581819e+13
      2241.65   7.7487298e+13
      2242.15   7.7371532e+13
      2242.66   7.7227823e+13
      2243.16   7.7144685e+13
      2243.66   7.7178049e+13
      2244.17   7.7337542e+13
      2244.67   7.7387314e+13
      2245.17   7.7394466e+13
      2245.68   7.7368244e+13
      2246.18   7.7247535e+13
      2246.69   7.6942647e+13
      2247.19   7.6648190e+13
      2247.70   7.6523371e+13
      2248.20   7.6462165e+13
      2248.71   7.6443429e+13
      2249.21   7.6621606e+13
      2249.72   7.6796967e+13
      2250.23   7.6787933e+13
      2250.73   7.6746999e+13
      2251.24   7.6702212e+13
      2251.75   7.6628393e+13
      2252.25   7.6530354e+13
      2252.76   7.6321090e+13
      2253.27   7.5807949e+13
      2253.77   7.5581928e+13
      2254.28   7.5508710e+13
      2254.79   7.5377387e+13
      2255.30   7.5446578e+13
      2255.81   7.5776091e+13
      2256.32   7.5879059e+13
      2256.83   7.5918117e+13
      2257.34   7.6006609e+13
      2257.85   7.6035074e+13
      2258.36   7.6093594e+13
      2258.87   7.6105587e+13
      2259.38   7.6071025e+13
      2259.89   7.6023867e+13
      2260.40   7.5869945e+13
      2260.91   7.5628614e+13
      2261.42   7.5110540e+13
      2261.93   7.4761197e+13
      2262.44   7.4645745e+13
      2262.96   7.4709873e+13
      2263.47   7.4853753e+13
      2263.98   7.5167688e+13
      2264.49   7.5232008e+13
      2265.01   7.5161260e+13
      2265.52   7.5079882e+13
      2266.03   7.4993589e+13
      2266.55   7.5047364e+13
      2267.06   7.5174136e+13
      2267.57   7.5199700e+13
      2268.09   7.5169853e+13
      2268.60   7.5142910e+13
      2269.12   7.5109093e+13
      2269.63   7.5023654e+13
      2270.15   7.4850467e+13
      2270.66   7.4770799e+13
      2271.18   7.4767111e+13
      2271.70   7.4767321e+13
      2272.21   7.4810433e+13
      2272.73   7.4927704e+13
      2273.24   7.4866480e+13
      2273.76   7.4617840e+13
      2274.28   7.4484259e+13
      2274.79   7.4396499e+13
      2275.31   7.4346376e+13
      2275.83   7.4383199e+13
      2276.35   7.4555858e+13
      2276.87   7.4602497e+13
      2277.39   7.4584648e+13
      2277.90   7.4514007e+13
      2278.42   7.4440405e+13
      2278.94   7.4354070e+13
      2279.46   7.4218751e+13
      2279.98   7.3793765e+13
      2280.50   7.2909587e+13
      2281.02   7.2442041e+13
      2281.54   7.2189712e+13
      2282.06   7.2117482e+13
      2282.58   7.2321444e+13
      2283.10   7.3037877e+13
      2283.63   7.3317549e+13
      2284.15   7.3333706e+13
      2284.67   7.3303791e+13
      2285.19   7.3270662e+13
      2285.71   7.3240308e+13
      2286.24   7.3250171e+13
      2286.76   7.3301232e+13
      2287.28   7.3287541e+13
      2287.81   7.3292494e+13
      2288.33   7.3254281e+13
      2288.85   7.3195410e+13
      2289.38   7.3158130e+13
      2289.90   7.3094351e+13
      2290.43   7.2971595e+13
      2290.95   7.2919531e+13
      2291.48   7.2886117e+13
      2292.00   7.2728877e+13
      2292.53   7.2265957e+13
      2293.05   7.1847131e+13
      2293.58   7.1502872e+13
      2294.10   7.1176203e+13
      2294.63   7.0993013e+13
      2295.16   7.1110166e+13
      2295.68   7.1178006e+13
      2296.21   7.0979179e+13
      2296.74   7.0947622e+13
      2297.27   7.1035142e+13
      2297.79   7.1186755e+13
      2298.32   7.1385737e+13
      2298.85   7.1680444e+13
      2299.38   7.1757409e+13
      2299.91   7.1808826e+13
      2300.44   7.1798115e+13
      2300.97   7.1811111e+13
      2301.50   7.1883277e+13
      2302.03   7.1897256e+13
      2302.56   7.1843120e+13
      2303.09   7.1792898e+13
      2303.62   7.1719944e+13
      2304.15   7.1641967e+13
      2304.68   7.1628222e+13
      2305.21   7.1622628e+13
      2305.74   7.1602927e+13
      2306.27   7.1626769e+13
      2306.80   7.1597189e+13
      2307.34   7.1575500e+13
      2307.87   7.1448895e+13
      2308.40   7.1314294e+13
      2308.94   7.1226168e+13
      2309.47   7.1201395e+13
      2310.00   7.1145872e+13
      2310.54   7.1174606e+13
      2311.07   7.1233102e+13
      2311.60   7.1218223e+13
      2312.14   7.1184506e+13
      2312.67   7.1142843e+13
      2313.21   7.1049491e+13
      2313.74   7.0845967e+13
      2314.28   7.0640326e+13
      2314.81   7.0530935e+13
      2315.35   7.0415665e+13
      2315.89   7.0204368e+13
      2316.42   7.0193727e+13
      2316.96   7.0195003e+13
      2317.50   6.9989585e+13
      2318.03   6.9906351e+13
      2318.57   6.9974208e+13
      2319.11   7.0011228e+13
      2319.65   7.0090027e+13
      2320.19   7.0270268e+13
      2320.72   7.0316275e+13
      2321.26   7.0077890e+13
      2321.80   6.9301376e+13
      2322.34   6.8643067e+13
      2322.88   6.8167648e+13
      2323.42   6.7753828e+13
      2323.96   6.7543898e+13
      2324.50   6.7794633e+13
      2325.04   6.7893229e+13
      2325.58   6.7966785e+13
      2326.12   6.8105137e+13
      2326.66   6.8335247e+13
      2327.21   6.8557483e+13
      2327.75   6.8793830e+13
      2328.29   6.8897714e+13
      2328.83   6.8941808e+13
      2329.37   6.8873184e+13
      2329.92   6.8807531e+13
      2330.46   6.8755805e+13
      2331.00   6.8677079e+13
      2331.55   6.8605322e+13
      2332.09   6.8626443e+13
      2332.63   6.8640568e+13
      2333.18   6.8728665e+13
      2333.72   6.8694799e+13
      2334.27   6.8428859e+13
      2334.81   6.8280810e+13
      2335.36   6.8356330e+13
      2335.90   6.8328958e+13
      2336.45   6.8424756e+13
      2337.00   6.8529621e+13
      2337.54   6.8217644e+13
      2338.09   6.7982708e+13
      2338.63   6.7959172e+13
      2339.18   6.7901540e+13
      2339.73   6.8063604e+13
      2340.28   6.8423392e+13
      2340.82   6.8595714e+13
      2341.37   6.8582374e+13
      2341.92   6.8543906e+13
      2342.47   6.8490375e+13
      2343.02   6.8442832e+13
      2343.57   6.8352031e+13
      2344.12   6.8241069e+13
      2344.67   6.8184384e+13
      2345.22   6.8117767e+13
      2345.77   6.8068776e+13
      2346.32   6.8045928e+13
      2346.87   6.7995913e+13
      2347.42   6.7967017e+13
      2347.97   6.7951195e+13
      2348.52   6.7912215e+13
      2349.07   6.7872219e+13
      2349.62   6.7847319e+13
      2350.18   6.7732804e+13
      2350.73   6.7411879e+13
      2351.28   6.6815988e+13
      2351.83   6.6116264e+13
      2352.39   6.5597705e+13
      2352.94   6.5270388e+13
      2353.50   6.5139451e+13
      2354.05   6.5339905e+13
      2354.60   6.5691513e+13
      2355.16   6.5874502e+13
      2355.71   6.5915954e+13
      2356.27   6.5799124e+13
      2356.82   6.5736665e+13
      2357.38   6.5752857e+13
      2357.94   6.5817578e+13
      2358.49   6.5932734e+13
      2359.05   6.6172268e+13
      2359.60   6.6324045e+13
      2360.16   6.6390003e+13
      2360.72   6.6441846e+13
      2361.27   6.6393581e+13
      2361.83   6.6371622e+13
      2362.39   6.6370889e+13
      2362.95   6.6356972e+13
      2363.51   6.6272187e+13
      2364.07   6.6214641e+13
      2364.62   6.6205733e+13
      2365.19   6.6209170e+13
      2365.74   6.6197599e+13
      2366.30   6.6231700e+13
      2366.86   6.6282044e+13
      2367.42   6.6210626e+13
      2367.99   6.6165580e+13
      2368.55   6.6043331e+13
      2369.11   6.5811344e+13
      2369.67   6.5697060e+13
      2370.23   6.5670128e+13
      2370.79   6.5663506e+13
      2371.35   6.5625351e+13
      2371.92   6.5703124e+13
      2372.48   6.5446261e+13
      2373.04   6.4831154e+13
      2373.60   6.4435548e+13
      2374.17   6.4306454e+13
      2374.73   6.4314742e+13
      2375.30   6.4560991e+13
      2375.86   6.5149605e+13
      2376.43   6.5501040e+13
      2376.99   6.5555077e+13
      2377.56   6.5520485e+13
      2378.12   6.5416582e+13
      2378.69   6.5311640e+13
      2379.25   6.5211764e+13
      2379.82   6.5141426e+13
      2380.39   6.5110830e+13
      2380.95   6.5102644e+13
      2381.52   6.4787514e+13
      2382.09   6.4065370e+13
      2382.65   6.3468494e+13
      2383.22   6.2773538e+13
      2383.79   6.2105949e+13
      2384.36   6.1812691e+13
      2384.93   6.1952063e+13
      2385.50   6.1879423e+13
      2386.06   6.2085150e+13
      2386.64   6.2379927e+13
      2387.21   6.2648322e+13
      2387.77   6.2857591e+13
      2388.34   6.3203001e+13
      2388.92   6.3332831e+13
      2389.49   6.3401304e+13
      2390.06   6.3375663e+13
      2390.63   6.3362337e+13
      2391.20   6.3331531e+13
      2391.77   6.3163428e+13
      2392.34   6.3064896e+13
      2392.92   6.3079116e+13
      2393.49   6.3020510e+13
      2394.06   6.2994679e+13
      2394.64   6.3051964e+13
      2395.21   6.3080758e+13
      2395.78   6.3006798e+13
      2396.36   6.3031404e+13
      2396.93   6.2981029e+13
      2397.51   6.3034444e+13