Solar Flux predicition from Claire et al, 2012
Computed for -1.00000 Ga and 1.00000 AU
wavelength (nm)   flux (photons/cm^2/s/nm)
     0.500000       1407917.7
      1.50000       2815663.1
      2.50000       75262379.
      3.50000       68798446.
      4.50000   1.2251034e+08
      5.50000   2.5762028e+08
      6.50000   2.7107404e+08
      7.50000   3.2865435e+08
      8.50000   2.2720536e+08
      9.50000   2.8526415e+08
      10.5000   1.0961532e+08
      11.5000       86122049.
      12.5000       58709315.
      13.5000       61247052.
      14.5000   2.0920318e+08
      15.5000   2.6999659e+08
      16.5000   3.9122204e+08
      17.5000   1.8411238e+09
      18.5000   9.7264293e+08
      19.5000   1.0569570e+09
      20.5000   5.3922612e+08
      21.5000   4.3749151e+08
      22.5000   6.4360216e+08
      23.5000   3.3762969e+08
      24.5000   8.8539473e+08
      25.5000   1.5241237e+09
      26.5000   5.2910168e+08
      27.5000   9.6633318e+08
      28.5000   1.0634481e+09
      29.5000   3.6355620e+08
      30.5000   7.5529195e+09
      31.5000   1.6030403e+09
      32.5000   2.2991949e+09
      33.5000   2.3297685e+09
      34.5000   1.0268780e+09
      35.5000   9.0996850e+08
      36.5000   1.0767124e+09
      37.5000   2.1526748e+08
      38.5000       94861951.
      39.5000       96837050.
      40.5000   1.6668726e+08
      41.5000   3.3547022e+08
      42.5000       85060800.
      43.5000   2.0316184e+08
      44.5000       81631085.
      45.5000       93487807.
      46.5000   3.4573911e+08
      47.5000   1.4038476e+08
      48.5000   2.3893698e+08
      49.5000   8.6910224e+08
      50.5000   3.6162318e+08
      51.5000   1.2650804e+08
      52.5000   2.2746333e+08
      53.5000   1.7100264e+08
      54.5000   1.1239629e+08
      55.5000   5.1303311e+08
      56.5000   1.5939649e+08
      57.5000   1.6177642e+08
      58.5000   9.3320508e+08
      59.5000   1.9827383e+08
      60.5000   8.3008741e+08
      61.5000   2.5683971e+08
      62.5000   1.1345861e+09
      63.5000   2.9208987e+08
      64.5000       67761755.
      65.5000       54395728.
      66.5000       49004423.
      67.5000       51077890.
      68.5000   1.7898737e+08
      69.5000   1.3483867e+08
      70.5000   3.5771715e+08
      71.5000   1.5909992e+08
      72.5000   1.2190940e+08
      73.5000   1.6118240e+08
      74.5000   2.0152239e+08
      75.5000   3.1125757e+08
      76.5000   7.9569579e+08
      77.5000   7.4355604e+08
      78.5000   1.0504852e+09
      79.5000   4.9769367e+08
      80.5000   5.2242343e+08
      81.5000   6.0157338e+08
      82.5000   9.0086011e+08
      83.5000   1.5478686e+09
      84.5000   1.1481196e+09
      85.5000   1.2949001e+09
      86.5000   1.3901596e+09
      87.5000   1.6753936e+09
      88.5000   1.9386040e+09
      89.5000   2.3868960e+09
      90.5000   2.8451819e+09
      91.5000   2.2009110e+09
      92.5000   7.9516434e+08
      93.5000   7.0414441e+08
      94.5000   5.0796512e+08
      95.5000   2.9570431e+08
      96.5000   3.1100874e+08
      97.5000   5.5084121e+09
      98.5000   6.4779754e+08
      99.5000   1.0106127e+09
      100.500   4.1390756e+08
      101.500   4.8357159e+08
      102.500   4.0432071e+09
      103.500   4.4010150e+09
      104.500   6.8908265e+08
      105.500   5.8959367e+08
      106.500   5.6715978e+08
      107.500   6.0813151e+08
      108.500   1.0305457e+09
      109.500   7.0050429e+08
      110.500   7.5451964e+08
      111.500   6.9152334e+08
      112.500   7.7120447e+08
      113.500   6.0011116e+08
      114.500   4.1001741e+08
      115.500   6.8017891e+08
      116.500   7.7641858e+08
      117.500   3.1235474e+09
      118.500   8.9063517e+08
      119.500   3.0138860e+09
      119.750   2.9177872e+09
      119.800   3.0501624e+09
      119.850   3.2115496e+09
      119.900   3.3618464e+09
      119.950   3.4555204e+09
      120.000   3.4565975e+09
      120.050   3.3649478e+09
      120.100   3.2040360e+09
      120.150   3.0252690e+09
      120.200   2.8817589e+09
      120.250   2.8465861e+09
      120.300   3.1928199e+09
      120.350   4.4482713e+09
      120.400   7.0766669e+09
      120.450   1.1141788e+10
      120.500   1.5113482e+10
      120.550   1.9576526e+10
      120.600   2.2515028e+10
      120.650   2.2943163e+10
      120.700   2.0691225e+10
      120.750   1.7743892e+10
      120.800   1.2639143e+10
      120.850   8.6741988e+09
      120.900   6.0686419e+09
      120.950   4.9726375e+09
      121.000   5.0418262e+09
      121.050   5.8117599e+09
      121.100   7.3377980e+09
      121.150   1.1691341e+10
      121.200   2.9248355e+10
      121.250   8.7876615e+10
      121.300   2.2468383e+11
      121.350   4.5596750e+11
      121.400   7.6105454e+11
      121.450   1.0855462e+12
      121.500   1.3450179e+12
      121.550   1.4517728e+12
      121.600   1.3700301e+12
      121.650   1.1314438e+12
      121.700   8.1610142e+11
      121.750   5.0725451e+11
      121.800   2.6690087e+11
      121.850   1.1865356e+11
      121.900   4.8301006e+10
      121.950   2.2327732e+10
      122.000   1.3191076e+10
      122.050   9.0909096e+09
      122.100   6.7209612e+09
      122.150   5.3165362e+09
      122.200   4.4517455e+09
      122.250   3.8650278e+09
      122.300   3.4375792e+09
      122.350   3.1140073e+09
      122.400   2.8607531e+09
      122.450   2.7258270e+09
      122.500   2.5664340e+09
      122.550   2.4502268e+09
      122.600   2.3739722e+09
      122.650   2.3256471e+09
      122.700   2.2921070e+09
      122.750   2.2634810e+09
      122.800   2.2238327e+09
      122.850   2.1654464e+09
      122.900   2.0948999e+09
      122.950   2.0132776e+09
      123.000   1.9260721e+09
      123.050   1.8453986e+09
      123.100   1.7817406e+09
      123.150   1.7356730e+09
      123.200   1.7061160e+09
      123.250   1.6897804e+09
      123.300   1.6789522e+09
      123.350   1.6697710e+09
      123.400   1.6572642e+09
      123.450   1.6381087e+09
      123.500   1.6344276e+09
      123.550   1.7015962e+09
      123.600   1.9022900e+09
      123.650   2.2610693e+09
      123.700   2.7714976e+09
      123.750   3.3478255e+09
      123.800   3.8237019e+09
      123.850   4.0407980e+09
      123.900   3.9582242e+09
      123.950   3.6244617e+09
      124.000   3.1842354e+09
      124.050   2.8281304e+09
      124.100   2.6708618e+09
      124.150   2.6937773e+09
      124.200   2.7907689e+09
      124.250   2.8332547e+09
      124.300   2.7247439e+09
      124.350   2.4538799e+09
      124.400   2.0979810e+09
      124.450   1.7607339e+09
      124.500   1.5102808e+09
      124.550   1.3646144e+09
      124.600   1.3093468e+09
      124.650   1.3032286e+09
      124.700   1.3038162e+09
      124.750   1.2971294e+09
      124.800   1.2893163e+09
      124.850   1.2870967e+09
      124.900   1.2960815e+09
      124.950   1.3123617e+09
      125.000   1.3213651e+09
      125.050   1.3242040e+09
      125.100   1.3354652e+09
      125.150   1.3624611e+09
      125.200   1.4209449e+09
      125.250   1.5171425e+09
      125.300   1.6224237e+09
      125.350   1.7052941e+09
      125.400   1.7533405e+09
      125.450   1.7603212e+09
      125.500   1.7374490e+09
      125.550   1.7139918e+09
      125.600   1.7108126e+09
      125.650   1.7471194e+09
      125.700   1.8494911e+09
      125.750   2.0372142e+09
      125.800   2.3217010e+09
      125.850   2.6804753e+09
      125.900   3.0423967e+09
      125.950   3.3039550e+09
      126.000   3.3846577e+09
      126.050   3.2401017e+09
      126.100   2.8864111e+09
      126.150   2.4519379e+09
      126.200   2.1554027e+09
      126.250   2.1869911e+09
      126.300   2.6038842e+09
      126.350   3.3248524e+09
      126.400   4.1418736e+09
      126.450   4.7596226e+09
      126.500   4.9152183e+09
      126.550   4.5568611e+09
      126.600   3.8397524e+09
      126.650   2.9848302e+09
      126.700   2.1929236e+09
      126.750   1.6082512e+09
      126.800   1.2624369e+09
      126.850   1.0959284e+09
      126.900   1.0256786e+09
      126.950   1.0027348e+09
      127.000   1.0026087e+09
      127.050   1.0064807e+09
      127.100   1.0017838e+09
      127.150   9.9136521e+08
      127.200   9.9409225e+08
      127.250   1.0277219e+09
      127.300   1.1060345e+09
      127.350   1.2290893e+09
      127.400   1.3803291e+09
      127.450   1.5288360e+09
      127.500   1.6574014e+09
      127.550   1.7539502e+09
      127.600   1.8081073e+09
      127.650   1.8284307e+09
      127.700   1.8280889e+09
      127.750   1.8064801e+09
      127.800   1.7727763e+09
      127.850   1.7396172e+09
      127.900   1.7012487e+09
      127.950   1.6455724e+09
      128.000   1.5656531e+09
      128.050   1.4539672e+09
      128.100   1.3139320e+09
      128.150   1.1680049e+09
      128.200   1.0392605e+09
      128.250   9.4215392e+08
      128.300   8.8481286e+08
      128.350   8.5746704e+08
      128.400   8.4339217e+08
      128.450   8.3740122e+08
      128.500   8.4529033e+08
      128.550   8.8328493e+08
      128.600   9.6358529e+08
      128.650   1.0920402e+09
      128.700   1.2565418e+09
      128.750   1.4275656e+09
      128.800   1.5616128e+09
      128.850   1.6272958e+09
      128.900   1.6163962e+09
      128.950   1.5334606e+09
      129.000   1.4045440e+09
      129.050   1.2644682e+09
      129.100   1.1376466e+09
      129.150   1.0403892e+09
      129.200   9.8612385e+08
      129.250   9.8422512e+08
      129.300   1.0335964e+09
      129.350   1.1319733e+09
      129.400   1.2648410e+09
      129.450   1.4036585e+09
      129.500   1.5157485e+09
      129.550   1.5841427e+09
      129.600   1.6111204e+09
      129.650   1.6135754e+09
      129.700   1.6242176e+09
      129.750   1.6723037e+09
      129.800   1.7660753e+09
      129.850   1.9383763e+09
      129.900   2.3333885e+09
      129.950   3.1986712e+09
      130.000   4.6749386e+09
      130.050   6.5917419e+09
      130.100   8.6363510e+09
      130.150   1.0483164e+10
      130.200   1.1844188e+10
      130.250   1.2730537e+10
      130.300   1.3038764e+10
      130.350   1.4366150e+10
      130.400   1.6156156e+10
      130.450   1.7908110e+10
      130.500   1.8900862e+10
      130.550   1.9384059e+10
      130.600   1.7388975e+10
      130.650   1.4148287e+10
      130.700   1.0545033e+10
      130.750   7.4578777e+09
      130.800   5.3012782e+09
      130.850   4.0740812e+09
      130.900   3.5287719e+09
      130.950   3.2950610e+09
      131.000   3.0806598e+09
      131.050   2.8033680e+09
      131.100   2.4879603e+09
      131.150   2.1864886e+09
      131.200   1.9356962e+09
      131.250   1.7451290e+09
      131.300   1.5958952e+09
      131.350   1.4868620e+09
      131.400   1.4352881e+09
      131.450   1.4483713e+09
      131.500   1.5155058e+09
      131.550   1.6230965e+09
      131.600   1.7408836e+09
      131.650   1.8332025e+09
      131.700   1.8910979e+09
      131.750   1.9210716e+09
      131.800   1.9111794e+09
      131.850   1.8512447e+09
      131.900   1.7435861e+09
      131.950   1.5952967e+09
      132.000   1.4242159e+09
      132.050   1.2702913e+09
      132.100   1.1717474e+09
      132.150   1.1441822e+09
      132.200   1.1787255e+09
      132.250   1.2485614e+09
      132.300   1.3202506e+09
      132.350   1.3644837e+09
      132.400   1.3722485e+09
      132.450   1.3518804e+09
      132.500   1.3219111e+09
      132.550   1.2979079e+09
      132.600   1.3014595e+09
      132.650   1.3565906e+09
      132.700   1.4705670e+09
      132.750   1.6338602e+09
      132.800   1.8165081e+09
      132.850   1.9734789e+09
      132.900   2.0530522e+09
      132.950   2.0304775e+09
      133.000   1.9122410e+09
      133.050   1.7523803e+09
      133.100   1.7519222e+09
      133.150   2.4892696e+09
      133.200   4.6854091e+09
      133.250   8.9034101e+09
      133.300   1.5504670e+10
      133.350   2.3951655e+10
      133.400   3.0873094e+10
      133.450   3.6720550e+10
      133.500   3.8924308e+10
      133.550   3.6598172e+10
      133.600   3.0319567e+10
      133.650   2.3190113e+10
      133.700   1.4903877e+10
      133.750   8.3540674e+09
      133.800   4.1527620e+09
      133.850   2.0957397e+09
      133.900   1.4001758e+09
      133.950   1.2600853e+09
      134.000   1.2478789e+09
      134.050   1.2605448e+09
      134.100   1.2829357e+09
      134.150   1.2992709e+09
      134.200   1.3101504e+09
      134.250   1.3125277e+09
      134.300   1.3070001e+09
      134.350   1.3032928e+09
      134.400   1.3074949e+09
      134.450   1.3104824e+09
      134.500   1.3152996e+09
      134.550   1.3286531e+09
      134.600   1.3450661e+09
      134.650   1.3602724e+09
      134.700   1.3803732e+09
      134.750   1.4059850e+09
      134.800   1.4438330e+09
      134.850   1.5287608e+09
      134.900   1.6858895e+09
      134.950   1.9195912e+09
      135.000   2.2122203e+09
      135.050   2.5008106e+09
      135.100   2.6959605e+09
      135.150   2.7454845e+09
      135.200   2.6602302e+09
      135.250   2.5313755e+09
      135.300   2.4858245e+09
      135.350   2.6126524e+09
      135.400   2.9292633e+09
      135.450   3.3474660e+09
      135.500   3.7107258e+09
      135.550   3.9003526e+09
      135.600   3.8823097e+09
      135.650   3.6932442e+09
      135.700   3.4449421e+09
      135.750   3.2247509e+09
      135.800   3.0554944e+09
      135.850   2.9267619e+09
      135.900   2.7991534e+09
      135.950   2.6344373e+09
      136.000   2.4627962e+09
      136.050   2.2879252e+09
      136.100   2.1301960e+09
      136.150   2.0347226e+09
      136.200   1.9898421e+09
      136.250   1.9912900e+09
      136.300   2.0026342e+09
      136.350   2.0152248e+09
      136.400   1.9913043e+09
      136.450   1.9450704e+09
      136.500   1.8839291e+09
      136.550   1.8363713e+09
      136.600   1.8005538e+09
      136.650   1.7975808e+09
      136.700   1.8200471e+09
      136.750   1.8779171e+09
      136.800   1.9538452e+09
      136.850   2.0422622e+09
      136.900   2.1332382e+09
      136.950   2.2323730e+09
      137.000   2.3154152e+09
      137.050   2.3742540e+09
      137.100   2.3976522e+09
      137.150   2.3924174e+09
      137.200   2.3522828e+09
      137.250   2.2846856e+09
      137.300   2.1939572e+09
      137.350   2.1006574e+09
      137.400   2.0153934e+09
      137.450   1.9481663e+09
      137.500   1.8940012e+09
      137.550   1.8629130e+09
      137.600   1.8493039e+09
      137.650   1.8581986e+09
      137.700   1.8852459e+09
      137.750   1.9292159e+09
      137.800   1.9857459e+09
      137.850   2.0611166e+09
      137.900   2.1290275e+09
      137.950   2.1894704e+09
      138.000   2.2374173e+09
      138.050   2.2634401e+09
      138.100   2.2537006e+09
      138.150   2.2232272e+09
      138.200   2.1757645e+09
      138.250   2.1232337e+09
      138.300   2.0756893e+09
      138.350   2.0450902e+09
      138.400   2.0289392e+09
      138.450   2.0360693e+09
      138.500   2.0620998e+09
      138.550   2.1039036e+09
      138.600   2.1507840e+09
      138.650   2.2014857e+09
      138.700   2.2408727e+09
      138.750   2.2701934e+09
      138.800   2.2768074e+09
      138.850   2.2739510e+09
      138.900   2.2622448e+09
      138.950   2.2568504e+09
      139.000   2.3810989e+09
      139.050   2.9110021e+09
      139.100   4.1147953e+09
      139.150   6.0863866e+09
      139.200   8.6278095e+09
      139.250   1.1204264e+10
      139.300   1.3218577e+10
      139.350   1.4188031e+10
      139.400   1.3857542e+10
      139.450   1.2288993e+10
      139.500   1.0007936e+10
      139.550   7.6043085e+09
      139.600   5.5145795e+09
      139.650   3.9661151e+09
      139.700   3.0880639e+09
      139.750   2.7921629e+09
      139.800   2.8480466e+09
      139.850   3.0370742e+09
      139.900   3.0575486e+09
      139.950   3.5560997e+09
      140.000   4.3303068e+09
      140.050   5.3624154e+09
      140.100   6.5699937e+09
      140.150   8.4395637e+09
      140.200   9.2987911e+09
      140.250   9.6156380e+09
      140.300   9.3191343e+09
      140.350   8.4596874e+09
      140.400   7.2924861e+09
      140.450   6.0827387e+09
      140.500   5.0243775e+09
      140.550   4.2110969e+09
      140.600   3.6726687e+09
      140.650   3.3748151e+09
      140.700   3.2376730e+09
      140.750   3.1568718e+09
      140.800   3.0978241e+09
      140.850   3.0740398e+09
      140.900   3.0887720e+09
      140.950   3.1350007e+09
      141.000   3.2024784e+09
      141.050   3.2738685e+09
      141.100   3.3446718e+09
      141.150   3.3846391e+09
      141.200   3.3866506e+09
      141.250   3.3583898e+09
      141.300   3.3197951e+09
      141.350   3.2637632e+09
      141.400   3.2238071e+09
      141.450   3.2005922e+09
      141.500   3.2012379e+09
      141.550   3.2135051e+09
      141.600   3.2348244e+09
      141.650   3.2503437e+09
      141.700   3.2639357e+09
      141.750   3.2633101e+09
      141.800   3.2523314e+09
      141.850   3.2374598e+09
      141.900   3.2212797e+09
      141.950   3.2044382e+09
      142.000   3.1921186e+09
      142.050   3.1875671e+09
      142.100   3.1862541e+09
      142.150   3.2173783e+09
      142.200   3.2959081e+09
      142.250   3.4452757e+09
      142.300   3.6558225e+09
      142.350   3.8944804e+09
      142.400   4.1027737e+09
      142.450   4.2344906e+09
      142.500   4.2472486e+09
      142.550   4.1396031e+09
      142.600   3.9504767e+09
      142.650   3.7305818e+09
      142.700   3.5365764e+09
      142.750   3.3952207e+09
      142.800   3.3098384e+09
      142.850   3.2955039e+09
      142.900   3.3549121e+09
      142.950   3.4613813e+09
      143.000   3.6130071e+09
      143.050   3.8248742e+09
      143.100   4.0571757e+09
      143.150   4.2811590e+09
      143.200   4.4536334e+09
      143.250   4.5463904e+09
      143.300   4.5429659e+09
      143.350   4.4668260e+09
      143.400   4.3375427e+09
      143.450   4.2061890e+09
      143.500   4.0957165e+09
      143.550   4.0146794e+09
      143.600   3.9650817e+09
      143.650   3.9364550e+09
      143.700   3.9104323e+09
      143.750   3.8712450e+09
      143.800   3.8346548e+09
      143.850   3.7980348e+09
      143.900   3.7673053e+09
      143.950   3.7451072e+09
      144.000   3.7505458e+09
      144.050   3.7553285e+09
      144.100   3.7805424e+09
      144.150   3.8077527e+09
      144.200   3.8382814e+09
      144.250   3.8747708e+09
      144.300   3.9310890e+09
      144.350   3.9729243e+09
      144.400   4.0240392e+09
      144.450   4.0705681e+09
      144.500   4.1039113e+09
      144.550   4.1227306e+09
      144.600   4.1237008e+09
      144.650   4.0975340e+09
      144.700   4.0660489e+09
      144.750   4.0239399e+09
      144.800   3.9771579e+09
      144.850   3.9449217e+09
      144.900   3.9239323e+09
      144.950   3.9168574e+09
      145.000   3.9296865e+09
      145.050   3.9531479e+09
      145.100   3.9806120e+09
      145.150   4.0193923e+09
      145.200   4.0688380e+09
      145.250   4.1382717e+09
      145.300   4.2130813e+09
      145.350   4.2879482e+09
      145.400   4.3595440e+09
      145.450   4.4145441e+09
      145.500   4.4316068e+09
      145.550   4.4286849e+09
      145.600   4.4044206e+09
      145.650   4.3861397e+09
      145.700   4.3785209e+09
      145.750   4.3855831e+09
      145.800   4.4140215e+09
      145.850   4.4618571e+09
      145.900   4.4950237e+09
      145.950   4.5108305e+09
      146.000   4.5246414e+09
      146.050   4.5525152e+09
      146.100   4.6138823e+09
      146.150   4.7087814e+09
      146.200   4.8325638e+09
      146.250   4.9551012e+09
      146.300   5.0522540e+09
      146.350   5.0917957e+09
      146.400   5.0937887e+09
      146.450   5.0796710e+09
      146.500   5.1091928e+09
      146.550   5.2173386e+09
      146.600   5.4129381e+09
      146.650   5.6537356e+09
      146.700   5.8960654e+09
      146.750   6.0800437e+09
      146.800   6.1537706e+09
      146.850   6.1157696e+09
      146.900   6.0029611e+09
      146.950   5.8900630e+09
      147.000   5.8647195e+09
      147.050   6.0403396e+09
      147.100   6.4508936e+09
      147.150   7.0669568e+09
      147.200   7.7787073e+09
      147.250   8.4167058e+09
      147.300   8.8254405e+09
      147.350   8.9099987e+09
      147.400   8.6361882e+09
      147.450   8.0983080e+09
      147.500   7.4043399e+09
      147.550   6.7023825e+09
      147.600   6.0865766e+09
      147.650   5.6342697e+09
      147.700   5.3503990e+09
      147.750   5.1978637e+09
      147.800   5.1266156e+09
      147.850   5.1700037e+09
      147.900   5.3356287e+09
      147.950   5.6263517e+09
      148.000   6.0484313e+09
      148.050   6.5646369e+09
      148.100   7.0581220e+09
      148.150   7.4349866e+09
      148.200   7.6216018e+09
      148.250   7.5768995e+09
      148.300   7.3687144e+09
      148.350   7.0786114e+09
      148.400   6.7923705e+09
      148.450   6.6177252e+09
      148.500   6.5670817e+09
      148.550   6.6023727e+09
      148.600   6.6540723e+09
      148.650   6.6750800e+09
      148.700   6.6113940e+09
      148.750   6.4656487e+09
      148.800   6.2623619e+09
      148.850   6.0589164e+09
      148.900   5.8813106e+09
      148.950   5.7836483e+09
      149.000   5.7660215e+09
      149.050   5.8257826e+09
      149.100   5.9349257e+09
      149.150   6.0578617e+09
      149.200   6.1651181e+09
      149.250   6.2395255e+09
      149.300   6.2590848e+09
      149.350   6.2436422e+09
      149.400   6.2027729e+09
      149.450   6.1440066e+09
      149.500   6.0838189e+09
      149.550   6.0435244e+09
      149.600   6.0169553e+09
      149.650   6.0123841e+09
      149.700   6.0167578e+09
      149.750   6.0596999e+09
      149.800   6.1426321e+09
      149.850   6.2545729e+09
      149.900   6.3824551e+09
      149.950   6.5366447e+09
      150.000   6.6799106e+09
      150.050   6.8015779e+09
      150.100   6.8826719e+09
      150.150   6.9134050e+09
      150.200   6.9095732e+09
      150.250   6.8814830e+09
      150.300   6.8297649e+09
      150.350   6.7765708e+09
      150.400   6.7392635e+09
      150.450   6.7046743e+09
      150.500   6.6874229e+09
      150.550   6.6826246e+09
      150.600   6.7077819e+09
      150.650   6.7518073e+09
      150.700   6.8007853e+09
      150.750   6.8638120e+09
      150.800   6.9640032e+09
      150.850   7.0909529e+09
      150.900   7.2510315e+09
      150.950   7.4324035e+09
      151.000   7.6000339e+09
      151.050   7.7328164e+09
      151.100   7.7884864e+09
      151.150   7.7598150e+09
      151.200   7.6677158e+09
      151.250   7.5403728e+09
      151.300   7.4057594e+09
      151.350   7.3062132e+09
      151.400   7.2347560e+09
      151.450   7.2268189e+09
      151.500   7.2401012e+09
      151.550   7.2675725e+09
      151.600   7.2950921e+09
      151.650   7.3226596e+09
      151.700   7.3289692e+09
      151.750   7.3421790e+09
      151.800   7.3411723e+09
      151.850   7.3472719e+09
      151.900   7.3747449e+09
      151.950   7.4093844e+09
      152.000   7.4654795e+09
      152.050   7.5359432e+09
      152.100   7.6422557e+09
      152.150   7.7630409e+09
      152.200   7.9054956e+09
      152.250   8.0266732e+09
      152.300   8.1839004e+09
      152.350   8.4418709e+09
      152.400   8.9373348e+09
      152.450   9.6924468e+09
      152.500   1.0635880e+10
      152.550   1.1615310e+10
      152.600   1.2415850e+10
      152.650   1.2835222e+10
      152.700   1.2735546e+10
      152.750   1.2159114e+10
      152.800   1.1314513e+10
      152.850   1.0418129e+10
      152.900   9.6218038e+09
      152.950   9.0922411e+09
      153.000   8.9386164e+09
      153.050   9.2051327e+09
      153.100   9.8563125e+09
      153.150   1.0834796e+10
      153.200   1.1981420e+10
      153.250   1.3042160e+10
      153.300   1.3798740e+10
      153.350   1.4039647e+10
      153.400   1.3698445e+10
      153.450   1.2941645e+10
      153.500   1.2038150e+10
      153.550   1.1179827e+10
      153.600   1.0509900e+10
      153.650   1.0094558e+10
      153.700   9.8759284e+09
      153.750   9.7740014e+09
      153.800   9.7231631e+09
      153.850   9.7235304e+09
      153.900   9.8412223e+09
      153.950   1.0061846e+10
      154.000   1.0319541e+10
      154.050   1.0548234e+10
      154.100   1.0674293e+10
      154.150   1.0616486e+10
      154.200   1.0418591e+10
      154.250   1.0176132e+10
      154.300   9.9701815e+09
      154.350   9.8451448e+09
      154.400   9.8529486e+09
      154.450   1.0119675e+10
      154.500   1.1193772e+10
      154.550   1.3802437e+10
      154.600   1.7875490e+10
      154.650   2.2978370e+10
      154.700   2.8504461e+10
      154.750   3.3414416e+10
      154.800   3.6807126e+10
      154.850   3.8374185e+10
      154.900   3.2039663e+10
      154.950   3.0335630e+10
      155.000   2.7993698e+10
      155.050   2.5221375e+10
      155.100   2.2207520e+10
      155.150   2.2868831e+10
      155.200   1.9624476e+10
      155.250   1.6570015e+10
      155.300   1.3900612e+10
      155.350   1.1841947e+10
      155.400   1.0642851e+10
      155.450   1.0215100e+10
      155.500   1.0207343e+10
      155.550   1.0373325e+10
      155.600   1.0750206e+10
      155.650   1.1398722e+10
      155.700   1.2364742e+10
      155.750   1.3762121e+10
      155.800   1.5637187e+10
      155.850   1.7907986e+10
      155.900   2.0280665e+10
      155.950   2.2339407e+10
      156.000   2.3712460e+10
      156.050   2.4102677e+10
      156.100   2.3424291e+10
      156.150   2.1864467e+10
      156.200   1.9823632e+10
      156.250   1.7718711e+10
      156.300   1.5891893e+10
      156.350   1.4458040e+10
      156.400   1.3509547e+10
      156.450   1.2986564e+10
      156.500   1.2768009e+10
      156.550   1.2761473e+10
      156.600   1.2884823e+10
      156.650   1.3123028e+10
      156.700   1.3483973e+10
      156.750   1.3929618e+10
      156.800   1.4421820e+10
      156.850   1.4906992e+10
      156.900   1.5293036e+10
      156.950   1.5549033e+10
      157.000   1.5582522e+10
      157.050   1.5454556e+10
      157.100   1.5241757e+10
      157.150   1.5121032e+10
      157.200   1.5254353e+10
      157.250   1.5696201e+10
      157.300   1.6346891e+10
      157.350   1.7037008e+10
      157.400   1.7550338e+10
      157.450   1.7646905e+10
      157.500   1.7287217e+10
      157.550   1.6557552e+10
      157.600   1.5625336e+10
      157.650   1.4668392e+10
      157.700   1.3865131e+10
      157.750   1.3309087e+10
      157.800   1.3047464e+10
      157.850   1.3049844e+10
      157.900   1.3270153e+10
      157.950   1.3560892e+10
      158.000   1.3820897e+10
      158.050   1.3979885e+10
      158.100   1.3959542e+10
      158.150   1.3798515e+10
      158.200   1.3598132e+10
      158.250   1.3506990e+10
      158.300   1.3587990e+10
      158.350   1.3802351e+10
      158.400   1.4119008e+10
      158.450   1.4428304e+10
      158.500   1.4667360e+10
      158.550   1.4859654e+10
      158.600   1.5036498e+10
      158.650   1.5229365e+10
      158.700   1.5477682e+10
      158.750   1.5710610e+10
      158.800   1.5864959e+10
      158.850   1.5893153e+10
      158.900   1.5771184e+10
      158.950   1.5514512e+10
      159.000   1.5241597e+10
      159.050   1.4999935e+10
      159.100   1.4853053e+10
      159.150   1.4832911e+10
      159.200   1.4979522e+10
      159.250   1.5205831e+10
      159.300   1.5480217e+10
      159.350   1.5731146e+10
      159.400   1.5894808e+10
      159.450   1.5907216e+10
      159.500   1.5728125e+10
      159.550   1.5380814e+10
      159.600   1.4969020e+10
      159.650   1.4564585e+10
      159.700   1.4215547e+10
      159.750   1.4002140e+10
      159.800   1.3956737e+10
      159.850   1.4071720e+10
      159.900   1.4323336e+10
      159.950   1.4776215e+10
      160.000   1.5366461e+10
      160.050   1.6046134e+10
      160.100   1.6718763e+10
      160.150   1.7271515e+10
      160.200   1.7607328e+10
      160.250   1.7653061e+10
      160.300   1.7440350e+10
      160.350   1.7057531e+10
      160.400   1.6617471e+10
      160.450   1.6209130e+10
      160.500   1.5962201e+10
      160.550   1.5918047e+10
      160.600   1.6117267e+10
      160.650   1.6495476e+10
      160.700   1.6971826e+10
      160.750   1.7457039e+10
      160.800   1.7959293e+10
      160.850   1.8413440e+10
      160.900   1.8835673e+10
      160.950   1.9258573e+10
      161.000   1.9763786e+10
      161.050   2.0335176e+10
      161.100   2.1013791e+10
      161.150   2.1693463e+10
      161.200   2.2251304e+10
      161.250   2.2555843e+10
      161.300   2.2524414e+10
      161.350   2.2082328e+10
      161.400   2.1318975e+10
      161.450   2.0447489e+10
      161.500   1.9607543e+10
      161.550   1.8963555e+10
      161.600   1.8648310e+10
      161.650   1.8654328e+10
      161.700   1.8883280e+10
      161.750   1.9236521e+10
      161.800   1.9557216e+10
      161.850   1.9836998e+10
      161.900   2.0125461e+10
      161.950   2.0464084e+10
      162.000   2.0927648e+10
      162.050   2.1574509e+10
      162.100   2.2263889e+10
      162.150   2.2871133e+10
      162.200   2.3371156e+10
      162.250   2.3705393e+10
      162.300   2.3915119e+10
      162.350   2.4075111e+10
      162.400   2.4235313e+10
      162.450   2.4470927e+10
      162.500   2.4690144e+10
      162.550   2.4799567e+10
      162.600   2.4766833e+10
      162.650   2.4608375e+10
      162.700   2.4391003e+10
      162.750   2.4198445e+10
      162.800   2.4064345e+10
      162.850   2.3980433e+10
      162.900   2.3938402e+10
      162.950   2.3896285e+10
      163.000   2.3912982e+10
      163.050   2.4005511e+10
      163.100   2.4334121e+10
      163.150   2.4924664e+10
      163.200   2.5575072e+10
      163.250   2.6158789e+10
      163.300   2.6548852e+10
      163.350   2.6541921e+10
      163.400   2.6204849e+10
      163.450   2.5782568e+10
      163.500   2.5351200e+10
      163.550   2.5148467e+10
      163.600   2.5242474e+10
      163.650   2.5625383e+10
      163.700   2.6450787e+10
      163.750   2.7915202e+10
      163.800   2.9883828e+10
      163.850   3.2195858e+10
      163.900   2.5983245e+10
      163.950   2.7439754e+10
      164.000   2.8198282e+10
      164.050   2.8110678e+10
      164.100   2.7272396e+10
      164.150   3.4528577e+10
      164.200   3.2575393e+10
      164.250   3.0936355e+10
      164.300   2.9749275e+10
      164.350   2.9032232e+10
      164.400   2.8640325e+10
      164.450   2.8161943e+10
      164.500   2.7545356e+10
      164.550   2.6925446e+10
      164.600   2.6433850e+10
      164.650   2.6182700e+10
      164.700   2.6224097e+10
      164.750   2.6377590e+10
      164.800   2.6548460e+10
      164.850   2.6641815e+10
      164.900   2.6571169e+10
      164.950   2.6336235e+10
      165.000   2.5997244e+10
      165.050   2.5614536e+10
      165.100   2.5387143e+10
      165.150   2.5462583e+10
      165.200   2.5850048e+10
      165.250   2.6636776e+10
      165.300   2.8049013e+10
      165.350   3.0504563e+10
      165.400   3.4413465e+10
      165.450   4.0134509e+10
      165.500   4.7740386e+10
      165.550   5.6614250e+10
      165.600   5.4785209e+10
      165.650   6.0826802e+10
      165.700   6.4267204e+10
      165.750   6.4396079e+10
      165.800   6.1276132e+10
      165.850   6.6627794e+10
      165.900   5.8297022e+10
      165.950   5.0127407e+10
      166.000   4.3312000e+10
      166.050   3.8398466e+10
      166.100   3.5391536e+10
      166.150   3.3909239e+10
      166.200   3.3286722e+10
      166.250   3.3050647e+10
      166.300   3.2972798e+10
      166.350   3.2938933e+10
      166.400   3.2860803e+10
      166.450   3.2862057e+10
      166.500   3.2934062e+10
      166.550   3.2965976e+10
      166.600   3.2962436e+10
      166.650   3.2879094e+10
      166.700   3.2733504e+10
      166.750   3.2933847e+10
      166.800   3.3933684e+10
      166.850   3.5832457e+10
      166.900   3.8471956e+10
      166.950   4.1426625e+10
      167.000   4.3931138e+10
      167.050   4.5342929e+10
      167.100   4.5320825e+10
      167.150   4.4022538e+10
      167.200   4.2043740e+10
      167.250   4.0048175e+10
      167.300   3.8506254e+10
      167.350   3.7633451e+10
      167.400   3.7377198e+10
      167.450   3.7460897e+10
      167.500   3.7526745e+10
      167.550   3.7377406e+10
      167.600   3.7084293e+10
      167.650   3.6844685e+10
      167.700   3.6730453e+10
      167.750   3.6757458e+10
      167.800   3.6937379e+10
      167.850   3.7297545e+10
      167.900   3.7748237e+10
      167.950   3.8226624e+10
      168.000   3.8660557e+10
      168.050   3.8941695e+10
      168.100   3.9060578e+10
      168.150   3.8980701e+10
      168.200   3.8755915e+10
      168.250   3.8603228e+10
      168.300   3.8767415e+10
      168.350   3.9466698e+10
      168.400   4.0774828e+10
      168.450   4.2602417e+10
      168.500   4.4687115e+10
      168.550   4.6694496e+10
      168.600   4.8286316e+10
      168.650   4.9270280e+10
      168.700   4.9617825e+10
      168.750   4.9527967e+10
      168.800   4.9273672e+10
      168.850   4.9210770e+10
      168.900   4.9504275e+10
      168.950   5.0173295e+10
      169.000   5.1154616e+10
      169.050   5.2219864e+10
      169.100   5.3094115e+10
      169.150   5.3786159e+10
      169.200   5.4424024e+10
      169.250   5.5026151e+10
      169.300   5.5647447e+10
      169.350   5.6370983e+10
      169.400   5.7270578e+10
      169.450   5.8337428e+10
      169.500   5.9470517e+10
      169.550   6.0565827e+10
      169.600   6.1598000e+10
      169.650   6.2437498e+10
      169.700   6.3046765e+10
      169.750   6.3305068e+10
      169.800   6.3322746e+10
      169.850   6.3414546e+10
      169.900   6.3868406e+10
      169.950   6.4759226e+10
      170.000   6.6227377e+10
      170.050   6.8101244e+10
      170.100   6.9948571e+10
      170.150   7.1220455e+10
      170.200   7.1711503e+10
      170.250   7.1365037e+10
      170.300   7.0291943e+10
      170.350   6.8780106e+10
      170.400   6.7267196e+10
      170.450   6.5986264e+10
      170.500   6.5161373e+10
      170.550   6.4936167e+10
      170.600   6.5336183e+10
      170.650   6.6269111e+10
      170.700   6.7623571e+10
      170.750   6.9241385e+10
      170.800   7.0926368e+10
      170.850   7.2351074e+10
      170.900   7.3112225e+10
      170.950   7.3133726e+10
      171.000   7.2545661e+10
      171.050   7.1544029e+10
      171.100   7.0269105e+10
      171.150   6.9030175e+10
      171.200   6.7949675e+10
      171.250   6.7037176e+10
      171.300   6.6274187e+10
      171.350   6.5745682e+10
      171.400   6.5621555e+10
      171.450   6.6090965e+10
      171.500   6.7277430e+10
      171.550   6.9055979e+10
      171.600   7.1165379e+10
      171.650   7.3228608e+10
      171.700   7.4971773e+10
      171.750   7.6017216e+10
      171.800   7.6458724e+10
      171.850   7.6654888e+10
      171.900   7.6709496e+10
      171.950   7.6688473e+10
      172.000   7.6601289e+10
      172.050   7.6221013e+10
      172.100   7.5424604e+10
      172.150   7.4306231e+10
      172.200   7.3178018e+10
      172.250   7.2512702e+10
      172.300   7.2575735e+10
      172.350   7.3414822e+10
      172.400   7.4898047e+10
      172.450   7.6646894e+10
      172.500   7.8273473e+10
      172.550   7.9445874e+10
      172.600   7.9955829e+10
      172.650   7.9897042e+10
      172.700   7.9297570e+10
      172.750   7.8070900e+10
      172.800   7.6406383e+10
      172.850   7.4540820e+10
      172.900   7.2644934e+10
      172.950   7.0985047e+10
      173.000   6.9884934e+10
      173.050   6.9535744e+10
      173.100   6.9871689e+10
      173.150   7.0741354e+10
      173.200   7.1916783e+10
      173.250   7.3160098e+10
      173.300   7.4299387e+10
      173.350   7.5306161e+10
      173.400   7.6151401e+10
      173.450   7.6844656e+10
      173.500   7.7452406e+10
      173.550   7.7973155e+10
      173.600   7.8427239e+10
      173.650   7.8919929e+10
      173.700   7.9451055e+10
      173.750   8.0059127e+10
      173.800   8.0744068e+10
      173.850   8.1611407e+10
      173.900   8.2709173e+10
      173.950   8.4027933e+10
      174.000   8.5587051e+10
      174.050   8.7406041e+10
      174.100   8.9321972e+10
      174.150   9.1162313e+10
      174.200   9.2898168e+10
      174.250   9.4404604e+10
      174.300   9.5575902e+10
      174.350   9.6536641e+10
      174.400   9.7142235e+10
      174.450   9.7267529e+10
      174.500   9.7008378e+10
      174.550   9.6287035e+10
      174.600   9.5150890e+10
      174.650   9.3830521e+10
      174.700   9.2614847e+10
      174.750   9.1860694e+10
      174.800   9.1857837e+10
      174.850   9.2742366e+10
      174.900   9.4486822e+10
      174.950   9.6860744e+10
      175.000   9.9613792e+10
      175.050   1.0227278e+11
      175.100   1.0454742e+11
      175.150   1.0643730e+11
      175.200   1.0794174e+11
      175.250   1.0954442e+11
      175.300   1.1105164e+11
      175.350   1.1275429e+11
      175.400   1.1445854e+11
      175.450   1.1606742e+11
      175.500   1.1728929e+11
      175.550   1.1807227e+11
      175.600   1.1866104e+11
      175.650   1.1895858e+11
      175.700   1.1935327e+11
      175.750   1.1984493e+11
      175.800   1.2053090e+11
      175.850   1.2131410e+11
      175.900   1.2229163e+11
      175.950   1.2336634e+11
      176.000   1.2434397e+11
      176.050   1.2512740e+11
      176.100   1.2532788e+11
      176.150   1.2494540e+11
      176.200   1.2388282e+11
      176.250   1.2223704e+11
      176.300   1.2000803e+11
      176.350   1.1758438e+11
      176.400   1.1535488e+11
      176.450   1.1409697e+11
      176.500   1.1429678e+11
      176.550   1.1610914e+11
      176.600   1.1967466e+11
      176.650   1.2412019e+11
      176.700   1.2847313e+11
      176.750   1.3195353e+11
      176.800   1.3436496e+11
      176.850   1.3590101e+11
      176.900   1.3724347e+11
      176.950   1.3907554e+11
      177.000   1.4208217e+11
      177.050   1.4655852e+11
      177.100   1.5211555e+11
      177.150   1.5787435e+11
      177.200   1.6265995e+11
      177.250   1.6519722e+11
      177.300   1.6469779e+11
      177.350   1.6135343e+11
      177.400   1.5565002e+11
      177.450   1.4876181e+11
      177.500   1.4255405e+11
      177.550   1.3777817e+11
      177.600   1.3545709e+11
      177.650   1.3578973e+11
      177.700   1.3838448e+11
      177.750   1.4265308e+11
      177.800   1.4810499e+11
      177.850   1.5385510e+11
      177.900   1.5911613e+11
      177.950   1.6349366e+11
      178.000   1.6600164e+11
      178.050   1.6683569e+11
      178.100   1.6629022e+11
      178.150   1.6475841e+11
      178.200   1.6312712e+11
      178.250   1.6208670e+11
      178.300   1.6203248e+11
      178.350   1.6296531e+11
      178.400   1.6449109e+11
      178.450   1.6611625e+11
      178.500   1.6764361e+11
      178.550   1.6856379e+11
      178.600   1.6908933e+11
      178.650   1.6931870e+11
      178.700   1.7014262e+11
      178.750   1.7136422e+11
      178.800   1.7338172e+11
      178.850   1.7609720e+11
      178.900   1.7901570e+11
      178.950   1.8163998e+11
      179.000   1.8327254e+11
      179.050   1.8351253e+11
      179.100   1.8185883e+11
      179.150   1.7830613e+11
      179.200   1.7344984e+11
      179.250   1.6808618e+11
      179.300   1.6321454e+11
      179.350   1.5963628e+11
      179.400   1.5795506e+11
      179.450   1.5797549e+11
      179.500   1.5940021e+11
      179.550   1.6127186e+11
      179.600   1.6344322e+11
      179.650   1.6541298e+11
      179.700   1.6698095e+11
      179.750   1.6884906e+11
      179.800   1.7091652e+11
      179.850   1.7348385e+11
      179.900   1.7635013e+11
      179.950   1.7921549e+11
      180.000   1.8257994e+11
      180.050   1.8514211e+11
      180.100   1.8710276e+11
      180.150   1.8836224e+11
      180.200   1.8902106e+11
      180.250   1.8927966e+11
      180.300   1.8943789e+11
      180.350   1.9029556e+11
      180.400   1.9175259e+11
      180.450   1.9370827e+11
      180.500   1.9606257e+11
      180.550   2.0019053e+11
      180.600   2.0751726e+11
      180.650   2.1944269e+11
      180.700   2.3447043e+11
      180.750   2.4740394e+11
      180.800   2.5234358e+11
      180.850   2.4868551e+11
      180.900   2.3952497e+11
      180.950   2.2826118e+11
      181.000   2.1739371e+11
      181.050   2.0792401e+11
      181.100   2.0105264e+11
      181.150   1.9698144e+11
      181.200   1.9461104e+11
      181.250   1.9234006e+11
      181.300   1.8996802e+11
      181.350   1.8869683e+11
      181.400   1.9263400e+11
      181.450   2.0669239e+11
      181.500   2.3428252e+11
      181.550   2.7322745e+11
      181.600   3.1559935e+11
      181.650   3.5067085e+11
      181.700   3.7041327e+11
      181.750   3.6999961e+11
      181.800   3.5041883e+11
      181.850   3.1838234e+11
      181.900   2.8321869e+11
      181.950   2.5245667e+11
      182.000   2.3082047e+11
      182.050   2.2052672e+11
      182.100   2.2108117e+11
      182.150   2.2786821e+11
      182.200   2.3666876e+11
      182.250   2.4507124e+11
      182.300   2.5227054e+11
      182.350   2.5746119e+11
      182.400   2.5973590e+11
      182.450   2.5848843e+11
      182.500   2.5361598e+11
      182.550   2.4616645e+11
      182.600   2.3860963e+11
      182.650   2.3316388e+11
      182.700   2.3013362e+11
      182.750   2.2932036e+11
      182.800   2.3012124e+11
      182.850   2.3183167e+11
      182.900   2.3394713e+11
      182.950   2.3576145e+11
      183.000   2.3757720e+11
      183.050   2.3979879e+11
      183.100   2.4262903e+11
      183.150   2.4576568e+11
      183.200   2.4880329e+11
      183.250   2.5184333e+11
      183.300   2.5508829e+11
      183.350   2.5894454e+11
      183.400   2.6229656e+11
      183.450   2.6433237e+11
      183.500   2.6403475e+11
      183.550   2.6203654e+11
      183.600   2.6003798e+11
      183.650   2.5956231e+11
      183.700   2.6081304e+11
      183.750   2.6267337e+11
      183.800   2.6443232e+11
      183.850   2.6456632e+11
      183.900   2.6165208e+11
      183.950   2.5487536e+11
      184.000   2.4586059e+11
      184.050   2.3643716e+11
      184.100   2.2833319e+11
      184.150   2.2358223e+11
      184.200   2.2360946e+11
      184.250   2.2760293e+11
      184.300   2.3281803e+11
      184.350   2.3579632e+11
      184.400   2.3613042e+11
      184.450   2.3432740e+11
      184.500   2.3109959e+11
      184.550   2.2613149e+11
      184.600   2.1952799e+11
      184.650   2.1200062e+11
      184.700   2.0548455e+11
      184.750   2.0232852e+11
      184.800   2.0325247e+11
      184.850   2.0734361e+11
      184.900   2.1287003e+11
      184.950   2.1819759e+11
      185.000   2.2097301e+11
      185.050   2.1965711e+11
      185.100   2.1557471e+11
      185.150   2.1210264e+11
      185.200   2.1262489e+11
      185.250   2.1889194e+11
      185.300   2.3060458e+11
      185.350   2.4695058e+11
      185.400   2.6536828e+11
      185.450   2.8195540e+11
      185.500   2.9341728e+11
      185.550   2.9901475e+11
      185.600   2.9905887e+11
      185.650   2.9457045e+11
      185.700   2.8750158e+11
      185.750   2.7980714e+11
      185.800   2.7334332e+11
      185.850   2.6873011e+11
      185.900   2.6607381e+11
      185.950   2.6548114e+11
      186.000   2.6664516e+11
      186.050   2.6936092e+11
      186.100   2.7311337e+11
      186.150   2.7759408e+11
      186.200   2.8249350e+11
      186.250   2.8698378e+11
      186.300   2.8940448e+11
      186.350   2.8913128e+11
      186.400   2.8678220e+11
      186.450   2.8391264e+11
      186.500   2.8176668e+11
      186.550   2.8277278e+11
      186.600   2.8887103e+11
      186.650   3.0048113e+11
      186.700   3.1448824e+11
      186.750   3.2725431e+11
      186.800   3.3669874e+11
      186.850   3.4365070e+11
      186.900   3.4946151e+11
      186.950   3.5433800e+11
      187.000   3.5775968e+11
      187.050   3.5930784e+11
      187.100   3.5919072e+11
      187.150   3.5761422e+11
      187.200   3.5530723e+11
      187.250   3.5268636e+11
      187.300   3.5089926e+11
      187.350   3.5046621e+11
      187.400   3.5076299e+11
      187.450   3.5033007e+11
      187.500   3.4895702e+11
      187.550   3.4697816e+11
      187.600   3.4510237e+11
      187.650   3.4343373e+11
      187.700   3.4186905e+11
      187.750   3.3998967e+11
      187.800   3.3810903e+11
      187.850   3.3633198e+11
      187.900   3.3465774e+11
      187.950   3.3287862e+11
      188.000   3.3067889e+11
      188.050   3.2847809e+11
      188.100   3.2805665e+11
      188.150   3.3151368e+11
      188.200   3.3958505e+11
      188.250   3.5101791e+11
      188.300   3.6277278e+11
      188.350   3.7233072e+11
      188.400   3.7937540e+11
      188.450   3.8358956e+11
      188.500   3.8560020e+11
      188.550   3.8600363e+11
      188.600   3.8546164e+11
      188.650   3.8481448e+11
      188.700   3.8458733e+11
      188.750   3.8457032e+11
      188.800   3.8528933e+11
      188.850   3.8779732e+11
      188.900   3.9304299e+11
      188.950   4.0113248e+11
      189.000   4.1133120e+11
      189.050   4.2195606e+11
      189.100   4.3121643e+11
      189.150   4.3742607e+11
      189.200   4.3973924e+11
      189.250   4.3920786e+11
      189.300   4.3772714e+11
      189.350   4.3624559e+11
      189.400   4.3476398e+11
      189.450   4.3285927e+11
      189.500   4.3010920e+11
      189.550   4.2682316e+11
      189.600   4.2300782e+11
      189.650   4.1760700e+11
      189.700   4.0935226e+11
      189.750   3.9834751e+11
      189.800   3.8765477e+11
      189.850   3.8044511e+11
      189.900   3.7894047e+11
      189.950   3.8155840e+11
      190.000   3.8544607e+11
      190.050   3.8880685e+11
      190.100   3.9259235e+11
      190.150   3.9828406e+11
      190.200   4.0651775e+11
      190.250   4.1644886e+11
      190.300   4.2691383e+11
      190.350   4.3664216e+11
      190.400   4.4362022e+11
      190.450   4.4636289e+11
      190.500   4.4497470e+11
      190.550   4.4201219e+11
      190.600   4.4053186e+11
      190.650   4.4180888e+11
      190.700   4.4605644e+11
      190.750   4.5285288e+11
      190.800   4.6028911e+11
      190.850   4.6592435e+11
      190.900   4.6805916e+11
      190.950   4.6626419e+11
      191.000   4.6085667e+11
      191.050   4.5374637e+11
      191.100   4.4790808e+11
      191.150   4.4621329e+11
      191.200   4.4940851e+11
      191.250   4.5515911e+11
      191.300   4.6069946e+11
      191.350   4.6528528e+11
      191.400   4.7168270e+11
      191.450   4.8180978e+11
      191.500   4.9385950e+11
      191.550   5.0260263e+11
      191.600   5.0463638e+11
      191.650   5.0049282e+11
      191.700   4.9389892e+11
      191.750   4.8751777e+11
      191.800   4.8422532e+11
      191.850   4.8562011e+11
      191.900   4.9244681e+11
      191.950   5.0321572e+11
      192.000   5.1526305e+11
      192.050   5.2613924e+11
      192.100   5.3328764e+11
      192.150   5.3436291e+11
      192.200   5.2968641e+11
      192.250   5.2202632e+11
      192.300   5.1479260e+11
      192.350   5.0904980e+11
      192.400   5.0479803e+11
      192.450   5.0171862e+11
      192.500   4.9949203e+11
      192.550   4.9798864e+11
      192.600   4.9691131e+11
      192.650   4.9679255e+11
      192.700   4.9859408e+11
      192.750   5.0188889e+11
      192.800   5.0209131e+11
      192.850   4.9493247e+11
      192.900   4.7870046e+11
      192.950   4.5541892e+11
      193.000   4.2828449e+11
      193.050   4.0081985e+11
      193.100   3.7761626e+11
      193.150   3.6209394e+11
      193.200   3.5500570e+11
      193.250   3.5453964e+11
      193.300   3.5856229e+11
      193.350   3.6322750e+11
      193.400   3.6447394e+11
      193.450   3.5962480e+11
      193.500   3.5113750e+11
      193.550   3.4311793e+11
      193.600   3.3969311e+11
      193.650   3.4451408e+11
      193.700   3.6167238e+11
      193.750   3.9140556e+11
      193.800   4.2815500e+11
      193.850   4.6473501e+11
      193.900   4.9716798e+11
      193.950   5.2490908e+11
      194.000   5.4977938e+11
      194.050   5.7274286e+11
      194.100   5.9616451e+11
      194.150   6.2112564e+11
      194.200   6.4503831e+11
      194.250   6.6347610e+11
      194.300   6.7318459e+11
      194.350   6.7371602e+11
      194.400   6.6699946e+11
      194.450   6.5616190e+11
      194.500   6.4487753e+11
      194.550   6.3703259e+11
      194.600   6.3525290e+11
      194.650   6.4073415e+11
      194.700   6.5359172e+11
      194.750   6.7112018e+11
      194.800   6.8659627e+11
      194.850   6.9372553e+11
      194.900   6.9054690e+11
      194.950   6.7889896e+11
      195.000   6.6105335e+11
      195.050   6.4091685e+11
      195.100   6.2174832e+11
      195.150   6.0735196e+11
      195.200   6.0044813e+11
      195.250   6.0278536e+11
      195.300   6.1404270e+11
      195.350   6.2965890e+11
      195.400   6.4234563e+11
      195.450   6.4850599e+11
      195.500   6.4998815e+11
      195.550   6.5086282e+11
      195.600   6.5293747e+11
      195.650   6.5544935e+11
      195.700   6.5610876e+11
      195.750   6.5589666e+11
      195.800   6.5721150e+11
      195.850   6.6212969e+11
      195.900   6.6836130e+11
      195.950   6.7143036e+11
      196.000   6.6838178e+11
      196.050   6.6008467e+11
      196.100   6.4959543e+11
      196.150   6.4030235e+11
      196.200   6.3559753e+11
      196.250   6.3767592e+11
      196.300   6.4785830e+11
      196.350   6.6494784e+11
      196.400   6.8730854e+11
      196.450   7.1220596e+11
      196.500   7.3679049e+11
      196.550   7.5854055e+11
      196.600   7.7602695e+11
      196.650   7.8935447e+11
      196.700   7.9873927e+11
      196.750   8.0461295e+11
      196.800   8.0697360e+11
      196.850   8.0593027e+11
      196.900   8.0071446e+11
      196.950   7.9110358e+11
      197.000   7.7720834e+11
      197.050   7.6298254e+11
      197.100   7.5226884e+11
      197.150   7.4759751e+11
      197.200   7.4611122e+11
      197.250   7.4451406e+11
      197.300   7.4104969e+11
      197.350   7.3714524e+11
      197.400   7.3412018e+11
      197.450   7.3164332e+11
      197.500   7.2916647e+11
      197.550   7.2624914e+11
      197.600   7.2267317e+11
      197.650   7.1979182e+11
      197.700   7.1833980e+11
      197.750   7.1776694e+11
      197.800   7.1686396e+11
      197.850   7.1496937e+11
      197.900   7.1494626e+11
      197.950   7.2020896e+11
      198.000   7.3186539e+11
      198.050   7.4683401e+11
      198.100   7.6137003e+11
      198.150   7.7249660e+11
      198.200   7.7877554e+11
      198.250   7.7854984e+11
      198.300   7.7291647e+11
      198.350   7.6584587e+11
      198.400   7.6064689e+11
      198.450   7.5689274e+11
      198.500   7.5092482e+11
      198.550   7.3942445e+11
      198.600   7.2360054e+11
      198.650   7.0809298e+11
      198.700   6.9644684e+11
      198.750   6.9032906e+11
      198.800   6.8908221e+11
      198.850   6.9160092e+11
      198.900   6.9722756e+11
      198.950   7.0474516e+11
      199.000   7.1360300e+11
      199.050   7.2613155e+11
      199.100   7.4378231e+11
      199.150   7.6633759e+11
      199.200   7.9047137e+11
      199.250   8.1240082e+11
      199.300   8.2945144e+11
      199.350   8.4017159e+11
      199.400   8.4277112e+11
      199.450   8.3823915e+11
      199.500   8.2890954e+11
      199.550   8.1786871e+11
      199.600   8.0804623e+11
      199.650   8.0122978e+11
      199.700   7.9909785e+11
      199.750   8.0199105e+11
      199.800   8.0879842e+11
      199.850   8.1762378e+11
      199.900   8.2578523e+11
      199.950   8.3026086e+11
      200.000   8.3082295e+11
      200.050   8.3194416e+11
      200.100   8.3844587e+11
      200.150   8.5066633e+11
      200.225   8.6643795e+11
      200.275   8.7273722e+11
      200.325   8.7847977e+11
      200.375   8.8119678e+11
      200.425   8.7818588e+11
      200.475   8.7584774e+11
      200.525   8.8312875e+11
      200.575   8.9880041e+11
      200.625   9.0953103e+11
      200.675   9.1070535e+11
      200.725   9.0332806e+11
      200.775   8.9740873e+11
      200.825   9.0004451e+11
      200.875   9.0775241e+11
      200.925   9.1760525e+11
      200.975   9.2802812e+11
      201.025   9.3349722e+11
      201.075   9.2938059e+11
      201.125   9.2086306e+11
      201.175   9.2181970e+11
      201.225   9.3982393e+11
      201.275   9.6314836e+11
      201.325   9.7812607e+11
      201.375   9.8271771e+11
      201.425   9.7702772e+11
      201.475   9.6839308e+11
      201.525   9.6575063e+11
      201.575   9.6593467e+11
      201.625   9.6849571e+11
      201.675   9.8011517e+11
      201.725   9.9898999e+11
      201.775   1.0149287e+12
      201.825   1.0245347e+12
      201.875   1.0238307e+12
      201.925   1.0151923e+12
      201.975   1.0101770e+12
      202.025   1.0093547e+12
      202.075   1.0061500e+12
      202.125   9.9636012e+11
      202.175   9.8168060e+11
      202.225   9.7358069e+11
      202.275   9.8160972e+11
      202.325   1.0019195e+12
      202.375   1.0175825e+12
      202.425   1.0166494e+12
      202.475   1.0016079e+12
      202.525   9.7445017e+11
      202.575   9.3971381e+11
      202.625   9.1815732e+11
      202.675   9.2632737e+11
      202.725   9.6289534e+11
      202.775   1.0135295e+12
      202.825   1.0481168e+12
      202.875   1.0610428e+12
      202.925   1.0657564e+12
      202.975   1.0696735e+12
      203.025   1.0819417e+12
      203.075   1.1029148e+12
      203.125   1.1249362e+12
      203.175   1.1411390e+12
      203.225   1.1428110e+12
      203.275   1.1272927e+12
      203.325   1.1022450e+12
      203.375   1.0798131e+12
      203.425   1.0689513e+12
      203.475   1.0739216e+12
      203.525   1.0945855e+12
      203.575   1.1230342e+12
      203.625   1.1482865e+12
      203.675   1.1611405e+12
      203.725   1.1608890e+12
      203.775   1.1558039e+12
      203.825   1.1462260e+12
      203.875   1.1397529e+12
      203.925   1.1300474e+12
      203.975   1.1301304e+12
      204.025   1.1439315e+12
      204.075   1.1741260e+12
      204.125   1.2091853e+12
      204.175   1.2400028e+12
      204.225   1.2644919e+12
      204.275   1.2806841e+12
      204.325   1.2817515e+12
      204.375   1.2698713e+12
      204.425   1.2561315e+12
      204.475   1.2514062e+12
      204.525   1.2632033e+12
      204.575   1.2884032e+12
      204.625   1.3110662e+12
      204.675   1.3159076e+12
      204.725   1.3022234e+12
      204.775   1.2829765e+12
      204.825   1.2756539e+12
      204.875   1.2837390e+12
      204.925   1.2932159e+12
      204.975   1.2973656e+12
      205.025   1.3049950e+12
      205.075   1.3140177e+12
      205.125   1.3171308e+12
      205.175   1.3176939e+12
      205.225   1.3232450e+12
      205.275   1.3330907e+12
      205.325   1.3407344e+12
      205.375   1.3411869e+12
      205.425   1.3313120e+12
      205.475   1.3148154e+12
      205.525   1.2964423e+12
      205.575   1.2789684e+12
      205.625   1.2783318e+12
      205.675   1.2951264e+12
      205.725   1.3105380e+12
      205.775   1.3106089e+12
      205.825   1.2933464e+12
      205.875   1.2844531e+12
      205.925   1.2991829e+12
      205.975   1.3220737e+12
      206.025   1.3405544e+12
      206.075   1.3445988e+12
      206.125   1.3278974e+12
      206.175   1.2998783e+12
      206.225   1.2828040e+12
      206.275   1.2938359e+12
      206.325   1.3237829e+12
      206.375   1.3484938e+12
      206.425   1.3634119e+12
      206.475   1.3788085e+12
      206.525   1.3862584e+12
      206.575   1.3795614e+12
      206.625   1.3771863e+12
      206.675   1.3934061e+12
      206.725   1.4187639e+12
      206.775   1.4359474e+12
      206.825   1.4394418e+12
      206.875   1.4379025e+12
      206.925   1.4391744e+12
      206.975   1.4505269e+12
      207.025   1.4696219e+12
      207.075   1.4870892e+12
      207.125   1.5029252e+12
      207.175   1.5126685e+12
      207.225   1.5146733e+12
      207.275   1.5239593e+12
      207.325   1.5424142e+12
      207.375   1.5625230e+12
      207.425   1.5823062e+12
      207.475   1.5982597e+12
      207.525   1.6113097e+12
      207.575   1.6290004e+12
      207.625   1.6494582e+12
      207.675   1.6665377e+12
      207.725   1.6753559e+12
      207.775   1.6737364e+12
      207.825   1.6696394e+12
      207.875   1.6683087e+12
      207.925   1.6784042e+12
      207.975   1.6989936e+12
      208.025   1.7123266e+12
      208.075   1.7081478e+12
      208.125   1.6952623e+12
      208.175   1.6904789e+12
      208.225   1.6938097e+12
      208.275   1.7057376e+12
      208.325   1.7357156e+12
      208.375   1.7568746e+12
      208.425   1.7517517e+12
      208.475   1.7588217e+12
      208.525   1.8142881e+12
      208.575   1.8998356e+12
      208.625   1.9739039e+12
      208.675   2.0209768e+12
      208.725   2.0527574e+12
      208.775   2.1134377e+12
      208.825   2.1856584e+12
      208.875   2.2192262e+12
      208.925   2.2019907e+12
      208.975   2.1701303e+12
      209.025   2.1774457e+12
      209.075   2.2181269e+12
      209.125   2.2762912e+12
      209.175   2.3370925e+12
      209.225   2.4423411e+12
      209.275   2.6057307e+12
      209.325   2.7215846e+12
      209.375   2.6972260e+12
      209.425   2.5931976e+12
      209.475   2.5823081e+12
      209.525   2.6933781e+12
      209.575   2.8300482e+12
      209.625   2.9116078e+12
      209.675   2.9270533e+12
      209.725   2.9752854e+12
      209.775   3.0781231e+12
      209.825   3.1652867e+12
      209.875   3.1582496e+12
      209.925   3.0651238e+12
      209.975   2.9696431e+12
      210.025   2.9493864e+12
      210.075   3.0850538e+12
      210.125   3.3828511e+12
      210.175   3.6530536e+12
      210.225   3.7498870e+12
      210.275   3.5897100e+12
      210.325   3.2940247e+12
      210.375   3.1903856e+12
      210.425   3.3143327e+12
      210.475   3.6021002e+12
      210.525   3.9432278e+12
      210.575   4.1459048e+12
      210.625   4.1426098e+12
      210.675   4.0550704e+12
      210.725   3.9818207e+12
      210.775   3.9037881e+12
      210.825   3.7414535e+12
      210.875   3.5193793e+12
      210.925   3.3568385e+12
      210.975   3.3106342e+12
      211.025   3.3937737e+12
      211.075   3.5637159e+12
      211.125   3.8577013e+12
      211.175   4.2361205e+12
      211.225   4.4684355e+12
      211.275   4.4534472e+12
      211.325   4.2903863e+12
      211.375   4.1239744e+12
      211.425   4.0180424e+12
      211.475   3.9394032e+12
      211.525   3.9484625e+12
      211.575   4.1742647e+12
      211.625   4.5452452e+12
      211.675   4.8756757e+12
      211.725   5.0461899e+12
      211.775   5.0317635e+12
      211.825   4.8380637e+12
      211.875   4.6680429e+12
      211.925   4.7539067e+12
      211.975   5.0181174e+12
      212.025   5.2788573e+12
      212.075   5.2587168e+12
      212.125   4.9500563e+12
      212.175   4.6058891e+12
      212.225   4.3070449e+12
      212.275   4.0437135e+12
      212.325   3.7405420e+12
      212.375   3.4093989e+12
      212.425   3.1836086e+12
      212.475   3.1304703e+12
      212.525   3.2871816e+12
      212.575   3.5742993e+12
      212.625   3.8812313e+12
      212.675   4.1450058e+12
      212.725   4.2855179e+12
      212.775   4.3282374e+12
      212.825   4.3323161e+12
      212.875   4.3135626e+12
      212.925   4.2381753e+12
      212.975   4.0521334e+12
      213.025   3.8301101e+12
      213.075   3.7139718e+12
      213.125   3.7517836e+12
      213.175   3.8692527e+12
      213.225   3.9235599e+12
      213.275   3.9281664e+12
      213.325   3.9845486e+12
      213.375   4.0627358e+12
      213.425   4.0446442e+12
      213.475   3.9298141e+12
      213.525   3.8667434e+12
      213.575   3.9473749e+12
      213.625   4.1737998e+12
      213.675   4.4666986e+12
      213.725   4.7206378e+12
      213.775   4.7668921e+12
      213.825   4.4639680e+12
      213.875   4.1255753e+12
      213.925   4.0700708e+12
      213.975   4.1918052e+12
      214.025   4.4814011e+12
      214.075   4.9895374e+12
      214.125   5.5157365e+12
      214.175   5.7642197e+12
      214.225   5.7195607e+12
      214.275   5.6418437e+12
      214.325   5.6664304e+12
      214.375   5.7091020e+12
      214.425   5.6798575e+12
      214.475   5.5359131e+12
      214.525   5.3047489e+12
      214.575   5.0655244e+12
      214.625   4.9144939e+12
      214.675   4.8681566e+12
      214.725   4.9002226e+12
      214.775   4.9837277e+12
      214.825   5.1048313e+12
      214.875   5.2506569e+12
      214.925   5.3884102e+12
      214.975   5.4389497e+12
      215.025   5.2821622e+12
      215.075   4.9650783e+12
      215.125   4.6894353e+12
      215.175   4.6765401e+12
      215.225   4.8341047e+12
      215.275   5.0168914e+12
      215.325   5.2454081e+12
      215.375   5.4191884e+12
      215.425   5.3963510e+12
      215.475   5.2178686e+12
      215.525   5.0256584e+12
      215.575   4.8451734e+12
      215.625   4.6416007e+12
      215.675   4.4100493e+12
      215.725   4.1590104e+12
      215.775   3.9375364e+12
      215.825   3.8076112e+12
      215.875   3.7709151e+12
      215.925   3.8421558e+12
      215.975   4.0773858e+12
      216.025   4.4533986e+12
      216.075   4.7744230e+12
      216.125   4.9233668e+12
      216.175   4.8996290e+12
      216.225   4.7962663e+12
      216.275   4.7534314e+12
      216.325   4.7615048e+12
      216.375   4.7394712e+12
      216.425   4.6421431e+12
      216.475   4.5343606e+12
      216.525   4.4215228e+12
      216.575   4.2093919e+12
      216.625   3.8924158e+12
      216.675   3.6055885e+12
      216.725   3.5184643e+12
      216.775   3.6520568e+12
      216.825   3.8656839e+12
      216.875   4.0242148e+12
      216.925   4.0050130e+12
      216.975   3.9342514e+12
      217.025   4.0034972e+12
      217.075   4.1999382e+12
      217.125   4.4004560e+12
      217.175   4.5030586e+12
      217.225   4.5947596e+12
      217.275   4.6854000e+12
      217.325   4.6690586e+12
      217.375   4.5027340e+12
      217.425   4.3108396e+12
      217.475   4.1762384e+12
      217.525   4.1301901e+12
      217.575   4.2678106e+12
      217.625   4.5021789e+12
      217.675   4.6484171e+12
      217.725   4.6410495e+12
      217.775   4.5059529e+12
      217.825   4.4635844e+12
      217.875   4.7098513e+12
      217.925   5.1786238e+12
      217.975   5.6956377e+12
      218.025   6.0840946e+12
      218.075   6.2745753e+12
      218.125   6.3692432e+12
      218.175   6.5109842e+12
      218.225   6.6880303e+12
      218.275   6.7545458e+12
      218.325   6.6068314e+12
      218.375   6.3017881e+12
      218.425   5.9476374e+12
      218.475   5.8242309e+12
      218.525   5.9948656e+12
      218.575   6.1645276e+12
      218.625   6.1093175e+12
      218.675   5.7038620e+12
      218.725   5.2438220e+12
      218.775   5.1397322e+12
      218.825   5.3575511e+12
      218.875   5.6195152e+12
      218.925   5.6841874e+12
      218.975   5.6758892e+12
      219.025   5.7728966e+12
      219.075   5.9054177e+12
      219.125   5.8978126e+12
      219.175   5.8108892e+12
      219.225   5.8375942e+12
      219.275   6.1504560e+12
      219.325   6.7039682e+12
      219.375   7.0632303e+12
      219.425   7.0045815e+12
      219.475   6.6690331e+12
      219.525   6.2252333e+12
      219.575   5.8429987e+12
      219.625   5.7050144e+12
      219.675   5.8375707e+12
      219.725   6.1724462e+12
      219.775   6.6046463e+12
      219.825   6.9717879e+12
      219.875   7.1563792e+12
      219.925   7.1313736e+12
      219.975   6.8881480e+12
      220.025   6.4470705e+12
      220.075   5.9730277e+12
      220.125   5.7498440e+12
      220.175   5.9238509e+12
      220.225   6.4248661e+12
      220.275   6.9414478e+12
      220.325   7.2939701e+12
      220.375   7.5108737e+12
      220.425   7.4947944e+12
      220.475   7.2679065e+12
      220.525   7.0832175e+12
      220.575   6.9982141e+12
      220.625   6.7495577e+12
      220.675   6.3585821e+12
      220.725   6.0308368e+12
      220.775   5.7539846e+12
      220.825   5.4733457e+12
      220.875   5.2857182e+12
      220.925   5.2833693e+12
      220.975   5.2371332e+12
      221.025   4.9550834e+12
      221.075   4.5527287e+12
      221.125   4.2524835e+12
      221.175   4.1967336e+12
      221.225   4.3706576e+12
      221.275   4.7645321e+12
      221.325   5.2661975e+12
      221.375   5.5922539e+12
      221.425   5.6360668e+12
      221.475   5.5846977e+12
      221.525   5.5772709e+12
      221.575   5.5037760e+12
      221.625   5.2343972e+12
      221.675   4.8507994e+12
      221.725   4.5649682e+12
      221.775   4.5146316e+12
      221.825   4.6767740e+12
      221.875   5.0239080e+12
      221.925   5.5280400e+12
      221.975   6.0078700e+12
      222.025   6.2890168e+12
      222.075   6.4349893e+12
      222.125   6.5606410e+12
      222.175   6.7057022e+12
      222.225   6.7324688e+12
      222.275   6.5876841e+12
      222.325   6.4247690e+12
      222.375   6.4190958e+12
      222.425   6.5527694e+12
      222.475   6.6075032e+12
      222.525   6.6146032e+12
      222.575   6.6613112e+12
      222.625   6.6838836e+12
      222.675   6.6229044e+12
      222.725   6.5239665e+12
      222.775   6.5117729e+12
      222.825   6.6873058e+12
      222.875   7.0176426e+12
      222.925   7.2666181e+12
      222.975   7.3345051e+12
      223.025   7.2840254e+12
      223.075   7.1290817e+12
      223.125   7.0287067e+12
      223.175   7.1878970e+12
      223.225   7.5998152e+12
      223.275   8.2559601e+12
      223.325   8.9870481e+12
      223.375   9.4167590e+12
      223.425   9.4439493e+12
      223.475   9.3121125e+12
      223.525   9.3050511e+12
      223.575   9.4229474e+12
      223.625   9.4309288e+12
      223.675   9.2593993e+12
      223.725   8.9871360e+12
      223.775   8.6609575e+12
      223.825   8.3482251e+12
      223.875   8.1578703e+12
      223.925   8.2208356e+12
      223.975   8.5166388e+12
      224.025   8.6890818e+12
      224.075   8.5256973e+12
      224.125   8.2097187e+12
      224.175   7.8993816e+12
      224.225   7.7044160e+12
      224.275   7.6119276e+12
      224.325   7.5176036e+12
      224.375   7.4129664e+12
      224.425   7.2953130e+12
      224.475   7.2835951e+12
      224.525   7.4513459e+12
      224.575   7.7987086e+12
      224.625   8.1114148e+12
      224.675   8.2540191e+12
      224.725   8.3758599e+12
      224.775   8.5008528e+12
      224.825   8.5745586e+12
      224.875   8.2985185e+12
      224.925   7.8196405e+12
      224.975   7.5141384e+12
      225.025   7.3825377e+12
      225.075   7.3376004e+12
      225.125   7.2392687e+12
      225.175   7.2060007e+12
      225.225   7.3383244e+12
      225.275   7.4757493e+12
      225.325   7.3702481e+12
      225.375   7.0602213e+12
      225.425   6.8330512e+12
      225.475   6.8598011e+12
      225.525   6.9843447e+12
      225.575   6.9154723e+12
      225.625   6.6994866e+12
      225.675   6.5794246e+12
      225.725   6.6750401e+12
      225.775   6.7881002e+12
      225.825   6.7782998e+12
      225.875   6.7614862e+12
      225.925   6.7689082e+12
      225.975   6.5447050e+12
      226.025   6.1294349e+12
      226.075   5.8527438e+12
      226.125   5.8237348e+12
      226.175   5.9977813e+12
      226.225   6.1574246e+12
      226.275   6.1402269e+12
      226.325   5.9581707e+12
      226.375   5.6674247e+12
      226.425   5.4147129e+12
      226.475   5.1943530e+12
      226.525   4.9791815e+12
      226.575   4.8447723e+12
      226.625   4.7969368e+12
      226.675   4.7779260e+12
      226.725   4.7096126e+12
      226.775   4.6335116e+12
      226.825   4.5859895e+12
      226.875   4.5330500e+12
      226.925   4.4778290e+12
      226.975   4.4319857e+12
      227.025   4.4157271e+12
      227.075   4.4499557e+12
      227.125   4.4999662e+12
      227.175   4.5632886e+12
      227.225   4.6518981e+12
      227.275   4.7760844e+12
      227.325   4.8872425e+12
      227.375   4.9393013e+12
      227.425   4.9525748e+12
      227.475   5.0463345e+12
      227.525   5.2038053e+12
      227.575   5.2623206e+12
      227.625   5.2795958e+12
      227.675   5.4286094e+12
      227.725   5.6891234e+12
      227.775   5.9060825e+12
      227.825   6.0484875e+12
      227.875   6.1926538e+12
      227.925   6.3122910e+12
      227.975   6.3502588e+12
      228.025   6.4152654e+12
      228.075   6.6289038e+12
      228.125   7.0124527e+12
      228.175   7.4044535e+12
      228.225   7.6230198e+12
      228.275   7.6580604e+12
      228.325   7.4571334e+12
      228.375   7.1831506e+12
      228.425   7.1556181e+12
      228.475   7.3495652e+12
      228.525   7.5701440e+12
      228.575   7.6795393e+12
      228.625   7.4847006e+12
      228.675   7.0272093e+12
      228.725   6.5837402e+12
      228.775   6.3886544e+12
      228.825   6.5829061e+12
      228.875   6.8852758e+12
      228.925   6.9607551e+12
      228.975   6.7903491e+12
      229.025   6.5191997e+12
      229.075   6.3741183e+12
      229.125   6.3909857e+12
      229.175   6.4507138e+12
      229.225   6.5305417e+12
      229.275   6.6281223e+12
      229.325   6.7186609e+12
      229.375   6.7722982e+12
      229.425   6.7682397e+12
      229.475   6.7705201e+12
      229.525   6.9293259e+12
      229.575   7.1761971e+12
      229.625   7.2468161e+12
      229.675   6.8186659e+12
      229.725   6.1924144e+12
      229.775   5.8056286e+12
      229.825   5.6324427e+12
      229.875   5.6289863e+12
      229.925   5.7630175e+12
      229.975   5.9195706e+12
      230.025   6.0148723e+12
      230.075   6.1108538e+12
      230.125   6.2876012e+12
      230.175   6.5439452e+12
      230.225   6.7751794e+12
      230.275   6.8404095e+12
      230.325   6.6782794e+12
      230.375   6.5908140e+12
      230.425   6.7631949e+12
      230.475   7.0417067e+12
      230.525   7.4949029e+12
      230.575   8.1685111e+12
      230.625   8.6935548e+12
      230.675   8.8365487e+12
      230.725   8.7289935e+12
      230.775   8.4478317e+12
      230.825   8.1182632e+12
      230.875   7.8551822e+12
      230.925   7.4935907e+12
      230.975   7.0503034e+12
      231.025   6.7432247e+12
      231.075   6.5247929e+12
      231.125   6.2734541e+12
      231.175   6.0467434e+12
      231.225   5.9019430e+12
      231.275   5.8478204e+12
      231.325   5.8540263e+12
      231.375   5.9058522e+12
      231.425   6.1434890e+12
      231.475   6.6876659e+12
      231.525   7.2795793e+12
      231.575   7.6125043e+12
      231.625   7.6258794e+12
      231.675   7.4475848e+12
      231.725   7.3301513e+12
      231.775   7.3308537e+12
      231.825   7.4099253e+12
      231.875   7.5063030e+12
      231.925   7.4404680e+12
      231.975   7.1259153e+12
      232.025   6.7080564e+12
      232.075   6.3971897e+12
      232.125   6.3670903e+12
      232.175   6.4958203e+12
      232.225   6.7544786e+12
      232.275   7.3041937e+12
      232.325   8.1492877e+12
      232.375   8.8456244e+12
      232.425   9.0356442e+12
      232.475   8.7794858e+12
      232.525   8.0913894e+12
      232.575   7.2366665e+12
      232.625   6.6390655e+12
      232.675   6.3776016e+12
      232.725   6.3063483e+12
      232.775   6.3625733e+12
      232.825   6.5787550e+12
      232.875   6.9352723e+12
      232.925   7.2398210e+12
      232.975   7.3376074e+12
      233.025   7.2141024e+12
      233.075   6.9581237e+12
      233.125   6.6346122e+12
      233.175   6.2618009e+12
      233.225   5.9537719e+12
      233.275   5.7634357e+12
      233.325   5.6669653e+12
      233.375   5.7013256e+12
      233.425   5.9481497e+12
      233.475   6.2444538e+12
      233.525   6.4451792e+12
      233.575   6.6488142e+12
      233.625   6.8062874e+12
      233.675   6.6817801e+12
      233.725   6.2193720e+12
      233.775   5.6824463e+12
      233.825   5.2468130e+12
      233.875   4.9698411e+12
      233.925   4.9131239e+12
      233.975   5.0053090e+12
      234.025   5.2043225e+12
      234.075   5.4384180e+12
      234.125   5.6475852e+12
      234.175   5.8187677e+12
      234.225   5.8895824e+12
      234.275   5.7653346e+12
      234.325   5.3941937e+12
      234.375   4.9398333e+12
      234.425   4.5850478e+12
      234.475   4.4274342e+12
      234.525   4.5125911e+12
      234.575   4.6656603e+12
      234.625   4.7746783e+12
      234.675   4.8942860e+12
      234.725   5.0476566e+12
      234.775   5.1249800e+12
      234.825   5.0570813e+12
      234.875   5.0293853e+12
      234.925   5.2420203e+12
      234.975   5.7349036e+12
      235.025   6.2702998e+12
      235.075   6.5983910e+12
      235.125   6.7831331e+12
      235.175   6.9735798e+12
      235.225   7.2608507e+12
      235.275   7.5734332e+12
      235.325   7.7581234e+12
      235.375   7.7080157e+12
      235.425   7.4932840e+12
      235.475   7.2374909e+12
      235.525   7.0396264e+12
      235.575   7.0785627e+12
      235.625   7.4235667e+12
      235.675   7.8204669e+12
      235.725   8.0037599e+12
      235.775   7.9943145e+12
      235.825   7.8551513e+12
      235.875   7.4897838e+12
      235.925   6.9581568e+12
      235.975   6.4252249e+12
      236.025   6.0045679e+12
      236.075   5.8856022e+12
      236.125   6.0468893e+12
      236.175   6.2539021e+12
      236.225   6.4484126e+12
      236.275   6.7599554e+12
      236.325   7.1151053e+12
      236.375   7.2309701e+12
      236.425   7.0223628e+12
      236.475   6.6460641e+12
      236.525   6.3350613e+12
      236.575   6.2420241e+12
      236.625   6.2766782e+12
      236.675   6.2860607e+12
      236.725   6.2296385e+12
      236.775   6.2371379e+12
      236.825   6.3547850e+12
      236.875   6.4873450e+12
      236.925   6.6803501e+12
      236.975   6.9735398e+12
      237.025   7.2210402e+12
      237.075   7.3761457e+12
      237.125   7.5721704e+12
      237.175   7.8319116e+12
      237.225   7.9441382e+12
      237.275   7.7412853e+12
      237.325   7.2292215e+12
      237.375   6.5708842e+12
      237.425   6.1857243e+12
      237.475   6.1897373e+12
      237.525   6.3076053e+12
      237.575   6.4690756e+12
      237.625   6.8148889e+12
      237.675   7.2490425e+12
      237.725   7.5236207e+12
      237.775   7.5426331e+12
      237.825   7.2406105e+12
      237.875   6.7585268e+12
      237.925   6.3162335e+12
      237.975   5.9570174e+12
      238.025   5.7277211e+12
      238.075   5.5500296e+12
      238.125   5.3001819e+12
      238.175   5.0066964e+12
      238.225   4.7692148e+12
      238.275   4.6189094e+12
      238.325   4.5965146e+12
      238.375   4.7079023e+12
      238.425   4.9408010e+12
      238.475   5.2801598e+12
      238.525   5.6704857e+12
      238.575   6.0366079e+12
      238.625   6.3252435e+12
      238.675   6.5098875e+12
      238.725   6.5084638e+12
      238.775   6.2877828e+12
      238.825   5.9412358e+12
      238.875   5.6168762e+12
      238.925   5.4885148e+12
      238.975   5.6836834e+12
      239.025   6.1252880e+12
      239.075   6.6294544e+12
      239.125   7.0077485e+12
      239.175   7.0991757e+12
      239.225   7.0268105e+12
      239.275   7.0014338e+12
      239.325   6.9752332e+12
      239.375   6.8429125e+12
      239.425   6.5369918e+12
      239.475   6.0708352e+12
      239.525   5.5611880e+12
      239.575   5.1756948e+12
      239.625   5.0250048e+12
      239.675   5.0647195e+12
      239.725   5.2709758e+12
      239.775   5.5800093e+12
      239.825   5.8168238e+12
      239.875   5.8332327e+12
      239.925   5.6439666e+12
      239.975   5.4427157e+12
      240.025   5.4996764e+12
      240.075   5.8126231e+12
      240.125   6.1124449e+12
      240.175   6.2486225e+12
      240.225   6.2268990e+12
      240.275   6.1222401e+12
      240.325   6.0211960e+12
      240.375   5.9178512e+12
      240.425   5.7003530e+12
      240.475   5.3245760e+12
      240.525   4.9597618e+12
      240.575   4.8113553e+12
      240.625   4.8591273e+12
      240.675   4.9650756e+12
      240.725   5.0288170e+12
      240.775   5.1372107e+12
      240.825   5.4076538e+12
      240.875   5.7564041e+12
      240.925   6.0118969e+12
      240.975   6.0763964e+12
      241.025   5.9532564e+12
      241.075   5.6682237e+12
      241.125   5.3517939e+12
      241.175   5.2241265e+12
      241.225   5.3812408e+12
      241.275   5.7107202e+12
      241.325   5.9730216e+12
      241.375   6.0712327e+12
      241.425   6.1934553e+12
      241.475   6.4915206e+12
      241.525   6.9174159e+12
      241.575   7.3110311e+12
      241.625   7.6451159e+12
      241.675   7.9462580e+12
      241.725   8.1799387e+12
      241.775   8.3537347e+12
      241.825   8.5335673e+12
      241.875   8.7865646e+12
      241.925   9.0429308e+12
      241.975   9.2290455e+12
      242.025   9.4235471e+12
      242.075   9.6884728e+12
      242.125   9.9220487e+12
      242.175   1.0110501e+13
      242.225   1.0294031e+13
      242.275   1.0374072e+13
      242.325   1.0151780e+13
      242.375   9.7981831e+12
      242.425   9.5457162e+12
      242.475   9.4424269e+12
      242.525   9.5010507e+12
      242.575   9.6735180e+12
      242.625   9.9528788e+12
      242.675   1.0353414e+13
      242.725   1.0710995e+13
      242.775   1.0792230e+13
      242.825   1.0621601e+13
      242.875   1.0239618e+13
      242.925   9.8742762e+12
      242.975   9.7971560e+12
      243.025   9.9372225e+12
      243.075   1.0130956e+13
      243.125   1.0236499e+13
      243.175   1.0119310e+13
      243.225   9.8743255e+12
      243.275   9.6036326e+12
      243.325   9.3931032e+12
      243.375   9.3661878e+12
      243.425   9.4348807e+12
      243.475   9.3820775e+12
      243.525   9.1092854e+12
      243.575   8.8318721e+12
      243.625   8.7958966e+12
      243.675   8.9085258e+12
      243.725   9.0886497e+12
      243.775   9.3501493e+12
      243.825   9.5946816e+12
      243.875   9.6232297e+12
      243.925   9.4010474e+12
      243.975   9.1121233e+12
      244.025   8.9230760e+12
      244.075   8.9824634e+12
      244.125   9.2480914e+12
      244.175   9.5660891e+12
      244.225   9.8249397e+12
      244.275   9.9294424e+12
      244.325   9.8349840e+12
      244.375   9.5828386e+12
      244.425   9.2335966e+12
      244.475   8.9930899e+12
      244.525   8.9171336e+12
      244.575   8.8684576e+12
      244.625   8.7912867e+12
      244.675   8.6125267e+12
      244.725   8.3863132e+12
      244.775   8.1779391e+12
      244.825   7.9529407e+12
      244.875   7.7701227e+12
      244.925   7.7574487e+12
      244.975   7.7991524e+12
      245.025   7.7451590e+12
      245.075   7.5919333e+12
      245.125   7.4184666e+12
      245.175   7.2989423e+12
      245.225   7.1878634e+12
      245.275   7.0870452e+12
      245.325   7.0459396e+12
      245.375   7.0361615e+12
      245.425   7.0189939e+12
      245.475   7.0363817e+12
      245.525   7.1376961e+12
      245.575   7.2155071e+12
      245.625   7.1614204e+12
      245.675   7.0799595e+12
      245.725   7.0615284e+12
      245.775   7.1621521e+12
      245.825   7.3200766e+12
      245.875   7.3796257e+12
      245.925   7.3006228e+12
      245.975   7.1543618e+12
      246.025   7.0784655e+12
      246.075   7.0208444e+12
      246.125   6.8924246e+12
      246.175   6.7533018e+12
      246.225   6.6210983e+12
      246.275   6.5140150e+12
      246.325   6.4586759e+12
      246.375   6.5432113e+12
      246.425   6.7813243e+12
      246.475   7.0190062e+12
      246.525   7.1881450e+12
      246.575   7.2607907e+12
      246.625   7.2775208e+12
      246.675   7.3095520e+12
      246.725   7.3846867e+12
      246.775   7.5214952e+12
      246.825   7.6767861e+12
      246.875   7.7945267e+12
      246.925   7.8403952e+12
      246.975   7.8642240e+12
      247.025   7.9098587e+12
      247.075   7.9531315e+12
      247.125   8.0031831e+12
      247.175   8.0876043e+12
      247.225   8.1411061e+12
      247.275   8.0060739e+12
      247.325   7.6702173e+12
      247.375   7.5398829e+12
      247.425   7.8216264e+12
      247.475   8.2456771e+12
      247.525   8.5018898e+12
      247.575   8.5321345e+12
      247.625   8.4930525e+12
      247.675   8.4221043e+12
      247.725   8.3005521e+12
      247.775   8.1832142e+12
      247.825   8.0434718e+12
      247.875   7.8180567e+12
      247.925   7.5492069e+12
      247.975   7.2981528e+12
      248.025   7.2495835e+12
      248.075   7.4269402e+12
      248.125   7.6036797e+12
      248.175   7.6529848e+12
      248.225   7.4717605e+12
      248.275   7.0022413e+12
      248.325   6.4641897e+12
      248.375   6.0495658e+12
      248.425   5.8962975e+12
      248.475   6.0386467e+12
      248.525   6.3191994e+12
      248.575   6.6541847e+12
      248.625   6.9365616e+12
      248.675   6.9909131e+12
      248.725   6.8592687e+12
      248.775   6.6554250e+12
      248.825   6.3752365e+12
      248.875   6.1051960e+12
      248.925   5.9961339e+12
      248.975   5.9890041e+12
      249.025   5.9578562e+12
      249.075   5.8992576e+12
      249.125   5.8977026e+12
      249.175   6.0591305e+12
      249.225   6.3695322e+12
      249.275   6.8386301e+12
      249.325   7.3544819e+12
      249.375   7.7615345e+12
      249.425   8.1528627e+12
      249.475   8.5673536e+12
      249.525   8.9851526e+12
      249.575   9.2981532e+12
      249.625   9.3947171e+12
      249.675   9.2938511e+12
      249.725   9.2669338e+12
      249.775   9.3949173e+12
      249.825   9.5093628e+12
      249.875   9.5407802e+12
      249.925   9.5780889e+12
      249.975   9.7491385e+12
      250.025   9.9047910e+12
      250.075   9.8732447e+12
      250.125   9.5265488e+12
      250.175   8.9317457e+12
      250.225   8.5560623e+12
      250.275   8.6191564e+12
      250.325   8.8867511e+12
      250.375   9.1639637e+12
      250.425   9.3579955e+12
      250.475   9.4693571e+12
      250.525   9.3930221e+12
      250.575   9.0376366e+12
      250.625   8.5131686e+12
      250.675   7.9835733e+12
      250.725   7.5861151e+12
      250.775   7.4229782e+12
      250.825   7.6308360e+12
      250.875   8.1011870e+12
      250.925   8.4761870e+12
      250.975   8.6433433e+12
      251.025   8.6808919e+12
      251.075   8.4784960e+12
      251.125   8.0852124e+12
      251.175   7.7681311e+12
      251.225   7.6232365e+12
      251.275   7.5475393e+12
      251.325   7.4313458e+12
      251.375   7.2342326e+12
      251.425   6.9225550e+12
      251.475   6.5635161e+12
      251.525   6.3177655e+12
      251.575   6.2065564e+12
      251.625   6.1014843e+12
      251.675   5.9466243e+12
      251.725   5.8720869e+12
      251.775   5.9216671e+12
      251.825   5.9613159e+12
      251.875   5.9607876e+12
      251.925   5.9462709e+12
      251.975   5.9721496e+12
      252.025   6.0857105e+12
      252.075   6.3128574e+12
      252.125   6.4972400e+12
      252.175   6.4645253e+12
      252.225   6.2994686e+12
      252.275   6.1008987e+12
      252.325   5.8657956e+12
      252.375   5.6899391e+12
      252.425   5.6457311e+12
      252.475   5.6934823e+12
      252.525   5.8239355e+12
      252.575   6.0713013e+12
      252.625   6.3200026e+12
      252.675   6.4368061e+12
      252.725   6.4346982e+12
      252.775   6.2811534e+12
      252.825   6.0438382e+12
      252.875   5.8777715e+12
      252.925   5.8395283e+12
      252.975   5.9573529e+12
      253.025   6.2596435e+12
      253.075   6.6835806e+12
      253.125   7.1084575e+12
      253.175   7.4650875e+12
      253.225   7.6759496e+12
      253.275   7.7182224e+12
      253.325   7.6935896e+12
      253.375   7.6825651e+12
      253.425   7.6933212e+12
      253.475   7.7199878e+12
      253.525   7.7331287e+12
      253.575   7.7119446e+12
      253.625   7.6337868e+12
      253.675   7.5895839e+12
      253.725   7.6507276e+12
      253.775   7.7893311e+12
      253.825   7.9458529e+12
      253.875   8.0225755e+12
      253.925   7.9997072e+12
      253.975   8.0632700e+12
      254.025   8.2655953e+12
      254.075   8.4008457e+12
      254.125   8.3177406e+12
      254.175   8.1766592e+12
      254.225   8.2177733e+12
      254.275   8.3814586e+12
      254.325   8.6283375e+12
      254.375   8.8928565e+12
      254.425   9.0253661e+12
      254.475   9.0140223e+12
      254.525   8.9650153e+12
      254.575   8.9014414e+12
      254.625   8.7898741e+12
      254.675   8.6917024e+12
      254.725   8.6867183e+12
      254.775   8.8236912e+12
      254.825   8.9585482e+12
      254.875   8.9595392e+12
      254.925   8.9046978e+12
      254.975   8.8456379e+12
      255.025   8.9474625e+12
      255.075   9.3434149e+12
      255.125   9.9559297e+12
      255.175   1.0645703e+13
      255.225   1.1342690e+13
      255.275   1.1784155e+13
      255.325   1.1821464e+13
      255.375   1.1754607e+13
      255.425   1.1948005e+13
      255.475   1.2353392e+13
      255.525   1.2528232e+13
      255.575   1.2383420e+13
      255.625   1.2190806e+13
      255.675   1.2182416e+13
      255.725   1.2252419e+13
      255.775   1.2282995e+13
      255.825   1.2391798e+13
      255.875   1.2770458e+13
      255.925   1.3319241e+13
      255.975   1.3751325e+13
      256.025   1.3923807e+13
      256.075   1.3806063e+13
      256.125   1.3639976e+13
      256.175   1.3513588e+13
      256.225   1.3265332e+13
      256.275   1.2841969e+13
      256.325   1.2487005e+13
      256.375   1.2480021e+13
      256.425   1.2846101e+13
      256.475   1.3424671e+13
      256.525   1.4203949e+13
      256.575   1.5215599e+13
      256.625   1.6102392e+13
      256.675   1.6646660e+13
      256.725   1.6932664e+13
      256.775   1.6983739e+13
      256.825   1.7032493e+13
      256.875   1.7220061e+13
      256.925   1.7502742e+13
      256.975   1.7925338e+13
      257.025   1.8448927e+13
      257.075   1.8803005e+13
      257.125   1.8857510e+13
      257.175   1.8769923e+13
      257.225   1.8873562e+13
      257.275   1.9122856e+13
      257.325   1.9356795e+13
      257.375   1.9702822e+13
      257.425   1.9898960e+13
      257.475   1.9419360e+13
      257.525   1.8351598e+13
      257.575   1.7080975e+13
      257.625   1.6036500e+13
      257.675   1.5669434e+13
      257.725   1.5939709e+13
      257.775   1.6533676e+13
      257.825   1.7297911e+13
      257.875   1.8204662e+13
      257.925   1.9083341e+13
      257.975   1.9871847e+13
      258.025   2.0608742e+13
      258.075   2.1274108e+13
      258.125   2.1940589e+13
      258.175   2.2486440e+13
      258.225   2.2445085e+13
      258.275   2.1318214e+13
      258.325   1.9657832e+13
      258.375   1.8772248e+13
      258.425   1.8599161e+13
      258.475   1.8255265e+13
      258.525   1.7207535e+13
      258.575   1.6001408e+13
      258.625   1.5352219e+13
      258.675   1.5173488e+13
      258.725   1.5649417e+13
      258.775   1.6683990e+13
      258.825   1.7661861e+13
      258.875   1.8364080e+13
      258.925   1.9251583e+13
      258.975   2.0634619e+13
      259.025   2.1536876e+13
      259.075   2.1316733e+13
      259.125   2.0265166e+13
      259.175   1.8781437e+13
      259.225   1.7613812e+13
      259.275   1.7143069e+13
      259.325   1.6831336e+13
      259.375   1.6027669e+13
      259.425   1.5018814e+13
      259.475   1.4720781e+13
      259.525   1.5199248e+13
      259.575   1.5783193e+13
      259.625   1.5962550e+13
      259.675   1.5637646e+13
      259.725   1.5111776e+13
      259.775   1.4399656e+13
      259.825   1.3281187e+13
      259.875   1.2069304e+13
      259.925   1.1186221e+13
      259.975   1.0698477e+13
      260.025   1.0635849e+13
      260.075   1.1181065e+13
      260.125   1.2133803e+13
      260.175   1.3088853e+13
      260.225   1.4069399e+13
      260.275   1.4833068e+13
      260.325   1.5130469e+13
      260.375   1.5094940e+13
      260.425   1.4873200e+13
      260.475   1.4473472e+13
      260.525   1.3905186e+13
      260.575   1.3220369e+13
      260.625   1.2458162e+13
      260.675   1.1733518e+13
      260.725   1.1234438e+13
      260.775   1.1121349e+13
      260.825   1.1397229e+13
      260.875   1.1989876e+13
      260.925   1.2696979e+13
      260.975   1.3208062e+13
      261.025   1.3407573e+13
      261.075   1.3328891e+13
      261.125   1.2910846e+13
      261.175   1.2118527e+13
      261.225   1.1379821e+13
      261.275   1.1028180e+13
      261.325   1.1094200e+13
      261.375   1.1382119e+13
      261.425   1.1619681e+13
      261.475   1.1995221e+13
      261.525   1.2691991e+13
      261.575   1.3693438e+13
      261.625   1.4678994e+13
      261.675   1.5180959e+13
      261.725   1.5210863e+13
      261.775   1.4834453e+13
      261.825   1.4203237e+13
      261.875   1.4018602e+13
      261.925   1.4528367e+13
      261.975   1.5363090e+13
      262.025   1.6209658e+13
      262.075   1.6551326e+13
      262.125   1.6339636e+13
      262.175   1.6117897e+13
      262.225   1.6069990e+13
      262.275   1.6443256e+13
      262.325   1.7056406e+13
      262.375   1.7355311e+13
      262.425   1.7388549e+13
      262.475   1.7374707e+13
      262.525   1.6987616e+13
      262.575   1.6109971e+13
      262.625   1.5230670e+13
      262.675   1.4791665e+13
      262.725   1.4876516e+13
      262.775   1.5040128e+13
      262.825   1.4919497e+13
      262.875   1.4632818e+13
      262.925   1.4645206e+13
      262.975   1.4946802e+13
      263.025   1.5104795e+13
      263.075   1.4924346e+13
      263.125   1.4628868e+13
      263.175   1.4567572e+13
      263.225   1.5050257e+13
      263.275   1.6004852e+13
      263.325   1.7368063e+13
      263.375   1.9085934e+13
      263.425   2.0984448e+13
      263.475   2.2730184e+13
      263.525   2.4197682e+13
      263.575   2.5331371e+13
      263.625   2.6368850e+13
      263.675   2.7773617e+13
      263.725   2.9481663e+13
      263.775   3.1363317e+13
      263.825   3.3514797e+13
      263.875   3.5550260e+13
      263.925   3.6898617e+13
      263.975   3.7257744e+13
      264.025   3.6672197e+13
      264.075   3.6114286e+13
      264.125   3.6081973e+13
      264.175   3.6513257e+13
      264.225   3.7461522e+13
      264.275   3.9380793e+13
      264.325   4.1863140e+13
      264.375   4.3527840e+13
      264.425   4.3473500e+13
      264.475   4.1906064e+13
      264.525   4.0275465e+13
      264.575   3.9255597e+13
      264.625   3.8362594e+13
      264.675   3.7382473e+13
      264.725   3.6595972e+13
      264.775   3.5964163e+13
      264.825   3.5156731e+13
      264.875   3.3999902e+13
      264.925   3.3128934e+13
      264.975   3.3306657e+13
      265.025   3.4036639e+13
      265.075   3.4538670e+13
      265.125   3.4808102e+13
      265.175   3.5097686e+13
      265.225   3.5507319e+13
      265.275   3.6243518e+13
      265.325   3.7186236e+13
      265.375   3.7963798e+13
      265.425   3.8653118e+13
      265.475   3.9742381e+13
      265.525   4.1300317e+13
      265.575   4.2344392e+13
      265.625   4.2073886e+13
      265.675   4.1294445e+13
      265.725   4.1197190e+13
      265.775   4.1496194e+13
      265.825   4.1161202e+13
      265.875   4.0416718e+13
      265.925   4.0069645e+13
      265.975   4.0540033e+13
      266.025   4.1205020e+13
      266.075   4.1234643e+13
      266.125   4.0705798e+13
      266.175   3.9644695e+13
      266.225   3.8388819e+13
      266.275   3.7899203e+13
      266.325   3.7903540e+13
      266.375   3.7467093e+13
      266.425   3.6511254e+13
      266.475   3.6426936e+13
      266.525   3.7728500e+13
      266.575   3.8742619e+13
      266.625   3.8549489e+13
      266.675   3.7305796e+13
      266.725   3.6585447e+13
      266.775   3.7291568e+13
      266.825   3.8488727e+13
      266.875   3.8930724e+13
      266.925   3.8331875e+13
      266.975   3.7480370e+13
      267.025   3.6956675e+13
      267.075   3.7273183e+13
      267.125   3.8564221e+13
      267.175   3.9580739e+13
      267.225   3.9401029e+13
      267.275   3.7868443e+13
      267.325   3.5828765e+13
      267.375   3.5443043e+13
      267.425   3.6830215e+13
      267.475   3.9233753e+13
      267.525   4.1796588e+13
      267.575   4.2876829e+13
      267.625   4.2722504e+13
      267.675   4.2210312e+13
      267.725   4.1210712e+13
      267.775   3.9635453e+13
      267.825   3.8292114e+13
      267.875   3.7388962e+13
      267.925   3.6569191e+13
      267.975   3.6071937e+13
      268.025   3.6300615e+13
      268.075   3.7062416e+13
      268.125   3.7837146e+13
      268.175   3.8492726e+13
      268.225   3.8930927e+13
      268.275   3.9027574e+13
      268.325   3.8881829e+13
      268.375   3.8494005e+13
      268.425   3.7943713e+13
      268.475   3.7509414e+13
      268.525   3.7316542e+13
      268.575   3.7582163e+13
      268.625   3.8394913e+13
      268.675   3.9240607e+13
      268.725   3.9463389e+13
      268.775   3.9150460e+13
      268.825   3.8432308e+13
      268.875   3.7482926e+13
      268.925   3.6661443e+13
      268.975   3.5905903e+13
      269.025   3.5084945e+13
      269.075   3.4614331e+13
      269.125   3.4911701e+13
      269.175   3.5673089e+13
      269.225   3.6691949e+13
      269.275   3.7575709e+13
      269.325   3.7887980e+13
      269.375   3.8031626e+13
      269.425   3.8265711e+13
      269.475   3.8393112e+13
      269.525   3.7498377e+13
      269.575   3.5871078e+13
      269.625   3.4661471e+13
      269.675   3.4340778e+13
      269.725   3.5207520e+13
      269.775   3.6672295e+13
      269.825   3.7720595e+13
      269.875   3.8131993e+13
      269.925   3.8231461e+13
      269.975   3.9025947e+13
      270.025   4.1328950e+13
      270.075   4.3859595e+13
      270.125   4.4985066e+13
      270.175   4.3827020e+13
      270.225   4.1714101e+13
      270.275   4.0991145e+13
      270.325   4.1958382e+13
      270.375   4.3201117e+13
      270.425   4.3598532e+13
      270.475   4.3989669e+13
      270.525   4.4901496e+13
      270.575   4.5237742e+13
      270.625   4.4006988e+13
      270.675   4.1988980e+13
      270.725   4.0737160e+13
      270.775   4.0447649e+13
      270.825   4.0679268e+13
      270.875   4.0541941e+13
      270.925   3.9990392e+13
      270.975   3.9812045e+13
      271.025   4.0106841e+13
      271.075   4.0280404e+13
      271.125   3.9928551e+13
      271.175   3.9387987e+13
      271.225   3.9109252e+13
      271.275   3.9851476e+13
      271.325   4.1128895e+13
      271.375   4.1131976e+13
      271.425   3.9228223e+13
      271.475   3.6129521e+13
      271.525   3.3868680e+13
      271.575   3.3515928e+13
      271.625   3.3977884e+13
      271.675   3.4685093e+13
      271.725   3.5162709e+13
      271.775   3.4803798e+13
      271.825   3.3398442e+13
      271.875   3.1198499e+13
      271.925   2.8252784e+13
      271.975   2.5933059e+13
      272.025   2.5370169e+13
      272.075   2.5507542e+13
      272.125   2.5826055e+13
      272.175   2.6936556e+13
      272.225   2.8591595e+13
      272.275   2.9854222e+13
      272.325   3.0426511e+13
      272.375   3.0322467e+13
      272.425   2.9942443e+13
      272.475   2.9965987e+13
      272.525   3.0563212e+13
      272.575   3.1351403e+13
      272.625   3.2047113e+13
      272.675   3.2432319e+13
      272.725   3.2557805e+13
      272.775   3.2466314e+13
      272.825   3.2564352e+13
      272.875   3.3798136e+13
      272.925   3.6111660e+13
      272.975   3.8492729e+13
      273.025   4.0266484e+13
      273.075   4.0363695e+13
      273.125   3.8863004e+13
      273.175   3.7348714e+13
      273.225   3.6693061e+13
      273.275   3.6459786e+13
      273.325   3.5668359e+13
      273.375   3.4164520e+13
      273.425   3.2423165e+13
      273.475   3.1422520e+13
      273.525   3.1208176e+13
      273.575   3.1008935e+13
      273.625   3.0608616e+13
      273.675   2.9922633e+13
      273.725   2.8452841e+13
      273.775   2.6447350e+13
      273.825   2.5131836e+13
      273.875   2.5143142e+13
      273.925   2.5195989e+13
      273.975   2.4199247e+13
      274.025   2.2882263e+13
      274.075   2.2236243e+13
      274.125   2.2493469e+13
      274.175   2.2766788e+13
      274.225   2.2315549e+13
      274.275   2.1257083e+13
      274.325   1.9924357e+13
      274.375   1.9093906e+13
      274.425   1.9236967e+13
      274.475   1.9888920e+13
      274.525   2.0713009e+13
      274.575   2.1725184e+13
      274.625   2.2210523e+13
      274.675   2.1624113e+13
      274.725   2.0551803e+13
      274.775   1.9739719e+13
      274.825   2.0203319e+13
      274.875   2.1134332e+13
      274.925   2.1174581e+13
      274.975   2.0426991e+13
      275.025   1.9740866e+13
      275.075   2.0146022e+13
      275.125   2.1832444e+13
      275.175   2.4136484e+13
      275.225   2.6649637e+13
      275.275   2.8861232e+13
      275.325   3.0050596e+13
      275.375   3.0016889e+13
      275.425   2.8994560e+13
      275.475   2.7894473e+13
      275.525   2.7037620e+13
      275.575   2.6138173e+13
      275.625   2.5225348e+13
      275.675   2.5008258e+13
      275.725   2.6088636e+13
      275.775   2.8076353e+13
      275.825   3.0873653e+13
      275.875   3.4619343e+13
      275.925   3.8146459e+13
      275.975   3.9639655e+13
      276.025   3.9324592e+13
      276.075   3.8702818e+13
      276.125   3.8413284e+13
      276.175   3.7844451e+13
      276.225   3.6498583e+13
      276.275   3.5324157e+13
      276.325   3.5321275e+13
      276.375   3.6754588e+13
      276.425   3.8612517e+13
      276.475   4.0239039e+13
      276.525   4.1732825e+13
      276.575   4.2857691e+13
      276.625   4.2850053e+13
      276.675   4.1846631e+13
      276.725   4.0799200e+13
      276.775   4.0060356e+13
      276.825   3.9657660e+13
      276.875   3.9186218e+13
      276.925   3.8628653e+13
      276.975   3.8449671e+13
      277.025   3.9063099e+13
      277.075   4.0272903e+13
      277.125   4.1287188e+13
      277.175   4.1776831e+13
      277.225   4.1315207e+13
      277.275   4.0375000e+13
      277.325   4.0245120e+13
      277.375   4.0908581e+13
      277.425   4.1651516e+13
      277.475   4.1639115e+13
      277.525   4.0774133e+13
      277.575   3.9698234e+13
      277.625   3.8514843e+13
      277.675   3.7077889e+13
      277.725   3.5822269e+13
      277.775   3.5105958e+13
      277.825   3.4216815e+13
      277.875   3.2689874e+13
      277.925   3.1251292e+13
      277.975   3.0384548e+13
      278.025   2.9684629e+13
      278.075   2.9111195e+13
      278.125   2.8713629e+13
      278.175   2.8375348e+13
      278.225   2.8139994e+13
      278.275   2.8029623e+13
      278.325   2.7705401e+13
      278.375   2.7034985e+13
      278.425   2.6533333e+13
      278.475   2.6372088e+13
      278.525   2.6440495e+13
      278.575   2.6397350e+13
      278.625   2.6090813e+13
      278.675   2.5694891e+13
      278.725   2.5133325e+13
      278.775   2.4230831e+13
      278.825   2.3054660e+13
      278.875   2.1945279e+13
      278.925   2.1099927e+13
      278.975   2.0378340e+13
      279.025   1.9526694e+13
      279.075   1.8641732e+13
      279.125   1.7821624e+13
      279.175   1.7043729e+13
      279.225   1.6206198e+13
      279.275   1.5430821e+13
      279.325   1.4742916e+13
      279.375   1.4059229e+13
      279.425   1.3400164e+13
      279.475   1.2828133e+13
      279.525   1.2802700e+13
      279.575   1.3314854e+13
      279.625   1.3795233e+13
      279.675   1.3373545e+13
      279.725   1.2339497e+13
      279.775   1.1637592e+13
      279.825   1.1365540e+13
      279.875   1.1385573e+13
      279.925   1.1591379e+13
      279.975   1.1861847e+13
      280.025   1.2099135e+13
      280.075   1.2190914e+13
      280.125   1.2111208e+13
      280.175   1.2015503e+13
      280.225   1.2081901e+13
      280.275   1.2645409e+13
      280.325   1.3404574e+13
      280.375   1.3694380e+13
      280.425   1.3588523e+13
      280.475   1.3621200e+13
      280.525   1.4118908e+13
      280.575   1.4975023e+13
      280.625   1.5909282e+13
      280.675   1.6840482e+13
      280.725   1.7797566e+13
      280.775   1.8838662e+13
      280.825   1.9969383e+13
      280.875   2.1161046e+13
      280.925   2.2443241e+13
      280.975   2.3779614e+13
      281.025   2.4967650e+13
      281.075   2.5823890e+13
      281.125   2.6450783e+13
      281.175   2.7065289e+13
      281.225   2.7767441e+13
      281.275   2.8638873e+13
      281.325   2.9563101e+13
      281.375   3.0601389e+13
      281.425   3.2315149e+13
      281.475   3.4530791e+13
      281.525   3.6367686e+13
      281.575   3.7539266e+13
      281.625   3.8028741e+13
      281.675   3.8185023e+13
      281.725   3.8415125e+13
      281.775   3.8841822e+13
      281.825   3.9509044e+13
      281.875   4.0716953e+13
      281.925   4.2053516e+13
      281.975   4.3076323e+13
      282.025   4.4050936e+13
      282.075   4.5032725e+13
      282.125   4.5650232e+13
      282.175   4.5818091e+13
      282.225   4.5946868e+13
      282.275   4.6211489e+13
      282.325   4.6593788e+13
      282.375   4.7459226e+13
      282.425   4.8869604e+13
      282.475   5.0204369e+13
      282.525   5.0396968e+13
      282.575   4.9442018e+13
      282.625   4.8336996e+13
      282.675   4.7888642e+13
      282.725   4.8755993e+13
      282.775   4.9858758e+13
      282.825   5.0320847e+13
      282.875   5.0749201e+13
      282.925   5.1662537e+13
      282.975   5.2949787e+13
      283.025   5.4035787e+13
      283.075   5.4461313e+13
      283.125   5.4377399e+13
      283.175   5.4395943e+13
      283.225   5.4249161e+13
      283.275   5.3663678e+13
      283.325   5.3277095e+13
      283.375   5.3655451e+13
      283.425   5.3891906e+13
      283.475   5.3077035e+13
      283.525   5.1710722e+13
      283.575   4.9935432e+13
      283.625   4.8397676e+13
      283.675   4.8658400e+13
      283.725   5.0593232e+13
      283.775   5.2936896e+13
      283.825   5.4323386e+13
      283.875   5.4219646e+13
      283.925   5.3675586e+13
      283.975   5.3003613e+13
      284.025   5.1985560e+13
      284.075   5.0539599e+13
      284.125   4.9175735e+13
      284.175   4.8558905e+13
      284.225   4.8731780e+13
      284.275   4.8668900e+13
      284.325   4.7120344e+13
      284.375   4.4518618e+13
      284.425   4.2294028e+13
      284.475   4.1787131e+13
      284.525   4.2402060e+13
      284.575   4.2358071e+13
      284.625   4.0943041e+13
      284.675   3.8533880e+13
      284.725   3.6209574e+13
      284.775   3.4298022e+13
      284.825   3.2406670e+13
      284.875   3.0294533e+13
      284.925   2.8092584e+13
      284.975   2.6247815e+13
      285.025   2.4609207e+13
      285.075   2.3016818e+13
      285.125   2.1515789e+13
      285.175   2.0078389e+13
      285.225   1.8973466e+13
      285.275   1.8280935e+13
      285.325   1.8180400e+13
      285.375   1.8830380e+13
      285.425   2.0064547e+13
      285.475   2.1633392e+13
      285.525   2.3242570e+13
      285.575   2.5079713e+13
      285.625   2.6953968e+13
      285.675   2.8764276e+13
      285.725   3.0673365e+13
      285.775   3.2796870e+13
      285.825   3.5024171e+13
      285.875   3.7111744e+13
      285.925   3.9050782e+13
      285.975   4.1430211e+13
      286.025   4.4540930e+13
      286.075   4.7359944e+13
      286.125   4.9009215e+13
      286.175   4.9956181e+13
      286.225   5.1102003e+13
      286.275   5.2292808e+13
      286.325   5.3150936e+13
      286.375   5.4153665e+13
      286.425   5.5419804e+13
      286.475   5.7089332e+13
      286.525   5.8236533e+13
      286.575   5.8367906e+13
      286.625   5.8592486e+13
      286.675   5.9106888e+13
      286.725   5.8659598e+13
      286.775   5.7361913e+13
      286.825   5.6455481e+13
      286.875   5.6313370e+13
      286.925   5.6105035e+13
      286.975   5.5814662e+13
      287.025   5.6496945e+13
      287.075   5.8706161e+13
      287.125   6.1867850e+13
      287.175   6.4555378e+13
      287.225   6.5757949e+13
      287.275   6.5694615e+13
      287.325   6.4645423e+13
      287.375   6.2807972e+13
      287.425   6.0639769e+13
      287.475   5.9047491e+13
      287.525   5.8532110e+13
      287.575   5.8214489e+13
      287.625   5.7273882e+13
      287.675   5.5789218e+13
      287.725   5.4802910e+13
      287.775   5.4761966e+13
      287.825   5.5025306e+13
      287.875   5.4313392e+13
      287.925   5.2236623e+13
      287.975   4.9460347e+13
      288.025   4.6765784e+13
      288.075   4.4561629e+13
      288.125   4.2545221e+13
      288.175   4.0400982e+13
      288.225   3.8878722e+13
      288.275   3.9207351e+13
      288.325   4.1421081e+13
      288.375   4.4775883e+13
      288.425   4.8647080e+13
      288.475   5.2683864e+13
      288.525   5.6686235e+13
      288.575   6.0024733e+13
      288.625   6.1903485e+13
      288.675   6.2442537e+13
      288.725   6.2496763e+13
      288.775   6.2831949e+13
      288.825   6.3221962e+13
      288.875   6.3588833e+13
      288.925   6.4351584e+13
      288.975   6.5139541e+13
      289.025   6.5582254e+13
      289.075   6.6256274e+13
      289.125   6.7350859e+13
      289.175   6.8265572e+13
      289.225   6.9178639e+13
      289.275   7.0270180e+13
      289.325   7.0907941e+13
      289.375   7.1447182e+13
      289.425   7.2452692e+13
      289.475   7.3871838e+13
      289.525   7.5475360e+13
      289.575   7.8058888e+13
      289.625   8.1735656e+13
      289.675   8.4613651e+13
      289.725   8.5877648e+13
      289.775   8.6557144e+13
      289.825   8.7251625e+13
      289.875   8.8415179e+13
      289.925   9.0141998e+13
      289.975   9.2644104e+13
      290.025   9.5869318e+13
      290.075   9.9108548e+13
      290.125   1.0140900e+14
      290.175   1.0090372e+14
      290.225   9.8441437e+13
      290.275   9.7086910e+13
      290.325   9.8643970e+13
      290.375   1.0183742e+14
      290.425   1.0413555e+14
      290.475   1.0488068e+14
      290.525   1.0501749e+14
      290.575   1.0462079e+14
      290.625   1.0317102e+14
      290.675   1.0156546e+14
      290.725   1.0054794e+14
      290.775   1.0022480e+14
      290.825   9.9683986e+13
      290.875   9.8475151e+13
      290.925   9.7788274e+13
      290.975   9.7739422e+13
      291.025   9.7648238e+13
      291.075   9.7364306e+13
      291.125   9.7168720e+13
      291.175   9.7317966e+13
      291.225   9.7783330e+13
      291.275   9.9232431e+13
      291.325   1.0229369e+14
      291.375   1.0465375e+14
      291.425   1.0406989e+14
      291.475   1.0106135e+14
      291.525   9.7722191e+13
      291.575   9.5391060e+13
      291.625   9.4025294e+13
      291.675   9.3753576e+13
      291.725   9.4277167e+13
      291.775   9.3972679e+13
      291.825   9.2477784e+13
      291.875   9.1345106e+13
      291.925   9.1433054e+13
      291.975   9.2400409e+13
      292.025   9.3082544e+13
      292.075   9.2711227e+13
      292.125   9.2214819e+13
      292.175   9.2464886e+13
      292.225   9.2619724e+13
      292.275   9.2242833e+13
      292.325   9.1077078e+13
      292.375   8.8665615e+13
      292.425   8.5496376e+13
      292.475   8.3599762e+13
      292.525   8.3683498e+13
      292.575   8.3884451e+13
      292.625   8.2623637e+13
      292.675   8.0961983e+13
      292.725   8.0576773e+13
      292.775   8.1941198e+13
      292.825   8.3642228e+13
      292.875   8.2805900e+13
      292.925   8.0611328e+13
      292.975   8.0482818e+13
      293.025   8.4876437e+13
      293.075   9.1446227e+13
      293.125   9.5567488e+13
      293.175   9.6607263e+13
      293.225   9.7280728e+13
      293.275   9.7935761e+13
      293.325   9.6681620e+13
      293.375   9.4908830e+13
      293.425   9.4460405e+13
      293.475   9.5986180e+13
      293.525   9.8363053e+13
      293.575   9.8798305e+13
      293.625   9.5919755e+13
      293.675   8.9417107e+13
      293.725   8.1748684e+13
      293.775   7.8266977e+13
      293.825   7.9340443e+13
      293.875   8.1328102e+13
      293.925   8.2461742e+13
      293.975   8.3338294e+13
      294.025   8.5021607e+13
      294.075   8.6286103e+13
      294.125   8.5770682e+13
      294.175   8.4043563e+13
      294.225   8.3878920e+13
      294.275   8.6178058e+13
      294.325   8.9158930e+13
      294.375   9.0766842e+13
      294.425   8.9043319e+13
      294.475   8.6751891e+13
      294.525   8.6780658e+13
      294.575   8.9535049e+13
      294.625   9.3126943e+13
      294.675   9.3752071e+13
      294.725   9.0390090e+13
      294.775   8.4085758e+13
      294.825   7.7118622e+13
      294.875   7.3805114e+13
      294.925   7.4516066e+13
      294.975   7.6908892e+13
      295.025   8.0923810e+13
      295.075   8.6135317e+13
      295.125   9.0853019e+13
      295.175   9.4026365e+13
      295.225   9.6757398e+13
      295.275   9.8515988e+13
      295.325   9.7215301e+13
      295.375   9.3152359e+13
      295.425   8.8779099e+13
      295.475   8.7703373e+13
      295.525   9.1439742e+13
      295.575   9.5680348e+13
      295.625   9.7141769e+13
      295.675   9.5614955e+13
      295.725   9.2814129e+13
      295.775   9.1626847e+13
      295.825   9.3206378e+13
      295.875   9.7245450e+13
      295.925   1.0062706e+14
      295.975   1.0053606e+14
      296.025   9.8049676e+13
      296.075   9.5965716e+13
      296.125   9.5424469e+13
      296.175   9.6278359e+13
      296.225   9.8014163e+13
      296.275   1.0014816e+14
      296.325   1.0169744e+14
      296.375   1.0107138e+14
      296.425   9.7816487e+13
      296.475   9.2320409e+13
      296.525   8.5534791e+13
      296.575   7.8778828e+13
      296.625   7.3798544e+13
      296.675   7.0749263e+13
      296.725   6.8952774e+13
      296.775   6.9892824e+13
      296.825   7.3926486e+13
      296.875   7.7331766e+13
      296.925   7.7734200e+13
      296.975   7.5622569e+13
      297.025   7.2611948e+13
      297.075   7.2023515e+13
      297.125   7.5008470e+13
      297.175   7.9421252e+13
      297.225   8.1810898e+13
      297.275   8.0240749e+13
      297.325   7.7364647e+13
      297.375   7.6457014e+13
      297.425   7.9791552e+13
      297.475   8.6592653e+13
      297.525   9.2292128e+13
      297.575   9.5116460e+13
      297.625   9.5814093e+13
      297.675   9.7018255e+13
      297.725   1.0087992e+14
      297.775   1.0530874e+14
      297.825   1.0729298e+14
      297.875   1.0549211e+14
      297.925   1.0021792e+14
      297.975   9.5234279e+13
      298.025   9.2261279e+13
      298.075   8.9785835e+13
      298.125   8.6093748e+13
      298.175   8.1078565e+13
      298.225   7.6916001e+13
      298.275   7.5433071e+13
      298.325   7.4884465e+13
      298.375   7.2171922e+13
      298.425   6.8686836e+13
      298.475   6.6826835e+13
      298.525   6.6598350e+13
      298.575   6.7254805e+13
      298.625   6.8507218e+13
      298.675   7.0814428e+13
      298.725   7.3125232e+13
      298.775   7.4237349e+13
      298.825   7.5658400e+13
      298.875   7.8683594e+13
      298.925   8.2736545e+13
      298.975   8.7288128e+13
      299.025   9.2121273e+13
      299.075   9.5677835e+13
      299.125   9.6912419e+13
      299.175   9.5880359e+13
      299.225   9.3146628e+13
      299.275   9.0875944e+13
      299.325   8.9348616e+13
      299.375   8.7348765e+13
      299.425   8.3096565e+13
      299.475   7.7529673e+13
      299.525   7.4861522e+13
      299.575   7.6565380e+13
      299.625   8.1522486e+13
      299.675   8.6833172e+13
      299.725   9.0225537e+13
      299.775   9.2231442e+13
      299.825   9.2326879e+13
      299.875   8.9073974e+13
      299.925   8.2831363e+13
      299.975   7.6278288e+13
      300.025   7.2148488e+13
      300.075   6.8055637e+13
      300.125   6.5331562e+13
      300.175   6.4091925e+13
      300.225   6.4004315e+13
      300.275   6.3830906e+13
      300.325   6.3099025e+13
      300.375   6.3453910e+13
      300.425   6.5854461e+13
      300.475   7.0969888e+13
      300.525   7.6483775e+13
      300.575   7.9125137e+13
      300.625   7.9538653e+13
      300.675   7.8496501e+13
      300.725   7.6092038e+13
      300.775   7.3428652e+13
      300.825   7.1493522e+13
      300.875   7.0841235e+13
      300.925   7.1688887e+13
      300.975   7.3591710e+13
      301.025   7.6495229e+13
      301.075   8.0736863e+13
      301.125   8.5068644e+13
      301.175   8.6247713e+13
      301.225   8.3916504e+13
      301.275   8.2608332e+13
      301.325   8.3996721e+13
      301.375   8.6015433e+13
      301.425   8.6800450e+13
      301.475   8.6268556e+13
      301.525   8.5643742e+13
      301.575   8.5111568e+13
      301.625   8.4497427e+13
      301.675   8.3659241e+13
      301.725   8.2282611e+13
      301.775   7.9780521e+13
      301.825   7.6285519e+13
      301.875   7.3207447e+13
      301.925   7.0993108e+13
      301.975   6.8838265e+13
      302.025   6.6419210e+13
      302.075   6.3565464e+13
      302.125   6.1357763e+13
      302.175   6.1675284e+13
      302.225   6.4825933e+13
      302.275   7.0971596e+13
      302.325   7.8753589e+13
      302.375   8.4832362e+13
      302.425   8.7179141e+13
      302.475   8.6906987e+13
      302.525   8.6518920e+13
      302.575   8.6375398e+13
      302.625   8.5520183e+13
      302.675   8.5250414e+13
      302.725   8.9037107e+13
      302.775   9.7290659e+13
      302.825   1.0493670e+14
      302.875   1.0914540e+14
      302.925   1.0989021e+14
      302.975   1.0849409e+14
      303.025   1.0718416e+14
      303.075   1.0687060e+14
      303.125   1.0699686e+14
      303.175   1.0598789e+14
      303.225   1.0614898e+14
      303.275   1.1032414e+14
      303.325   1.1526420e+14
      303.375   1.1759114e+14
      303.425   1.1702563e+14
      303.475   1.1616975e+14
      303.525   1.1642108e+14
      303.575   1.1730935e+14
      303.625   1.1713231e+14
      303.675   1.1430526e+14
      303.725   1.0963610e+14
      303.775   1.0268149e+14
      303.825   9.6347712e+13
      303.875   9.5688185e+13
      303.925   9.9110501e+13
      303.975   1.0307606e+14
      304.025   1.0505324e+14
      304.075   1.0417730e+14
      304.125   1.0215266e+14
      304.175   1.0024458e+14
      304.225   9.8255887e+13
      304.275   9.7293929e+13
      304.325   9.8975709e+13
      304.375   1.0315569e+14
      304.425   1.0750154e+14
      304.475   1.1012105e+14
      304.525   1.1141616e+14
      304.575   1.1240638e+14
      304.625   1.1357843e+14
      304.675   1.1383982e+14
      304.725   1.1008851e+14
      304.775   1.0342156e+14
      304.825   9.8455044e+13
      304.875   9.7473806e+13
      304.925   1.0126330e+14
      304.975   1.0716202e+14
      305.025   1.1176882e+14
      305.075   1.1373028e+14
      305.125   1.1269314e+14
      305.175   1.1348249e+14
      305.225   1.1796680e+14
      305.275   1.2209802e+14
      305.325   1.2238370e+14
      305.375   1.1803894e+14
      305.425   1.1179825e+14
      305.475   1.0712612e+14
      305.525   1.0464520e+14
      305.575   1.0445791e+14
      305.625   1.0534337e+14
      305.675   1.0466403e+14
      305.725   1.0114547e+14
      305.775   9.4580974e+13
      305.825   8.8076834e+13
      305.875   8.4885953e+13
      305.925   8.4116600e+13
      305.975   8.4178842e+13
      306.025   8.6287480e+13
      306.075   9.0750328e+13
      306.125   9.5916547e+13
      306.175   1.0048415e+14
      306.225   1.0412916e+14
      306.275   1.0581963e+14
      306.325   1.0566264e+14
      306.375   1.0425198e+14
      306.425   1.0138039e+14
      306.475   9.8207231e+13
      306.525   9.6952246e+13
      306.575   9.8166410e+13
      306.625   9.9549036e+13
      306.675   9.7936410e+13
      306.725   9.4413431e+13
      306.775   9.2514545e+13
      306.825   9.3206500e+13
      306.875   9.6445360e+13
      306.925   1.0143386e+14
      306.975   1.0622131e+14
      307.025   1.0943031e+14
      307.075   1.1138858e+14
      307.125   1.1248184e+14
      307.175   1.1276114e+14
      307.225   1.1225408e+14
      307.275   1.1073488e+14
      307.325   1.0962134e+14
      307.375   1.1050672e+14
      307.425   1.1200807e+14
      307.475   1.1243742e+14
      307.525   1.1156040e+14
      307.575   1.0850883e+14
      307.625   1.0560082e+14
      307.675   1.0607131e+14
      307.725   1.1012167e+14
      307.775   1.1369599e+14
      307.825   1.1291725e+14
      307.875   1.1056730e+14
      307.925   1.1012806e+14
      307.975   1.1252442e+14
      308.025   1.1565090e+14
      308.075   1.1628540e+14
      308.125   1.1484578e+14
      308.175   1.1203779e+14
      308.225   1.0801737e+14
      308.275   1.0518683e+14
      308.325   1.0494040e+14
      308.375   1.0562996e+14
      308.425   1.0685860e+14
      308.475   1.1045654e+14
      308.525   1.1523573e+14
      308.575   1.1822678e+14
      308.625   1.1864471e+14
      308.675   1.1681695e+14
      308.725   1.1353840e+14
      308.775   1.0998061e+14
      308.825   1.0653515e+14
      308.875   1.0432552e+14
      308.925   1.0454359e+14
      308.975   1.0456189e+14
      309.025   1.0266472e+14
      309.075   1.0013121e+14
      309.125   9.6826142e+13
      309.175   9.2784301e+13
      309.225   8.9640964e+13
      309.275   8.7357369e+13
      309.325   8.4396884e+13
      309.375   8.1642513e+13
      309.425   8.1801465e+13
      309.475   8.5212388e+13
      309.525   9.0157422e+13
      309.575   9.3621700e+13
      309.625   9.4161426e+13
      309.675   9.1731709e+13
      309.725   8.7169757e+13
      309.775   8.4074465e+13
      309.825   8.4745975e+13
      309.875   8.7313957e+13
      309.925   8.9217097e+13
      309.975   8.8606727e+13
      310.025   8.4917073e+13
      310.075   8.1048989e+13
      310.125   7.9450758e+13
      310.175   8.0814964e+13
      310.225   8.3964015e+13
      310.275   8.8192417e+13
      310.325   9.4607614e+13
      310.375   1.0332987e+14
      310.425   1.1108648e+14
      310.475   1.1571274e+14
      310.525   1.1851834e+14
      310.575   1.2016491e+14
      310.625   1.2155923e+14
      310.675   1.2393620e+14
      310.725   1.2727211e+14
      310.775   1.3047311e+14
      310.825   1.3332860e+14
      310.875   1.3671025e+14
      310.925   1.3890706e+14
      310.975   1.3927703e+14
      311.025   1.3847511e+14
      311.075   1.3633910e+14
      311.125   1.3491631e+14
      311.175   1.3563288e+14
      311.225   1.3686433e+14
      311.275   1.3783839e+14
      311.325   1.3931870e+14
      311.375   1.4010232e+14
      311.425   1.3833174e+14
      311.475   1.3455932e+14
      311.525   1.3216511e+14
      311.575   1.3294897e+14
      311.625   1.3377673e+14
      311.675   1.3190197e+14
      311.725   1.2688991e+14
      311.775   1.2232319e+14
      311.825   1.2031241e+14
      311.875   1.1893935e+14
      311.925   1.1732429e+14
      311.975   1.1567783e+14
      312.025   1.1398269e+14
      312.075   1.1294714e+14
      312.125   1.1289671e+14
      312.175   1.1315277e+14
      312.225   1.1317341e+14
      312.275   1.1339900e+14
      312.325   1.1495368e+14
      312.375   1.1820327e+14
      312.425   1.2186671e+14
      312.475   1.2390012e+14
      312.525   1.2340284e+14
      312.575   1.1984024e+14
      312.625   1.1632523e+14
      312.675   1.1605043e+14
      312.725   1.1754967e+14
      312.775   1.1964941e+14
      312.825   1.2175345e+14
      312.875   1.2265000e+14
      312.925   1.2219931e+14
      312.975   1.2225863e+14
      313.025   1.2378051e+14
      313.075   1.2427611e+14
      313.125   1.2301261e+14
      313.175   1.2242222e+14
      313.225   1.2299088e+14
      313.275   1.2311999e+14
      313.325   1.2271095e+14
      313.375   1.2284352e+14
      313.425   1.2269827e+14
      313.475   1.2154310e+14
      313.525   1.2192343e+14
      313.575   1.2448149e+14
      313.625   1.2657840e+14
      313.675   1.2717414e+14
      313.725   1.2746377e+14
      313.775   1.2947254e+14
      313.825   1.3245913e+14
      313.875   1.3505392e+14
      313.925   1.3661357e+14
      313.975   1.3660753e+14
      314.025   1.3521394e+14
      314.075   1.3315432e+14
      314.125   1.3210958e+14
      314.175   1.3237192e+14
      314.225   1.3151737e+14
      314.275   1.2839798e+14
      314.325   1.2284066e+14
      314.375   1.1511444e+14
      314.425   1.0715766e+14
      314.475   1.0163029e+14
      314.525   1.0017399e+14
      314.575   1.0303962e+14
      314.625   1.0806505e+14
      314.675   1.1230069e+14
      314.725   1.1503174e+14
      314.775   1.1609736e+14
      314.825   1.1734539e+14
      314.875   1.2048361e+14
      314.925   1.2444013e+14
      314.975   1.2747865e+14
      315.025   1.2759639e+14
      315.075   1.2575504e+14
      315.125   1.2479121e+14
      315.175   1.2503244e+14
      315.225   1.2530237e+14
      315.275   1.2467878e+14
      315.325   1.2424418e+14
      315.375   1.2445678e+14
      315.425   1.2412212e+14
      315.475   1.2203818e+14
      315.525   1.1954003e+14
      315.575   1.1812831e+14
      315.625   1.1693170e+14
      315.675   1.1434077e+14
      315.725   1.0960958e+14
      315.775   1.0392616e+14
      315.825   9.9184052e+13
      315.875   9.6338642e+13
      315.925   9.4315193e+13
      315.975   9.3154113e+13
      316.025   9.3568969e+13
      316.075   9.4967831e+13
      316.125   9.5805574e+13
      316.175   9.6352587e+13
      316.225   9.8045463e+13
      316.275   1.0117061e+14
      316.325   1.0558447e+14
      316.375   1.1046874e+14
      316.425   1.1370577e+14
      316.475   1.1445622e+14
      316.525   1.1440698e+14
      316.575   1.1583644e+14
      316.625   1.1795752e+14
      316.675   1.1923251e+14
      316.725   1.2147033e+14
      316.775   1.2601935e+14
      316.825   1.2882492e+14
      316.875   1.2828995e+14
      316.925   1.2815776e+14
      316.975   1.3069877e+14
      317.025   1.3537518e+14
      317.075   1.4044164e+14
      317.125   1.4490449e+14
      317.175   1.4847042e+14
      317.225   1.5039574e+14
      317.275   1.5137656e+14
      317.325   1.5181303e+14
      317.375   1.5114287e+14
      317.425   1.4984623e+14
      317.475   1.4850204e+14
      317.525   1.4661755e+14
      317.575   1.4490064e+14
      317.625   1.4507509e+14
      317.675   1.4717162e+14
      317.725   1.4791045e+14
      317.775   1.4585138e+14
      317.825   1.4077829e+14
      317.875   1.3297693e+14
      317.925   1.2619602e+14
      317.975   1.2102025e+14
      318.025   1.1587045e+14
      318.075   1.1294350e+14
      318.125   1.1231633e+14
      318.175   1.1132689e+14
      318.225   1.1011614e+14
      318.275   1.1025282e+14
      318.325   1.1178633e+14
      318.375   1.1321353e+14
      318.425   1.1455500e+14
      318.475   1.1618794e+14
      318.525   1.1758138e+14
      318.575   1.1917889e+14
      318.625   1.2164461e+14
      318.675   1.2379352e+14
      318.725   1.2453738e+14
      318.775   1.2531855e+14
      318.825   1.2720807e+14
      318.875   1.2901575e+14
      318.925   1.3143473e+14
      318.975   1.3620296e+14
      319.025   1.3899893e+14
      319.075   1.3640826e+14
      319.125   1.3125907e+14
      319.175   1.2562549e+14
      319.225   1.2067615e+14
      319.275   1.1704851e+14
      319.325   1.1449970e+14
      319.375   1.1453408e+14
      319.425   1.1767742e+14
      319.475   1.2163984e+14
      319.525   1.2442005e+14
      319.575   1.2640519e+14
      319.625   1.2818206e+14
      319.675   1.2933451e+14
      319.725   1.3006483e+14
      319.775   1.3125167e+14
      319.825   1.3469771e+14
      319.875   1.4141434e+14
      319.925   1.4690761e+14
      319.975   1.4853070e+14
      320.025   1.4636482e+14
      320.075   1.4244768e+14
      320.125   1.4163215e+14
      320.175   1.4511777e+14
      320.225   1.4938278e+14
      320.275   1.5020423e+14
      320.325   1.4921072e+14
      320.375   1.4986532e+14
      320.425   1.5266751e+14
      320.475   1.5630638e+14
      320.525   1.5764950e+14
      320.575   1.5609927e+14
      320.625   1.5385598e+14
      320.675   1.5341734e+14
      320.725   1.5408025e+14
      320.775   1.5286147e+14
      320.825   1.4993164e+14
      320.875   1.4569365e+14
      320.925   1.4021565e+14
      320.975   1.3538810e+14
      321.025   1.3215427e+14
      321.075   1.2911718e+14
      321.125   1.2548384e+14
      321.175   1.2212213e+14
      321.225   1.1969979e+14
      321.275   1.1858352e+14
      321.325   1.1882585e+14
      321.375   1.1830248e+14
      321.425   1.1689133e+14
      321.475   1.1685717e+14
      321.525   1.1903648e+14
      321.575   1.2275258e+14
      321.625   1.2635575e+14
      321.675   1.2797202e+14
      321.725   1.2773372e+14
      321.775   1.2795161e+14
      321.825   1.3094082e+14
      321.875   1.3595533e+14
      321.925   1.4022273e+14
      321.975   1.4180873e+14
      322.025   1.4037501e+14
      322.075   1.4023434e+14
      322.125   1.4213800e+14
      322.175   1.4147029e+14
      322.225   1.3634215e+14
      322.275   1.3047825e+14
      322.325   1.2817676e+14
      322.375   1.2833302e+14
      322.425   1.2993293e+14
      322.475   1.3246534e+14
      322.525   1.3222418e+14
      322.575   1.2818996e+14
      322.625   1.2303607e+14
      322.675   1.1961322e+14
      322.725   1.1870160e+14
      322.775   1.1777017e+14
      322.825   1.1579098e+14
      322.875   1.1326690e+14
      322.925   1.1156106e+14
      322.975   1.1098468e+14
      323.025   1.1086630e+14
      323.075   1.1237357e+14
      323.125   1.1623616e+14
      323.175   1.2012752e+14
      323.225   1.2292408e+14
      323.275   1.2459458e+14
      323.325   1.2435801e+14
      323.375   1.2289202e+14
      323.425   1.2114587e+14
      323.475   1.1922132e+14
      323.525   1.1762298e+14
      323.575   1.1938826e+14
      323.625   1.2246756e+14
      323.675   1.2266928e+14
      323.725   1.2199259e+14
      323.775   1.2362869e+14
      323.825   1.2847701e+14
      323.875   1.3269999e+14
      323.925   1.3325443e+14
      323.975   1.3125912e+14
      324.025   1.3182734e+14
      324.075   1.3694667e+14
      324.125   1.4186818e+14
      324.175   1.4386718e+14
      324.225   1.4259709e+14
      324.275   1.4113142e+14
      324.325   1.4194517e+14
      324.375   1.4257201e+14
      324.425   1.4183216e+14
      324.475   1.4205563e+14
      324.525   1.4434980e+14
      324.575   1.4665861e+14
      324.625   1.4839865e+14
      324.675   1.4972565e+14
      324.725   1.4890247e+14
      324.775   1.4524914e+14
      324.825   1.4127166e+14
      324.875   1.3970155e+14
      324.925   1.4005336e+14
      324.975   1.4109387e+14
      325.025   1.4273900e+14
      325.075   1.4408713e+14
      325.125   1.4468345e+14
      325.175   1.4586928e+14
      325.225   1.4817949e+14
      325.275   1.5065566e+14
      325.325   1.5275530e+14
      325.375   1.5463556e+14
      325.425   1.5606989e+14
      325.475   1.5725501e+14
      325.525   1.6150816e+14
      325.575   1.6921949e+14
      325.625   1.7474460e+14
      325.675   1.7674823e+14
      325.725   1.7788724e+14
      325.775   1.7894621e+14
      325.825   1.7925966e+14
      325.875   1.7916961e+14
      325.925   1.8094957e+14
      325.975   1.8437178e+14
      326.025   1.8664652e+14
      326.075   1.8677656e+14
      326.125   1.8631266e+14
      326.175   1.8534640e+14
      326.225   1.8390657e+14
      326.275   1.8398232e+14
      326.325   1.8525546e+14
      326.375   1.8531335e+14
      326.425   1.8292378e+14
      326.475   1.7864822e+14
      326.525   1.7542302e+14
      326.575   1.7411354e+14
      326.625   1.7575539e+14
      326.675   1.8068601e+14
      326.725   1.8460687e+14
      326.775   1.8574958e+14
      326.825   1.8571743e+14
      326.875   1.8576991e+14
      326.925   1.8586029e+14
      326.975   1.8475719e+14
      327.025   1.8279818e+14
      327.075   1.8081778e+14
      327.125   1.7860141e+14
      327.175   1.7557481e+14
      327.225   1.7305897e+14
      327.275   1.7395071e+14
      327.325   1.7808463e+14
      327.375   1.8082109e+14
      327.425   1.8027433e+14
      327.475   1.7889637e+14
      327.525   1.7973666e+14
      327.575   1.8158405e+14
      327.625   1.8095668e+14
      327.675   1.7776766e+14
      327.725   1.7413906e+14
      327.775   1.7273309e+14
      327.825   1.7353921e+14
      327.875   1.7411310e+14
      327.925   1.7254072e+14
      327.975   1.7024591e+14
      328.025   1.6956057e+14
      328.075   1.7041543e+14
      328.125   1.7223086e+14
      328.175   1.7343984e+14
      328.225   1.7278748e+14
      328.275   1.7112042e+14
      328.325   1.6981485e+14
      328.375   1.7097437e+14
      328.425   1.7406054e+14
      328.475   1.7576261e+14
      328.525   1.7489263e+14
      328.575   1.7291704e+14
      328.625   1.7114389e+14
      328.675   1.6859006e+14
      328.725   1.6488956e+14
      328.775   1.6288882e+14
      328.825   1.6524908e+14
      328.875   1.7005606e+14
      328.925   1.7406231e+14
      328.975   1.7891532e+14
      329.025   1.8628172e+14
      329.075   1.9172632e+14
      329.125   1.9302717e+14
      329.175   1.9328323e+14
      329.225   1.9390426e+14
      329.275   1.9475068e+14
      329.325   1.9638565e+14
      329.375   1.9933092e+14
      329.425   2.0294607e+14
      329.475   2.0526889e+14
      329.525   2.0492446e+14
      329.575   2.0352539e+14
      329.625   2.0362044e+14
      329.675   2.0527606e+14
      329.725   2.0733806e+14
      329.775   2.0840925e+14
      329.825   2.0807041e+14
      329.875   2.0657363e+14
      329.925   2.0554777e+14
      329.975   2.0659943e+14
      330.025   2.0903772e+14
      330.075   2.1258301e+14
      330.125   2.1516757e+14
      330.175   2.1288470e+14
      330.225   2.0675398e+14
      330.275   2.0049108e+14
      330.325   1.9472891e+14
      330.375   1.9198897e+14
      330.425   1.9251224e+14
      330.475   1.9220164e+14
      330.525   1.9010189e+14
      330.575   1.8532628e+14
      330.625   1.7903565e+14
      330.675   1.7400016e+14
      330.725   1.7169803e+14
      330.775   1.7338702e+14
      330.825   1.7753799e+14
      330.875   1.8120623e+14
      330.925   1.8318031e+14
      330.975   1.8494106e+14
      331.025   1.8608243e+14
      331.075   1.8594715e+14
      331.125   1.8620158e+14
      331.175   1.8728511e+14
      331.225   1.8719385e+14
      331.275   1.8473732e+14
      331.325   1.8255916e+14
      331.375   1.8226755e+14
      331.425   1.8096694e+14
      331.475   1.7844682e+14
      331.525   1.7674248e+14
      331.575   1.7716939e+14
      331.625   1.7965331e+14
      331.675   1.8335792e+14
      331.725   1.8627560e+14
      331.775   1.8739566e+14
      331.825   1.8836574e+14
      331.875   1.8955976e+14
      331.925   1.8987013e+14
      331.975   1.8904888e+14
      332.025   1.8760370e+14
      332.075   1.8567744e+14
      332.125   1.8404234e+14
      332.175   1.8355015e+14
      332.225   1.8253344e+14
      332.275   1.7881114e+14
      332.325   1.7359774e+14
      332.375   1.7087721e+14
      332.425   1.7192877e+14
      332.475   1.7484361e+14
      332.525   1.7876939e+14
      332.575   1.8386988e+14
      332.625   1.8839516e+14
      332.675   1.8977176e+14
      332.725   1.8670636e+14
      332.775   1.8254119e+14
      332.825   1.8119110e+14
      332.875   1.8127316e+14
      332.925   1.8020900e+14
      332.975   1.7622125e+14
      333.025   1.7296994e+14
      333.075   1.7387832e+14
      333.125   1.7792364e+14
      333.175   1.8233945e+14
      333.225   1.8220404e+14
      333.275   1.8014048e+14
      333.325   1.8042633e+14
      333.375   1.8229970e+14
      333.425   1.8224483e+14
      333.475   1.7856337e+14
      333.525   1.7466920e+14
      333.575   1.7139698e+14
      333.625   1.6683409e+14
      333.675   1.6277923e+14
      333.725   1.6178063e+14
      333.775   1.6384458e+14
      333.825   1.6845080e+14
      333.875   1.7328539e+14
      333.925   1.7631558e+14
      333.975   1.7794438e+14
      334.025   1.7811283e+14
      334.075   1.7764416e+14
      334.125   1.7929869e+14
      334.175   1.8108207e+14
      334.225   1.8031188e+14
      334.275   1.7785181e+14
      334.325   1.7814468e+14
      334.375   1.8293368e+14
      334.425   1.8768615e+14
      334.475   1.8989728e+14
      334.525   1.9063956e+14
      334.575   1.9125082e+14
      334.625   1.9232268e+14
      334.675   1.9297690e+14
      334.725   1.9211466e+14
      334.775   1.9073040e+14
      334.825   1.8959362e+14
      334.875   1.8772181e+14
      334.925   1.8235108e+14
      334.975   1.7426004e+14
      335.025   1.7013543e+14
      335.075   1.7267077e+14
      335.125   1.8031055e+14
      335.175   1.8769697e+14
      335.225   1.9042899e+14
      335.275   1.9135659e+14
      335.325   1.9262595e+14
      335.375   1.9268641e+14
      335.425   1.9085970e+14
      335.475   1.8964822e+14
      335.525   1.9030385e+14
      335.575   1.9255143e+14
      335.625   1.9445653e+14
      335.675   1.9342668e+14
      335.725   1.9072346e+14
      335.775   1.8813956e+14
      335.825   1.8458867e+14
      335.875   1.7786165e+14
      335.925   1.6813605e+14
      335.975   1.5778341e+14
      336.025   1.4901128e+14
      336.075   1.4291342e+14
      336.125   1.3918705e+14
      336.175   1.3717585e+14
      336.225   1.3764241e+14
      336.275   1.4258640e+14
      336.325   1.5120573e+14
      336.375   1.5931194e+14
      336.425   1.6448962e+14
      336.475   1.6807122e+14
      336.525   1.7136296e+14
      336.575   1.7321091e+14
      336.625   1.7183977e+14
      336.675   1.6778441e+14
      336.725   1.6306877e+14
      336.775   1.5877805e+14
      336.825   1.5542164e+14
      336.875   1.5308798e+14
      336.925   1.5121089e+14
      336.975   1.4854765e+14
      337.025   1.4681133e+14
      337.075   1.4744442e+14
      337.125   1.4940339e+14
      337.175   1.5067484e+14
      337.225   1.5034188e+14
      337.275   1.4923735e+14
      337.325   1.4893298e+14
      337.375   1.5301624e+14
      337.425   1.5912083e+14
      337.475   1.6262042e+14
      337.525   1.6605161e+14
      337.575   1.7272571e+14
      337.625   1.7974108e+14
      337.675   1.8368297e+14
      337.725   1.8527361e+14
      337.775   1.8587869e+14
      337.825   1.8514596e+14
      337.875   1.8223643e+14
      337.925   1.7728049e+14
      337.975   1.7212891e+14
      338.025   1.6723112e+14
      338.075   1.6177858e+14
      338.125   1.5881864e+14
      338.175   1.6207940e+14
      338.225   1.7077597e+14
      338.275   1.7750184e+14
      338.325   1.7883947e+14
      338.375   1.7825141e+14
      338.425   1.7720186e+14
      338.475   1.7821968e+14
      338.525   1.8177903e+14
      338.575   1.8488068e+14
      338.625   1.8655021e+14
      338.675   1.8866387e+14
      338.725   1.9132478e+14
      338.775   1.9046658e+14
      338.825   1.8571745e+14
      338.875   1.8124092e+14
      338.925   1.8198719e+14
      338.975   1.8743276e+14
      339.025   1.9214721e+14
      339.075   1.9342340e+14
      339.125   1.9007299e+14
      339.175   1.8443942e+14
      339.225   1.8080649e+14
      339.275   1.7787013e+14
      339.325   1.7292292e+14
      339.375   1.6947513e+14
      339.425   1.7095986e+14
      339.475   1.7462997e+14
      339.525   1.7823627e+14
      339.575   1.8278425e+14
      339.625   1.8678770e+14
      339.675   1.8935571e+14
      339.725   1.9219820e+14
      339.775   1.9586339e+14
      339.825   1.9943552e+14
      339.875   2.0241108e+14
      339.925   2.0425801e+14
      339.975   2.0492486e+14
      340.025   2.0715195e+14
      340.075   2.1182114e+14
      340.125   2.1538981e+14
      340.175   2.1453388e+14
      340.225   2.0976847e+14
      340.275   2.0550366e+14
      340.325   2.0377712e+14
      340.375   2.0294896e+14
      340.425   2.0220929e+14
      340.475   2.0000529e+14
      340.525   1.9644582e+14
      340.575   1.9358254e+14
      340.625   1.9368380e+14
      340.675   1.9476430e+14
      340.725   1.9201086e+14
      340.775   1.8641701e+14
      340.825   1.8294131e+14
      340.875   1.8406122e+14
      340.925   1.8528192e+14
      340.975   1.8360966e+14
      341.025   1.8178643e+14
      341.075   1.8242286e+14
      341.125   1.8528561e+14
      341.175   1.8802437e+14
      341.225   1.8924382e+14
      341.275   1.8777216e+14
      341.325   1.8213718e+14
      341.375   1.7576789e+14
      341.425   1.7176291e+14
      341.475   1.6852559e+14
      341.525   1.6614368e+14
      341.575   1.6714625e+14
      341.625   1.7206569e+14
      341.675   1.7786168e+14
      341.725   1.8242660e+14
      341.775   1.8419515e+14
      341.825   1.8508866e+14
      341.875   1.8722357e+14
      341.925   1.9063116e+14
      341.975   1.9568391e+14
      342.025   2.0059167e+14
      342.075   2.0295140e+14
      342.125   2.0233920e+14
      342.175   2.0006697e+14
      342.225   1.9837861e+14
      342.275   1.9629142e+14
      342.325   1.9237256e+14
      342.375   1.8855230e+14
      342.425   1.8658790e+14
      342.475   1.8774534e+14
      342.525   1.9133529e+14
      342.575   1.9541853e+14
      342.625   1.9873926e+14
      342.675   1.9853226e+14
      342.725   1.9447922e+14
      342.775   1.9196957e+14
      342.825   1.9357024e+14
      342.875   1.9627504e+14
      342.925   1.9897279e+14
      342.975   2.0293479e+14
      343.025   2.0862718e+14
      343.075   2.1263551e+14
      343.125   2.1249682e+14
      343.175   2.0986898e+14
      343.225   2.0523562e+14
      343.275   2.0018968e+14
      343.325   1.9571649e+14
      343.375   1.9105901e+14
      343.425   1.8658923e+14
      343.475   1.8628480e+14
      343.525   1.9216132e+14
      343.575   1.9781527e+14
      343.625   1.9763357e+14
      343.675   1.9384002e+14
      343.725   1.8865044e+14
      343.775   1.8309176e+14
      343.825   1.7830072e+14
      343.875   1.7491216e+14
      343.925   1.7323757e+14
      343.975   1.7072141e+14
      344.025   1.6494372e+14
      344.075   1.5720158e+14
      344.125   1.4622804e+14
      344.175   1.3757267e+14
      344.225   1.3673227e+14
      344.275   1.3821141e+14
      344.325   1.3977377e+14
      344.375   1.4426657e+14
      344.425   1.4454296e+14
      344.475   1.4587590e+14
      344.525   1.5086269e+14
      344.575   1.5724595e+14
      344.625   1.6060644e+14
      344.675   1.6033287e+14
      344.725   1.6088183e+14
      344.775   1.6504051e+14
      344.825   1.7163416e+14
      344.875   1.7715936e+14
      344.925   1.8032010e+14
      344.975   1.8211458e+14
      345.025   1.8483099e+14
      345.075   1.8981981e+14
      345.125   1.9444683e+14
      345.175   1.9667245e+14
      345.225   1.9467048e+14
      345.275   1.8878489e+14
      345.325   1.8397694e+14
      345.375   1.8181712e+14
      345.425   1.8288664e+14
      345.475   1.8950010e+14
      345.525   1.9637071e+14
      345.575   1.9836834e+14
      345.625   1.9662549e+14
      345.675   1.9316688e+14
      345.725   1.9028508e+14
      345.775   1.8865203e+14
      345.825   1.8671111e+14
      345.875   1.8235403e+14
      345.925   1.7701979e+14
      345.975   1.7474797e+14
      346.025   1.7433309e+14
      346.075   1.7245472e+14
      346.125   1.7040771e+14
      346.175   1.6938118e+14
      346.225   1.6899202e+14
      346.275   1.7038151e+14
      346.325   1.7564056e+14
      346.375   1.8260851e+14
      346.425   1.8754640e+14
      346.475   1.9069683e+14
      346.525   1.9294320e+14
      346.575   1.9200316e+14
      346.625   1.8626524e+14
      346.675   1.8082309e+14
      346.725   1.8033728e+14
      346.775   1.8495513e+14
      346.825   1.9077923e+14
      346.875   1.9448121e+14
      346.925   1.9593251e+14
      346.975   1.9452072e+14
      347.025   1.9379240e+14
      347.075   1.9656160e+14
      347.125   1.9970028e+14
      347.175   1.9964258e+14
      347.225   1.9480752e+14
      347.275   1.8795713e+14
      347.325   1.8360282e+14
      347.375   1.8185801e+14
      347.425   1.8025100e+14
      347.475   1.7726923e+14
      347.525   1.7376807e+14
      347.575   1.6982780e+14
      347.625   1.6511013e+14
      347.675   1.6249195e+14
      347.725   1.6271527e+14
      347.775   1.6389759e+14
      347.825   1.6755356e+14
      347.875   1.7522300e+14
      347.925   1.8187918e+14
      347.975   1.8509022e+14
      348.025   1.8704288e+14
      348.075   1.8756307e+14
      348.125   1.8728556e+14
      348.175   1.8712042e+14
      348.225   1.8722445e+14
      348.275   1.8680375e+14
      348.325   1.8459417e+14
      348.375   1.8084509e+14
      348.425   1.7792460e+14
      348.475   1.7781393e+14
      348.525   1.7924312e+14
      348.575   1.7968831e+14
      348.625   1.7997423e+14
      348.675   1.8263817e+14
      348.725   1.8878119e+14
      348.775   1.9479388e+14
      348.825   1.9594381e+14
      348.875   1.9302915e+14
      348.925   1.8664609e+14
      348.975   1.7912535e+14
      349.025   1.7387556e+14
      349.075   1.7004097e+14
      349.125   1.6656886e+14
      349.175   1.6613375e+14
      349.225   1.7060914e+14
      349.275   1.7512791e+14
      349.325   1.7436072e+14
      349.375   1.7085254e+14
      349.425   1.7279194e+14
      349.475   1.7961031e+14
      349.525   1.8439914e+14
      349.575   1.8460970e+14
      349.625   1.8066919e+14
      349.675   1.7625822e+14
      349.725   1.7441322e+14
      349.775   1.7436197e+14
      349.825   1.7536010e+14
      349.875   1.8027305e+14
      349.925   1.8871607e+14
      349.975   1.9846037e+14
      350.025   2.0661933e+14
      350.075   2.0921318e+14
      350.125   2.0868339e+14
      350.175   2.0994201e+14
      350.225   2.1257785e+14
      350.275   2.1331509e+14
      350.325   2.1347804e+14
      350.375   2.1655253e+14
      350.425   2.2141365e+14
      350.475   2.2255876e+14
      350.525   2.1719758e+14
      350.575   2.1174406e+14
      350.625   2.0971744e+14
      350.675   2.0879385e+14
      350.725   2.0776354e+14
      350.775   2.0814471e+14
      350.825   2.1051317e+14
      350.875   2.1215967e+14
      350.925   2.1240978e+14
      350.975   2.1128816e+14
      351.025   2.0800716e+14
      351.075   2.0131150e+14
      351.125   1.9546250e+14
      351.175   1.9577130e+14
      351.225   1.9886696e+14
      351.275   1.9869354e+14
      351.325   1.9516775e+14
      351.375   1.9097085e+14
      351.425   1.8746818e+14
      351.475   1.8538912e+14
      351.525   1.8417632e+14
      351.575   1.8444271e+14
      351.625   1.8950475e+14
      351.675   1.9646229e+14
      351.725   2.0131598e+14
      351.775   2.0596156e+14
      351.825   2.1047861e+14
      351.875   2.1182295e+14
      351.925   2.1016206e+14
      351.975   2.0825165e+14
      352.025   2.0481766e+14
      352.075   2.0034176e+14
      352.125   1.9655875e+14
      352.175   1.9238186e+14
      352.225   1.8802717e+14
      352.275   1.8719976e+14
      352.325   1.8822307e+14
      352.375   1.8681508e+14
      352.425   1.8200758e+14
      352.475   1.7438749e+14
      352.525   1.6945579e+14
      352.575   1.6995373e+14
      352.625   1.7173629e+14
      352.675   1.6953048e+14
      352.725   1.6769630e+14
      352.775   1.7255287e+14
      352.825   1.8040276e+14
      352.875   1.8880502e+14
      352.925   1.9621067e+14
      352.975   2.0025075e+14
      353.025   2.0140988e+14
      353.075   2.0182424e+14
      353.125   2.0388057e+14
      353.175   2.0656794e+14
      353.225   2.0667446e+14
      353.275   2.0376172e+14
      353.325   2.0035227e+14
      353.375   2.0051081e+14
      353.425   2.0517045e+14
      353.475   2.1196662e+14
      353.525   2.1788489e+14
      353.575   2.1966938e+14
      353.625   2.1842488e+14
      353.675   2.1779579e+14
      353.725   2.1791530e+14
      353.775   2.1792142e+14
      353.825   2.1755211e+14
      353.875   2.1772831e+14
      353.925   2.2045280e+14
      353.975   2.2643255e+14
      354.025   2.3161156e+14
      354.075   2.3078575e+14
      354.125   2.2606224e+14
      354.175   2.2118313e+14
      354.225   2.1821497e+14
      354.275   2.1813491e+14
      354.325   2.1987330e+14
      354.375   2.2270831e+14
      354.425   2.2588064e+14
      354.475   2.2868364e+14
      354.525   2.3033183e+14
      354.575   2.2987700e+14
      354.625   2.2765925e+14
      354.675   2.2750371e+14
      354.725   2.2958935e+14
      354.775   2.2984542e+14
      354.825   2.2663517e+14
      354.875   2.2211704e+14
      354.925   2.2160015e+14
      354.975   2.2530144e+14
      355.025   2.2870643e+14
      355.075   2.2931157e+14
      355.125   2.2765120e+14
      355.175   2.2539715e+14
      355.225   2.2347737e+14
      355.275   2.2116564e+14
      355.325   2.1816895e+14
      355.375   2.1471258e+14
      355.425   2.1098880e+14
      355.475   2.0735903e+14
      355.525   2.0397085e+14
      355.575   2.0381657e+14
      355.625   2.0802666e+14
      355.675   2.1273132e+14
      355.725   2.1311897e+14
      355.775   2.1098777e+14
      355.825   2.1076039e+14
      355.875   2.0995932e+14
      355.925   2.0615935e+14
      355.975   2.0308862e+14
      356.025   2.0403998e+14
      356.075   2.0603570e+14
      356.125   2.0657201e+14
      356.175   2.0628333e+14
      356.225   2.0661265e+14
      356.275   2.0812152e+14
      356.325   2.1028934e+14
      356.375   2.1222121e+14
      356.425   2.1136619e+14
      356.475   2.0498624e+14
      356.525   1.9436570e+14
      356.575   1.8221220e+14
      356.625   1.7076655e+14
      356.675   1.6505119e+14
      356.725   1.6620664e+14
      356.775   1.7101911e+14
      356.825   1.7640555e+14
      356.875   1.7821634e+14
      356.925   1.7564602e+14
      356.975   1.7011047e+14
      357.025   1.6238889e+14
      357.075   1.5496077e+14
      357.125   1.5334744e+14
      357.175   1.5687951e+14
      357.225   1.6184862e+14
      357.275   1.6498544e+14
      357.325   1.6761703e+14
      357.375   1.7198250e+14
      357.425   1.7461060e+14
      357.475   1.7459804e+14
      357.525   1.7458207e+14
      357.575   1.7555922e+14
      357.625   1.7646028e+14
      357.675   1.7763881e+14
      357.725   1.7921717e+14
      357.775   1.8013927e+14
      357.825   1.7894989e+14
      357.875   1.7387174e+14
      357.925   1.6614618e+14
      357.975   1.6073309e+14
      358.025   1.5838701e+14
      358.075   1.5502436e+14
      358.125   1.4604004e+14
      358.175   1.3578656e+14
      358.225   1.3163521e+14
      358.275   1.3288161e+14
      358.325   1.3726976e+14
      358.375   1.4305813e+14
      358.425   1.4684485e+14
      358.475   1.4720931e+14
      358.525   1.4448169e+14
      358.575   1.3907498e+14
      358.625   1.3591999e+14
      358.675   1.3771857e+14
      358.725   1.4092034e+14
      358.775   1.4338494e+14
      358.825   1.4758151e+14
      358.875   1.5451467e+14
      358.925   1.6071110e+14
      358.975   1.6508971e+14
      359.025   1.6905444e+14
      359.075   1.7519104e+14
      359.125   1.8382153e+14
      359.175   1.9275362e+14
      359.225   2.0079548e+14
      359.275   2.0513471e+14
      359.325   2.0552553e+14
      359.375   2.0367075e+14
      359.425   2.0217683e+14
      359.475   2.0460391e+14
      359.525   2.0932080e+14
      359.575   2.1344559e+14
      359.625   2.1718162e+14
      359.675   2.2150034e+14
      359.725   2.2551412e+14
      359.775   2.2744352e+14
      359.825   2.2723259e+14
      359.875   2.2625160e+14
      359.925   2.2568349e+14
      359.975   2.2573581e+14
      360.025   2.2651232e+14
      360.075   2.2867750e+14
      360.125   2.3083480e+14
      360.175   2.2997141e+14
      360.225   2.2513534e+14
      360.275   2.1703061e+14
      360.325   2.0838863e+14
      360.375   2.0346969e+14
      360.425   2.0133423e+14
      360.475   1.9974544e+14
      360.525   1.9715734e+14
      360.575   1.9278355e+14
      360.625   1.8990969e+14
      360.675   1.9045188e+14
      360.725   1.9209901e+14
      360.775   1.9359612e+14
      360.825   1.9211394e+14
      360.875   1.8584759e+14
      360.925   1.7760994e+14
      360.975   1.7197543e+14
      361.025   1.7193397e+14
      361.075   1.7426614e+14
      361.125   1.7728739e+14
      361.175   1.8207299e+14
      361.225   1.8846870e+14
      361.275   1.9277594e+14
      361.325   1.9291045e+14
      361.375   1.9029278e+14
      361.425   1.8746521e+14
      361.475   1.8857139e+14
      361.525   1.9259675e+14
      361.575   1.9662298e+14
      361.625   1.9998980e+14
      361.675   2.0099334e+14
      361.725   1.9944587e+14
      361.775   1.9623664e+14
      361.825   1.9070354e+14
      361.875   1.8189990e+14
      361.925   1.7166415e+14
      361.975   1.6575390e+14
      362.025   1.6631498e+14
      362.075   1.7486255e+14
      362.125   1.8545447e+14
      362.175   1.9043454e+14
      362.225   1.9335913e+14
      362.275   1.9822933e+14
      362.325   2.0680328e+14
      362.375   2.1224854e+14
      362.425   2.1162864e+14
      362.475   2.0967608e+14
      362.525   2.1012179e+14
      362.575   2.1566245e+14
      362.625   2.2321705e+14
      362.675   2.2960482e+14
      362.725   2.3423779e+14
      362.775   2.3589810e+14
      362.825   2.3510204e+14
      362.875   2.3361176e+14
      362.925   2.3186630e+14
      362.975   2.3048956e+14
      363.025   2.2663580e+14
      363.075   2.1917267e+14
      363.125   2.0883835e+14
      363.175   1.9414971e+14
      363.225   1.8398384e+14
      363.275   1.8455016e+14
      363.325   1.8958612e+14
      363.375   1.9531961e+14
      363.425   1.9973286e+14
      363.475   2.0079760e+14
      363.525   1.9925269e+14
      363.575   1.9894554e+14
      363.625   2.0354968e+14
      363.675   2.0924236e+14
      363.725   2.1108282e+14
      363.775   2.1161158e+14
      363.825   2.1339025e+14
      363.875   2.1642116e+14
      363.925   2.2019617e+14
      363.975   2.2448438e+14
      364.025   2.2786583e+14
      364.075   2.2940961e+14
      364.125   2.3001081e+14
      364.175   2.2956860e+14
      364.225   2.2779108e+14
      364.275   2.2534358e+14
      364.325   2.2252754e+14
      364.375   2.1918994e+14
      364.425   2.1635665e+14
      364.475   2.1426114e+14
      364.525   2.1051935e+14
      364.575   2.0617526e+14
      364.625   2.0480459e+14
      364.675   2.0714081e+14
      364.725   2.0969691e+14
      364.775   2.0693522e+14
      364.825   2.0029381e+14
      364.875   1.9583864e+14
      364.925   1.9832834e+14
      364.975   2.0464685e+14
      365.025   2.0833693e+14
      365.075   2.1068125e+14
      365.125   2.1614604e+14
      365.175   2.2158157e+14
      365.225   2.2483822e+14
      365.275   2.2960045e+14
      365.325   2.3803683e+14
      365.375   2.4515070e+14
      365.425   2.4710048e+14
      365.475   2.4735360e+14
      365.525   2.4887255e+14
      365.575   2.5032930e+14
      365.625   2.5062303e+14
      365.675   2.5206603e+14
      365.725   2.5573740e+14
      365.775   2.5993564e+14
      365.825   2.6145846e+14
      365.875   2.6137810e+14
      365.925   2.6419825e+14
      365.975   2.6843699e+14
      366.025   2.6928320e+14
      366.075   2.6687721e+14
      366.125   2.6515274e+14
      366.175   2.6572844e+14
      366.225   2.6678254e+14
      366.275   2.6559248e+14
      366.325   2.6252506e+14
      366.375   2.5953985e+14
      366.425   2.5657029e+14
      366.475   2.5368095e+14
      366.525   2.5277796e+14
      366.575   2.5504311e+14
      366.625   2.5913425e+14
      366.675   2.5961489e+14
      366.725   2.5515921e+14
      366.775   2.5266214e+14
      366.825   2.5437871e+14
      366.875   2.5606526e+14
      366.925   2.5371105e+14
      366.975   2.4799604e+14
      367.025   2.4421185e+14
      367.075   2.4355141e+14
      367.125   2.4608698e+14
      367.175   2.5070221e+14
      367.225   2.5568317e+14
      367.275   2.6047377e+14
      367.325   2.6281808e+14
      367.375   2.6097842e+14
      367.425   2.5775374e+14
      367.475   2.5541855e+14
      367.525   2.5447750e+14
      367.575   2.5609779e+14
      367.625   2.5783003e+14
      367.675   2.5699421e+14
      367.725   2.5368816e+14
      367.775   2.4873124e+14
      367.825   2.4134221e+14
      367.875   2.3490529e+14
      367.925   2.3481668e+14
      367.975   2.3627744e+14
      368.025   2.3321332e+14
      368.075   2.2799147e+14
      368.125   2.2550704e+14
      368.175   2.2635217e+14
      368.225   2.3172635e+14
      368.275   2.3656846e+14
      368.325   2.3684340e+14
      368.375   2.3749014e+14
      368.425   2.4042644e+14
      368.475   2.4326834e+14
      368.525   2.4289233e+14
      368.575   2.3952840e+14
      368.625   2.3469544e+14
      368.675   2.3154423e+14
      368.725   2.3121457e+14
      368.775   2.2989827e+14
      368.825   2.2568860e+14
      368.875   2.2444606e+14
      368.925   2.2920873e+14
      368.975   2.3477512e+14
      369.025   2.3915831e+14
      369.075   2.4481921e+14
      369.125   2.5196834e+14
      369.175   2.5856148e+14
      369.225   2.6438861e+14
      369.275   2.6874848e+14
      369.325   2.6908127e+14
      369.375   2.6575804e+14
      369.425   2.6133525e+14
      369.475   2.5671344e+14
      369.525   2.5586205e+14
      369.575   2.5928038e+14
      369.625   2.6172480e+14
      369.675   2.6200785e+14
      369.725   2.6186870e+14
      369.775   2.6229465e+14
      369.825   2.6332067e+14
      369.875   2.6498164e+14
      369.925   2.6753515e+14
      369.975   2.7088558e+14
      370.025   2.7445747e+14
      370.075   2.7661730e+14
      370.125   2.7598372e+14
      370.175   2.7197334e+14
      370.225   2.6736935e+14
      370.275   2.6412686e+14
      370.325   2.6162116e+14
      370.375   2.5847906e+14
      370.425   2.5158285e+14
      370.475   2.4274242e+14
      370.525   2.3607297e+14
      370.575   2.3113175e+14
      370.625   2.2508044e+14
      370.675   2.1979040e+14
      370.725   2.2008434e+14
      370.775   2.2379772e+14
      370.825   2.2550651e+14
      370.875   2.2517709e+14
      370.925   2.2643614e+14
      370.975   2.2767513e+14
      371.025   2.2779274e+14
      371.075   2.3295308e+14
      371.125   2.4229882e+14
      371.175   2.4951335e+14
      371.225   2.5406279e+14
      371.275   2.5792628e+14
      371.325   2.6276182e+14
      371.375   2.6736908e+14
      371.425   2.7162246e+14
      371.475   2.7627794e+14
      371.525   2.7945042e+14
      371.575   2.7876215e+14
      371.625   2.7430934e+14
      371.675   2.6858676e+14
      371.725   2.6465139e+14
      371.775   2.6300390e+14
      371.825   2.6111186e+14
      371.875   2.5578078e+14
      371.925   2.4608245e+14
      371.975   2.3340045e+14
      372.025   2.1940763e+14
      372.075   2.0686581e+14
      372.125   2.0026219e+14
      372.175   2.0024998e+14
      372.225   2.0161494e+14
      372.275   2.0152290e+14
      372.325   2.0311243e+14
      372.375   2.0998920e+14
      372.425   2.2057770e+14
      372.475   2.2934506e+14
      372.525   2.3448581e+14
      372.575   2.3890691e+14
      372.625   2.4421934e+14
      372.675   2.4848999e+14
      372.725   2.4720222e+14
      372.775   2.3719452e+14
      372.825   2.2458994e+14
      372.875   2.2110842e+14
      372.925   2.2646979e+14
      372.975   2.3482254e+14
      373.025   2.4006032e+14
      373.075   2.3702611e+14
      373.125   2.3021807e+14
      373.175   2.2467412e+14
      373.225   2.2177475e+14
      373.275   2.1865613e+14
      373.325   2.1188297e+14
      373.375   2.0204354e+14
      373.425   1.9198467e+14
      373.475   1.8334119e+14
      373.525   1.7551032e+14
      373.575   1.6944181e+14
      373.625   1.6783926e+14
      373.675   1.7110266e+14
      373.725   1.7409876e+14
      373.775   1.7370571e+14
      373.825   1.7488467e+14
      373.875   1.8257669e+14
      373.925   1.9449804e+14
      373.975   2.0434812e+14
      374.025   2.1043069e+14
      374.075   2.1601780e+14
      374.125   2.2296786e+14
      374.175   2.2776067e+14
      374.225   2.2754210e+14
      374.275   2.2480347e+14
      374.325   2.1950857e+14
      374.375   2.1090541e+14
      374.425   2.0226668e+14
      374.475   1.9784956e+14
      374.525   1.9812741e+14
      374.575   1.9563891e+14
      374.625   1.8871021e+14
      374.675   1.8280834e+14
      374.725   1.8204179e+14
      374.775   1.8699868e+14
      374.825   1.9090215e+14
      374.875   1.8895085e+14
      374.925   1.8278483e+14
      374.975   1.7646756e+14
      375.025   1.7461066e+14
      375.075   1.7847753e+14
      375.125   1.8734661e+14
      375.175   2.0091681e+14
      375.225   2.1460902e+14
      375.275   2.2477659e+14
      375.325   2.3159729e+14
      375.375   2.3570399e+14
      375.425   2.3975650e+14
      375.475   2.4611378e+14
      375.525   2.5345328e+14
      375.575   2.5896466e+14
      375.625   2.6232392e+14
      375.675   2.6299188e+14
      375.725   2.6007829e+14
      375.775   2.5378358e+14
      375.825   2.4100241e+14
      375.875   2.2460155e+14
      375.925   2.1460939e+14
      375.975   2.1340643e+14
      376.025   2.1907666e+14
      376.075   2.2687655e+14
      376.125   2.3219184e+14
      376.175   2.3510807e+14
      376.225   2.3534311e+14
      376.275   2.3517895e+14
      376.325   2.3686438e+14
      376.375   2.3763236e+14
      376.425   2.3310428e+14
      376.475   2.2696265e+14
      376.525   2.2891136e+14
      376.575   2.3705299e+14
      376.625   2.4180886e+14
      376.675   2.4198331e+14
      376.725   2.3736505e+14
      376.775   2.3117696e+14
      376.825   2.2924018e+14
      376.875   2.3287165e+14
      376.925   2.4041826e+14
      376.975   2.4760971e+14
      377.025   2.5063673e+14
      377.075   2.4964946e+14
      377.125   2.4743015e+14
      377.175   2.4806286e+14
      377.225   2.5340433e+14
      377.275   2.6063245e+14
      377.325   2.6800299e+14
      377.375   2.7418507e+14
      377.425   2.7834926e+14
      377.475   2.8064325e+14
      377.525   2.8185964e+14
      377.575   2.8282725e+14
      377.625   2.8341603e+14
      377.675   2.8399662e+14
      377.725   2.8584908e+14
      377.775   2.8896976e+14
      377.825   2.9122178e+14
      377.875   2.9102416e+14
      377.925   2.9031078e+14
      377.975   2.9078182e+14
      378.025   2.9417617e+14
      378.075   2.9997096e+14
      378.125   3.0404953e+14
      378.175   3.0489639e+14
      378.225   3.0368085e+14
      378.275   3.0192769e+14
      378.325   3.0112058e+14
      378.375   3.0113821e+14
      378.425   3.0075062e+14
      378.475   3.0080181e+14
      378.525   3.0226436e+14
      378.575   3.0174018e+14
      378.625   2.9528908e+14
      378.675   2.8219386e+14
      378.725   2.6834638e+14
      378.775   2.6177561e+14
      378.825   2.6011994e+14
      378.875   2.5747762e+14
      378.925   2.5435502e+14
      378.975   2.5182875e+14
      379.025   2.4836870e+14
      379.075   2.4428322e+14
      379.125   2.4336113e+14
      379.175   2.4725513e+14
      379.225   2.5148147e+14
      379.275   2.5217572e+14
      379.325   2.4940292e+14
      379.375   2.4433629e+14
      379.425   2.3936845e+14
      379.475   2.3630820e+14
      379.525   2.3361337e+14
      379.575   2.2890741e+14
      379.625   2.2624123e+14
      379.675   2.2799634e+14
      379.725   2.3040224e+14
      379.775   2.2941061e+14
      379.825   2.2411118e+14
      379.875   2.1922950e+14
      379.925   2.1745294e+14
      379.975   2.1873716e+14
      380.025   2.2221775e+14
      380.075   2.2780331e+14
      380.125   2.3678708e+14
      380.175   2.4731248e+14
      380.225   2.5323976e+14
      380.275   2.5469048e+14
      380.325   2.5841269e+14
      380.375   2.6523985e+14
      380.425   2.7269898e+14
      380.475   2.7721780e+14
      380.525   2.7812489e+14
      380.575   2.7694328e+14
      380.625   2.7540927e+14
      380.675   2.7401020e+14
      380.725   2.7035879e+14
      380.775   2.6503235e+14
      380.825   2.6121170e+14
      380.875   2.6220975e+14
      380.925   2.6729984e+14
      380.975   2.7164934e+14
      381.025   2.7360025e+14
      381.075   2.7533226e+14
      381.125   2.7633449e+14
      381.175   2.7479082e+14
      381.225   2.7110030e+14
      381.275   2.6661131e+14
      381.325   2.6080372e+14
      381.375   2.5118731e+14
      381.425   2.4047961e+14
      381.475   2.3298518e+14
      381.525   2.2855627e+14
      381.575   2.2395346e+14
      381.625   2.1702435e+14
      381.675   2.1006271e+14
      381.725   2.0732644e+14
      381.775   2.1234374e+14
      381.825   2.1890277e+14
      381.875   2.2061093e+14
      381.925   2.1942799e+14
      381.975   2.1535502e+14
      382.025   2.0617109e+14
      382.075   1.9467405e+14
      382.125   1.8596118e+14
      382.175   1.8156161e+14
      382.225   1.8353122e+14
      382.275   1.8903573e+14
      382.325   1.9464531e+14
      382.375   1.9871211e+14
      382.425   1.9739678e+14
      382.475   1.8960373e+14
      382.525   1.8022951e+14
      382.575   1.7272144e+14
      382.625   1.6651383e+14
      382.675   1.6129000e+14
      382.725   1.5808828e+14
      382.775   1.5829613e+14
      382.825   1.5937424e+14
      382.875   1.5852813e+14
      382.925   1.5802512e+14
      382.975   1.5938300e+14
      383.025   1.6003577e+14
      383.075   1.6097851e+14
      383.125   1.6372861e+14
      383.175   1.6570669e+14
      383.225   1.6467677e+14
      383.275   1.5935863e+14
      383.325   1.5228215e+14
      383.375   1.4905837e+14
      383.425   1.4977565e+14
      383.475   1.5131473e+14
      383.525   1.5208561e+14
      383.575   1.5399524e+14
      383.625   1.5799021e+14
      383.675   1.6239681e+14
      383.725   1.6566814e+14
      383.775   1.6697156e+14
      383.825   1.6616435e+14
      383.875   1.6338860e+14
      383.925   1.5972099e+14
      383.975   1.5919182e+14
      384.025   1.6302373e+14
      384.075   1.6742914e+14
      384.125   1.7014035e+14
      384.175   1.7269452e+14
      384.225   1.7963219e+14
      384.275   1.9058711e+14
      384.325   2.0230724e+14
      384.375   2.1178334e+14
      384.425   2.1582025e+14
      384.475   2.1908732e+14
      384.525   2.2452916e+14
      384.575   2.2863814e+14
      384.625   2.3019729e+14
      384.675   2.3090650e+14
      384.725   2.3221775e+14
      384.775   2.3435759e+14
      384.825   2.3850426e+14
      384.875   2.4243761e+14
      384.925   2.4348179e+14
      384.975   2.4175526e+14
      385.025   2.3652455e+14
      385.075   2.2954288e+14
      385.125   2.2543474e+14
      385.175   2.2573200e+14
      385.225   2.3117052e+14
      385.275   2.3764702e+14
      385.325   2.3931100e+14
      385.375   2.3722757e+14
      385.425   2.3343690e+14
      385.475   2.2886308e+14
      385.525   2.2543766e+14
      385.575   2.2403859e+14
      385.625   2.2275587e+14
      385.675   2.1831654e+14
      385.725   2.1330163e+14
      385.775   2.1269011e+14
      385.825   2.1505382e+14
      385.875   2.1515916e+14
      385.925   2.0946469e+14
      385.975   2.0194882e+14
      386.025   1.9727786e+14
      386.075   1.9488900e+14
      386.125   1.9583907e+14
      386.175   2.0053831e+14
      386.225   2.0732752e+14
      386.275   2.1651969e+14
      386.325   2.2805364e+14
      386.375   2.3703886e+14
      386.425   2.4028422e+14
      386.475   2.4068823e+14
      386.525   2.4086048e+14
      386.575   2.4003819e+14
      386.625   2.3710048e+14
      386.675   2.3417065e+14
      386.725   2.3434861e+14
      386.775   2.3590765e+14
      386.825   2.3520557e+14
      386.875   2.3321078e+14
      386.925   2.3174249e+14
      386.975   2.3029553e+14
      387.025   2.2727793e+14
      387.075   2.2256476e+14
      387.125   2.1765272e+14
      387.175   2.1252670e+14
      387.225   2.0831421e+14
      387.275   2.0696181e+14
      387.325   2.0736783e+14
      387.375   2.0931460e+14
      387.425   2.1462088e+14
      387.475   2.2305613e+14
      387.525   2.3086627e+14
      387.575   2.3664651e+14
      387.625   2.4036046e+14
      387.675   2.4025324e+14
      387.725   2.3787515e+14
      387.775   2.3484083e+14
      387.825   2.3019505e+14
      387.875   2.2057586e+14
      387.925   2.1174340e+14
      387.975   2.1036081e+14
      388.025   2.1451839e+14
      388.075   2.2014003e+14
      388.125   2.2197684e+14
      388.175   2.2074713e+14
      388.225   2.1911054e+14
      388.275   2.1591422e+14
      388.325   2.1138762e+14
      388.375   2.1095980e+14
      388.425   2.1638441e+14
      388.475   2.2390029e+14
      388.525   2.2934122e+14
      388.575   2.2890796e+14
      388.625   2.2497140e+14
      388.675   2.1951212e+14
      388.725   2.1342064e+14
      388.775   2.1282404e+14
      388.825   2.1707065e+14
      388.875   2.2048656e+14
      388.925   2.1989406e+14
      388.975   2.1756930e+14
      389.025   2.1908669e+14
      389.075   2.2543303e+14
      389.125   2.3420318e+14
      389.175   2.4286461e+14
      389.225   2.4990273e+14
      389.275   2.5563526e+14
      389.325   2.5992334e+14
      389.375   2.6153947e+14
      389.425   2.6162570e+14
      389.475   2.6296737e+14
      389.525   2.6529852e+14
      389.575   2.6595234e+14
      389.625   2.6317893e+14
      389.675   2.6250313e+14
      389.725   2.6833881e+14
      389.775   2.7596219e+14
      389.825   2.7811164e+14
      389.875   2.7502395e+14
      389.925   2.7306213e+14
      389.975   2.7320359e+14
      390.025   2.7102895e+14
      390.075   2.6873905e+14
      390.125   2.7003299e+14
      390.175   2.7371540e+14
      390.225   2.7733134e+14
      390.275   2.7625716e+14
      390.325   2.7075184e+14
      390.375   2.6551433e+14
      390.425   2.6306850e+14
      390.475   2.6474867e+14
      390.525   2.6642913e+14
      390.575   2.6407600e+14
      390.625   2.6020843e+14
      390.675   2.5805169e+14
      390.725   2.6164768e+14
      390.775   2.6897809e+14
      390.825   2.7584329e+14
      390.875   2.8182437e+14
      390.925   2.8627876e+14
      390.975   2.8979419e+14
      391.025   2.9201525e+14
      391.075   2.9268337e+14
      391.125   2.9284145e+14
      391.175   2.9449145e+14
      391.225   2.9786647e+14
      391.275   3.0089710e+14
      391.325   3.0277720e+14
      391.375   3.0236107e+14
      391.425   2.9999538e+14
      391.475   2.9713771e+14
      391.525   2.9599439e+14
      391.575   2.9669016e+14
      391.625   2.9549850e+14
      391.675   2.9151606e+14
      391.725   2.8743234e+14
      391.775   2.8501168e+14
      391.825   2.8410688e+14
      391.875   2.8171321e+14
      391.925   2.7629984e+14
      391.975   2.7050818e+14
      392.025   2.6599710e+14
      392.075   2.6067245e+14
      392.125   2.5384330e+14
      392.175   2.4724292e+14
      392.225   2.4418952e+14
      392.275   2.4421405e+14
      392.325   2.4239053e+14
      392.375   2.3890117e+14
      392.425   2.3737489e+14
      392.475   2.3771887e+14
      392.525   2.3605671e+14
      392.575   2.3108551e+14
      392.625   2.2391835e+14
      392.675   2.1621536e+14
      392.725   2.1008275e+14
      392.775   2.0364120e+14
      392.825   1.9493055e+14
      392.875   1.8479870e+14
      392.925   1.7547438e+14
      392.975   1.6886477e+14
      393.025   1.6263951e+14
      393.075   1.5553091e+14
      393.125   1.4853232e+14
      393.175   1.4246685e+14
      393.225   1.3747875e+14
      393.275   1.3224314e+14
      393.325   1.2692672e+14
      393.375   1.2203007e+14
      393.425   1.1810312e+14
      393.475   1.1682571e+14
      393.525   1.1736374e+14
      393.575   1.1980641e+14
      393.625   1.2405823e+14
      393.675   1.2864304e+14
      393.725   1.3467820e+14
      393.775   1.4205733e+14
      393.825   1.4975062e+14
      393.875   1.5709105e+14
      393.925   1.6417854e+14
      393.975   1.7244419e+14
      394.025   1.8090059e+14
      394.075   1.8821664e+14
      394.125   1.9455548e+14
      394.175   1.9954816e+14
      394.225   2.0383467e+14
      394.275   2.0834287e+14
      394.325   2.1293170e+14
      394.375   2.1672916e+14
      394.425   2.1865963e+14
      394.475   2.2003376e+14
      394.525   2.2408426e+14
      394.575   2.3100357e+14
      394.625   2.4050337e+14
      394.675   2.5001346e+14
      394.725   2.5677888e+14
      394.775   2.6049010e+14
      394.825   2.6124282e+14
      394.875   2.6184228e+14
      394.925   2.6462374e+14
      394.975   2.6831492e+14
      395.025   2.7256132e+14
      395.075   2.7734790e+14
      395.125   2.8075258e+14
      395.175   2.8270047e+14
      395.225   2.8413144e+14
      395.275   2.8367523e+14
      395.325   2.8094326e+14
      395.375   2.7851549e+14
      395.425   2.7908258e+14
      395.475   2.8347887e+14
      395.525   2.8768513e+14
      395.575   2.8796816e+14
      395.625   2.8586234e+14
      395.675   2.8261962e+14
      395.725   2.7810369e+14
      395.775   2.7504391e+14
      395.825   2.7436235e+14
      395.875   2.7368726e+14
      395.925   2.7216259e+14
      395.975   2.6974414e+14
      396.025   2.6532077e+14
      396.075   2.5887658e+14
      396.125   2.5009027e+14
      396.175   2.3773140e+14
      396.225   2.2481665e+14
      396.275   2.1507193e+14
      396.325   2.0860324e+14
      396.375   2.0378912e+14
      396.425   1.9874197e+14
      396.475   1.9306541e+14
      396.525   1.8754022e+14
      396.575   1.8148118e+14
      396.625   1.7434323e+14
      396.675   1.6650329e+14
      396.725   1.5881855e+14
      396.775   1.5370671e+14
      396.825   1.4907828e+14
      396.875   1.4546119e+14
      396.925   1.4380429e+14
      396.975   1.4377299e+14
      397.025   1.4685422e+14
      397.075   1.5188732e+14
      397.125   1.5759757e+14
      397.175   1.6345449e+14
      397.225   1.7009794e+14
      397.275   1.7782817e+14
      397.325   1.8599937e+14
      397.375   1.9383074e+14
      397.425   2.0126019e+14
      397.475   2.0858213e+14
      397.525   2.1670625e+14
      397.575   2.2587736e+14
      397.625   2.3530172e+14
      397.675   2.4411313e+14
      397.725   2.5138443e+14
      397.775   2.5883283e+14
      397.825   2.6736130e+14
      397.875   2.7600320e+14
      397.925   2.8456691e+14
      397.975   2.9265168e+14
      398.025   2.9976169e+14
      398.075   3.0633519e+14
      398.125   3.1234777e+14
      398.175   3.1614257e+14
      398.225   3.1823259e+14
      398.275   3.1994609e+14
      398.325   3.2197709e+14
      398.375   3.2440944e+14
      398.425   3.2574896e+14
      398.475   3.2677355e+14
      398.525   3.2909647e+14
      398.575   3.3272685e+14
      398.625   3.3613288e+14
      398.675   3.3843258e+14
      398.725   3.3910996e+14
      398.775   3.3979842e+14
      398.825   3.4424435e+14
      398.875   3.5069978e+14
      398.925   3.5487798e+14
      398.975   3.5636160e+14
      399.025   3.5549392e+14
      399.075   3.5503611e+14
      399.125   3.5651737e+14
      399.175   3.5927654e+14
      399.225   3.6172296e+14
      399.275   3.6313264e+14
      399.325   3.6451398e+14
      399.375   3.6601481e+14
      399.425   3.6723336e+14
      399.475   3.6731292e+14
      399.525   3.6630603e+14
      399.575   3.6526140e+14
      399.625   3.6474211e+14
      399.675   3.6475509e+14
      399.725   3.6442126e+14
      399.775   3.6339789e+14
      399.825   3.6148164e+14
      399.875   3.6085774e+14
      399.925   3.6320420e+14
      399.975   3.6740361e+14
      400.025   3.7221192e+14
      400.075   3.7586941e+14
      400.125   3.7676582e+14
      400.175   3.7618521e+14
      400.225   3.7635424e+14
      400.275   3.7797652e+14
      400.325   3.8070978e+14
      400.375   3.8212275e+14
      400.425   3.8173261e+14
      400.475   3.7991061e+14
      400.525   3.7487453e+14
      400.575   3.6684687e+14
      400.625   3.6101998e+14
      400.675   3.6059840e+14
      400.725   3.6420671e+14
      400.775   3.6864402e+14
      400.825   3.7306023e+14
      400.875   3.7779636e+14
      400.925   3.8188667e+14
      400.975   3.8403273e+14
      401.025   3.8501450e+14
      401.075   3.8636078e+14
      401.125   3.8789357e+14
      401.175   3.8965733e+14
      401.225   3.9162995e+14
      401.275   3.9264527e+14
      401.325   3.9344793e+14
      401.375   3.9509804e+14
      401.425   3.9654457e+14
      401.475   3.9616334e+14
      401.525   3.9496539e+14
      401.575   3.9522965e+14
      401.625   3.9695878e+14
      401.675   3.9797361e+14
      401.725   3.9764108e+14
      401.775   3.9558980e+14
      401.825   3.9267402e+14
      401.875   3.9246045e+14
      401.925   3.9553461e+14
      401.975   3.9943829e+14
      402.025   4.0257420e+14
      402.075   4.0273974e+14
      402.125   4.0138049e+14
      402.175   4.0150136e+14
      402.225   4.0200695e+14
      402.275   4.0198560e+14
      402.325   4.0210434e+14
      402.375   4.0249007e+14
      402.425   4.0243091e+14
      402.475   4.0116140e+14
      402.525   3.9869215e+14
      402.575   3.9695669e+14
      402.625   3.9694785e+14
      402.675   3.9862861e+14
      402.725   4.0044128e+14
      402.775   4.0100517e+14
      402.825   4.0103919e+14
      402.875   4.0053643e+14
      402.925   3.9945873e+14
      402.975   3.9772570e+14
      403.025   3.9465906e+14
      403.075   3.8923527e+14
      403.125   3.8133120e+14
      403.175   3.7566966e+14
      403.225   3.7517701e+14
      403.275   3.7537318e+14
      403.325   3.7340606e+14
      403.375   3.7124871e+14
      403.425   3.7143771e+14
      403.475   3.7425523e+14
      403.525   3.7733462e+14
      403.575   3.8018731e+14
      403.625   3.8332874e+14
      403.675   3.8723690e+14
      403.725   3.9188982e+14
      403.775   3.9647483e+14
      403.825   4.0034198e+14
      403.875   4.0223093e+14
      403.925   4.0220345e+14
      403.975   4.0131342e+14
      404.025   3.9984424e+14
      404.075   3.9784037e+14
      404.125   3.9581578e+14
      404.175   3.9394485e+14
      404.225   3.9349787e+14
      404.275   3.9513524e+14
      404.325   3.9622952e+14
      404.375   3.9414940e+14
      404.425   3.8860038e+14
      404.475   3.8001507e+14
      404.525   3.7140484e+14
      404.575   3.6393599e+14
      404.625   3.5607980e+14
      404.675   3.5187571e+14
      404.725   3.5531633e+14
      404.775   3.6306079e+14
      404.825   3.7138331e+14
      404.875   3.7892403e+14
      404.925   3.8364793e+14
      404.975   3.8582270e+14
      405.025   3.8806469e+14
      405.075   3.9101516e+14
      405.125   3.9347318e+14
      405.175   3.9429710e+14
      405.225   3.9341217e+14
      405.275   3.9096571e+14
      405.325   3.8763904e+14
      405.375   3.8540418e+14
      405.425   3.8499762e+14
      405.475   3.8487153e+14
      405.525   3.8288219e+14
      405.575   3.7995151e+14
      405.625   3.7842568e+14
      405.675   3.7796832e+14
      405.725   3.7795111e+14
      405.775   3.7650515e+14
      405.825   3.7295575e+14
      405.875   3.7001431e+14
      405.925   3.6938903e+14
      405.975   3.7091697e+14
      406.025   3.7315789e+14
      406.075   3.7538375e+14
      406.125   3.7752030e+14
      406.175   3.7843394e+14
      406.225   3.7633372e+14
      406.275   3.7236560e+14
      406.325   3.6830190e+14
      406.375   3.6205414e+14
      406.425   3.5425157e+14
      406.475   3.4807425e+14
      406.525   3.5086657e+14
      406.575   3.5680076e+14
      406.625   3.6262399e+14
      406.675   3.6541284e+14
      406.725   3.6549939e+14
      406.775   3.6599590e+14
      406.825   3.6876389e+14
      406.875   3.7388986e+14
      406.925   3.7923373e+14
      406.975   3.8340461e+14
      407.025   3.8537109e+14
      407.075   3.8441075e+14
      407.125   3.8075606e+14
      407.175   3.7561303e+14
      407.225   3.6872668e+14
      407.275   3.6404510e+14
      407.325   3.6777173e+14
      407.375   3.7457669e+14
      407.425   3.7891278e+14
      407.475   3.8042128e+14
      407.525   3.7978286e+14
      407.575   3.7853319e+14
      407.625   3.7701503e+14
      407.675   3.7432615e+14
      407.725   3.6939511e+14
      407.775   3.6449074e+14
      407.825   3.6179440e+14
      407.875   3.6154531e+14
      407.925   3.6500037e+14
      407.975   3.6981152e+14
      408.025   3.7410628e+14
      408.075   3.7864957e+14
      408.125   3.8448590e+14
      408.175   3.9056182e+14
      408.225   3.9439760e+14
      408.275   3.9582381e+14
      408.325   3.9522382e+14
      408.375   3.9292677e+14
      408.425   3.8988263e+14
      408.475   3.8802532e+14
      408.525   3.8696677e+14
      408.575   3.8638885e+14
      408.625   3.8752617e+14
      408.675   3.9032469e+14
      408.725   3.9394280e+14
      408.775   3.9816606e+14
      408.825   4.0345049e+14
      408.875   4.0789330e+14
      408.925   4.0969068e+14
      408.975   4.1023080e+14
      409.025   4.1001798e+14
      409.075   4.0879469e+14
      409.125   4.0695013e+14
      409.175   4.0597920e+14
      409.225   4.0496068e+14
      409.275   4.0169676e+14
      409.325   3.9815888e+14
      409.375   3.9734035e+14
      409.425   3.9906113e+14
      409.475   4.0093818e+14
      409.525   3.9605201e+14
      409.575   3.8996941e+14
      409.625   3.8472189e+14
      409.675   3.8011305e+14
      409.725   3.7615896e+14
      409.775   3.7371434e+14
      409.825   3.7160844e+14
      409.836   3.7110063e+14
      409.853   3.6884681e+14
      409.870   3.6633513e+14
      409.886   3.6410522e+14
      409.903   3.6110020e+14
      409.920   3.5721301e+14
      409.937   3.5395201e+14
      409.954   3.5093510e+14
      409.970   3.4788564e+14
      409.987   3.4495880e+14
      410.004   3.4103654e+14
      410.021   3.3552844e+14
      410.038   3.2973271e+14
      410.055   3.2482107e+14
      410.071   3.2100792e+14
      410.088   3.1890078e+14
      410.105   3.1729803e+14
      410.122   3.1495312e+14
      410.139   3.1208769e+14
      410.155   3.0970342e+14
      410.172   3.0778566e+14
      410.189   3.0665974e+14
      410.206   3.0777828e+14
      410.223   3.0906662e+14
      410.240   3.0905164e+14
      410.256   3.0866045e+14
      410.273   3.0836712e+14
      410.290   3.0715946e+14
      410.307   3.0601513e+14
      410.324   3.0555644e+14
      410.341   3.0447990e+14
      410.357   3.0386439e+14
      410.374   3.0495827e+14
      410.391   3.0733344e+14
      410.408   3.1149918e+14
      410.425   3.1830906e+14
      410.442   3.2567855e+14
      410.458   3.3183000e+14
      410.475   3.3719689e+14
      410.492   3.4222227e+14
      410.509   3.4705098e+14
      410.526   3.5292599e+14
      410.543   3.6028220e+14
      410.560   3.6824334e+14
      410.576   3.7471441e+14
      410.593   3.7923243e+14
      410.610   3.8222907e+14
      410.627   3.8478665e+14
      410.644   3.8747794e+14
      410.661   3.9083747e+14
      410.678   3.9410891e+14
      410.694   3.9711258e+14
      410.711   3.9972533e+14
      410.728   4.0088414e+14
      410.745   4.0180530e+14
      410.762   4.0397224e+14
      410.779   4.0601470e+14
      410.796   4.0690209e+14
      410.813   4.0690605e+14
      410.829   4.0674842e+14
      410.846   4.0717374e+14
      410.863   4.0861855e+14
      410.880   4.1022206e+14
      410.897   4.1293814e+14
      410.914   4.1554783e+14
      410.931   4.1522125e+14
      410.948   4.1257896e+14
      410.965   4.0999087e+14
      410.981   4.0878640e+14
      410.998   4.0869522e+14
      411.015   4.0940201e+14
      411.032   4.1060213e+14
      411.049   4.1143069e+14
      411.066   4.1045281e+14
      411.083   4.0926404e+14
      411.100   4.0941715e+14
      411.117   4.0901710e+14
      411.133   4.0750679e+14
      411.150   4.0568039e+14
      411.167   4.0330049e+14
      411.184   4.0067085e+14
      411.201   3.9999795e+14
      411.218   4.0096467e+14
      411.235   4.0328332e+14
      411.252   4.0655953e+14
      411.269   4.0854535e+14
      411.286   4.0863277e+14
      411.303   4.0875190e+14
      411.320   4.0879160e+14
      411.336   4.0830789e+14
      411.353   4.0796408e+14
      411.370   4.0777010e+14
      411.387   4.0755101e+14
      411.404   4.0722298e+14
      411.421   4.0600291e+14
      411.438   4.0568385e+14
      411.455   4.0688785e+14
      411.472   4.0787180e+14
      411.489   4.0842691e+14
      411.506   4.0942924e+14
      411.523   4.0985040e+14
      411.540   4.0951096e+14
      411.557   4.1011856e+14
      411.573   4.1238457e+14
      411.590   4.1522935e+14
      411.607   4.1796772e+14
      411.624   4.2118115e+14
      411.641   4.2505158e+14
      411.658   4.2925180e+14
      411.675   4.3263008e+14
      411.692   4.3422536e+14
      411.709   4.3292400e+14
      411.726   4.2900011e+14
      411.743   4.2392593e+14
      411.760   4.1885562e+14
      411.777   4.1578237e+14
      411.794   4.1576118e+14
      411.811   4.1728553e+14
      411.828   4.1894439e+14
      411.845   4.2058287e+14
      411.862   4.2171001e+14
      411.879   4.2297375e+14
      411.896   4.2473104e+14
      411.913   4.2625888e+14
      411.929   4.2816283e+14
      411.946   4.3019817e+14
      411.963   4.2994356e+14
      411.980   4.2825163e+14
      411.997   4.2654569e+14
      412.014   4.2352930e+14
      412.031   4.2064219e+14
      412.048   4.2001153e+14
      412.065   4.1961970e+14
      412.082   4.1734382e+14
      412.099   4.1451482e+14
      412.116   4.1189473e+14
      412.133   4.0918324e+14
      412.150   4.0668310e+14
      412.167   4.0466287e+14
      412.184   4.0335028e+14
      412.201   4.0144565e+14
      412.218   4.0023283e+14
      412.235   4.0143304e+14
      412.252   4.0425233e+14
      412.269   4.0744066e+14
      412.286   4.1080030e+14
      412.303   4.1305131e+14
      412.320   4.1323929e+14
      412.337   4.1291720e+14
      412.354   4.1405272e+14
      412.371   4.1676459e+14
      412.388   4.1875472e+14
      412.405   4.1941240e+14
      412.422   4.1926145e+14
      412.439   4.1675242e+14
      412.456   4.1192345e+14
      412.473   4.0818993e+14
      412.490   4.0669826e+14
      412.507   4.0632536e+14
      412.524   4.0827937e+14
      412.541   4.1231222e+14
      412.558   4.1549776e+14
      412.575   4.1705152e+14
      412.592   4.1809022e+14
      412.609   4.1793674e+14
      412.626   4.1606656e+14
      412.643   4.1324063e+14
      412.660   4.1046224e+14
      412.677   4.0845425e+14
      412.694   4.0733315e+14
      412.711   4.0805471e+14
      412.729   4.1099716e+14
      412.746   4.1408441e+14
      412.763   4.1553877e+14
      412.780   4.1614691e+14
      412.797   4.1541366e+14
      412.814   4.1374504e+14
      412.831   4.1249358e+14
      412.848   4.1205665e+14
      412.865   4.1156258e+14
      412.882   4.0957821e+14
      412.899   4.0695684e+14
      412.916   4.0532338e+14
      412.933   4.0466447e+14
      412.950   4.0513995e+14
      412.967   4.0805809e+14
      412.984   4.1183964e+14
      413.001   4.1452100e+14
      413.018   4.1523507e+14
      413.035   4.1250595e+14
      413.052   4.0653616e+14
      413.070   3.9903469e+14
      413.087   3.9085737e+14
      413.104   3.8446981e+14
      413.121   3.8152353e+14
      413.138   3.8117405e+14
      413.155   3.8330746e+14
      413.172   3.8725267e+14
      413.189   3.9088313e+14
      413.206   3.9297627e+14
      413.223   3.9402786e+14
      413.240   3.9326533e+14
      413.257   3.9111346e+14
      413.274   3.8772277e+14
      413.291   3.8370330e+14
      413.309   3.7970516e+14
      413.326   3.7609622e+14
      413.343   3.7308794e+14
      413.360   3.7096398e+14
      413.377   3.6930389e+14
      413.394   3.6880023e+14
      413.411   3.6911274e+14
      413.428   3.6958069e+14
      413.445   3.7087863e+14
      413.462   3.7365605e+14
      413.479   3.7560836e+14
      413.497   3.7594077e+14
      413.514   3.7567968e+14
      413.531   3.7474850e+14
      413.548   3.7472061e+14
      413.565   3.7672837e+14
      413.582   3.8065311e+14
      413.599   3.8657762e+14
      413.616   3.9294878e+14
      413.633   3.9854508e+14
      413.650   4.0362950e+14
      413.668   4.0796082e+14
      413.685   4.1024105e+14
      413.702   4.1169326e+14
      413.719   4.1288929e+14
      413.736   4.1446077e+14
      413.753   4.1618575e+14
      413.770   4.1909647e+14
      413.787   4.2426210e+14
      413.805   4.3093338e+14
      413.822   4.3659910e+14
      413.839   4.4174812e+14
      413.856   4.4601180e+14
      413.873   4.4814432e+14
      413.890   4.4800133e+14
      413.907   4.4787890e+14
      413.924   4.4829446e+14
      413.942   4.4858097e+14
      413.959   4.4878835e+14
      413.976   4.4841853e+14
      413.993   4.4788835e+14
      414.010   4.4626099e+14
      414.027   4.4363017e+14
      414.044   4.4194057e+14
      414.062   4.4065305e+14
      414.079   4.3938005e+14
      414.096   4.3850551e+14
      414.113   4.3810977e+14
      414.130   4.3717548e+14
      414.147   4.3687597e+14
      414.164   4.3487365e+14
      414.182   4.3056710e+14
      414.199   4.2458335e+14
      414.216   4.1644677e+14
      414.233   4.0616401e+14
      414.250   3.9612306e+14
      414.267   3.8835506e+14
      414.285   3.8284086e+14
      414.302   3.7932398e+14
      414.319   3.7801228e+14
      414.336   3.7878464e+14
      414.353   3.7984590e+14
      414.370   3.8044651e+14
      414.388   3.8163762e+14
      414.405   3.8350422e+14
      414.422   3.8408896e+14
      414.439   3.8389866e+14
      414.456   3.8410039e+14
      414.473   3.8453622e+14
      414.491   3.8407407e+14
      414.508   3.8386526e+14
      414.525   3.8570740e+14
      414.542   3.8804766e+14
      414.559   3.9004626e+14
      414.577   3.9167464e+14
      414.594   3.9282467e+14
      414.611   3.9195763e+14
      414.628   3.9164819e+14
      414.645   3.9212130e+14
      414.662   3.9289064e+14
      414.680   3.9554562e+14
      414.697   4.0092206e+14
      414.714   4.0727696e+14
      414.731   4.1534524e+14
      414.748   4.2520496e+14
      414.766   4.3288609e+14
      414.783   4.3759553e+14
      414.800   4.3975674e+14
      414.817   4.3830377e+14
      414.834   4.3536497e+14
      414.852   4.3235128e+14
      414.869   4.2836679e+14
      414.886   4.2517652e+14
      414.903   4.2369027e+14
      414.921   4.2192035e+14
      414.938   4.2123769e+14
      414.955   4.2406302e+14
      414.972   4.2744686e+14
      414.989   4.3002239e+14
      415.007   4.3245505e+14
      415.024   4.3344427e+14
      415.041   4.3087887e+14
      415.058   4.2614657e+14
      415.076   4.2188106e+14
      415.093   4.1843956e+14
      415.110   4.1861504e+14
      415.127   4.2287202e+14
      415.144   4.2908958e+14
      415.162   4.3405809e+14
      415.179   4.3730457e+14
      415.196   4.3755185e+14
      415.213   4.3417218e+14
      415.231   4.2772452e+14
      415.248   4.2022980e+14
      415.265   4.1336230e+14
      415.282   4.0691495e+14
      415.300   4.0186788e+14
      415.317   3.9978773e+14
      415.334   4.0013515e+14
      415.351   4.0076301e+14
      415.369   4.0261248e+14
      415.386   4.0672602e+14
      415.403   4.1137092e+14
      415.420   4.1539068e+14
      415.438   4.1984139e+14
      415.455   4.2247045e+14
      415.472   4.2174932e+14
      415.489   4.1844349e+14
      415.507   4.1273265e+14
      415.524   4.0495798e+14
      415.541   3.9915371e+14
      415.559   3.9705948e+14
      415.576   3.9769675e+14
      415.593   4.0016708e+14
      415.610   4.0295499e+14
      415.628   4.0327577e+14
      415.645   4.0004433e+14
      415.662   3.9448486e+14
      415.679   3.8971867e+14
      415.697   3.8614675e+14
      415.714   3.8209090e+14
      415.731   3.8039513e+14
      415.749   3.8183790e+14
      415.766   3.8283612e+14
      415.783   3.8630769e+14
      415.800   3.9309487e+14
      415.818   4.0054576e+14
      415.835   4.0763529e+14
      415.852   4.1534644e+14
      415.870   4.2058972e+14
      415.887   4.2373854e+14
      415.904   4.2504423e+14
      415.921   4.2444687e+14
      415.939   4.2195388e+14
      415.956   4.1868901e+14
      415.973   4.1557124e+14
      415.991   4.1195002e+14
      416.008   4.0999879e+14
      416.025   4.1167720e+14
      416.043   4.1632121e+14
      416.060   4.2135832e+14
      416.077   4.2605501e+14
      416.095   4.2843935e+14
      416.112   4.2824931e+14
      416.129   4.2712457e+14
      416.146   4.2742487e+14
      416.164   4.2971049e+14
      416.181   4.3284961e+14
      416.198   4.3446245e+14
      416.216   4.3599097e+14
      416.233   4.3772830e+14
      416.250   4.3781253e+14
      416.268   4.3821984e+14
      416.285   4.4075420e+14
      416.302   4.4213958e+14
      416.320   4.4156604e+14
      416.337   4.4136022e+14
      416.354   4.3994300e+14
      416.372   4.3711691e+14
      416.389   4.3472987e+14
      416.406   4.3315570e+14
      416.424   4.3181017e+14
      416.441   4.3161552e+14
      416.458   4.3338567e+14
      416.476   4.3563119e+14
      416.493   4.3921905e+14
      416.510   4.4258831e+14
      416.528   4.4533419e+14
      416.545   4.4580568e+14
      416.563   4.4322769e+14
      416.580   4.3778043e+14
      416.597   4.3163698e+14
      416.615   4.2508157e+14
      416.632   4.1993973e+14
      416.649   4.1769160e+14
      416.667   4.1561691e+14
      416.684   4.1375104e+14
      416.701   4.1289671e+14
      416.719   4.1307774e+14
      416.736   4.1229702e+14
      416.754   4.1276154e+14
      416.771   4.1448366e+14
      416.788   4.1553287e+14
      416.806   4.1339771e+14
      416.823   4.1210525e+14
      416.840   4.1115382e+14
      416.858   4.1002097e+14
      416.875   4.1055622e+14
      416.892   4.1356717e+14
      416.910   4.1554636e+14
      416.927   4.1518275e+14
      416.945   4.1419507e+14
      416.962   4.1239052e+14
      416.979   4.1020771e+14
      416.997   4.0778345e+14
      417.014   4.0511283e+14
      417.032   4.0107765e+14
      417.049   3.9526969e+14
      417.066   3.9161271e+14
      417.084   3.8974852e+14
      417.101   3.8863462e+14
      417.119   3.8920323e+14
      417.136   3.9319827e+14
      417.153   3.9510162e+14
      417.171   3.9442499e+14
      417.188   3.9321192e+14
      417.206   3.9328263e+14
      417.223   3.9013824e+14
      417.240   3.8641664e+14
      417.258   3.8488335e+14
      417.275   3.8466628e+14
      417.293   3.8258578e+14
      417.310   3.8285316e+14
      417.327   3.8266824e+14
      417.345   3.8157747e+14
      417.362   3.8076693e+14
      417.380   3.7945193e+14
      417.397   3.7460379e+14
      417.415   3.6980693e+14
      417.432   3.6715791e+14
      417.449   3.6690510e+14
      417.467   3.6765087e+14
      417.484   3.6914139e+14
      417.502   3.6926394e+14
      417.519   3.6866938e+14
      417.537   3.6694896e+14
      417.554   3.6813956e+14
      417.571   3.7007627e+14
      417.589   3.7158015e+14
      417.606   3.7189108e+14
      417.624   3.7271143e+14
      417.641   3.7164792e+14
      417.659   3.7113986e+14
      417.676   3.7349786e+14
      417.693   3.7914415e+14
      417.711   3.8352833e+14
      417.728   3.8518486e+14
      417.746   3.8955601e+14
      417.763   3.9395173e+14
      417.781   3.9538853e+14
      417.798   3.9710625e+14
      417.816   3.9964130e+14
      417.833   4.0155357e+14
      417.851   4.0478730e+14
      417.868   4.0898650e+14
      417.885   4.1193070e+14
      417.903   4.1650432e+14
      417.920   4.1917180e+14
      417.938   4.2171134e+14
      417.955   4.2248777e+14
      417.973   4.2271517e+14
      417.990   4.1971965e+14
      418.008   4.1689388e+14
      418.025   4.1287535e+14
      418.043   4.1120552e+14
      418.060   4.0932825e+14
      418.078   4.0773209e+14
      418.095   4.0804767e+14
      418.113   4.0888976e+14
      418.130   4.0996664e+14
      418.148   4.1346075e+14
      418.165   4.1741895e+14
      418.183   4.1906022e+14
      418.200   4.2089236e+14
      418.218   4.2100408e+14
      418.235   4.2209586e+14
      418.253   4.2460574e+14
      418.270   4.2619089e+14
      418.288   4.2779841e+14
      418.305   4.2897185e+14
      418.323   4.2569695e+14
      418.340   4.2204068e+14
      418.358   4.1966810e+14
      418.375   4.1662005e+14
      418.393   4.1425153e+14
      418.410   4.1281001e+14
      418.428   4.1318775e+14
      418.445   4.1317733e+14
      418.463   4.1283473e+14
      418.480   4.1077679e+14
      418.498   4.0911819e+14
      418.515   4.0764360e+14
      418.533   4.0680708e+14
      418.550   4.0463939e+14
      418.568   4.0351530e+14
      418.585   4.0407913e+14
      418.603   3.9982660e+14
      418.620   3.9451349e+14
      418.638   3.9210472e+14
      418.655   3.9072582e+14
      418.673   3.8960994e+14
      418.690   3.9348065e+14
      418.708   3.9877400e+14
      418.725   4.0100673e+14
      418.743   4.0039190e+14
      418.760   3.9795346e+14
      418.778   3.9260401e+14
      418.796   3.8632876e+14
      418.813   3.8145916e+14
      418.831   3.8063666e+14
      418.848   3.8152425e+14
      418.866   3.8362381e+14
      418.883   3.8687028e+14
      418.901   3.8928343e+14
      418.918   3.9077251e+14
      418.936   3.9229763e+14
      418.953   3.9422085e+14
      418.971   3.9334759e+14
      418.989   3.9201491e+14
      419.006   3.9033230e+14
      419.024   3.8873786e+14
      419.041   3.8764838e+14
      419.059   3.9170160e+14
      419.076   3.9757351e+14
      419.094   4.0121189e+14
      419.111   4.0703578e+14
      419.129   4.1630939e+14
      419.147   4.2469945e+14
      419.164   4.3277819e+14
      419.182   4.4129472e+14
      419.199   4.4540336e+14
      419.217   4.4446474e+14
      419.234   4.4053329e+14
      419.252   4.3739859e+14
      419.270   4.3509235e+14
      419.287   4.3539678e+14
      419.305   4.3790506e+14
      419.322   4.4036855e+14
      419.340   4.4146104e+14
      419.358   4.4227729e+14
      419.375   4.4023694e+14
      419.393   4.3537622e+14
      419.410   4.3229296e+14
      419.428   4.2933343e+14
      419.445   4.2514907e+14
      419.463   4.1901696e+14
      419.481   4.1475155e+14
      419.498   4.0959787e+14
      419.516   4.0624689e+14
      419.533   4.0487595e+14
      419.551   4.0829474e+14
      419.569   4.1194842e+14
      419.586   4.1518113e+14
      419.604   4.1818027e+14
      419.621   4.2132050e+14
      419.639   4.2176015e+14
      419.657   4.1803700e+14
      419.674   4.1169224e+14
      419.692   4.0238580e+14
      419.710   3.9293468e+14
      419.727   3.8499695e+14
      419.745   3.7836295e+14
      419.762   3.7604250e+14
      419.780   3.7694303e+14
      419.798   3.7839906e+14
      419.815   3.8005661e+14
      419.833   3.8337648e+14
      419.851   3.8584607e+14
      419.868   3.8657676e+14
      419.886   3.8731518e+14
      419.903   3.8859446e+14
      419.921   3.8977693e+14
      419.939   3.9044120e+14
      419.956   3.9241333e+14
      419.974   3.9626220e+14
      419.992   3.9925125e+14
      420.009   4.0084726e+14
      420.027   4.0154922e+14
      420.045   3.9889658e+14
      420.062   3.9372286e+14
      420.080   3.8948181e+14
      420.097   3.8629529e+14
      420.115   3.8360223e+14
      420.133   3.8220640e+14
      420.150   3.7896118e+14
      420.168   3.7751398e+14
      420.186   3.7687350e+14
      420.203   3.7738114e+14
      420.221   3.7951273e+14
      420.239   3.8180022e+14
      420.256   3.8624780e+14
      420.274   3.9251741e+14
      420.292   3.9844792e+14
      420.309   4.0072168e+14
      420.327   4.0362675e+14
      420.345   4.0233576e+14
      420.362   4.0010638e+14
      420.380   3.9492793e+14
      420.398   3.9254775e+14
      420.415   3.9407731e+14
      420.433   3.9822740e+14
      420.451   4.0323160e+14
      420.468   4.1105754e+14
      420.486   4.1593692e+14
      420.504   4.1477151e+14
      420.521   4.1256055e+14
      420.539   4.0787890e+14
      420.557   4.0407663e+14
      420.575   4.0572184e+14
      420.592   4.1364746e+14
      420.610   4.2038984e+14
      420.628   4.2797758e+14
      420.645   4.3457807e+14
      420.663   4.4011853e+14
      420.681   4.4217033e+14
      420.698   4.4255714e+14
      420.716   4.4355935e+14
      420.734   4.4473384e+14
      420.751   4.4786076e+14
      420.769   4.5172889e+14
      420.787   4.5495020e+14
      420.805   4.5501940e+14
      420.822   4.5664525e+14
      420.840   4.5463073e+14
      420.858   4.5125161e+14
      420.875   4.4639512e+14
      420.893   4.4578638e+14
      420.911   4.4516139e+14
      420.929   4.4313210e+14
      420.946   4.4226850e+14
      420.964   4.4345974e+14
      420.982   4.4110653e+14
      420.999   4.3667241e+14
      421.017   4.3602920e+14
      421.035   4.3483888e+14
      421.053   4.3527203e+14
      421.070   4.3921209e+14
      421.088   4.4447692e+14
      421.106   4.4636662e+14
      421.124   4.4825874e+14
      421.141   4.4957449e+14
      421.159   4.4748967e+14
      421.177   4.4363842e+14
      421.194   4.3836659e+14
      421.212   4.3400888e+14
      421.230   4.2939910e+14
      421.248   4.2638757e+14
      421.265   4.2152181e+14
      421.283   4.1936502e+14
      421.301   4.1762987e+14
      421.319   4.1657763e+14
      421.336   4.1503696e+14
      421.354   4.1458360e+14
      421.372   4.1189444e+14
      421.390   4.0839370e+14
      421.408   4.0575994e+14
      421.425   4.0110330e+14
      421.443   3.9791629e+14
      421.461   3.9597191e+14
      421.479   3.9522598e+14
      421.496   3.9231237e+14
      421.514   3.9158250e+14
      421.532   3.9123040e+14
      421.550   3.9050035e+14
      421.567   3.8857736e+14
      421.585   3.8590877e+14
      421.603   3.8251202e+14
      421.621   3.8109795e+14
      421.638   3.8197135e+14
      421.656   3.8233494e+14
      421.674   3.8454408e+14
      421.692   3.8695874e+14
      421.710   3.8684658e+14
      421.727   3.8784873e+14
      421.745   3.8975288e+14
      421.763   3.8970847e+14
      421.781   3.9124877e+14
      421.799   3.9394918e+14
      421.816   3.9484693e+14
      421.834   3.9523929e+14
      421.852   3.9763675e+14
      421.870   3.9457672e+14
      421.888   3.9274660e+14
      421.905   3.9478843e+14
      421.923   3.9866664e+14
      421.941   4.0440605e+14
      421.959   4.1569619e+14
      421.977   4.2576844e+14
      421.994   4.3141070e+14
      422.012   4.3767588e+14
      422.030   4.4242589e+14
      422.048   4.4206406e+14
      422.066   4.4076092e+14
      422.083   4.4104705e+14
      422.101   4.4096532e+14
      422.119   4.4314944e+14
      422.137   4.4810438e+14
      422.155   4.5193134e+14
      422.172   4.5343761e+14
      422.190   4.5213224e+14
      422.208   4.4929394e+14
      422.226   4.4963553e+14
      422.244   4.4837177e+14
      422.262   4.4655179e+14
      422.279   4.4565110e+14
      422.297   4.4581022e+14
      422.315   4.4288443e+14
      422.333   4.4261107e+14
      422.351   4.4402296e+14
      422.369   4.4218814e+14
      422.387   4.4014050e+14
      422.404   4.3770335e+14
      422.422   4.3360731e+14
      422.440   4.2736705e+14
      422.458   4.2151428e+14
      422.476   4.1651442e+14
      422.494   4.0452493e+14
      422.511   3.9216144e+14
      422.529   3.7902618e+14
      422.547   3.6494018e+14
      422.565   3.5396804e+14
      422.583   3.4542485e+14
      422.601   3.3830525e+14
      422.619   3.3337897e+14
      422.636   3.3047007e+14
      422.654   3.2860038e+14
      422.672   3.2686151e+14
      422.690   3.2566529e+14
      422.708   3.2665641e+14
      422.726   3.2491487e+14
      422.744   3.2511754e+14
      422.761   3.2479527e+14
      422.779   3.2361732e+14
      422.797   3.2230588e+14
      422.815   3.2002313e+14
      422.833   3.1957968e+14
      422.851   3.1960429e+14
      422.869   3.2067978e+14
      422.887   3.2253722e+14
      422.905   3.2731848e+14
      422.922   3.3314807e+14
      422.940   3.3911020e+14
      422.958   3.4600697e+14
      422.976   3.5441923e+14
      422.994   3.6304996e+14
      423.012   3.7278964e+14
      423.030   3.8484262e+14
      423.048   3.9750548e+14
      423.066   4.0976183e+14
      423.083   4.2223602e+14
      423.101   4.3321334e+14
      423.119   4.4124990e+14
      423.137   4.4702937e+14
      423.155   4.4932863e+14
      423.173   4.4828339e+14
      423.191   4.4348317e+14
      423.209   4.3793298e+14
      423.227   4.3352308e+14
      423.245   4.3069185e+14
      423.263   4.3035779e+14
      423.280   4.3378305e+14
      423.298   4.3975877e+14
      423.316   4.4649641e+14
      423.334   4.5474593e+14
      423.352   4.6080747e+14
      423.370   4.6424504e+14
      423.388   4.6530424e+14
      423.406   4.6371997e+14
      423.424   4.5727262e+14
      423.442   4.4953566e+14
      423.460   4.4232548e+14
      423.478   4.3423802e+14
      423.496   4.2586631e+14
      423.513   4.2011136e+14
      423.531   4.1490078e+14
      423.549   4.0883643e+14
      423.567   4.0425322e+14
      423.585   4.0115839e+14
      423.603   3.9780067e+14
      423.621   3.9577455e+14
      423.639   3.9513165e+14
      423.657   3.9568453e+14
      423.675   3.9735597e+14
      423.693   4.0022120e+14
      423.711   4.0373394e+14
      423.729   4.0716724e+14
      423.747   4.0931551e+14
      423.765   4.0886765e+14
      423.783   4.0678720e+14
      423.801   4.0243837e+14
      423.819   3.9579982e+14
      423.837   3.8796205e+14
      423.855   3.8103388e+14
      423.872   3.7461801e+14
      423.890   3.6957266e+14
      423.908   3.6701607e+14
      423.926   3.6707071e+14
      423.944   3.6953514e+14
      423.962   3.7484597e+14
      423.980   3.8291914e+14
      423.998   3.9310014e+14
      424.016   4.0356369e+14
      424.034   4.1321365e+14
      424.052   4.2116292e+14
      424.070   4.2633389e+14
      424.088   4.2791187e+14
      424.106   4.2641752e+14
      424.124   4.2433851e+14
      424.142   4.2260214e+14
      424.160   4.2048522e+14
      424.178   4.1813818e+14
      424.196   4.1730745e+14
      424.214   4.1610337e+14
      424.232   4.1590882e+14
      424.250   4.1787202e+14
      424.268   4.2156121e+14
      424.286   4.2610782e+14
      424.304   4.3140145e+14
      424.322   4.3689739e+14
      424.340   4.4227181e+14
      424.358   4.4582417e+14
      424.376   4.4839275e+14
      424.394   4.5231426e+14
      424.412   4.5532019e+14
      424.430   4.5651999e+14
      424.448   4.5917865e+14
      424.466   4.6289461e+14
      424.484   4.6440253e+14
      424.502   4.6330300e+14
      424.520   4.6032611e+14
      424.538   4.5672412e+14
      424.556   4.5154755e+14
      424.574   4.4538380e+14
      424.592   4.4128958e+14
      424.610   4.4115926e+14
      424.628   4.4322383e+14
      424.646   4.4456705e+14
      424.665   4.4574454e+14
      424.683   4.4694935e+14
      424.701   4.4670406e+14
      424.719   4.4469827e+14
      424.737   4.4409091e+14
      424.755   4.4337064e+14
      424.773   4.4045247e+14
      424.791   4.3644550e+14
      424.809   4.3203871e+14
      424.827   4.2589649e+14
      424.845   4.1798576e+14
      424.863   4.1099129e+14
      424.881   4.0646748e+14
      424.899   4.0148009e+14
      424.917   3.9458998e+14
      424.935   3.8910790e+14
      424.953   3.8521508e+14
      424.971   3.8027068e+14
      424.989   3.7652066e+14
      425.007   3.7655392e+14
      425.025   3.7978869e+14
      425.044   3.8362005e+14
      425.062   3.8719668e+14
      425.080   3.9268609e+14
      425.098   3.9966064e+14
      425.116   4.0542664e+14
      425.134   4.0928503e+14
      425.152   4.1270387e+14
      425.170   4.1545714e+14
      425.188   4.1720585e+14
      425.206   4.1882300e+14
      425.224   4.2074862e+14
      425.242   4.2283679e+14
      425.260   4.2192194e+14
      425.279   4.1889448e+14
      425.297   4.1668932e+14
      425.315   4.1499722e+14
      425.333   4.1252095e+14
      425.351   4.1225506e+14
      425.369   4.1491096e+14
      425.387   4.1594022e+14
      425.405   4.1597580e+14
      425.423   4.1902323e+14
      425.441   4.2322961e+14
      425.460   4.2571839e+14
      425.478   4.2881619e+14
      425.496   4.3286359e+14
      425.514   4.3505296e+14
      425.532   4.3584574e+14
      425.550   4.3675631e+14
      425.568   4.3745969e+14
      425.586   4.3753418e+14
      425.604   4.3746965e+14
      425.622   4.3783159e+14
      425.641   4.3777538e+14
      425.659   4.3654207e+14
      425.677   4.3420110e+14
      425.695   4.3053314e+14
      425.713   4.2574293e+14
      425.731   4.2106778e+14
      425.749   4.1711093e+14
      425.767   4.1470475e+14
      425.786   4.1577403e+14
      425.804   4.1810100e+14
      425.822   4.1912684e+14
      425.840   4.1905896e+14
      425.858   4.1762359e+14
      425.876   4.1220101e+14
      425.894   4.0458957e+14
      425.913   3.9907485e+14
      425.931   3.9559597e+14
      425.949   3.9301049e+14
      425.967   3.9236096e+14
      425.985   3.9250147e+14
      426.003   3.9033769e+14
      426.021   3.8586904e+14
      426.040   3.8042440e+14
      426.058   3.7470214e+14
      426.076   3.6964451e+14
      426.094   3.6582268e+14
      426.112   3.6375584e+14
      426.130   3.6296294e+14
      426.148   3.6193166e+14
      426.167   3.6170835e+14
      426.185   3.6322087e+14
      426.203   3.6598677e+14
      426.221   3.6949164e+14
      426.239   3.7389142e+14
      426.257   3.7750329e+14
      426.276   3.7951379e+14
      426.294   3.8005985e+14
      426.312   3.7978912e+14
      426.330   3.8026202e+14
      426.348   3.8249868e+14
      426.367   3.8633989e+14
      426.385   3.9248030e+14
      426.403   4.0239960e+14
      426.421   4.1317471e+14
      426.439   4.2285528e+14
      426.457   4.3265947e+14
      426.476   4.4124031e+14
      426.494   4.4716570e+14
      426.512   4.5202654e+14
      426.530   4.5681452e+14
      426.548   4.6122745e+14
      426.567   4.6452229e+14
      426.585   4.6601823e+14
      426.603   4.6551771e+14
      426.621   4.6250312e+14
      426.639   4.5668094e+14
      426.658   4.5076493e+14
      426.676   4.4646811e+14
      426.694   4.4285396e+14
      426.712   4.4068115e+14
      426.730   4.4073230e+14
      426.749   4.4171591e+14
      426.767   4.4294434e+14
      426.785   4.4523900e+14
      426.803   4.4744646e+14
      426.821   4.4832534e+14
      426.840   4.4752936e+14
      426.858   4.4553791e+14
      426.876   4.4335711e+14
      426.894   4.4228269e+14
      426.913   4.4176053e+14
      426.931   4.4108565e+14
      426.949   4.3853757e+14
      426.967   4.3243186e+14
      426.985   4.2290995e+14
      427.004   4.1063907e+14
      427.022   3.9711950e+14
      427.040   3.8573242e+14
      427.058   3.7719279e+14
      427.077   3.7100738e+14
      427.095   3.6794130e+14
      427.113   3.6828203e+14
      427.131   3.7099624e+14
      427.150   3.7600928e+14
      427.168   3.8072606e+14
      427.186   3.8321632e+14
      427.204   3.8357919e+14
      427.223   3.8088753e+14
      427.241   3.7526447e+14
      427.259   3.6955094e+14
      427.277   3.6534711e+14
      427.296   3.6108700e+14
      427.314   3.5653681e+14
      427.332   3.5356281e+14
      427.350   3.5235011e+14
      427.369   3.4995663e+14
      427.387   3.4745317e+14
      427.405   3.4532829e+14
      427.423   3.4271788e+14
      427.442   3.4024774e+14
      427.460   3.4078649e+14
      427.478   3.4493926e+14
      427.497   3.5125096e+14
      427.515   3.5956612e+14
      427.533   3.7002323e+14
      427.551   3.7997196e+14
      427.570   3.8811762e+14
      427.588   3.9491266e+14
      427.606   3.9995769e+14
      427.625   4.0292634e+14
      427.643   4.0374772e+14
      427.661   4.0253632e+14
      427.679   4.0290277e+14
      427.698   4.0540055e+14
      427.716   4.0810379e+14
      427.734   4.1246841e+14
      427.753   4.1999837e+14
      427.771   4.2644251e+14
      427.789   4.2926092e+14
      427.807   4.3006723e+14
      427.826   4.3017776e+14
      427.844   4.2903808e+14
      427.862   4.2676746e+14
      427.881   4.2555032e+14
      427.899   4.2587060e+14
      427.917   4.2630000e+14
      427.936   4.2523198e+14
      427.954   4.2386647e+14
      427.972   4.2257905e+14
      427.991   4.1999075e+14
      428.009   4.1773543e+14
      428.027   4.1712350e+14
      428.046   4.1695599e+14
      428.064   4.1620399e+14
      428.082   4.1472848e+14
      428.101   4.1294557e+14
      428.119   4.0976654e+14
      428.137   4.0507859e+14
      428.156   4.0130452e+14
      428.174   4.0071296e+14
      428.192   4.0022565e+14
      428.211   4.0051520e+14
      428.229   4.0273758e+14
      428.247   4.0417708e+14
      428.266   4.0223391e+14
      428.284   3.9950638e+14
      428.302   3.9679284e+14
      428.321   3.9383558e+14
      428.339   3.9232722e+14
      428.357   3.9340118e+14
      428.376   3.9434092e+14
      428.394   3.9581611e+14
      428.412   3.9899837e+14
      428.431   4.0055092e+14
      428.449   4.0099396e+14
      428.467   4.0174325e+14
      428.486   4.0124003e+14
      428.504   3.9974800e+14
      428.522   3.9790443e+14
      428.541   3.9512837e+14
      428.559   3.9234172e+14
      428.578   3.9126563e+14
      428.596   3.9192445e+14
      428.614   3.9441220e+14
      428.633   3.9727639e+14
      428.651   4.0111368e+14
      428.669   4.0538136e+14
      428.688   4.0794004e+14
      428.706   4.0796552e+14
      428.725   4.0536931e+14
      428.743   3.9910590e+14
      428.761   3.9098398e+14
      428.780   3.8259853e+14
      428.798   3.7467471e+14
      428.816   3.6776488e+14
      428.835   3.6419405e+14
      428.853   3.6083106e+14
      428.872   3.5634940e+14
      428.890   3.5493950e+14
      428.908   3.5527631e+14
      428.927   3.5297570e+14
      428.945   3.5027703e+14
      428.964   3.4928575e+14
      428.982   3.4754951e+14
      429.000   3.4761033e+14
      429.019   3.4959260e+14
      429.037   3.5167413e+14
      429.056   3.5272949e+14
      429.074   3.5314214e+14
      429.092   3.5332646e+14
      429.111   3.5232509e+14
      429.129   3.5090899e+14
      429.148   3.5094672e+14
      429.166   3.5236056e+14
      429.185   3.5226992e+14
      429.203   3.5225214e+14
      429.221   3.5314535e+14
      429.240   3.5289055e+14
      429.258   3.5034406e+14
      429.277   3.5036748e+14
      429.295   3.5241936e+14
      429.314   3.5531928e+14
      429.332   3.5960330e+14
      429.350   3.6330480e+14
      429.369   3.6596764e+14
      429.387   3.6971971e+14
      429.406   3.7221656e+14
      429.424   3.7340619e+14
      429.443   3.7827137e+14
      429.461   3.8504016e+14
      429.479   3.9199753e+14
      429.498   3.9889460e+14
      429.516   4.0435602e+14
      429.535   4.0590302e+14
      429.553   4.0467588e+14
      429.572   4.0225913e+14
      429.590   4.0039606e+14
      429.609   3.9959558e+14
      429.627   3.9870366e+14
      429.646   3.9711966e+14
      429.664   3.9573936e+14
      429.682   3.9419701e+14
      429.701   3.9223867e+14
      429.719   3.8853835e+14
      429.738   3.8274043e+14
      429.756   3.7611699e+14
      429.775   3.7022266e+14
      429.793   3.6449607e+14
      429.812   3.6019189e+14
      429.830   3.5686551e+14
      429.849   3.5266308e+14
      429.867   3.4899063e+14
      429.886   3.4559508e+14
      429.904   3.4087840e+14
      429.923   3.3698659e+14
      429.941   3.3206657e+14
      429.960   3.2508810e+14
      429.978   3.1901369e+14
      429.997   3.1635224e+14
      430.015   3.1363020e+14
      430.034   3.1195253e+14
      430.052   3.1102478e+14
      430.071   3.0947077e+14
      430.089   3.0703869e+14
      430.108   3.0420912e+14
      430.126   3.0035106e+14
      430.145   2.9690813e+14
      430.163   2.9437018e+14
      430.182   2.9167777e+14
      430.200   2.8801154e+14
      430.219   2.8506581e+14
      430.237   2.8315400e+14
      430.256   2.8366553e+14
      430.274   2.8494664e+14
      430.293   2.8813175e+14
      430.311   2.9252076e+14
      430.330   2.9571600e+14
      430.348   2.9721734e+14
      430.367   2.9896761e+14
      430.385   3.0066006e+14
      430.404   3.0320022e+14
      430.422   3.0555616e+14
      430.441   3.0723321e+14
      430.459   3.1187997e+14
      430.478   3.2009721e+14
      430.496   3.2438708e+14
      430.515   3.2391296e+14
      430.533   3.2392476e+14
      430.552   3.2179440e+14
      430.571   3.1663064e+14
      430.589   3.1403119e+14
      430.608   3.1325103e+14
      430.626   3.1064410e+14
      430.645   3.0633812e+14
      430.663   3.0195470e+14
      430.682   2.9728756e+14
      430.700   2.9375794e+14
      430.719   2.9196429e+14
      430.737   2.9108181e+14
      430.756   2.8840690e+14
      430.775   2.8513719e+14
      430.793   2.8215070e+14
      430.812   2.7796822e+14
      430.830   2.7414530e+14
      430.849   2.7197769e+14
      430.867   2.7043248e+14
      430.886   2.6881856e+14
      430.904   2.6732802e+14
      430.923   2.6568992e+14
      430.942   2.6472286e+14
      430.960   2.6496141e+14
      430.979   2.6310319e+14
      430.997   2.5876206e+14
      431.016   2.5518639e+14
      431.034   2.5301126e+14
      431.053   2.4814858e+14
      431.072   2.4439670e+14
      431.090   2.4321296e+14
      431.109   2.4091597e+14
      431.127   2.3820392e+14
      431.146   2.4027100e+14
      431.165   2.4670362e+14
      431.183   2.5477521e+14
      431.202   2.6442375e+14
      431.220   2.7395046e+14
      431.239   2.8077523e+14
      431.258   2.8404502e+14
      431.276   2.8761579e+14
      431.295   2.9228813e+14
      431.313   2.9713243e+14
      431.332   3.0131744e+14
      431.351   3.0480964e+14
      431.369   3.0797923e+14
      431.388   3.1070451e+14
      431.406   3.1461484e+14
      431.425   3.2095990e+14
      431.444   3.2909464e+14
      431.462   3.3684942e+14
      431.481   3.4455660e+14
      431.499   3.5170705e+14
      431.518   3.5841565e+14
      431.537   3.6389625e+14
      431.555   3.7001232e+14
      431.574   3.7833153e+14
      431.593   3.8670336e+14
      431.611   3.9546708e+14
      431.630   4.0684974e+14
      431.648   4.1994563e+14
      431.667   4.3137386e+14
      431.686   4.3943079e+14
      431.704   4.4458695e+14
      431.723   4.4782215e+14
      431.742   4.4864399e+14
      431.760   4.5099266e+14
      431.779   4.5669382e+14
      431.798   4.6353490e+14
      431.816   4.6960885e+14
      431.835   4.7586223e+14
      431.854   4.8265086e+14
      431.872   4.8831400e+14
      431.891   4.9325091e+14
      431.909   4.9719845e+14
      431.928   4.9951887e+14
      431.947   4.9846276e+14
      431.965   4.9758342e+14
      431.984   4.9689292e+14
      432.003   4.9659205e+14
      432.021   4.9818349e+14
      432.040   5.0143350e+14
      432.059   5.0432035e+14
      432.077   5.0798612e+14
      432.096   5.1164016e+14
      432.115   5.1244798e+14
      432.133   5.0954939e+14
      432.152   5.0291091e+14
      432.171   4.9276905e+14
      432.189   4.7999585e+14
      432.208   4.6899826e+14
      432.227   4.5985255e+14
      432.246   4.5264253e+14
      432.264   4.4696892e+14
      432.283   4.4270063e+14
      432.302   4.3761730e+14
      432.320   4.3164241e+14
      432.339   4.2357890e+14
      432.358   4.1478878e+14
      432.376   4.0549899e+14
      432.395   3.9386707e+14
      432.414   3.8178582e+14
      432.432   3.7192694e+14
      432.451   3.6405409e+14
      432.470   3.5722547e+14
      432.489   3.5216540e+14
      432.507   3.4879247e+14
      432.526   3.4479342e+14
      432.545   3.3891102e+14
      432.563   3.3378371e+14
      432.582   3.3024821e+14
      432.601   3.2663854e+14
      432.620   3.2220191e+14
      432.638   3.1887651e+14
      432.657   3.1812765e+14
      432.676   3.1935291e+14
      432.694   3.2294186e+14
      432.713   3.2990569e+14
      432.732   3.4006517e+14
      432.751   3.4956032e+14
      432.769   3.5750901e+14
      432.788   3.6568976e+14
      432.807   3.7368170e+14
      432.825   3.7930744e+14
      432.844   3.8475646e+14
      432.863   3.9032979e+14
      432.882   3.9475829e+14
      432.900   3.9869676e+14
      432.919   4.0354125e+14
      432.938   4.1004221e+14
      432.957   4.1890230e+14
      432.975   4.2832415e+14
      432.994   4.3752149e+14
      433.013   4.4645161e+14
      433.032   4.5404109e+14
      433.050   4.6051138e+14
      433.069   4.6677039e+14
      433.088   4.7146152e+14
      433.107   4.7430501e+14
      433.125   4.7432655e+14
      433.144   4.7377044e+14
      433.163   4.7222925e+14
      433.182   4.7167301e+14
      433.200   4.7211774e+14
      433.219   4.7223100e+14
      433.238   4.7045030e+14
      433.257   4.6856425e+14
      433.276   4.6726162e+14
      433.294   4.6651522e+14
      433.313   4.6568594e+14
      433.332   4.6482313e+14
      433.351   4.6362066e+14
      433.369   4.6116374e+14
      433.388   4.5928407e+14
      433.407   4.5898308e+14
      433.426   4.6069145e+14
      433.445   4.6467277e+14
      433.463   4.6946920e+14
      433.482   4.7338414e+14
      433.501   4.7684240e+14
      433.520   4.7784828e+14
      433.539   4.7371229e+14
      433.557   4.6833559e+14
      433.576   4.6179631e+14
      433.595   4.5375384e+14
      433.614   4.4608880e+14
      433.633   4.4013672e+14
      433.651   4.3489415e+14
      433.670   4.3071000e+14
      433.689   4.2786347e+14
      433.708   4.2312578e+14
      433.727   4.1985504e+14
      433.745   4.1677242e+14
      433.764   4.1283332e+14
      433.783   4.0704109e+14
      433.802   4.0160028e+14
      433.821   3.9502906e+14
      433.839   3.8748451e+14
      433.858   3.7864737e+14
      433.877   3.7011122e+14
      433.896   3.6190961e+14
      433.915   3.5322612e+14
      433.934   3.4408941e+14
      433.952   3.3621817e+14
      433.971   3.2829911e+14
      433.990   3.2040338e+14
      434.009   3.1237775e+14
      434.028   3.0420065e+14
      434.047   2.9956772e+14
      434.065   2.9866573e+14
      434.084   2.9924458e+14
      434.103   3.0254458e+14
      434.122   3.0714569e+14
      434.141   3.1111228e+14
      434.160   3.1172994e+14
      434.179   3.1377557e+14
      434.197   3.1411726e+14
      434.216   3.1481662e+14
      434.235   3.1485229e+14
      434.254   3.1700137e+14
      434.273   3.1632067e+14
      434.292   3.1644268e+14
      434.311   3.1932533e+14
      434.329   3.2365268e+14
      434.348   3.2838595e+14
      434.367   3.3573917e+14
      434.386   3.4527878e+14
      434.405   3.5425101e+14
      434.424   3.6253365e+14
      434.443   3.7177802e+14
      434.461   3.8018102e+14
      434.480   3.8698885e+14
      434.499   3.9149328e+14
      434.518   3.9612282e+14
      434.537   4.0091813e+14
      434.556   4.0548837e+14
      434.575   4.0934689e+14
      434.594   4.1231848e+14
      434.613   4.1297643e+14
      434.631   4.1081133e+14
      434.650   4.0808330e+14
      434.669   4.0565482e+14
      434.688   4.0492406e+14
      434.707   4.0612865e+14
      434.726   4.0787779e+14
      434.745   4.1124838e+14
      434.764   4.1414428e+14
      434.783   4.1656311e+14
      434.802   4.2110493e+14
      434.820   4.2673050e+14
      434.839   4.3031589e+14
      434.858   4.3292042e+14
      434.877   4.3491094e+14
      434.896   4.3323570e+14
      434.915   4.2947299e+14
      434.934   4.2624506e+14
      434.953   4.2292815e+14
      434.972   4.1899901e+14
      434.991   4.1360115e+14
      435.010   4.0833390e+14
      435.029   4.0205454e+14
      435.047   3.9551649e+14
      435.066   3.8968941e+14
      435.085   3.8541697e+14
      435.104   3.8019349e+14
      435.123   3.7555277e+14
      435.142   3.7467092e+14
      435.161   3.7313359e+14
      435.180   3.7271487e+14
      435.199   3.7580164e+14
      435.218   3.7956576e+14
      435.237   3.8196411e+14
      435.256   3.8568345e+14
      435.275   3.8882679e+14
      435.294   3.8872105e+14
      435.313   3.8849033e+14
      435.331   3.8689180e+14
      435.350   3.8297859e+14
      435.369   3.8040297e+14
      435.388   3.8075317e+14
      435.407   3.8033459e+14
      435.426   3.7995911e+14
      435.445   3.8174864e+14
      435.464   3.8254343e+14
      435.483   3.8251179e+14
      435.502   3.8354226e+14
      435.521   3.8720201e+14
      435.540   3.9483265e+14
      435.559   4.0544449e+14
      435.578   4.1747093e+14
      435.597   4.2962839e+14
      435.616   4.4128251e+14
      435.635   4.5066112e+14
      435.654   4.5752605e+14
      435.673   4.6305971e+14
      435.692   4.6697570e+14
      435.711   4.6831929e+14
      435.730   4.6835725e+14
      435.749   4.6794055e+14
      435.768   4.6601123e+14
      435.787   4.6225130e+14
      435.806   4.5877232e+14
      435.825   4.5718130e+14
      435.844   4.5425493e+14
      435.863   4.5295207e+14
      435.882   4.5526267e+14
      435.901   4.5778275e+14
      435.920   4.5695400e+14
      435.939   4.5837242e+14
      435.958   4.6009901e+14
      435.977   4.6316142e+14
      435.996   4.6692685e+14
      436.015   4.7262302e+14
      436.034   4.7779496e+14
      436.053   4.8159796e+14
      436.072   4.8295080e+14
      436.091   4.8155968e+14
      436.110   4.7809310e+14
      436.129   4.7323706e+14
      436.148   4.6789896e+14
      436.167   4.6238442e+14
      436.186   4.5690781e+14
      436.205   4.5405546e+14
      436.224   4.5472354e+14
      436.243   4.5544710e+14
      436.262   4.5664276e+14
      436.281   4.6021581e+14
      436.300   4.6344245e+14
      436.319   4.6737039e+14
      436.338   4.7247918e+14
      436.357   4.7759573e+14
      436.376   4.8369837e+14
      436.395   4.9018455e+14
      436.414   4.9239475e+14
      436.433   4.9454727e+14
      436.453   4.9815215e+14
      436.472   4.9926888e+14
      436.491   4.9620203e+14
      436.510   4.9329613e+14
      436.529   4.9018268e+14
      436.548   4.8572871e+14
      436.567   4.8156586e+14
      436.586   4.7679510e+14
      436.605   4.7083529e+14
      436.624   4.6437558e+14
      436.643   4.5920048e+14
      436.662   4.5476981e+14
      436.681   4.5424265e+14
      436.700   4.5670094e+14
      436.719   4.6115159e+14
      436.738   4.6418451e+14
      436.758   4.6836726e+14
      436.777   4.7191477e+14
      436.796   4.7284052e+14
      436.815   4.6830731e+14
      436.834   4.6404384e+14
      436.853   4.5793408e+14
      436.872   4.5196372e+14
      436.891   4.4773722e+14
      436.910   4.4654092e+14
      436.929   4.4352497e+14
      436.948   4.4033982e+14
      436.967   4.3424610e+14
      436.987   4.2741203e+14
      437.006   4.2349656e+14
      437.025   4.2253770e+14
      437.044   4.2270123e+14
      437.063   4.2399455e+14
      437.082   4.2549804e+14
      437.101   4.2491097e+14
      437.120   4.2357047e+14
      437.139   4.2497518e+14
      437.158   4.2817182e+14
      437.178   4.3250025e+14
      437.197   4.3525082e+14
      437.216   4.3791967e+14
      437.235   4.3728703e+14
      437.254   4.3335492e+14
      437.273   4.2677252e+14
      437.292   4.2154452e+14
      437.311   4.1499928e+14
      437.331   4.0984618e+14
      437.350   4.0942683e+14
      437.369   4.1040644e+14
      437.388   4.1091981e+14
      437.407   4.1108047e+14
      437.426   4.0655026e+14
      437.445   4.0108684e+14
      437.464   3.9738704e+14
      437.484   3.9630333e+14
      437.503   3.9752913e+14
      437.522   4.0196290e+14
      437.541   4.0603685e+14
      437.560   4.0552518e+14
      437.579   4.0394725e+14
      437.598   4.0221190e+14
      437.618   3.9975216e+14
      437.637   3.9926175e+14
      437.656   4.0145796e+14
      437.675   4.0259756e+14
      437.694   4.0324153e+14
      437.713   4.0601881e+14
      437.733   4.0642717e+14
      437.752   4.0556685e+14
      437.771   4.0671430e+14
      437.790   4.1020847e+14
      437.809   4.1349741e+14
      437.828   4.1586009e+14
      437.848   4.2120758e+14
      437.867   4.2644074e+14
      437.886   4.2933203e+14
      437.905   4.3029966e+14
      437.924   4.3216782e+14
      437.943   4.3677102e+14
      437.963   4.4289129e+14
      437.982   4.4928445e+14
      438.001   4.5704124e+14
      438.020   4.6465591e+14
      438.039   4.6925744e+14
      438.059   4.7009352e+14
      438.078   4.7140059e+14
      438.097   4.7168575e+14
      438.116   4.6923967e+14
      438.135   4.6523363e+14
      438.154   4.5897970e+14
      438.174   4.4916621e+14
      438.193   4.3830145e+14
      438.212   4.2778194e+14
      438.231   4.1634803e+14
      438.251   4.0714276e+14
      438.270   4.0079617e+14
      438.289   3.9543996e+14
      438.308   3.8880140e+14
      438.327   3.8201185e+14
      438.347   3.7432609e+14
      438.366   3.6610283e+14
      438.385   3.5875588e+14
      438.404   3.5535370e+14
      438.423   3.5323574e+14
      438.443   3.5405863e+14
      438.462   3.5636176e+14
      438.481   3.5955713e+14
      438.500   3.6266314e+14
      438.520   3.6240791e+14
      438.539   3.6071151e+14
      438.558   3.5775647e+14
      438.577   3.5342624e+14
      438.596   3.4887727e+14
      438.616   3.4583969e+14
      438.635   3.4536654e+14
      438.654   3.4896307e+14
      438.673   3.5506556e+14
      438.693   3.6510405e+14
      438.712   3.7820644e+14
      438.731   3.9205742e+14
      438.750   4.0505109e+14
      438.770   4.1795520e+14
      438.789   4.2833392e+14
      438.808   4.3533612e+14
      438.827   4.4083457e+14
      438.847   4.4660676e+14
      438.866   4.5318892e+14
      438.885   4.5900723e+14
      438.904   4.6281653e+14
      438.924   4.6454994e+14
      438.943   4.6400765e+14
      438.962   4.6271774e+14
      438.982   4.6065691e+14
      439.001   4.5769579e+14
      439.020   4.5564467e+14
      439.039   4.5405723e+14
      439.059   4.5150412e+14
      439.078   4.4947698e+14
      439.097   4.4978069e+14
      439.117   4.5187002e+14
      439.136   4.5494949e+14
      439.155   4.5865812e+14
      439.174   4.6185461e+14
      439.194   4.6395192e+14
      439.213   4.6320701e+14
      439.232   4.6031748e+14
      439.252   4.5722933e+14
      439.271   4.5544938e+14
      439.290   4.5491297e+14
      439.309   4.5650204e+14
      439.329   4.5879881e+14
      439.348   4.6002852e+14
      439.367   4.5915457e+14
      439.387   4.5658073e+14
      439.406   4.5501651e+14
      439.425   4.5479338e+14
      439.445   4.5592923e+14
      439.464   4.5787096e+14
      439.483   4.5958450e+14
      439.502   4.5967738e+14
      439.522   4.5896676e+14
      439.541   4.5758935e+14
      439.560   4.5693855e+14
      439.580   4.5740395e+14
      439.599   4.5794883e+14
      439.618   4.5903326e+14
      439.638   4.5956922e+14
      439.657   4.5934133e+14
      439.676   4.5795874e+14
      439.696   4.5617344e+14
      439.715   4.5500217e+14
      439.734   4.5579015e+14
      439.754   4.5834146e+14
      439.773   4.6120572e+14
      439.792   4.6276944e+14
      439.812   4.6073839e+14
      439.831   4.5680754e+14
      439.850   4.5285943e+14
      439.870   4.4972392e+14
      439.889   4.4844025e+14
      439.909   4.5001927e+14
      439.928   4.5163413e+14
      439.947   4.5232977e+14
      439.967   4.5102982e+14
      439.986   4.4751834e+14
      440.005   4.4304106e+14
      440.025   4.3976574e+14
      440.044   4.3859330e+14
      440.063   4.4015217e+14
      440.083   4.4427808e+14
      440.102   4.4906747e+14
      440.121   4.5250963e+14
      440.141   4.5362726e+14
      440.160   4.5349611e+14
      440.180   4.5270655e+14
      440.199   4.5220570e+14
      440.218   4.5238832e+14
      440.238   4.5235289e+14
      440.257   4.5083973e+14
      440.276   4.4710016e+14
      440.296   4.4037553e+14
      440.315   4.3149866e+14
      440.335   4.2274597e+14
      440.354   4.1503351e+14
      440.373   4.0981495e+14
      440.393   4.0843460e+14
      440.412   4.0958942e+14
      440.432   4.1132431e+14
      440.451   4.1327270e+14
      440.470   4.1571779e+14
      440.490   4.1870167e+14
      440.509   4.2274387e+14
      440.529   4.2728370e+14
      440.548   4.3176949e+14
      440.567   4.3458317e+14
      440.587   4.3425739e+14
      440.606   4.3030820e+14
      440.626   4.2565583e+14
      440.645   4.2099265e+14
      440.665   4.1596476e+14
      440.684   4.1093333e+14
      440.703   4.0792748e+14
      440.723   4.0568911e+14
      440.742   4.0330381e+14
      440.762   4.0184690e+14
      440.781   4.0260763e+14
      440.800   4.0547505e+14
      440.820   4.1096636e+14
      440.839   4.1973307e+14
      440.859   4.3071994e+14
      440.878   4.4167271e+14
      440.898   4.5134092e+14
      440.917   4.5859503e+14
      440.937   4.6283718e+14
      440.956   4.6487908e+14
      440.975   4.6663125e+14
      440.995   4.6831126e+14
      441.014   4.7018761e+14
      441.034   4.7228298e+14
      441.053   4.7426581e+14
      441.073   4.7501893e+14
      441.092   4.7523296e+14
      441.112   4.7623713e+14
      441.131   4.7890010e+14
      441.151   4.8213633e+14
      441.170   4.8632008e+14
      441.189   4.9146415e+14
      441.209   4.9622165e+14
      441.228   4.9881955e+14
      441.248   5.0033382e+14
      441.267   5.0195227e+14
      441.287   5.0262833e+14
      441.306   5.0151005e+14
      441.326   4.9871058e+14
      441.345   4.9375338e+14
      441.365   4.8659072e+14
      441.384   4.7791581e+14
      441.404   4.6931919e+14
      441.423   4.6275922e+14
      441.443   4.5939281e+14
      441.462   4.5860225e+14
      441.482   4.5890924e+14
      441.501   4.5850141e+14
      441.521   4.5701655e+14
      441.540   4.5523359e+14
      441.560   4.5240281e+14
      441.579   4.4949334e+14
      441.599   4.4725230e+14
      441.618   4.4583948e+14
      441.638   4.4471983e+14
      441.657   4.4322163e+14
      441.677   4.4174822e+14
      441.696   4.4193478e+14
      441.716   4.4361670e+14
      441.735   4.4556639e+14
      441.755   4.4884091e+14
      441.774   4.5355869e+14
      441.794   4.5797009e+14
      441.813   4.6106653e+14
      441.833   4.6431493e+14
      441.852   4.6990183e+14
      441.872   4.7745794e+14
      441.891   4.8647721e+14
      441.911   4.9771956e+14
      441.930   5.0929114e+14
      441.950   5.1799547e+14
      441.969   5.2299182e+14
      441.989   5.2521556e+14
      442.008   5.2548711e+14
      442.028   5.2509835e+14
      442.048   5.2479982e+14
      442.067   5.2524708e+14
      442.087   5.2528528e+14
      442.106   5.2484450e+14
      442.126   5.2454591e+14
      442.145   5.2268265e+14
      442.165   5.2011973e+14
      442.184   5.1905180e+14
      442.204   5.1851635e+14
      442.223   5.1637455e+14
      442.243   5.1391373e+14
      442.263   5.1119656e+14
      442.282   5.0787825e+14
      442.302   5.0410405e+14
      442.321   5.0187379e+14
      442.341   5.0193325e+14
      442.360   5.0218485e+14
      442.380   5.0075313e+14
      442.400   4.9869413e+14
      442.419   4.9607538e+14
      442.439   4.9164854e+14
      442.458   4.8723787e+14
      442.478   4.8480476e+14
      442.497   4.8409181e+14
      442.517   4.8419480e+14
      442.537   4.8489581e+14
      442.556   4.8435608e+14
      442.576   4.8180055e+14
      442.595   4.7888297e+14
      442.615   4.7659327e+14
      442.635   4.7540939e+14
      442.654   4.7725468e+14
      442.674   4.8184500e+14
      442.693   4.8610530e+14
      442.713   4.8913097e+14
      442.733   4.9212511e+14
      442.752   4.9400282e+14
      442.772   4.9476290e+14
      442.791   4.9542463e+14
      442.811   4.9556940e+14
      442.831   4.9403656e+14
      442.850   4.8994360e+14
      442.870   4.8381676e+14
      442.889   4.7719319e+14
      442.909   4.7145893e+14
      442.929   4.6737293e+14
      442.948   4.6657608e+14
      442.968   4.6842732e+14
      442.987   4.7066652e+14
      443.007   4.7253385e+14
      443.027   4.7328671e+14
      443.046   4.7248234e+14
      443.066   4.7246572e+14
      443.086   4.7461363e+14
      443.105   4.7741791e+14
      443.125   4.8148418e+14
      443.145   4.8551668e+14
      443.164   4.8694857e+14
      443.184   4.8580853e+14
      443.203   4.8300791e+14
      443.223   4.7837768e+14
      443.243   4.7393772e+14
      443.262   4.7167141e+14
      443.282   4.7120500e+14
      443.302   4.7158424e+14
      443.321   4.7123395e+14
      443.341   4.6893643e+14
      443.361   4.6640155e+14
      443.380   4.6486281e+14
      443.400   4.6442286e+14
      443.420   4.6655004e+14
      443.439   4.7171808e+14
      443.459   4.7536437e+14
      443.479   4.7632101e+14
      443.498   4.7593893e+14
      443.518   4.7325186e+14
      443.538   4.6881827e+14
      443.557   4.6630807e+14
      443.577   4.6532971e+14
      443.597   4.6507784e+14
      443.616   4.6635864e+14
      443.636   4.6837690e+14
      443.656   4.6974217e+14
      443.675   4.7033092e+14
      443.695   4.7110195e+14
      443.715   4.7377164e+14
      443.734   4.7865970e+14
      443.754   4.8366688e+14
      443.774   4.8828298e+14
      443.794   4.9183013e+14
      443.813   4.9237106e+14
      443.833   4.9197592e+14
      443.853   4.9402579e+14
      443.872   4.9707823e+14
      443.892   4.9989960e+14
      443.912   5.0486068e+14
      443.931   5.0992628e+14
      443.951   5.1254535e+14
      443.971   5.1492000e+14
      443.991   5.1729242e+14
      444.010   5.1771969e+14
      444.030   5.1854973e+14
      444.050   5.1929180e+14
      444.069   5.1728272e+14
      444.089   5.1409429e+14
      444.109   5.1097899e+14
      444.129   5.0562987e+14
      444.148   4.9855724e+14
      444.168   4.9255302e+14
      444.188   4.8987941e+14
      444.208   4.8731836e+14
      444.227   4.8349916e+14
      444.247   4.8040841e+14
      444.267   4.7797384e+14
      444.286   4.7348001e+14
      444.306   4.6915584e+14
      444.326   4.6830821e+14
      444.346   4.6882537e+14
      444.365   4.6970169e+14
      444.385   4.7188053e+14
      444.405   4.7522603e+14
      444.425   4.7799346e+14
      444.444   4.8075764e+14
      444.464   4.8357952e+14
      444.484   4.8550455e+14
      444.504   4.8717238e+14
      444.523   4.8775080e+14
      444.543   4.8629320e+14
      444.563   4.8453630e+14
      444.583   4.8509127e+14
      444.603   4.8486166e+14
      444.622   4.8441766e+14
      444.642   4.8674804e+14
      444.662   4.9164117e+14
      444.682   4.9601739e+14
      444.701   5.0060121e+14
      444.721   5.0685935e+14
      444.741   5.1212473e+14
      444.761   5.1525907e+14
      444.780   5.1737458e+14
      444.800   5.2047030e+14
      444.820   5.2221211e+14
      444.840   5.2222701e+14
      444.860   5.2102991e+14
      444.879   5.1728238e+14
      444.899   5.1187211e+14
      444.919   5.0616207e+14
      444.939   5.0128819e+14
      444.959   4.9788133e+14
      444.978   4.9579065e+14
      444.998   4.9325197e+14
      445.018   4.9140046e+14
      445.038   4.9100615e+14
      445.058   4.9151015e+14
      445.077   4.9257289e+14
      445.097   4.9419624e+14
      445.117   4.9679674e+14
      445.137   4.9935568e+14
      445.157   4.9968087e+14
      445.177   4.9929409e+14
      445.196   4.9966989e+14
      445.216   4.9787140e+14
      445.236   4.9467823e+14
      445.256   4.9298990e+14
      445.276   4.9122039e+14
      445.295   4.8747568e+14
      445.315   4.8179900e+14
      445.335   4.7498001e+14
      445.355   4.6652498e+14
      445.375   4.5915968e+14
      445.395   4.5561286e+14
      445.414   4.5432216e+14
      445.434   4.5383772e+14
      445.454   4.5505300e+14
      445.474   4.5501320e+14
      445.494   4.5296643e+14
      445.514   4.5137893e+14
      445.534   4.5069537e+14
      445.553   4.4885379e+14
      445.573   4.4750675e+14
      445.593   4.4510552e+14
      445.613   4.4360100e+14
      445.633   4.4161969e+14
      445.653   4.3879788e+14
      445.673   4.3694153e+14
      445.692   4.3661761e+14
      445.712   4.3568998e+14
      445.732   4.3367357e+14
      445.752   4.2992693e+14
      445.772   4.2554101e+14
      445.792   4.2185762e+14
      445.812   4.1927269e+14
      445.831   4.1991895e+14
      445.851   4.2504206e+14
      445.871   4.3127911e+14
      445.891   4.3754608e+14
      445.911   4.4224268e+14
      445.931   4.4625367e+14
      445.951   4.4872351e+14
      445.971   4.4968159e+14
      445.991   4.4801385e+14
      446.010   4.4547725e+14
      446.030   4.4126926e+14
      446.050   4.3632086e+14
      446.070   4.3139179e+14
      446.090   4.2853786e+14
      446.110   4.2880429e+14
      446.130   4.2930202e+14
      446.150   4.3142046e+14
      446.170   4.3546483e+14
      446.190   4.3988577e+14
      446.209   4.4297316e+14
      446.229   4.4614267e+14
      446.249   4.5088174e+14
      446.269   4.5647728e+14
      446.289   4.6056769e+14
      446.309   4.6266082e+14
      446.329   4.6446625e+14
      446.349   4.6464070e+14
      446.369   4.6391222e+14
      446.389   4.6487398e+14
      446.409   4.6717432e+14
      446.429   4.6909098e+14
      446.449   4.7134983e+14
      446.468   4.7290902e+14
      446.488   4.7203794e+14
      446.508   4.7132919e+14
      446.528   4.7242683e+14
      446.548   4.7489535e+14
      446.568   4.7839781e+14
      446.588   4.8503873e+14
      446.608   4.9243578e+14
      446.628   4.9896934e+14
      446.648   5.0333722e+14
      446.668   5.0531510e+14
      446.688   5.0433400e+14
      446.708   5.0257497e+14
      446.728   5.0098563e+14
      446.748   4.9799528e+14
      446.768   4.9287747e+14
      446.788   4.8731364e+14
      446.808   4.8283525e+14
      446.828   4.8048899e+14
      446.848   4.7967904e+14
      446.867   4.8032119e+14
      446.887   4.8186804e+14
      446.907   4.8180930e+14
      446.927   4.7946743e+14
      446.947   4.7709827e+14
      446.967   4.7501471e+14
      446.987   4.7365518e+14
      447.007   4.7419772e+14
      447.027   4.7723681e+14
      447.047   4.8188222e+14
      447.067   4.8812195e+14
      447.087   4.9357628e+14
      447.107   4.9584791e+14
      447.127   4.9415546e+14
      447.147   4.9059033e+14
      447.167   4.8642118e+14
      447.187   4.8411216e+14
      447.207   4.8490038e+14
      447.227   4.8717961e+14
      447.247   4.8960691e+14
      447.267   4.9315079e+14
      447.287   4.9773751e+14
      447.307   5.0194250e+14
      447.327   5.0628586e+14
      447.347   5.1073063e+14
      447.367   5.1480605e+14
      447.387   5.1835429e+14
      447.407   5.2140977e+14
      447.427   5.2316616e+14
      447.447   5.2208014e+14
      447.467   5.2133432e+14
      447.487   5.1841630e+14
      447.507   5.1452402e+14
      447.527   5.1278167e+14
      447.547   5.1389949e+14
      447.567   5.1392753e+14
      447.587   5.1430327e+14
      447.608   5.1559746e+14
      447.628   5.1707568e+14
      447.648   5.1910651e+14
      447.668   5.2217347e+14
      447.688   5.2545517e+14
      447.708   5.2822411e+14
      447.728   5.3016440e+14
      447.748   5.3155728e+14
      447.768   5.3190427e+14
      447.788   5.3080798e+14
      447.808   5.2804625e+14
      447.828   5.2454170e+14
      447.848   5.1860647e+14
      447.868   5.1222909e+14
      447.888   5.0807450e+14
      447.908   5.0503250e+14
      447.928   5.0133880e+14
      447.948   5.0102565e+14
      447.968   5.0171200e+14
      447.989   5.0142466e+14
      448.009   5.0213824e+14
      448.029   5.0450323e+14
      448.049   5.0364475e+14
      448.069   4.9992024e+14
      448.089   4.9691376e+14
      448.109   4.9213463e+14
      448.129   4.8548619e+14
      448.149   4.8197020e+14
      448.169   4.8159944e+14
      448.189   4.8064840e+14
      448.209   4.8033928e+14
      448.229   4.8030415e+14
      448.250   4.7815130e+14
      448.270   4.7350560e+14
      448.290   4.6882990e+14
      448.310   4.6641856e+14
      448.330   4.6566171e+14
      448.350   4.6791807e+14
      448.370   4.7453405e+14
      448.390   4.8119255e+14
      448.410   4.8520848e+14
      448.430   4.8833050e+14
      448.451   4.8965037e+14
      448.471   4.9092744e+14
      448.491   4.9340532e+14
      448.511   4.9865044e+14
      448.531   5.0347599e+14
      448.551   5.0791152e+14
      448.571   5.1282180e+14
      448.591   5.1723581e+14
      448.612   5.2032426e+14
      448.632   5.2510957e+14
      448.652   5.2921078e+14
      448.672   5.3011175e+14
      448.692   5.3034555e+14
      448.712   5.3023331e+14
      448.732   5.2762701e+14
      448.752   5.2421967e+14
      448.773   5.2263492e+14
      448.793   5.2087846e+14
      448.813   5.1817494e+14
      448.833   5.1639093e+14
      448.853   5.1445346e+14
      448.873   5.1133153e+14
      448.893   5.0689649e+14
      448.914   5.0381460e+14
      448.934   5.0217797e+14
      448.954   5.0303141e+14
      448.974   5.0217366e+14
      448.994   5.0173368e+14
      449.014   5.0061502e+14
      449.035   4.9943736e+14
      449.055   4.9812261e+14
      449.075   4.9806927e+14
      449.095   4.9929716e+14
      449.115   5.0134637e+14
      449.135   5.0278968e+14
      449.156   5.0444921e+14
      449.176   5.0585564e+14
      449.196   5.0732650e+14
      449.216   5.0848079e+14
      449.236   5.0891765e+14
      449.256   5.0892400e+14
      449.277   5.0886702e+14
      449.297   5.0584468e+14
      449.317   5.0510856e+14
      449.337   5.0573100e+14
      449.357   5.0696964e+14
      449.378   5.0764256e+14
      449.398   5.1025496e+14
      449.418   5.1205322e+14
      449.438   5.1249528e+14
      449.458   5.1015537e+14
      449.479   5.0952407e+14
      449.499   5.1046610e+14
      449.519   5.0905903e+14
      449.539   5.0750094e+14
      449.559   5.0719531e+14
      449.580   5.0613798e+14
      449.600   5.0346789e+14
      449.620   5.0229059e+14
      449.640   5.0189064e+14
      449.661   5.0035752e+14
      449.681   4.9892488e+14
      449.701   4.9779420e+14
      449.721   4.9560365e+14
      449.741   4.9259568e+14
      449.762   4.9161169e+14
      449.782   4.9044105e+14
      449.802   4.9261127e+14
      449.822   4.9735513e+14
      449.843   5.0323466e+14
      449.863   5.0686959e+14
      449.883   5.1091106e+14
      449.903   5.1422945e+14
      449.924   5.1531695e+14
      449.944   5.1522444e+14
      449.964   5.1569676e+14
      449.984   5.1669184e+14
      450.004   5.1525896e+14
      450.025   5.1461731e+14
      450.045   5.1585039e+14
      450.065   5.1646651e+14
      450.086   5.1600076e+14
      450.106   5.1571243e+14
      450.126   5.1578346e+14
      450.146   5.1506877e+14
      450.167   5.1565371e+14
      450.187   5.1598742e+14
      450.207   5.1774377e+14
      450.227   5.1966648e+14
      450.248   5.2266598e+14
      450.268   5.2610344e+14
      450.288   5.2984861e+14
      450.308   5.3167776e+14
      450.329   5.3115038e+14
      450.349   5.2932046e+14
      450.369   5.2715311e+14
      450.390   5.2648665e+14
      450.410   5.2680100e+14
      450.430   5.2712782e+14
      450.450   5.2700835e+14
      450.471   5.2880415e+14
      450.491   5.3115223e+14
      450.511   5.3375324e+14
      450.532   5.3752863e+14
      450.552   5.4116190e+14
      450.572   5.4402897e+14
      450.593   5.4634422e+14
      450.613   5.4968811e+14
      450.633   5.5310406e+14
      450.653   5.5586547e+14
      450.674   5.5504340e+14
      450.694   5.5401684e+14
      450.714   5.5193586e+14
      450.735   5.4996241e+14
      450.755   5.4887355e+14
      450.775   5.4947683e+14
      450.796   5.4925234e+14
      450.816   5.4823275e+14
      450.836   5.4795015e+14
      450.857   5.4863875e+14
      450.877   5.5001393e+14
      450.897   5.5032940e+14
      450.918   5.4966312e+14
      450.938   5.4884186e+14
      450.958   5.4772029e+14
      450.979   5.4612306e+14
      450.999   5.4507571e+14
      451.019   5.4564667e+14
      451.040   5.4531836e+14
      451.060   5.4473296e+14
      451.080   5.4444288e+14
      451.101   5.4407479e+14
      451.121   5.4234701e+14
      451.141   5.4091953e+14
      451.162   5.3885262e+14
      451.182   5.3894960e+14
      451.202   5.4028327e+14
      451.223   5.4306637e+14
      451.243   5.4508347e+14
      451.264   5.4534113e+14
      451.284   5.4375677e+14
      451.304   5.4171270e+14
      451.325   5.3987846e+14
      451.345   5.3848242e+14
      451.365   5.3735450e+14
      451.386   5.3466250e+14
      451.406   5.3243362e+14
      451.427   5.3190295e+14
      451.447   5.3246171e+14
      451.467   5.3448685e+14
      451.488   5.3726160e+14
      451.508   5.4007753e+14
      451.528   5.4132537e+14
      451.549   5.4199558e+14
      451.569   5.4290558e+14
      451.590   5.4181341e+14
      451.610   5.3947918e+14
      451.630   5.3796523e+14
      451.651   5.3511729e+14
      451.671   5.3128312e+14
      451.692   5.2823316e+14
      451.712   5.2442306e+14
      451.732   5.2063749e+14
      451.753   5.1745959e+14
      451.773   5.1715019e+14
      451.794   5.1944357e+14
      451.814   5.2331287e+14
      451.834   5.2414292e+14
      451.855   5.2319827e+14
      451.875   5.2168493e+14
      451.896   5.2166550e+14
      451.916   5.2215219e+14
      451.937   5.2454380e+14
      451.957   5.2848435e+14
      451.977   5.3101949e+14
      451.998   5.3142855e+14
      452.018   5.3066415e+14
      452.039   5.2956510e+14
      452.059   5.2903698e+14
      452.080   5.2593900e+14
      452.100   5.2114428e+14
      452.120   5.1694154e+14
      452.141   5.1435027e+14
      452.161   5.1260641e+14
      452.182   5.1361214e+14
      452.202   5.1724584e+14
      452.223   5.2336369e+14
      452.243   5.2907004e+14
      452.264   5.3391671e+14
      452.284   5.3849344e+14
      452.304   5.4015203e+14
      452.325   5.3819087e+14
      452.345   5.3389950e+14
      452.366   5.3050553e+14
      452.386   5.2960573e+14
      452.407   5.3068038e+14
      452.427   5.3209725e+14
      452.448   5.3469665e+14
      452.468   5.3514229e+14
      452.489   5.2999336e+14
      452.509   5.2367135e+14
      452.530   5.1684421e+14
      452.550   5.1141807e+14
      452.571   5.0437025e+14
      452.591   5.0032607e+14
      452.612   4.9854077e+14
      452.632   5.0017120e+14
      452.653   5.0172085e+14
      452.673   5.0392248e+14
      452.694   5.0291976e+14
      452.714   4.9830822e+14
      452.735   4.9196981e+14
      452.755   4.8472693e+14
      452.776   4.7898053e+14
      452.796   4.7507506e+14
      452.817   4.7413032e+14
      452.837   4.7300226e+14
      452.858   4.7343146e+14
      452.878   4.7624879e+14
      452.899   4.7955146e+14
      452.919   4.7920414e+14
      452.940   4.7639349e+14
      452.960   4.7033097e+14
      452.981   4.6181170e+14
      453.001   4.5486181e+14
      453.022   4.5273635e+14
      453.042   4.5587933e+14
      453.063   4.6056784e+14
      453.083   4.6717970e+14
      453.104   4.7326140e+14
      453.124   4.7792029e+14
      453.145   4.7896947e+14
      453.165   4.7735266e+14
      453.186   4.7461595e+14
      453.206   4.7385238e+14
      453.227   4.7392317e+14
      453.248   4.7463799e+14
      453.268   4.7970753e+14
      453.289   4.8472342e+14
      453.309   4.8648623e+14
      453.330   4.8722160e+14
      453.350   4.8748925e+14
      453.371   4.8591038e+14
      453.391   4.8067553e+14
      453.412   4.7389810e+14
      453.432   4.6473492e+14
      453.453   4.5810619e+14
      453.474   4.5574439e+14
      453.494   4.5721196e+14
      453.515   4.6406210e+14
      453.535   4.7390846e+14
      453.556   4.8177865e+14
      453.576   4.8542024e+14
      453.597   4.8820640e+14
      453.618   4.8935680e+14
      453.638   4.8942484e+14
      453.659   4.8961368e+14
      453.679   4.9346615e+14
      453.700   4.9712243e+14
      453.721   4.9883290e+14
      453.741   5.0186426e+14
      453.762   5.0769481e+14
      453.782   5.1086911e+14
      453.803   5.1307260e+14
      453.823   5.1779393e+14
      453.844   5.2274142e+14
      453.865   5.2514059e+14
      453.885   5.2417292e+14
      453.906   5.2479801e+14
      453.926   5.2513470e+14
      453.947   5.2779918e+14
      453.968   5.3113617e+14
      453.988   5.3600463e+14
      454.009   5.4168415e+14
      454.030   5.4566451e+14
      454.050   5.4606459e+14
      454.071   5.4415843e+14
      454.091   5.4254866e+14
      454.112   5.3998220e+14
      454.133   5.3869064e+14
      454.153   5.3762293e+14
      454.174   5.3774384e+14
      454.194   5.3791862e+14
      454.215   5.3859213e+14
      454.236   5.3801037e+14
      454.256   5.3795023e+14
      454.277   5.3746339e+14
      454.298   5.3437571e+14
      454.318   5.3145685e+14
      454.339   5.2908400e+14
      454.360   5.2369215e+14
      454.380   5.1824141e+14
      454.401   5.1642299e+14
      454.422   5.1464449e+14
      454.442   5.1278992e+14
      454.463   5.1391793e+14
      454.483   5.1624350e+14
      454.504   5.1992850e+14
      454.525   5.2194507e+14
      454.545   5.2319278e+14
      454.566   5.2342571e+14
      454.587   5.2409908e+14
      454.607   5.2282472e+14
      454.628   5.2133602e+14
      454.649   5.2163647e+14
      454.669   5.2214121e+14
      454.690   5.2079999e+14
      454.711   5.1710864e+14
      454.732   5.1531660e+14
      454.752   5.1298795e+14
      454.773   5.0831463e+14
      454.794   4.9867487e+14
      454.814   4.9351172e+14
      454.835   4.9012383e+14
      454.856   4.8666062e+14
      454.876   4.8753720e+14
      454.897   4.9500168e+14
      454.918   5.0114978e+14
      454.938   5.0542956e+14
      454.959   5.1081992e+14
      454.980   5.1463564e+14
      455.000   5.1625211e+14
      455.021   5.1730984e+14
      455.042   5.1877839e+14
      455.063   5.1987638e+14
      455.083   5.1919519e+14
      455.104   5.2029579e+14
      455.125   5.2124869e+14
      455.145   5.2389883e+14
      455.166   5.2593412e+14
      455.187   5.2880387e+14
      455.208   5.3001285e+14
      455.228   5.3146380e+14
      455.249   5.2839384e+14
      455.270   5.2508052e+14
      455.290   5.2114445e+14
      455.311   5.2215795e+14
      455.332   5.2482279e+14
      455.353   5.3002906e+14
      455.373   5.3442508e+14
      455.394   5.3835902e+14
      455.415   5.3640606e+14
      455.436   5.3006169e+14
      455.456   5.2165527e+14
      455.477   5.1497375e+14
      455.498   5.0888828e+14
      455.519   5.0544193e+14
      455.539   5.0465914e+14
      455.560   5.0545424e+14
      455.581   5.0444926e+14
      455.602   5.0690682e+14
      455.622   5.0895477e+14
      455.643   5.0988567e+14
      455.664   5.1059592e+14
      455.685   5.1097520e+14
      455.705   5.0674149e+14
      455.726   5.0236306e+14
      455.747   5.0015623e+14
      455.768   5.0080098e+14
      455.789   5.0275009e+14
      455.809   5.0732718e+14
      455.830   5.1006448e+14
      455.851   5.1153520e+14
      455.872   5.1107174e+14
      455.892   5.1069748e+14
      455.913   5.1023139e+14
      455.934   5.1234714e+14
      455.955   5.1596116e+14
      455.976   5.2184394e+14
      455.996   5.2813763e+14
      456.017   5.3481193e+14
      456.038   5.4129861e+14
      456.059   5.4703551e+14
      456.080   5.4940204e+14
      456.100   5.5034455e+14
      456.121   5.5030426e+14
      456.142   5.4958119e+14
      456.163   5.4842125e+14
      456.184   5.4746707e+14
      456.204   5.4439775e+14
      456.225   5.4373453e+14
      456.246   5.4431156e+14
      456.267   5.4447442e+14
      456.288   5.4454185e+14
      456.308   5.4694851e+14
      456.329   5.4562475e+14
      456.350   5.4432097e+14
      456.371   5.4401425e+14
      456.392   5.4257967e+14
      456.413   5.4064262e+14
      456.433   5.3951561e+14
      456.454   5.3775664e+14
      456.475   5.3535189e+14
      456.496   5.3421558e+14
      456.517   5.3351372e+14
      456.538   5.3167882e+14
      456.558   5.2761395e+14
      456.579   5.2529867e+14
      456.600   5.2364652e+14
      456.621   5.2291892e+14
      456.642   5.2355834e+14
      456.663   5.2399425e+14
      456.684   5.2460352e+14
      456.704   5.2442774e+14
      456.725   5.2473046e+14
      456.746   5.2577228e+14
      456.767   5.2755816e+14
      456.788   5.2888920e+14
      456.809   5.3070563e+14
      456.830   5.3201177e+14
      456.850   5.3248734e+14
      456.871   5.3292628e+14
      456.892   5.3509765e+14
      456.913   5.3968063e+14
      456.934   5.4398482e+14
      456.955   5.4695411e+14
      456.976   5.4881477e+14
      456.997   5.4881949e+14
      457.018   5.4590726e+14
      457.038   5.4147450e+14
      457.059   5.3860699e+14
      457.080   5.3663972e+14
      457.101   5.3491887e+14
      457.122   5.3348703e+14
      457.143   5.3356195e+14
      457.164   5.3329734e+14
      457.185   5.3326661e+14
      457.206   5.3359313e+14
      457.226   5.3518170e+14
      457.247   5.3696526e+14
      457.268   5.3857284e+14
      457.289   5.3968993e+14
      457.310   5.3985319e+14
      457.331   5.3899730e+14
      457.352   5.3811110e+14
      457.373   5.3771561e+14
      457.394   5.3756422e+14
      457.415   5.3770234e+14
      457.436   5.3783285e+14
      457.457   5.3835867e+14
      457.477   5.3871720e+14
      457.498   5.3947970e+14
      457.519   5.4154399e+14
      457.540   5.4500087e+14
      457.561   5.4972204e+14
      457.582   5.5507329e+14
      457.603   5.6003710e+14
      457.624   5.6401432e+14
      457.645   5.6654618e+14
      457.666   5.6670831e+14
      457.687   5.6464908e+14
      457.708   5.6197747e+14
      457.729   5.5926526e+14
      457.750   5.5664610e+14
      457.771   5.5450021e+14
      457.792   5.5346017e+14
      457.813   5.5237717e+14
      457.834   5.5107491e+14
      457.854   5.4917667e+14
      457.875   5.4580783e+14
      457.896   5.4136024e+14
      457.917   5.3738104e+14
      457.938   5.3408686e+14
      457.959   5.3074452e+14
      457.980   5.2689533e+14
      458.001   5.2415217e+14
      458.022   5.2063492e+14
      458.043   5.1607385e+14
      458.064   5.1235426e+14
      458.085   5.1086790e+14
      458.106   5.0893511e+14
      458.127   5.0621556e+14
      458.148   5.0381348e+14
      458.169   5.0113379e+14
      458.190   4.9844879e+14
      458.211   4.9595020e+14
      458.232   4.9375644e+14
      458.253   4.9181976e+14
      458.274   4.9026871e+14
      458.295   4.8866207e+14
      458.316   4.8751937e+14
      458.337   4.8856080e+14
      458.358   4.9114354e+14
      458.379   4.9433450e+14
      458.400   4.9857258e+14
      458.421   5.0159256e+14
      458.442   5.0244823e+14
      458.463   5.0127293e+14
      458.484   5.0014553e+14
      458.505   5.0057226e+14
      458.526   5.0310603e+14
      458.547   5.0719704e+14
      458.568   5.1230535e+14
      458.589   5.1593023e+14
      458.610   5.1593384e+14
      458.631   5.1567749e+14
      458.652   5.1556237e+14
      458.673   5.1448309e+14
      458.695   5.1412671e+14
      458.716   5.1551107e+14
      458.737   5.1876613e+14
      458.758   5.2308690e+14
      458.779   5.2818323e+14
      458.800   5.3307040e+14
      458.821   5.3664762e+14
      458.842   5.3749295e+14
      458.863   5.3709086e+14
      458.884   5.3659038e+14
      458.905   5.3575384e+14
      458.926   5.3542744e+14
      458.947   5.3719733e+14
      458.968   5.3864913e+14
      458.989   5.3998741e+14
      459.010   5.4172265e+14
      459.031   5.4270808e+14
      459.052   5.4195804e+14
      459.074   5.4148960e+14
      459.095   5.3877127e+14
      459.116   5.3565351e+14
      459.137   5.3425107e+14
      459.158   5.3351808e+14
      459.179   5.3372265e+14
      459.200   5.3661597e+14
      459.221   5.3965368e+14
      459.242   5.4078601e+14
      459.263   5.4089481e+14
      459.284   5.4001029e+14
      459.306   5.3844447e+14
      459.327   5.3689491e+14
      459.348   5.3634378e+14
      459.369   5.3510497e+14
      459.390   5.3272844e+14
      459.411   5.3001533e+14
      459.432   5.2654344e+14
      459.453   5.2269700e+14
      459.474   5.1948236e+14
      459.495   5.1817165e+14
      459.517   5.1766095e+14
      459.538   5.1774091e+14
      459.559   5.1861759e+14
      459.580   5.2032130e+14
      459.601   5.2282711e+14
      459.622   5.2764504e+14
      459.643   5.3191957e+14
      459.664   5.3380388e+14
      459.686   5.3468015e+14
      459.707   5.3349341e+14
      459.728   5.2948294e+14
      459.749   5.2706873e+14
      459.770   5.2724021e+14
      459.791   5.2801651e+14
      459.812   5.2900807e+14
      459.834   5.2966425e+14
      459.855   5.2902103e+14
      459.876   5.2769941e+14
      459.897   5.2636747e+14
      459.918   5.2414202e+14
      459.939   5.2232132e+14
      459.960   5.2132569e+14
      459.982   5.2061716e+14
      460.003   5.2083148e+14
      460.024   5.2151922e+14
      460.045   5.2220453e+14
      460.066   5.2306969e+14
      460.087   5.2349175e+14
      460.109   5.2224371e+14
      460.130   5.1909270e+14
      460.151   5.1542216e+14
      460.172   5.1285045e+14
      460.193   5.1118259e+14
      460.214   5.1085705e+14
      460.236   5.1352159e+14
      460.257   5.1675505e+14
      460.278   5.1820299e+14
      460.299   5.1832357e+14
      460.320   5.1638195e+14
      460.342   5.1243211e+14
      460.363   5.0888114e+14
      460.384   5.0625975e+14
      460.405   5.0461870e+14
      460.426   5.0528344e+14
      460.448   5.0790331e+14
      460.469   5.1106451e+14
      460.490   5.1457074e+14
      460.511   5.1755013e+14
      460.532   5.1989617e+14
      460.554   5.2260599e+14
      460.575   5.2430608e+14
      460.596   5.2325329e+14
      460.617   5.2128520e+14
      460.638   5.2080508e+14
      460.660   5.2161916e+14
      460.681   5.2349193e+14
      460.702   5.2754049e+14
      460.723   5.3244901e+14
      460.745   5.3585540e+14
      460.766   5.3760752e+14
      460.787   5.3894138e+14
      460.808   5.4019158e+14
      460.829   5.4143689e+14
      460.851   5.4388830e+14
      460.872   5.4751061e+14
      460.893   5.5085934e+14
      460.914   5.5422603e+14
      460.936   5.5760450e+14
      460.957   5.5814813e+14
      460.978   5.5616996e+14
      460.999   5.5392257e+14
      461.021   5.5126054e+14
      461.042   5.4860452e+14
      461.063   5.4744043e+14
      461.084   5.4754510e+14
      461.106   5.4921421e+14
      461.127   5.5253958e+14
      461.148   5.5471295e+14
      461.170   5.5457282e+14
      461.191   5.5329191e+14
      461.212   5.5070359e+14
      461.233   5.4634319e+14
      461.255   5.4179819e+14
      461.276   5.3848045e+14
      461.297   5.3577680e+14
      461.318   5.3299420e+14
      461.340   5.3138302e+14
      461.361   5.3166221e+14
      461.382   5.3273872e+14
      461.404   5.3421005e+14
      461.425   5.3576167e+14
      461.446   5.3503034e+14
      461.467   5.3423290e+14
      461.489   5.3567915e+14
      461.510   5.3770864e+14
      461.531   5.4064758e+14
      461.553   5.4479196e+14
      461.574   5.4752314e+14
      461.595   5.4795558e+14
      461.617   5.4652696e+14
      461.638   5.4282586e+14
      461.659   5.3959188e+14
      461.681   5.3787305e+14
      461.702   5.3590401e+14
      461.723   5.3408467e+14
      461.744   5.3352049e+14
      461.766   5.3289131e+14
      461.787   5.3163069e+14
      461.808   5.3115275e+14
      461.830   5.3171027e+14
      461.851   5.3146869e+14
      461.872   5.3031203e+14
      461.894   5.2822851e+14
      461.915   5.2518285e+14
      461.936   5.2178869e+14
      461.958   5.2017488e+14
      461.979   5.2086574e+14
      462.000   5.2311009e+14
      462.022   5.2577271e+14
      462.043   5.2782683e+14
      462.065   5.2903026e+14
      462.086   5.2929696e+14
      462.107   5.2841933e+14
      462.129   5.2796746e+14
      462.150   5.2884195e+14
      462.171   5.2961487e+14
      462.193   5.3120020e+14
      462.214   5.3518832e+14
      462.235   5.4048165e+14
      462.257   5.4558835e+14
      462.278   5.5050867e+14
      462.299   5.5522839e+14
      462.321   5.5858602e+14
      462.342   5.5921536e+14
      462.364   5.5899618e+14
      462.385   5.5955185e+14
      462.406   5.6004134e+14
      462.428   5.6038707e+14
      462.449   5.6076984e+14
      462.471   5.6056836e+14
      462.492   5.5935799e+14
      462.513   5.5671453e+14
      462.535   5.5375898e+14
      462.556   5.5184055e+14
      462.577   5.5066775e+14
      462.599   5.4963343e+14
      462.620   5.4988602e+14
      462.642   5.5056735e+14
      462.663   5.5147170e+14
      462.684   5.5270456e+14
      462.706   5.5396417e+14
      462.727   5.5458108e+14
      462.749   5.5391834e+14
      462.770   5.5129873e+14
      462.792   5.4828284e+14
      462.813   5.4479437e+14
      462.834   5.3962483e+14
      462.856   5.3522240e+14
      462.877   5.3350561e+14
      462.899   5.3237563e+14
      462.920   5.3134633e+14
      462.942   5.3146177e+14
      462.963   5.3269191e+14
      462.984   5.3434247e+14
      463.006   5.3624729e+14
      463.027   5.3868013e+14
      463.049   5.4152472e+14
      463.070   5.4279108e+14
      463.092   5.4309301e+14
      463.113   5.4232094e+14
      463.134   5.3912278e+14
      463.156   5.3570632e+14
      463.177   5.3368242e+14
      463.199   5.3162903e+14
      463.220   5.2973474e+14
      463.242   5.2905982e+14
      463.263   5.2827411e+14
      463.285   5.2840207e+14
      463.306   5.2939317e+14
      463.328   5.3165014e+14
      463.349   5.3641997e+14
      463.371   5.4273406e+14
      463.392   5.4720145e+14
      463.414   5.4948771e+14
      463.435   5.4950080e+14
      463.456   5.4678005e+14
      463.478   5.4235918e+14
      463.499   5.3838289e+14
      463.521   5.3537940e+14
      463.542   5.3337166e+14
      463.564   5.3215565e+14
      463.585   5.3118073e+14
      463.607   5.2812770e+14
      463.628   5.2464456e+14
      463.650   5.2158076e+14
      463.671   5.1926818e+14
      463.693   5.1745909e+14
      463.714   5.1742729e+14
      463.736   5.1764167e+14
      463.757   5.1784458e+14
      463.779   5.1706875e+14
      463.800   5.1480886e+14
      463.822   5.1149572e+14
      463.843   5.0771151e+14
      463.865   5.0386176e+14
      463.886   5.0097024e+14
      463.908   4.9974919e+14
      463.929   5.0043644e+14
      463.951   5.0337406e+14
      463.973   5.0860993e+14
      463.994   5.1472602e+14
      464.016   5.2080554e+14
      464.037   5.2591414e+14
      464.059   5.2953306e+14
      464.080   5.3111311e+14
      464.102   5.3254649e+14
      464.123   5.3475268e+14
      464.145   5.3873022e+14
      464.166   5.4413487e+14
      464.188   5.4952854e+14
      464.209   5.5394560e+14
      464.231   5.5713043e+14
      464.253   5.5792427e+14
      464.274   5.5675468e+14
      464.296   5.5614845e+14
      464.317   5.5627682e+14
      464.339   5.5792412e+14
      464.360   5.6065139e+14
      464.382   5.6414434e+14
      464.403   5.6710980e+14
      464.425   5.6863788e+14
      464.447   5.6713480e+14
      464.468   5.6331462e+14
      464.490   5.5951330e+14
      464.511   5.5557992e+14
      464.533   5.5186728e+14
      464.554   5.4940060e+14
      464.576   5.4732088e+14
      464.598   5.4369421e+14
      464.619   5.4065915e+14
      464.641   5.3744604e+14
      464.662   5.3396539e+14
      464.684   5.3189726e+14
      464.706   5.3027133e+14
      464.727   5.2713512e+14
      464.749   5.2318906e+14
      464.770   5.2030285e+14
      464.792   5.1722835e+14
      464.814   5.1495932e+14
      464.835   5.1363017e+14
      464.857   5.1361194e+14
      464.878   5.1342367e+14
      464.900   5.1293461e+14
      464.922   5.1133765e+14
      464.943   5.0854960e+14
      464.965   5.0663243e+14
      464.987   5.0529083e+14
      465.008   5.0500645e+14
      465.030   5.0550963e+14
      465.051   5.0571506e+14
      465.073   5.0419898e+14
      465.095   5.0426976e+14
      465.116   5.0512014e+14
      465.138   5.0641443e+14
      465.160   5.0925759e+14
      465.181   5.1196170e+14
      465.203   5.1251156e+14
      465.224   5.1328051e+14
      465.246   5.1562518e+14
      465.268   5.1812873e+14
      465.289   5.1951264e+14
      465.311   5.1936885e+14
      465.333   5.1921236e+14
      465.354   5.1837358e+14
      465.376   5.1764597e+14
      465.398   5.1851374e+14
      465.419   5.2009260e+14
      465.441   5.2094010e+14
      465.463   5.2104733e+14
      465.484   5.2103070e+14
      465.506   5.2117647e+14
      465.528   5.2153742e+14
      465.549   5.2005538e+14
      465.571   5.1900466e+14
      465.593   5.1838169e+14
      465.614   5.1781150e+14
      465.636   5.1768809e+14
      465.658   5.1805408e+14
      465.679   5.1730442e+14
      465.701   5.1691695e+14
      465.723   5.1731372e+14
      465.745   5.1750811e+14
      465.766   5.1773984e+14
      465.788   5.1872617e+14
      465.810   5.2198102e+14
      465.831   5.2722166e+14
      465.853   5.3324045e+14
      465.875   5.3974944e+14
      465.896   5.4558620e+14
      465.918   5.4903013e+14
      465.940   5.5074877e+14
      465.962   5.5123438e+14
      465.983   5.5058560e+14
      466.005   5.5121475e+14
      466.027   5.5096449e+14
      466.048   5.4985144e+14
      466.070   5.5083197e+14
      466.092   5.5306675e+14
      466.114   5.5428353e+14
      466.135   5.5553005e+14
      466.157   5.5611865e+14
      466.179   5.5459869e+14
      466.200   5.5280576e+14
      466.222   5.5062109e+14
      466.244   5.4875963e+14
      466.266   5.4779590e+14
      466.287   5.4734148e+14
      466.309   5.4615178e+14
      466.331   5.4441552e+14
      466.353   5.4268665e+14
      466.374   5.4078220e+14
      466.396   5.3799587e+14
      466.418   5.3516317e+14
      466.440   5.3291267e+14
      466.461   5.2952911e+14
      466.483   5.2674439e+14
      466.505   5.2498855e+14
      466.527   5.2355100e+14
      466.548   5.2357533e+14
      466.570   5.2359819e+14
      466.592   5.2064055e+14
      466.614   5.1707685e+14
      466.636   5.1375917e+14
      466.657   5.0742350e+14
      466.679   5.0268531e+14
      466.701   5.0048614e+14
      466.723   4.9981722e+14
      466.744   4.9877235e+14
      466.766   4.9808537e+14
      466.788   4.9681266e+14
      466.810   4.9576850e+14
      466.832   4.9473708e+14
      466.853   4.9409242e+14
      466.875   4.9347187e+14
      466.897   4.9193158e+14
      466.919   4.9127227e+14
      466.941   4.8974723e+14
      466.962   4.8908679e+14
      466.984   4.9040296e+14
      467.006   4.9247246e+14
      467.028   4.9468446e+14
      467.050   4.9730261e+14
      467.071   4.9935208e+14
      467.093   5.0239211e+14
      467.115   5.0752694e+14
      467.137   5.1073476e+14
      467.159   5.1272455e+14
      467.181   5.1501788e+14
      467.202   5.1807372e+14
      467.224   5.1951928e+14
      467.246   5.2093149e+14
      467.268   5.2416132e+14
      467.290   5.2858946e+14
      467.312   5.3078646e+14
      467.333   5.3198746e+14
      467.355   5.3335948e+14
      467.377   5.3420192e+14
      467.399   5.3501606e+14
      467.421   5.3592039e+14
      467.443   5.3687099e+14
      467.464   5.3911936e+14
      467.486   5.4079554e+14
      467.508   5.4116016e+14
      467.530   5.4155818e+14
      467.552   5.4258907e+14
      467.574   5.4285613e+14
      467.596   5.4251595e+14
      467.617   5.4171938e+14
      467.639   5.4048649e+14
      467.661   5.4035720e+14
      467.683   5.4309413e+14
      467.705   5.4632274e+14
      467.727   5.4782509e+14
      467.749   5.4945362e+14
      467.771   5.4933502e+14
      467.792   5.4669317e+14
      467.814   5.4372537e+14
      467.836   5.4162462e+14
      467.858   5.3891372e+14
      467.880   5.3581379e+14
      467.902   5.3245887e+14
      467.924   5.2936611e+14
      467.946   5.2838922e+14
      467.968   5.2888226e+14
      467.990   5.3027904e+14
      468.011   5.3077116e+14
      468.033   5.2957791e+14
      468.055   5.2747035e+14
      468.077   5.2402617e+14
      468.099   5.2017739e+14
      468.121   5.1764161e+14
      468.143   5.1684147e+14
      468.165   5.1585061e+14
      468.187   5.1460218e+14
      468.209   5.1134192e+14
      468.231   5.0985607e+14
      468.252   5.0857256e+14
      468.274   5.0755016e+14
      468.296   5.0846251e+14
      468.318   5.1147206e+14
      468.340   5.1197759e+14
      468.362   5.1233371e+14
      468.384   5.1419978e+14
      468.406   5.1695253e+14
      468.428   5.2015134e+14
      468.450   5.2236080e+14
      468.472   5.2332304e+14
      468.494   5.2311793e+14
      468.516   5.2085340e+14
      468.538   5.1971499e+14
      468.560   5.1934724e+14
      468.582   5.1875521e+14
      468.604   5.1908348e+14
      468.626   5.2031922e+14
      468.647   5.1985491e+14
      468.669   5.1806898e+14
      468.691   5.1756441e+14
      468.713   5.1784102e+14
      468.735   5.1858696e+14
      468.757   5.1895658e+14
      468.779   5.2087865e+14
      468.801   5.2405168e+14
      468.823   5.2510246e+14
      468.845   5.2476827e+14
      468.867   5.2502984e+14
      468.889   5.2643157e+14
      468.911   5.2696672e+14
      468.933   5.2717425e+14
      468.955   5.2706703e+14
      468.977   5.2652125e+14
      468.999   5.2519617e+14
      469.021   5.2317200e+14
      469.043   5.2146763e+14
      469.065   5.1961593e+14
      469.087   5.1938980e+14
      469.109   5.2037141e+14
      469.131   5.2195711e+14
      469.153   5.2291313e+14
      469.175   5.2655866e+14
      469.197   5.3022000e+14
      469.219   5.3229178e+14
      469.241   5.3333625e+14
      469.263   5.3438332e+14
      469.285   5.3525240e+14
      469.307   5.3566727e+14
      469.329   5.3627310e+14
      469.351   5.3740317e+14
      469.373   5.4010837e+14
      469.395   5.4171390e+14
      469.417   5.4292441e+14
      469.439   5.4333192e+14
      469.462   5.4324472e+14
      469.484   5.4395449e+14
      469.506   5.4563543e+14
      469.528   5.4765487e+14
      469.550   5.4960988e+14
      469.572   5.5192682e+14
      469.594   5.5284636e+14
      469.616   5.5320798e+14
      469.638   5.5282804e+14
      469.660   5.5202705e+14
      469.682   5.5026214e+14
      469.704   5.4707330e+14
      469.726   5.4195651e+14
      469.748   5.3770492e+14
      469.770   5.3496471e+14
      469.792   5.3381888e+14
      469.814   5.3341984e+14
      469.837   5.3353366e+14
      469.859   5.3179824e+14
      469.881   5.2989468e+14
      469.903   5.2775565e+14
      469.925   5.2573275e+14
      469.947   5.2357523e+14
      469.969   5.2269473e+14
      469.991   5.2091956e+14
      470.013   5.1890374e+14
      470.035   5.1670413e+14
      470.057   5.1595760e+14
      470.079   5.1530658e+14
      470.102   5.1599884e+14
      470.124   5.1478920e+14
      470.146   5.1029223e+14
      470.168   5.0590085e+14
      470.190   5.0280750e+14
      470.212   4.9955355e+14
      470.234   4.9934908e+14
      470.256   5.0367701e+14
      470.278   5.0782937e+14
      470.301   5.1004283e+14
      470.323   5.1167069e+14
      470.345   5.1073456e+14
      470.367   5.1038822e+14
      470.389   5.0871189e+14
      470.411   5.0717769e+14
      470.433   5.0552425e+14
      470.455   5.0665279e+14
      470.478   5.0657643e+14
      470.500   5.0796923e+14
      470.522   5.1006616e+14
      470.544   5.1179050e+14
      470.566   5.0980812e+14
      470.588   5.0692198e+14
      470.610   5.0323300e+14
      470.633   4.9839533e+14
      470.655   4.9726107e+14
      470.677   5.0081858e+14
      470.699   5.0474665e+14
      470.721   5.0798618e+14
      470.743   5.1066671e+14
      470.765   5.1103236e+14
      470.788   5.0904737e+14
      470.810   5.0639293e+14
      470.832   5.0404648e+14
      470.854   5.0287328e+14
      470.876   4.9947219e+14
      470.898   4.9786336e+14
      470.921   4.9890558e+14
      470.943   5.0126811e+14
      470.965   5.0402994e+14
      470.987   5.0818591e+14
      471.009   5.1039906e+14
      471.032   5.1092710e+14
      471.054   5.0903104e+14
      471.076   5.0903169e+14
      471.098   5.1177948e+14
      471.120   5.1558496e+14
      471.143   5.1979882e+14
      471.165   5.2639909e+14
      471.187   5.3091597e+14
      471.209   5.3313665e+14
      471.231   5.3338477e+14
      471.254   5.3339556e+14
      471.276   5.3198444e+14
      471.298   5.3003392e+14
      471.320   5.2916446e+14
      471.342   5.2937869e+14
      471.365   5.2987164e+14
      471.387   5.3311743e+14
      471.409   5.3592512e+14
      471.431   5.3643796e+14
      471.453   5.3728032e+14
      471.476   5.3645613e+14
      471.498   5.3339218e+14
      471.520   5.3105942e+14
      471.542   5.2968633e+14
      471.565   5.2876568e+14
      471.587   5.2951962e+14
      471.609   5.3040854e+14
      471.631   5.3143504e+14
      471.654   5.3217741e+14
      471.676   5.3129432e+14
      471.698   5.3019841e+14
      471.720   5.2900641e+14
      471.743   5.2722882e+14
      471.765   5.2642586e+14
      471.787   5.2849324e+14
      471.809   5.3199092e+14
      471.832   5.3617795e+14
      471.854   5.4165960e+14
      471.876   5.4688997e+14
      471.898   5.4972724e+14
      471.921   5.5137950e+14
      471.943   5.5190654e+14
      471.965   5.5117188e+14
      471.988   5.5131325e+14
      472.010   5.5196765e+14
      472.032   5.5255726e+14
      472.054   5.5164578e+14
      472.077   5.5217154e+14
      472.099   5.5119776e+14
      472.121   5.4965496e+14
      472.144   5.4640668e+14
      472.166   5.4444534e+14
      472.188   5.4299301e+14
      472.210   5.4265492e+14
      472.233   5.4311551e+14
      472.255   5.4442708e+14
      472.277   5.4579079e+14
      472.300   5.4610347e+14
      472.322   5.4606162e+14
      472.344   5.4628748e+14
      472.367   5.4708617e+14
      472.389   5.4843214e+14
      472.411   5.4943000e+14
      472.434   5.4863046e+14
      472.456   5.4823008e+14
      472.478   5.4967506e+14
      472.500   5.5135682e+14
      472.523   5.5193763e+14
      472.545   5.5244719e+14
      472.567   5.5278253e+14
      472.590   5.4986929e+14
      472.612   5.4768780e+14
      472.634   5.4622630e+14
      472.657   5.4690078e+14
      472.679   5.4754270e+14
      472.701   5.4796373e+14
      472.724   5.4764236e+14
      472.746   5.4654718e+14
      472.769   5.4457660e+14
      472.791   5.4249798e+14
      472.813   5.4125425e+14
      472.836   5.3917386e+14
      472.858   5.3859311e+14
      472.880   5.3803570e+14
      472.903   5.3612663e+14
      472.925   5.3463761e+14
      472.947   5.3358299e+14
      472.970   5.3214440e+14
      472.992   5.2790716e+14
      473.015   5.2340968e+14
      473.037   5.2047943e+14
      473.059   5.1816042e+14
      473.082   5.1567574e+14
      473.104   5.1905374e+14
      473.126   5.2422796e+14
      473.149   5.2846137e+14
      473.171   5.3165813e+14
      473.194   5.3222709e+14
      473.216   5.3184738e+14
      473.238   5.3095990e+14
      473.261   5.3019073e+14
      473.283   5.3076640e+14
      473.306   5.3431670e+14
      473.328   5.3639768e+14
      473.350   5.3992662e+14
      473.373   5.4329555e+14
      473.395   5.4426512e+14
      473.418   5.4476726e+14
      473.440   5.4535674e+14
      473.462   5.4450603e+14
      473.485   5.4189540e+14
      473.507   5.4039061e+14
      473.530   5.4002248e+14
      473.552   5.3987730e+14
      473.575   5.3831340e+14
      473.597   5.3844163e+14
      473.619   5.3965118e+14
      473.642   5.4059095e+14
      473.664   5.4025035e+14
      473.687   5.4046842e+14
      473.709   5.4256429e+14
      473.732   5.4317592e+14
      473.754   5.4193092e+14
      473.776   5.4199946e+14
      473.799   5.4319768e+14
      473.821   5.4260937e+14
      473.844   5.4257216e+14
      473.866   5.4246350e+14
      473.889   5.4127663e+14
      473.911   5.4036232e+14
      473.934   5.4015803e+14
      473.956   5.4016657e+14
      473.979   5.4108087e+14
      474.001   5.3965271e+14
      474.024   5.3970655e+14
      474.046   5.4086751e+14
      474.068   5.4184874e+14
      474.091   5.4477666e+14
      474.113   5.5050737e+14
      474.136   5.5445836e+14
      474.158   5.5618892e+14
      474.181   5.5785031e+14
      474.203   5.5724663e+14
      474.226   5.5557960e+14
      474.248   5.5454259e+14
      474.271   5.5614424e+14
      474.293   5.5859803e+14
      474.316   5.6197679e+14
      474.338   5.6399527e+14
      474.361   5.6417810e+14
      474.383   5.6304731e+14
      474.406   5.6046398e+14
      474.428   5.5570543e+14
      474.451   5.5326761e+14
      474.473   5.5199778e+14
      474.496   5.4877924e+14
      474.518   5.4862625e+14
      474.541   5.5090181e+14
      474.563   5.5265972e+14
      474.586   5.5379242e+14
      474.608   5.5528161e+14
      474.631   5.5388993e+14
      474.654   5.5305933e+14
      474.676   5.5272356e+14
      474.699   5.5266588e+14
      474.721   5.5373239e+14
      474.744   5.5569579e+14
      474.766   5.5662156e+14
      474.789   5.5643852e+14
      474.811   5.5495639e+14
      474.834   5.5151901e+14
      474.856   5.4945399e+14
      474.879   5.4829366e+14
      474.901   5.4835461e+14
      474.924   5.5016967e+14
      474.947   5.5523205e+14
      474.969   5.5884127e+14
      474.992   5.6147738e+14
      475.014   5.6447027e+14
      475.037   5.6714051e+14
      475.059   5.6719670e+14
      475.082   5.6504338e+14
      475.105   5.6449456e+14
      475.127   5.6322824e+14
      475.150   5.6302411e+14
      475.172   5.6356890e+14
      475.195   5.6622164e+14
      475.217   5.6682680e+14
      475.240   5.6416040e+14
      475.263   5.6123235e+14
      475.285   5.5822191e+14
      475.308   5.5379793e+14
      475.330   5.5135672e+14
      475.353   5.5363846e+14
      475.376   5.5523014e+14
      475.398   5.5723390e+14
      475.421   5.6006525e+14
      475.443   5.6008979e+14
      475.466   5.5806527e+14
      475.489   5.5348540e+14
      475.511   5.4933025e+14
      475.534   5.4615400e+14
      475.556   5.4486758e+14
      475.579   5.4360565e+14
      475.602   5.4485999e+14
      475.624   5.4569222e+14
      475.647   5.4435958e+14
      475.669   5.4330026e+14
      475.692   5.4338014e+14
      475.715   5.4282421e+14
      475.737   5.3971598e+14
      475.760   5.3954709e+14
      475.783   5.4048772e+14
      475.805   5.4081499e+14
      475.828   5.4235772e+14
      475.851   5.4591573e+14
      475.873   5.4854387e+14
      475.896   5.4994316e+14
      475.919   5.5121693e+14
      475.941   5.5112587e+14
      475.964   5.5128462e+14
      475.986   5.4909673e+14
      476.009   5.5014285e+14
      476.032   5.5267631e+14
      476.054   5.5528209e+14
      476.077   5.5415807e+14
      476.100   5.5375668e+14
      476.122   5.5124873e+14
      476.145   5.4777274e+14
      476.168   5.4517646e+14
      476.190   5.4606725e+14
      476.213   5.4745937e+14
      476.236   5.4534460e+14
      476.259   5.4317192e+14
      476.281   5.4171842e+14
      476.304   5.4040462e+14
      476.327   5.3941038e+14
      476.349   5.4075434e+14
      476.372   5.4173275e+14
      476.395   5.4027976e+14
      476.417   5.3672439e+14
      476.440   5.3417858e+14
      476.463   5.3062095e+14
      476.485   5.2425805e+14
      476.508   5.2115569e+14
      476.531   5.1967788e+14
      476.554   5.1734035e+14
      476.576   5.1482852e+14
      476.599   5.1601323e+14
      476.622   5.1772488e+14
      476.644   5.2037406e+14
      476.667   5.2110302e+14
      476.690   5.2276539e+14
      476.713   5.2235670e+14
      476.735   5.1987311e+14
      476.758   5.1861744e+14
      476.781   5.2021963e+14
      476.803   5.2298523e+14
      476.826   5.2619513e+14
      476.849   5.2867640e+14
      476.872   5.2996458e+14
      476.894   5.3055159e+14
      476.917   5.3114769e+14
      476.940   5.3249125e+14
      476.963   5.3391626e+14
      476.985   5.3582030e+14
      477.008   5.3885412e+14
      477.031   5.4206494e+14
      477.054   5.4498740e+14
      477.076   5.4780659e+14
      477.099   5.5010778e+14
      477.122   5.4972506e+14
      477.145   5.4814298e+14
      477.168   5.4608860e+14
      477.190   5.4562299e+14
      477.213   5.4666760e+14
      477.236   5.4959657e+14
      477.259   5.5310850e+14
      477.281   5.5657243e+14
      477.304   5.5814795e+14
      477.327   5.5844520e+14
      477.350   5.5882653e+14
      477.373   5.5919473e+14
      477.395   5.5959068e+14
      477.418   5.6069944e+14
      477.441   5.6132501e+14
      477.464   5.6110256e+14
      477.487   5.6024745e+14
      477.509   5.5910725e+14
      477.532   5.5782911e+14
      477.555   5.5680806e+14
      477.578   5.5657498e+14
      477.601   5.5691955e+14
      477.623   5.5774892e+14
      477.646   5.6006372e+14
      477.669   5.6264924e+14
      477.692   5.6540840e+14
      477.715   5.6855923e+14
      477.737   5.7126260e+14
      477.760   5.7212566e+14
      477.783   5.7208752e+14
      477.806   5.7141606e+14
      477.829   5.6949915e+14
      477.852   5.6727708e+14
      477.874   5.6503788e+14
      477.897   5.6344884e+14
      477.920   5.6211196e+14
      477.943   5.6172102e+14
      477.966   5.6219237e+14
      477.989   5.6302637e+14
      478.011   5.6415899e+14
      478.034   5.6561630e+14
      478.057   5.6748648e+14
      478.080   5.6901756e+14
      478.103   5.7028070e+14
      478.126   5.7115750e+14
      478.149   5.7121386e+14
      478.171   5.6912857e+14
      478.194   5.6622909e+14
      478.217   5.6335556e+14
      478.240   5.6070799e+14
      478.263   5.5862830e+14
      478.286   5.5843952e+14
      478.309   5.5959738e+14
      478.332   5.6112100e+14
      478.354   5.6308571e+14
      478.377   5.6515688e+14
      478.400   5.6681779e+14
      478.423   5.6740285e+14
      478.446   5.6752222e+14
      478.469   5.6652599e+14
      478.492   5.6384554e+14
      478.515   5.5992280e+14
      478.538   5.5613386e+14
      478.560   5.5274606e+14
      478.583   5.5001971e+14
      478.606   5.4848796e+14
      478.629   5.4771418e+14
      478.652   5.4706407e+14
      478.675   5.4690608e+14
      478.698   5.4792220e+14
      478.721   5.4878839e+14
      478.744   5.4970721e+14
      478.767   5.4919388e+14
      478.790   5.4620281e+14
      478.813   5.4082591e+14
      478.835   5.3579759e+14
      478.858   5.3158092e+14
      478.881   5.2922845e+14
      478.904   5.2835316e+14
      478.927   5.2861820e+14
      478.950   5.2865414e+14
      478.973   5.2805794e+14
      478.996   5.2797793e+14
      479.019   5.3044202e+14
      479.042   5.3467398e+14
      479.065   5.3828981e+14
      479.088   5.4070726e+14
      479.111   5.4158882e+14
      479.134   5.4043894e+14
      479.157   5.3800055e+14
      479.180   5.3623899e+14
      479.203   5.3575290e+14
      479.226   5.3628386e+14
      479.249   5.3716020e+14
      479.272   5.3775726e+14
      479.294   5.3985560e+14
      479.317   5.4372389e+14
      479.340   5.4814615e+14
      479.363   5.5202837e+14
      479.386   5.5590835e+14
      479.409   5.5885541e+14
      479.432   5.6044238e+14
      479.455   5.6131481e+14
      479.478   5.6284390e+14
      479.501   5.6433641e+14
      479.524   5.6520650e+14
      479.547   5.6557838e+14
      479.570   5.6614546e+14
      479.593   5.6751694e+14
      479.616   5.7010183e+14
      479.639   5.7350717e+14
      479.662   5.7659634e+14
      479.685   5.7838527e+14
      479.708   5.7809313e+14
      479.731   5.7616795e+14
      479.754   5.7417395e+14
      479.777   5.7251223e+14
      479.800   5.7145711e+14
      479.823   5.7092977e+14
      479.846   5.7015422e+14
      479.869   5.6882980e+14
      479.892   5.6671612e+14
      479.916   5.6405975e+14
      479.939   5.6077662e+14
      479.962   5.5787571e+14
      479.985   5.5552615e+14
      480.008   5.5443562e+14
      480.031   5.5438755e+14
      480.054   5.5519219e+14
      480.077   5.5594931e+14
      480.100   5.5585650e+14
      480.123   5.5430619e+14
      480.146   5.5166530e+14
      480.169   5.4914573e+14
      480.192   5.4763447e+14
      480.215   5.4765477e+14
      480.238   5.4996459e+14
      480.261   5.5343669e+14
      480.284   5.5597670e+14
      480.307   5.5808127e+14
      480.330   5.5929320e+14
      480.354   5.5924118e+14
      480.377   5.5892382e+14
      480.400   5.5974239e+14
      480.423   5.6091767e+14
      480.446   5.6231231e+14
      480.469   5.6484580e+14
      480.492   5.6759883e+14
      480.515   5.6929795e+14
      480.538   5.6928207e+14
      480.561   5.6830186e+14
      480.584   5.6635170e+14
      480.607   5.6355289e+14
      480.631   5.6130740e+14
      480.654   5.6110359e+14
      480.677   5.6146011e+14
      480.700   5.6193830e+14
      480.723   5.6284734e+14
      480.746   5.6276260e+14
      480.769   5.6136645e+14
      480.792   5.6045674e+14
      480.815   5.5950989e+14
      480.839   5.5850061e+14
      480.862   5.5898936e+14
      480.885   5.5959187e+14
      480.908   5.5922919e+14
      480.931   5.5924466e+14
      480.954   5.5978107e+14
      480.977   5.5940508e+14
      481.000   5.5925134e+14
      481.024   5.5872025e+14
      481.047   5.5745788e+14
      481.070   5.5631719e+14
      481.093   5.5525296e+14
      481.116   5.5464378e+14
      481.139   5.5520120e+14
      481.162   5.5609736e+14
      481.186   5.5662418e+14
      481.209   5.5681409e+14
      481.232   5.5649314e+14
      481.255   5.5619868e+14
      481.278   5.5550453e+14
      481.301   5.5402169e+14
      481.325   5.5309308e+14
      481.348   5.5271103e+14
      481.371   5.5175728e+14
      481.394   5.5180656e+14
      481.417   5.5401595e+14
      481.440   5.5628106e+14
      481.464   5.5812399e+14
      481.487   5.6059075e+14
      481.510   5.6227672e+14
      481.533   5.6284553e+14
      481.556   5.6406570e+14
      481.580   5.6557304e+14
      481.603   5.6605204e+14
      481.626   5.6551949e+14
      481.649   5.6428756e+14
      481.672   5.6231137e+14
      481.696   5.6058516e+14
      481.719   5.6037001e+14
      481.742   5.6160910e+14
      481.765   5.6323243e+14
      481.788   5.6531408e+14
      481.812   5.6780775e+14
      481.835   5.6998521e+14
      481.858   5.7209926e+14
      481.881   5.7408900e+14
      481.904   5.7513301e+14
      481.928   5.7443206e+14
      481.951   5.7237831e+14
      481.974   5.6998268e+14
      481.997   5.6785435e+14
      482.021   5.6594694e+14
      482.044   5.6455250e+14
      482.067   5.6387087e+14
      482.090   5.6329780e+14
      482.114   5.6340978e+14
      482.137   5.6499453e+14
      482.160   5.6728460e+14
      482.183   5.6834474e+14
      482.207   5.6818116e+14
      482.230   5.6691620e+14
      482.253   5.6316386e+14
      482.276   5.5846992e+14
      482.300   5.5553207e+14
      482.323   5.5381015e+14
      482.346   5.5227358e+14
      482.369   5.5169169e+14
      482.393   5.5173684e+14
      482.416   5.5171452e+14
      482.439   5.5225994e+14
      482.462   5.5373109e+14
      482.486   5.5510535e+14
      482.509   5.5574377e+14
      482.532   5.5623112e+14
      482.556   5.5630025e+14
      482.579   5.5564136e+14
      482.602   5.5514951e+14
      482.625   5.5528921e+14
      482.649   5.5514344e+14
      482.672   5.5487177e+14
      482.695   5.5635180e+14
      482.719   5.5912275e+14
      482.742   5.6083661e+14
      482.765   5.6223210e+14
      482.789   5.6415960e+14
      482.812   5.6485989e+14
      482.835   5.6429131e+14
      482.859   5.6441132e+14
      482.882   5.6481699e+14
      482.905   5.6464647e+14
      482.928   5.6408315e+14
      482.952   5.6243472e+14
      482.975   5.5958758e+14
      482.998   5.5722340e+14
      483.022   5.5553957e+14
      483.045   5.5405888e+14
      483.068   5.5338800e+14
      483.092   5.5347509e+14
      483.115   5.5257575e+14
      483.138   5.5068301e+14
      483.162   5.4838997e+14
      483.185   5.4627630e+14
      483.208   5.4473373e+14
      483.232   5.4396497e+14
      483.255   5.4437476e+14
      483.279   5.4605822e+14
      483.302   5.4825894e+14
      483.325   5.5062189e+14
      483.349   5.5303653e+14
      483.372   5.5478073e+14
      483.395   5.5539831e+14
      483.419   5.5490350e+14
      483.442   5.5310541e+14
      483.465   5.5171118e+14
      483.489   5.5138093e+14
      483.512   5.5154932e+14
      483.536   5.5257730e+14
      483.559   5.5496531e+14
      483.582   5.5686434e+14
      483.606   5.5828080e+14
      483.629   5.6006316e+14
      483.653   5.6200882e+14
      483.676   5.6325179e+14
      483.699   5.6314964e+14
      483.723   5.6212823e+14
      483.746   5.6059012e+14
      483.770   5.5827629e+14
      483.793   5.5571415e+14
      483.816   5.5387761e+14
      483.840   5.5218291e+14
      483.863   5.4901371e+14
      483.887   5.4511914e+14
      483.910   5.4146795e+14
      483.933   5.3824474e+14
      483.957   5.3624841e+14
      483.980   5.3593222e+14
      484.004   5.3636438e+14
      484.027   5.3722934e+14
      484.051   5.3856877e+14
      484.074   5.3886986e+14
      484.097   5.3824231e+14
      484.121   5.3701442e+14
      484.144   5.3468910e+14
      484.168   5.3079470e+14
      484.191   5.2726621e+14
      484.215   5.2565966e+14
      484.238   5.2526297e+14
      484.262   5.2512009e+14
      484.285   5.2603542e+14
      484.308   5.2743269e+14
      484.332   5.2857804e+14
      484.355   5.3010068e+14
      484.379   5.3389216e+14
      484.402   5.3832733e+14
      484.426   5.4225263e+14
      484.449   5.4611882e+14
      484.473   5.4947767e+14
      484.496   5.5139013e+14
      484.520   5.5368977e+14
      484.543   5.5640144e+14
      484.567   5.5779874e+14
      484.590   5.5790110e+14
      484.613   5.5691417e+14
      484.637   5.5431705e+14
      484.660   5.5139910e+14
      484.684   5.4919570e+14
      484.707   5.4877820e+14
      484.731   5.4892920e+14
      484.754   5.4923623e+14
      484.778   5.4940309e+14
      484.801   5.4940647e+14
      484.825   5.4896071e+14
      484.849   5.4881329e+14
      484.872   5.4819322e+14
      484.896   5.4675875e+14
      484.919   5.4497961e+14
      484.943   5.4349960e+14
      484.966   5.4199459e+14
      484.990   5.4029054e+14
      485.013   5.3823429e+14
      485.037   5.3579292e+14
      485.060   5.3265211e+14
      485.084   5.2940540e+14
      485.107   5.2701293e+14
      485.131   5.2684702e+14
      485.154   5.2772758e+14
      485.178   5.2995012e+14
      485.201   5.3327547e+14
      485.225   5.3630086e+14
      485.248   5.3765916e+14
      485.272   5.3871209e+14
      485.296   5.3862386e+14
      485.319   5.3730009e+14
      485.343   5.3520126e+14
      485.366   5.3277334e+14
      485.390   5.2794068e+14
      485.413   5.2239726e+14
      485.437   5.1725171e+14
      485.460   5.1237947e+14
      485.484   5.0806786e+14
      485.508   5.0654321e+14
      485.531   5.0653794e+14
      485.555   5.0689376e+14
      485.578   5.0743275e+14
      485.602   5.0808466e+14
      485.625   5.0822088e+14
      485.649   5.0720807e+14
      485.673   5.0592040e+14
      485.696   5.0471174e+14
      485.720   5.0279412e+14
      485.743   5.0007747e+14
      485.767   4.9704398e+14
      485.791   4.9349776e+14
      485.814   4.8795685e+14
      485.838   4.8209599e+14
      485.861   4.7586011e+14
      485.885   4.6997955e+14
      485.909   4.6545180e+14
      485.932   4.6186245e+14
      485.956   4.5653305e+14
      485.979   4.4932566e+14
      486.003   4.4023090e+14
      486.027   4.2945872e+14
      486.050   4.1907995e+14
      486.074   4.1023105e+14
      486.098   4.0319970e+14
      486.121   3.9784941e+14
      486.145   3.9351939e+14
      486.169   3.9009172e+14
      486.192   3.8709302e+14
      486.216   3.8370213e+14
      486.239   3.8040639e+14
      486.263   3.7753577e+14
      486.287   3.7428025e+14
      486.310   3.7294704e+14
      486.334   3.7493229e+14
      486.358   3.7945559e+14
      486.381   3.8503385e+14
      486.405   3.9202665e+14
      486.429   3.9886781e+14
      486.452   4.0470679e+14
      486.476   4.1042678e+14
      486.500   4.1944747e+14
      486.523   4.3049637e+14
      486.547   4.4211360e+14
      486.571   4.5442135e+14
      486.594   4.6610928e+14
      486.618   4.7440738e+14
      486.642   4.8030588e+14
      486.665   4.8496376e+14
      486.689   4.8794163e+14
      486.713   4.9097576e+14
      486.736   4.9449317e+14
      486.760   4.9803860e+14
      486.784   5.0235690e+14
      486.808   5.0741090e+14
      486.831   5.1148845e+14
      486.855   5.1404852e+14
      486.879   5.1648840e+14
      486.902   5.1768150e+14
      486.926   5.1724690e+14
      486.950   5.1478783e+14
      486.973   5.1162687e+14
      486.997   5.0857891e+14
      487.021   5.0497627e+14
      487.045   5.0028060e+14
      487.068   4.9572456e+14
      487.092   4.9291376e+14
      487.116   4.9001434e+14
      487.140   4.8839074e+14
      487.163   4.8911758e+14
      487.187   4.9140069e+14
      487.211   4.9317829e+14
      487.234   4.9402600e+14
      487.258   4.9376185e+14
      487.282   4.9388848e+14
      487.306   4.9425323e+14
      487.329   4.9369316e+14
      487.353   4.9412487e+14
      487.377   4.9508154e+14
      487.401   4.9410232e+14
      487.424   4.9290476e+14
      487.448   4.9117009e+14
      487.472   4.8948878e+14
      487.496   4.8960440e+14
      487.520   4.9229664e+14
      487.543   4.9600065e+14
      487.567   5.0421744e+14
      487.591   5.1369192e+14
      487.615   5.2081793e+14
      487.638   5.2533643e+14
      487.662   5.2569023e+14
      487.686   5.2316866e+14
      487.710   5.1985636e+14
      487.734   5.1734479e+14
      487.757   5.1741800e+14
      487.781   5.2143291e+14
      487.805   5.2493361e+14
      487.829   5.2765205e+14
      487.852   5.3077409e+14
      487.876   5.3271845e+14
      487.900   5.3399794e+14
      487.924   5.3608751e+14
      487.948   5.3899791e+14
      487.972   5.4194358e+14
      487.995   5.4475943e+14
      488.019   5.4621713e+14
      488.043   5.4648690e+14
      488.067   5.4455149e+14
      488.091   5.4210616e+14
      488.114   5.4008563e+14
      488.138   5.3888731e+14
      488.162   5.4007427e+14
      488.186   5.4409232e+14
      488.210   5.4807083e+14
      488.234   5.5204430e+14
      488.257   5.5665030e+14
      488.281   5.5902524e+14
      488.305   5.5900331e+14
      488.329   5.5836670e+14
      488.353   5.5631235e+14
      488.377   5.5320539e+14
      488.400   5.4981719e+14
      488.424   5.4794459e+14
      488.448   5.4559096e+14
      488.472   5.4225680e+14
      488.496   5.3932781e+14
      488.520   5.3826234e+14
      488.544   5.3562284e+14
      488.568   5.3440653e+14
      488.591   5.3615188e+14
      488.615   5.3815950e+14
      488.639   5.3888846e+14
      488.663   5.4013067e+14
      488.687   5.3993551e+14
      488.711   5.3799072e+14
      488.735   5.3558080e+14
      488.759   5.3075700e+14
      488.782   5.2612203e+14
      488.806   5.2303344e+14
      488.830   5.2090140e+14
      488.854   5.2021826e+14
      488.878   5.2132282e+14
      488.902   5.2127406e+14
      488.926   5.1794209e+14
      488.950   5.1384870e+14
      488.974   5.0744469e+14
      488.998   4.9897955e+14
      489.021   4.9163054e+14
      489.045   4.8815685e+14
      489.069   4.8710104e+14
      489.093   4.8845795e+14
      489.117   4.9234378e+14
      489.141   4.9500597e+14
      489.165   4.9586303e+14
      489.189   4.9316080e+14
      489.213   4.8939271e+14
      489.237   4.8588806e+14
      489.261   4.8612061e+14
      489.285   4.8831227e+14
      489.309   4.9261931e+14
      489.333   4.9737624e+14
      489.356   5.0145974e+14
      489.380   5.0193263e+14
      489.404   5.0080404e+14
      489.428   5.0272788e+14
      489.452   5.0615646e+14
      489.476   5.0994087e+14
      489.500   5.1767752e+14
      489.524   5.2896336e+14
      489.548   5.3786207e+14
      489.572   5.4560115e+14
      489.596   5.5352677e+14
      489.620   5.5799299e+14
      489.644   5.6016246e+14
      489.668   5.6175334e+14
      489.692   5.6347345e+14
      489.716   5.6640582e+14
      489.740   5.7090855e+14
      489.764   5.7461999e+14
      489.788   5.7824270e+14
      489.812   5.8155609e+14
      489.836   5.8159665e+14
      489.860   5.7934735e+14
      489.884   5.7790877e+14
      489.908   5.7663717e+14
      489.932   5.7498276e+14
      489.956   5.7496647e+14
      489.980   5.7593912e+14
      490.004   5.7657228e+14
      490.028   5.7729169e+14
      490.052   5.7840472e+14
      490.076   5.7918360e+14
      490.100   5.7942628e+14
      490.124   5.7825918e+14
      490.148   5.7552590e+14
      490.172   5.7059547e+14
      490.196   5.6640861e+14
      490.220   5.6335366e+14
      490.244   5.6082672e+14
      490.268   5.5863939e+14
      490.292   5.5696402e+14
      490.316   5.5506484e+14
      490.340   5.5320040e+14
      490.364   5.5256826e+14
      490.388   5.5391805e+14
      490.412   5.5712356e+14
      490.436   5.6078770e+14
      490.461   5.6447501e+14
      490.485   5.6727943e+14
      490.509   5.6901872e+14
      490.533   5.7064216e+14
      490.557   5.7144305e+14
      490.581   5.7169345e+14
      490.605   5.7091079e+14
      490.629   5.6870609e+14
      490.653   5.6501727e+14
      490.677   5.6434195e+14
      490.701   5.6498079e+14
      490.725   5.6713349e+14
      490.749   5.7012306e+14
      490.773   5.7301570e+14
      490.798   5.7395036e+14
      490.822   5.7342098e+14
      490.846   5.6936660e+14
      490.870   5.6526587e+14
      490.894   5.6138882e+14
      490.918   5.5666112e+14
      490.942   5.5181680e+14
      490.966   5.4837595e+14
      490.990   5.4504007e+14
      491.014   5.4202448e+14
      491.039   5.3732095e+14
      491.063   5.3166784e+14
      491.087   5.2587103e+14
      491.111   5.1994662e+14
      491.135   5.1628488e+14
      491.159   5.1655798e+14
      491.183   5.1769816e+14
      491.207   5.1963524e+14
      491.232   5.2200865e+14
      491.256   5.2290345e+14
      491.280   5.2222053e+14
      491.304   5.2281828e+14
      491.328   5.2346199e+14
      491.352   5.2470827e+14
      491.376   5.2815437e+14
      491.400   5.3340312e+14
      491.425   5.3863483e+14
      491.449   5.4476862e+14
      491.473   5.5161111e+14
      491.497   5.5728401e+14
      491.521   5.6069765e+14
      491.545   5.6352510e+14
      491.570   5.6547827e+14
      491.594   5.6767907e+14
      491.618   5.6847419e+14
      491.642   5.6827708e+14
      491.666   5.6588165e+14
      491.690   5.6201230e+14
      491.715   5.5579648e+14
      491.739   5.4782092e+14
      491.763   5.4074243e+14
      491.787   5.3587828e+14
      491.811   5.3243902e+14
      491.836   5.2858673e+14
      491.860   5.2576344e+14
      491.884   5.1894161e+14
      491.908   5.0876980e+14
      491.932   5.0013096e+14
      491.957   4.9342127e+14
      491.981   4.8770834e+14
      492.005   4.8524460e+14
      492.029   4.8446384e+14
      492.053   4.8159649e+14
      492.078   4.7795853e+14
      492.102   4.7450043e+14
      492.126   4.7287714e+14
      492.150   4.7361939e+14
      492.174   4.7644882e+14
      492.199   4.8022435e+14
      492.223   4.8238031e+14
      492.247   4.8386776e+14
      492.271   4.8788419e+14
      492.296   4.9144453e+14
      492.320   4.9221243e+14
      492.344   4.9432085e+14
      492.368   4.9359681e+14
      492.393   4.9117021e+14
      492.417   4.9266680e+14
      492.441   4.9884392e+14
      492.465   5.0599411e+14
      492.490   5.1545676e+14
      492.514   5.2240815e+14
      492.538   5.2523964e+14
      492.562   5.2512107e+14
      492.587   5.2453485e+14
      492.611   5.2514236e+14
      492.635   5.2653850e+14
      492.659   5.2720850e+14
      492.684   5.2741898e+14
      492.708   5.2720294e+14
      492.732   5.2594335e+14
      492.757   5.2703739e+14
      492.781   5.2923909e+14
      492.805   5.3164429e+14
      492.829   5.3562748e+14
      492.854   5.3777418e+14
      492.878   5.3791095e+14
      492.902   5.4075637e+14
      492.927   5.4490750e+14
      492.951   5.4747149e+14
      492.975   5.5164119e+14
      492.999   5.5558615e+14
      493.024   5.5714002e+14
      493.048   5.5789266e+14
      493.072   5.5837406e+14
      493.097   5.5990910e+14
      493.121   5.6152724e+14
      493.145   5.6198721e+14
      493.170   5.6027007e+14
      493.194   5.5934374e+14
      493.218   5.5685731e+14
      493.243   5.5092883e+14
      493.267   5.4597273e+14
      493.291   5.4433734e+14
      493.316   5.4251029e+14
      493.340   5.4039701e+14
      493.364   5.4175717e+14
      493.389   5.4517296e+14
      493.413   5.4688085e+14
      493.437   5.4636875e+14
      493.462   5.4706819e+14
      493.486   5.4672432e+14
      493.510   5.4405677e+14
      493.535   5.4124614e+14
      493.559   5.3965042e+14
      493.583   5.3625998e+14
      493.608   5.3421964e+14
      493.632   5.3204775e+14
      493.657   5.2844033e+14
      493.681   5.2704994e+14
      493.705   5.2714488e+14
      493.730   5.2303975e+14
      493.754   5.2226544e+14
      493.778   5.2494304e+14
      493.803   5.2464518e+14
      493.827   5.2314287e+14
      493.852   5.2577299e+14
      493.876   5.2477594e+14
      493.900   5.2271925e+14
      493.925   5.2103013e+14
      493.949   5.2282019e+14
      493.974   5.2471733e+14
      493.998   5.2827374e+14
      494.022   5.3211045e+14
      494.047   5.3626089e+14
      494.071   5.3736181e+14
      494.096   5.3710504e+14
      494.120   5.3714887e+14
      494.144   5.3645882e+14
      494.169   5.3690866e+14
      494.193   5.3881163e+14
      494.218   5.4091967e+14
      494.242   5.4467160e+14
      494.267   5.5006954e+14
      494.291   5.5436583e+14
      494.315   5.5929607e+14
      494.340   5.6721314e+14
      494.364   5.7241090e+14
      494.389   5.7555452e+14
      494.413   5.7748183e+14
      494.438   5.7755312e+14
      494.462   5.7451216e+14
      494.486   5.6931967e+14
      494.511   5.6582213e+14
      494.535   5.6351462e+14
      494.560   5.6132754e+14
      494.584   5.5869044e+14
      494.609   5.5991151e+14
      494.633   5.6172740e+14
      494.658   5.6306567e+14
      494.682   5.6465876e+14
      494.707   5.6735220e+14
      494.731   5.6837425e+14
      494.756   5.6822197e+14
      494.780   5.6730660e+14
      494.805   5.6473228e+14
      494.829   5.6209948e+14
      494.854   5.5745082e+14
      494.878   5.5247675e+14
      494.902   5.4896660e+14
      494.927   5.4836143e+14
      494.951   5.4920059e+14
      494.976   5.5158442e+14
      495.000   5.5652092e+14
      495.025   5.6149686e+14
      495.049   5.6514907e+14
      495.074   5.6736511e+14
      495.099   5.6890599e+14
      495.123   5.6870328e+14
      495.148   5.6719454e+14
      495.172   5.6433119e+14
      495.197   5.6235911e+14
      495.221   5.6181299e+14
      495.246   5.6040440e+14
      495.270   5.5914977e+14
      495.295   5.5835120e+14
      495.319   5.5746142e+14
      495.344   5.5669252e+14
      495.368   5.5822999e+14
      495.393   5.6076025e+14
      495.417   5.6398988e+14
      495.442   5.6700837e+14
      495.466   5.6968548e+14
      495.491   5.7005870e+14
      495.516   5.6944544e+14
      495.540   5.6734040e+14
      495.565   5.6036898e+14
      495.589   5.4915230e+14
      495.614   5.3625139e+14
      495.638   5.2458013e+14
      495.663   5.1461240e+14
      495.688   5.1124042e+14
      495.712   5.1298936e+14
      495.737   5.1653325e+14
      495.761   5.1909228e+14
      495.786   5.2149993e+14
      495.810   5.2198720e+14
      495.835   5.2291460e+14
      495.860   5.2414736e+14
      495.884   5.2531397e+14
      495.909   5.2654979e+14
      495.933   5.2837378e+14
      495.958   5.2929893e+14
      495.983   5.2998688e+14
      496.007   5.3050747e+14
      496.032   5.2956172e+14
      496.056   5.2756453e+14
      496.081   5.2701675e+14
      496.106   5.2867322e+14
      496.130   5.3632533e+14
      496.155   5.4803354e+14
      496.179   5.6148527e+14
      496.204   5.7365142e+14
      496.229   5.8381589e+14
      496.253   5.8808046e+14
      496.278   5.9005690e+14
      496.303   5.9085187e+14
      496.327   5.8970793e+14
      496.352   5.8769987e+14
      496.376   5.8593619e+14
      496.401   5.8281944e+14
      496.426   5.7847410e+14
      496.450   5.7281156e+14
      496.475   5.6897853e+14
      496.500   5.6519979e+14
      496.524   5.6196839e+14
      496.549   5.6077192e+14
      496.574   5.6047361e+14
      496.598   5.5871057e+14
      496.623   5.5664807e+14
      496.648   5.5551121e+14
      496.672   5.5212006e+14
      496.697   5.4950252e+14
      496.722   5.4605721e+14
      496.746   5.4325513e+14
      496.771   5.4044560e+14
      496.796   5.3898249e+14
      496.820   5.3646654e+14
      496.845   5.3491025e+14
      496.870   5.3430726e+14
      496.894   5.3100380e+14
      496.919   5.2890057e+14
      496.944   5.2963336e+14
      496.968   5.3405414e+14
      496.993   5.3692970e+14
      497.018   5.4156773e+14
      497.043   5.4531348e+14
      497.067   5.4721077e+14
      497.092   5.4774834e+14
      497.117   5.4765998e+14
      497.141   5.4780014e+14
      497.166   5.4787572e+14
      497.191   5.5109809e+14
      497.216   5.5338021e+14
      497.240   5.5826706e+14
      497.265   5.6378447e+14
      497.290   5.6923407e+14
      497.315   5.7240645e+14
      497.339   5.7508007e+14
      497.364   5.7675991e+14
      497.389   5.7648705e+14
      497.413   5.7909849e+14
      497.438   5.8305983e+14
      497.463   5.8478692e+14
      497.488   5.8522015e+14
      497.512   5.8697366e+14
      497.537   5.8567250e+14
      497.562   5.8420987e+14
      497.587   5.8455563e+14
      497.611   5.8401363e+14
      497.636   5.8303223e+14
      497.661   5.8267747e+14
      497.686   5.8147966e+14
      497.711   5.7699480e+14
      497.735   5.7440222e+14
      497.760   5.7297397e+14
      497.785   5.7107744e+14
      497.810   5.6883845e+14
      497.834   5.6870607e+14
      497.859   5.6359211e+14
      497.884   5.5653102e+14
      497.909   5.5186774e+14
      497.934   5.4820057e+14
      497.958   5.4462505e+14
      497.983   5.4565350e+14
      498.008   5.4544156e+14
      498.033   5.4314265e+14
      498.058   5.4135843e+14
      498.082   5.3778149e+14
      498.107   5.3144160e+14
      498.132   5.2765402e+14
      498.157   5.2178680e+14
      498.182   5.1423686e+14
      498.206   5.0838629e+14
      498.231   5.0472550e+14
      498.256   5.0124231e+14
      498.281   5.0052915e+14
      498.306   5.0053382e+14
      498.331   5.0005345e+14
      498.355   4.9628057e+14
      498.380   4.9318240e+14
      498.405   4.9067060e+14
      498.430   4.8868747e+14
      498.455   4.8696733e+14
      498.480   4.8879978e+14
      498.504   4.8891246e+14
      498.529   4.8837362e+14
      498.554   4.8858883e+14
      498.579   4.8945108e+14
      498.604   4.9124846e+14
      498.629   4.9594457e+14
      498.654   5.0097569e+14
      498.678   5.0660696e+14
      498.703   5.1368516e+14
      498.728   5.1713815e+14
      498.753   5.2150495e+14
      498.778   5.2857146e+14
      498.803   5.3472794e+14
      498.828   5.3895913e+14
      498.853   5.4571207e+14
      498.878   5.4987028e+14
      498.902   5.5224155e+14
      498.927   5.5508068e+14
      498.952   5.5517604e+14
      498.977   5.5644320e+14
      499.002   5.5865726e+14
      499.027   5.5694406e+14
      499.052   5.5607328e+14
      499.077   5.5896559e+14
      499.102   5.6048296e+14
      499.127   5.5952991e+14
      499.151   5.6090619e+14
      499.176   5.5852544e+14
      499.201   5.5511492e+14
      499.226   5.5085282e+14
      499.251   5.4625803e+14
      499.276   5.4359854e+14
      499.301   5.4310278e+14
      499.326   5.4341172e+14
      499.351   5.4456652e+14
      499.376   5.4626528e+14
      499.401   5.4651383e+14
      499.426   5.4605388e+14
      499.451   5.4421757e+14
      499.476   5.4553752e+14
      499.501   5.5096757e+14
      499.525   5.5383083e+14
      499.550   5.5716000e+14
      499.575   5.6278383e+14
      499.600   5.6602857e+14
      499.625   5.6561885e+14
      499.650   5.6613793e+14
      499.675   5.6521427e+14
      499.700   5.6443334e+14
      499.725   5.6464463e+14
      499.750   5.6308294e+14
      499.775   5.6347557e+14
      499.800   5.6437959e+14
      499.825   5.6478061e+14
      499.850   5.5945477e+14
      499.875   5.5997921e+14
      499.900   5.5379752e+14
      499.925   5.4805231e+14
      499.950   5.4260078e+14
      499.975   5.3918089e+14
      500.000   5.3730899e+14
      500.025   5.3182304e+14
      500.050   5.2658397e+14
      500.075   5.2310202e+14
      500.100   5.1861288e+14
      500.125   5.0977684e+14
      500.150   5.0674465e+14
      500.175   5.0475204e+14
      500.200   5.0290780e+14
      500.225   5.0279402e+14
      500.250   5.0316453e+14
      500.275   5.0349660e+14
      500.300   5.0424418e+14
      500.325   5.0559736e+14
      500.350   5.0692309e+14
      500.375   5.1161243e+14
      500.400   5.1681414e+14
      500.425   5.1874627e+14
      500.450   5.1674211e+14
      500.475   5.1429174e+14
      500.500   5.0990297e+14
      500.526   5.0617550e+14
      500.551   5.0530736e+14
      500.576   5.0532855e+14
      500.601   5.0492574e+14
      500.626   5.0497444e+14
      500.651   5.0533427e+14
      500.676   5.0490926e+14
      500.701   5.0613402e+14
      500.726   5.0816327e+14
      500.751   5.1025326e+14
      500.776   5.1254723e+14
      500.801   5.1510871e+14
      500.826   5.1737020e+14
      500.851   5.1899833e+14
      500.877   5.2014546e+14
      500.902   5.2016462e+14
      500.927   5.2064673e+14
      500.952   5.2339962e+14
      500.977   5.2968857e+14
      501.002   5.3652910e+14
      501.027   5.4219838e+14
      501.052   5.4429331e+14
      501.077   5.4406754e+14
      501.102   5.4189284e+14
      501.128   5.3997541e+14
      501.153   5.3987072e+14
      501.178   5.4150285e+14
      501.203   5.4217844e+14
      501.228   5.4116665e+14
      501.253   5.3714389e+14
      501.278   5.3066392e+14
      501.303   5.2448945e+14
      501.329   5.1814705e+14
      501.354   5.1213959e+14
      501.379   5.0896395e+14
      501.404   5.0755596e+14
      501.429   5.0666914e+14
      501.454   5.0694066e+14
      501.479   5.0691708e+14
      501.505   5.0597861e+14
      501.530   5.0480463e+14
      501.555   5.0471471e+14
      501.580   5.0729824e+14
      501.605   5.1120640e+14
      501.630   5.1557560e+14
      501.655   5.1859321e+14
      501.681   5.1766599e+14
      501.706   5.1438935e+14
      501.731   5.1138565e+14
      501.756   5.0836782e+14
      501.781   5.0841597e+14
      501.806   5.1130709e+14
      501.832   5.1352591e+14
      501.857   5.1619399e+14
      501.882   5.1880700e+14
      501.907   5.1918152e+14
      501.932   5.1901488e+14
      501.958   5.1981275e+14
      501.983   5.2011822e+14
      502.008   5.1934139e+14
      502.033   5.1735510e+14
      502.058   5.1375044e+14
      502.084   5.0949190e+14
      502.109   5.0502761e+14
      502.134   5.0158756e+14
      502.159   4.9933209e+14
      502.185   5.0023979e+14
      502.210   5.0439496e+14
      502.235   5.0871894e+14
      502.260   5.1317047e+14
      502.285   5.1794838e+14
      502.311   5.2080755e+14
      502.336   5.2097791e+14
      502.361   5.2079738e+14
      502.386   5.2001729e+14
      502.412   5.1933751e+14
      502.437   5.1923979e+14
      502.462   5.1897899e+14
      502.487   5.1816823e+14
      502.513   5.1824267e+14
      502.538   5.1882753e+14
      502.563   5.1928254e+14
      502.588   5.2079345e+14
      502.614   5.2148723e+14
      502.639   5.2091960e+14
      502.664   5.2076108e+14
      502.689   5.2200965e+14
      502.715   5.2305752e+14
      502.740   5.2498927e+14
      502.765   5.2716177e+14
      502.790   5.2753425e+14
      502.816   5.2660827e+14
      502.841   5.2570051e+14
      502.866   5.2570528e+14
      502.892   5.2712695e+14
      502.917   5.2973155e+14
      502.942   5.3135730e+14
      502.968   5.3168407e+14
      502.993   5.3097276e+14
      503.018   5.2900182e+14
      503.043   5.2697071e+14
      503.069   5.2803612e+14
      503.094   5.3160161e+14
      503.119   5.3582323e+14
      503.145   5.4192517e+14
      503.170   5.4943518e+14
      503.195   5.5455772e+14
      503.221   5.5723832e+14
      503.246   5.5919579e+14
      503.271   5.5984702e+14
      503.297   5.6035000e+14
      503.322   5.6252657e+14
      503.347   5.6501059e+14
      503.373   5.6556932e+14
      503.398   5.6489500e+14
      503.423   5.6188122e+14
      503.449   5.5761129e+14
      503.474   5.5433096e+14
      503.499   5.5302454e+14
      503.525   5.5250009e+14
      503.550   5.5385196e+14
      503.575   5.5552254e+14
      503.601   5.5619176e+14
      503.626   5.5687654e+14
      503.651   5.5774694e+14
      503.677   5.5687625e+14
      503.702   5.5477444e+14
      503.728   5.5312507e+14
      503.753   5.5017508e+14
      503.778   5.4591990e+14
      503.804   5.4260464e+14
      503.829   5.3883069e+14
      503.855   5.3386321e+14
      503.880   5.3146842e+14
      503.905   5.3102712e+14
      503.931   5.2839753e+14
      503.956   5.2581922e+14
      503.981   5.2322401e+14
      504.007   5.1704833e+14
      504.032   5.0884471e+14
      504.058   5.0280623e+14
      504.083   4.9784178e+14
      504.108   4.9386096e+14
      504.134   4.9224855e+14
      504.159   4.9215722e+14
      504.185   4.9223596e+14
      504.210   4.9372241e+14
      504.236   4.9588110e+14
      504.261   4.9762575e+14
      504.286   5.0073522e+14
      504.312   5.0401233e+14
      504.337   5.0600455e+14
      504.363   5.0830310e+14
      504.388   5.1111414e+14
      504.414   5.1303039e+14
      504.439   5.1679902e+14
      504.465   5.2419248e+14
      504.490   5.3265113e+14
      504.515   5.4354958e+14
      504.541   5.5762186e+14
      504.566   5.7100355e+14
      504.592   5.8165425e+14
      504.617   5.9020404e+14
      504.643   5.9491471e+14
      504.668   5.9420393e+14
      504.694   5.9058801e+14
      504.719   5.8464165e+14
      504.745   5.7797137e+14
      504.770   5.7324510e+14
      504.796   5.7087400e+14
      504.821   5.6756023e+14
      504.847   5.6443045e+14
      504.872   5.6240725e+14
      504.898   5.5970454e+14
      504.923   5.5645334e+14
      504.948   5.5461265e+14
      504.974   5.5156476e+14
      505.000   5.4482525e+14
      505.025   5.3647061e+14
      505.050   5.2818459e+14
      505.076   5.2064610e+14
      505.102   5.1516250e+14
      505.127   5.1199162e+14
      505.153   5.1031885e+14
      505.178   5.1038987e+14
      505.204   5.1183430e+14
      505.229   5.1529801e+14
      505.255   5.2092210e+14
      505.280   5.2652356e+14
      505.306   5.2965600e+14
      505.331   5.3255978e+14
      505.357   5.3665439e+14
      505.382   5.4007858e+14
      505.408   5.4372925e+14
      505.433   5.4784061e+14
      505.459   5.5033001e+14
      505.485   5.5119887e+14
      505.510   5.5401294e+14
      505.536   5.5907469e+14
      505.561   5.6519237e+14
      505.587   5.7138121e+14
      505.612   5.7627657e+14
      505.638   5.7878756e+14
      505.663   5.7926500e+14
      505.689   5.7895928e+14
      505.715   5.7876746e+14
      505.740   5.7903623e+14
      505.766   5.7919226e+14
      505.791   5.7892418e+14
      505.817   5.7880192e+14
      505.842   5.7841427e+14
      505.868   5.7744910e+14
      505.894   5.7647541e+14
      505.919   5.7553946e+14
      505.945   5.7489113e+14
      505.970   5.7521561e+14
      505.996   5.7618101e+14
      506.022   5.7731914e+14
      506.047   5.7843953e+14
      506.073   5.7892111e+14
      506.099   5.7958640e+14
      506.124   5.8074320e+14
      506.150   5.8182893e+14
      506.175   5.8301944e+14
      506.201   5.8438092e+14
      506.227   5.8536670e+14
      506.252   5.8587267e+14
      506.278   5.8585923e+14
      506.303   5.8380384e+14
      506.329   5.7891200e+14
      506.355   5.7285874e+14
      506.380   5.6744139e+14
      506.406   5.6285447e+14
      506.432   5.5977097e+14
      506.457   5.5911169e+14
      506.483   5.5948686e+14
      506.509   5.5895394e+14
      506.534   5.5726408e+14
      506.560   5.5531039e+14
      506.586   5.5364075e+14
      506.611   5.5121767e+14
      506.637   5.4831905e+14
      506.663   5.4614726e+14
      506.688   5.4444236e+14
      506.714   5.4125038e+14
      506.740   5.3698535e+14
      506.765   5.3277745e+14
      506.791   5.2759473e+14
      506.817   5.2301909e+14
      506.842   5.2219325e+14
      506.868   5.2524244e+14
      506.894   5.2995028e+14
      506.919   5.3561643e+14
      506.945   5.4120886e+14
      506.971   5.4497309e+14
      506.997   5.4630127e+14
      507.022   5.4606192e+14
      507.048   5.4496535e+14
      507.074   5.4341704e+14
      507.099   5.4123167e+14
      507.125   5.3855076e+14
      507.151   5.3661976e+14
      507.177   5.3575389e+14
      507.202   5.3487284e+14
      507.228   5.3597588e+14
      507.254   5.3981810e+14
      507.279   5.4382697e+14
      507.305   5.4671320e+14
      507.331   5.4865682e+14
      507.357   5.4878447e+14
      507.382   5.4669001e+14
      507.408   5.4435943e+14
      507.434   5.4252522e+14
      507.460   5.4016623e+14
      507.485   5.3688766e+14
      507.511   5.3409834e+14
      507.537   5.3103797e+14
      507.563   5.2927509e+14
      507.588   5.2999790e+14
      507.614   5.3295503e+14
      507.640   5.3724404e+14
      507.666   5.4207776e+14
      507.691   5.4575799e+14
      507.717   5.4758581e+14
      507.743   5.4627830e+14
      507.769   5.4155561e+14
      507.795   5.3455945e+14
      507.820   5.2691900e+14
      507.846   5.2058589e+14
      507.872   5.1715951e+14
      507.898   5.1540577e+14
      507.924   5.1431662e+14
      507.949   5.1227381e+14
      507.975   5.0977640e+14
      508.001   5.0775093e+14
      508.027   5.0637052e+14
      508.053   5.0553486e+14
      508.078   5.0558373e+14
      508.104   5.0538776e+14
      508.130   5.0312108e+14
      508.156   4.9799821e+14
      508.182   4.9132650e+14
      508.208   4.8537226e+14
      508.233   4.7936888e+14
      508.259   4.7461248e+14
      508.285   4.7357896e+14
      508.311   4.7546935e+14
      508.337   4.7983411e+14
      508.363   4.8579841e+14
      508.388   4.9138220e+14
      508.414   4.9646987e+14
      508.440   5.0154973e+14
      508.466   5.0564298e+14
      508.492   5.0944586e+14
      508.518   5.1281568e+14
      508.544   5.1475107e+14
      508.569   5.1515844e+14
      508.595   5.1473342e+14
      508.621   5.1398939e+14
      508.647   5.1304673e+14
      508.673   5.1393355e+14
      508.699   5.1734684e+14
      508.725   5.2016170e+14
      508.750   5.2291985e+14
      508.776   5.2723512e+14
      508.802   5.3100250e+14
      508.828   5.3345774e+14
      508.854   5.3606992e+14
      508.880   5.3823739e+14
      508.906   5.3859703e+14
      508.932   5.3735000e+14
      508.958   5.3589285e+14
      508.984   5.3432632e+14
      509.009   5.3320002e+14
      509.035   5.3331906e+14
      509.061   5.3502828e+14
      509.087   5.3760296e+14
      509.113   5.4092267e+14
      509.139   5.4364913e+14
      509.165   5.4630011e+14
      509.191   5.4880304e+14
      509.217   5.5017748e+14
      509.243   5.5158575e+14
      509.269   5.5349545e+14
      509.295   5.5497960e+14
      509.321   5.5650308e+14
      509.346   5.5768953e+14
      509.372   5.5801146e+14
      509.398   5.5763866e+14
      509.424   5.5850699e+14
      509.450   5.6059423e+14
      509.476   5.6316636e+14
      509.502   5.6520081e+14
      509.528   5.6593517e+14
      509.554   5.6401005e+14
      509.580   5.6138124e+14
      509.606   5.5886987e+14
      509.632   5.5708702e+14
      509.658   5.5645887e+14
      509.684   5.5514666e+14
      509.710   5.5070304e+14
      509.736   5.4487115e+14
      509.762   5.3792578e+14
      509.788   5.3131051e+14
      509.814   5.2628161e+14
      509.840   5.2274389e+14
      509.866   5.2056022e+14
      509.892   5.1949243e+14
      509.918   5.1772910e+14
      509.944   5.1586457e+14
      509.970   5.1489454e+14
      509.996   5.1326250e+14
      510.022   5.1074674e+14
      510.048   5.1027281e+14
      510.074   5.1221707e+14
      510.100   5.1416418e+14
      510.126   5.1565429e+14
      510.152   5.1736053e+14
      510.178   5.1780156e+14
      510.204   5.1801250e+14
      510.230   5.2012040e+14
      510.256   5.2400764e+14
      510.282   5.2954827e+14
      510.308   5.3524379e+14
      510.334   5.4022141e+14
      510.360   5.4450044e+14
      510.386   5.4720536e+14
      510.412   5.4799613e+14
      510.438   5.4993228e+14
      510.465   5.5142048e+14
      510.491   5.5175117e+14
      510.517   5.5256470e+14
      510.543   5.5487494e+14
      510.569   5.5488280e+14
      510.595   5.5075447e+14
      510.621   5.4525810e+14
      510.647   5.4172987e+14
      510.673   5.3845118e+14
      510.699   5.3616362e+14
      510.725   5.3708344e+14
      510.751   5.3965502e+14
      510.777   5.4093185e+14
      510.804   5.4124344e+14
      510.830   5.4073094e+14
      510.856   5.3914803e+14
      510.882   5.3482824e+14
      510.908   5.3021037e+14
      510.934   5.2694069e+14
      510.960   5.2471607e+14
      510.986   5.2357026e+14
      511.012   5.2498745e+14
      511.038   5.2660152e+14
      511.065   5.2646308e+14
      511.091   5.2711895e+14
      511.117   5.3147124e+14
      511.143   5.3728567e+14
      511.169   5.4208862e+14
      511.195   5.4706641e+14
      511.221   5.5128555e+14
      511.247   5.5203289e+14
      511.274   5.5109985e+14
      511.300   5.5078999e+14
      511.326   5.5187480e+14
      511.352   5.5314248e+14
      511.378   5.5448066e+14
      511.404   5.5705922e+14
      511.430   5.6106114e+14
      511.457   5.6439800e+14
      511.483   5.6750062e+14
      511.509   5.7076951e+14
      511.535   5.7284875e+14
      511.561   5.7342031e+14
      511.587   5.7362341e+14
      511.614   5.7377973e+14
      511.640   5.7330479e+14
      511.666   5.7322070e+14
      511.692   5.7452970e+14
      511.718   5.7632845e+14
      511.745   5.7792594e+14
      511.771   5.7973905e+14
      511.797   5.8138626e+14
      511.823   5.8175596e+14
      511.849   5.8115721e+14
      511.876   5.8022185e+14
      511.902   5.7998047e+14
      511.928   5.8060351e+14
      511.954   5.8161784e+14
      511.980   5.8242675e+14
      512.007   5.8222885e+14
      512.033   5.8152288e+14
      512.059   5.7988206e+14
      512.085   5.7806644e+14
      512.111   5.7666177e+14
      512.138   5.7634523e+14
      512.164   5.7546137e+14
      512.190   5.7267060e+14
      512.216   5.6762039e+14
      512.243   5.6237365e+14
      512.269   5.5791118e+14
      512.295   5.5428788e+14
      512.321   5.5172074e+14
      512.348   5.4901630e+14
      512.374   5.4395218e+14
      512.400   5.3868742e+14
      512.426   5.3300795e+14
      512.453   5.2715414e+14
      512.479   5.2217243e+14
      512.505   5.2063147e+14
      512.531   5.1833493e+14
      512.558   5.1562758e+14
      512.584   5.1208190e+14
      512.610   5.1001859e+14
      512.636   5.0719670e+14
      512.663   5.0437560e+14
      512.689   5.0250605e+14
      512.715   5.0394649e+14
      512.742   5.0588424e+14
      512.768   5.0698941e+14
      512.794   5.0711337e+14
      512.821   5.0649942e+14
      512.847   5.0433053e+14
      512.873   5.0388459e+14
      512.899   5.0560764e+14
      512.926   5.0926960e+14
      512.952   5.1389565e+14
      512.978   5.1888604e+14
      513.005   5.2052449e+14
      513.031   5.2195401e+14
      513.057   5.2315235e+14
      513.084   5.2552854e+14
      513.110   5.2822836e+14
      513.136   5.3199236e+14
      513.163   5.3482955e+14
      513.189   5.3566207e+14
      513.215   5.3230061e+14
      513.242   5.2849392e+14
      513.268   5.2593611e+14
      513.294   5.2462002e+14
      513.321   5.2634827e+14
      513.347   5.3124034e+14
      513.373   5.3590146e+14
      513.400   5.4024536e+14
      513.426   5.4418464e+14
      513.452   5.4591051e+14
      513.479   5.4669169e+14
      513.505   5.4851112e+14
      513.532   5.4948458e+14
      513.558   5.4760703e+14
      513.584   5.4483946e+14
      513.611   5.4284965e+14
      513.637   5.4083577e+14
      513.663   5.3935277e+14
      513.690   5.3956033e+14
      513.716   5.4249060e+14
      513.743   5.4510306e+14
      513.769   5.4293047e+14
      513.795   5.3782699e+14
      513.822   5.3420224e+14
      513.848   5.2939443e+14
      513.875   5.2422253e+14
      513.901   5.2277453e+14
      513.927   5.2403731e+14
      513.954   5.2501865e+14
      513.980   5.2563427e+14
      514.007   5.2472721e+14
      514.033   5.2120902e+14
      514.060   5.1947015e+14
      514.086   5.1787140e+14
      514.112   5.1386294e+14
      514.139   5.0876057e+14
      514.165   5.0685259e+14
      514.192   5.0320596e+14
      514.218   4.9893261e+14
      514.245   4.9704181e+14
      514.271   4.9929698e+14
      514.297   5.0510309e+14
      514.324   5.1296510e+14
      514.350   5.2094861e+14
      514.377   5.2912954e+14
      514.403   5.3505471e+14
      514.430   5.3481519e+14
      514.456   5.3116114e+14
      514.483   5.2608139e+14
      514.509   5.1927038e+14
      514.536   5.1528201e+14
      514.562   5.1205632e+14
      514.589   5.0944851e+14
      514.615   5.0927414e+14
      514.642   5.1359424e+14
      514.668   5.1632524e+14
      514.695   5.2039422e+14
      514.721   5.2539709e+14
      514.747   5.2980863e+14
      514.774   5.3126216e+14
      514.800   5.3210577e+14
      514.827   5.3176381e+14
      514.854   5.3133117e+14
      514.880   5.3037316e+14
      514.907   5.2884116e+14
      514.933   5.2586281e+14
      514.960   5.2457695e+14
      514.986   5.2387904e+14
      515.013   5.2399730e+14
      515.039   5.2299693e+14
      515.066   5.2470497e+14
      515.092   5.2599765e+14
      515.119   5.2643647e+14
      515.145   5.2518352e+14
      515.172   5.2671379e+14
      515.198   5.2894295e+14
      515.225   5.3039453e+14
      515.251   5.3055107e+14
      515.278   5.3185006e+14
      515.305   5.3241154e+14
      515.331   5.3089728e+14
      515.358   5.2778711e+14
      515.384   5.2627208e+14
      515.411   5.2318656e+14
      515.437   5.2194601e+14
      515.464   5.2377561e+14
      515.490   5.2671370e+14
      515.517   5.2794241e+14
      515.544   5.3274882e+14
      515.570   5.3770765e+14
      515.597   5.4138000e+14
      515.623   5.4458820e+14
      515.650   5.4815413e+14
      515.677   5.5154174e+14
      515.703   5.5439388e+14
      515.730   5.5556646e+14
      515.756   5.5656103e+14
      515.783   5.5947066e+14
      515.810   5.6002167e+14
      515.836   5.5804369e+14
      515.863   5.5825353e+14
      515.889   5.5980323e+14
      515.916   5.6057069e+14
      515.943   5.6295046e+14
      515.969   5.6686440e+14
      515.996   5.6960936e+14
      516.023   5.7141057e+14
      516.049   5.7180183e+14
      516.076   5.6839985e+14
      516.102   5.6483587e+14
      516.129   5.6144117e+14
      516.156   5.5871164e+14
      516.182   5.5706110e+14
      516.209   5.5780608e+14
      516.236   5.5760624e+14
      516.262   5.5826681e+14
      516.289   5.5844840e+14
      516.316   5.5755923e+14
      516.342   5.5692140e+14
      516.369   5.5631118e+14
      516.396   5.5265565e+14
      516.422   5.4947599e+14
      516.449   5.4595588e+14
      516.476   5.3954593e+14
      516.502   5.3304424e+14
      516.529   5.2654610e+14
      516.556   5.1468844e+14
      516.582   5.0126994e+14
      516.609   4.8931039e+14
      516.636   4.7815523e+14
      516.662   4.6900626e+14
      516.689   4.6416311e+14
      516.716   4.5925618e+14
      516.742   4.5042487e+14
      516.769   4.3999327e+14
      516.796   4.2995615e+14
      516.823   4.2180560e+14
      516.849   4.1766935e+14
      516.876   4.1887280e+14
      516.903   4.2389219e+14
      516.929   4.2891950e+14
      516.956   4.3141464e+14
      516.983   4.3285400e+14
      517.010   4.3080935e+14
      517.036   4.2492982e+14
      517.063   4.1644371e+14
      517.090   4.0923612e+14
      517.117   4.0245334e+14
      517.143   3.9918175e+14
      517.170   3.9680429e+14
      517.197   3.9485500e+14
      517.224   3.9096072e+14
      517.250   3.9055840e+14
      517.277   3.9413500e+14
      517.304   4.0014541e+14
      517.331   4.0832694e+14
      517.357   4.1880221e+14
      517.384   4.2531977e+14
      517.411   4.2747874e+14
      517.438   4.2789815e+14
      517.464   4.2740564e+14
      517.491   4.2582811e+14
      517.518   4.2752740e+14
      517.545   4.3177827e+14
      517.572   4.3694094e+14
      517.598   4.4506358e+14
      517.625   4.5973674e+14
      517.652   4.7651995e+14
      517.679   4.9449616e+14
      517.706   5.1314524e+14
      517.732   5.3163789e+14
      517.759   5.4631150e+14
      517.786   5.5699352e+14
      517.813   5.6426076e+14
      517.840   5.6929904e+14
      517.866   5.7125835e+14
      517.893   5.7128332e+14
      517.920   5.7020778e+14
      517.947   5.6879480e+14
      517.974   5.6724156e+14
      518.001   5.6609997e+14
      518.027   5.6537772e+14
      518.054   5.6371557e+14
      518.081   5.6100388e+14
      518.108   5.5723688e+14
      518.135   5.5061003e+14
      518.162   5.3977033e+14
      518.188   5.2467660e+14
      518.215   5.0554143e+14
      518.242   4.8540666e+14
      518.269   4.6630278e+14
      518.296   4.4967729e+14
      518.323   4.3728949e+14
      518.350   4.2956890e+14
      518.376   4.2482499e+14
      518.403   4.2212097e+14
      518.430   4.2045520e+14
      518.457   4.2014817e+14
      518.484   4.2069087e+14
      518.511   4.2062136e+14
      518.538   4.2079787e+14
      518.565   4.2221331e+14
      518.592   4.2416686e+14
      518.618   4.2645762e+14
      518.645   4.2904390e+14
      518.672   4.3388826e+14
      518.699   4.4000650e+14
      518.726   4.4699537e+14
      518.753   4.5911642e+14
      518.780   4.7568343e+14
      518.807   4.9308469e+14
      518.834   5.1120855e+14
      518.861   5.2955425e+14
      518.888   5.4308931e+14
      518.914   5.5189239e+14
      518.941   5.5733889e+14
      518.968   5.6000012e+14
      518.995   5.5765968e+14
      519.022   5.5523636e+14
      519.049   5.5129860e+14
      519.076   5.4369010e+14
      519.103   5.3593249e+14
      519.130   5.3039945e+14
      519.157   5.2486046e+14
      519.184   5.2133430e+14
      519.211   5.2055694e+14
      519.238   5.2401749e+14
      519.265   5.3025856e+14
      519.292   5.3547178e+14
      519.319   5.3800200e+14
      519.346   5.3702147e+14
      519.373   5.3185716e+14
      519.400   5.2247446e+14
      519.427   5.1280512e+14
      519.454   5.0373687e+14
      519.481   4.9818809e+14
      519.508   4.9531676e+14
      519.534   4.9637725e+14
      519.561   4.9688814e+14
      519.589   5.0047810e+14
      519.615   5.0537072e+14
      519.642   5.0859113e+14
      519.669   5.1253912e+14
      519.696   5.1724904e+14
      519.724   5.1767172e+14
      519.751   5.1825742e+14
      519.778   5.1778334e+14
      519.805   5.1405829e+14
      519.832   5.1007251e+14
      519.859   5.1170359e+14
      519.886   5.1262725e+14
      519.913   5.1716582e+14
      519.940   5.2305083e+14
      519.967   5.3168301e+14
      519.994   5.3830742e+14
      520.021   5.4635575e+14
      520.048   5.4985527e+14
      520.075   5.4888311e+14
      520.102   5.4761862e+14
      520.129   5.4769207e+14
      520.156   5.4816934e+14
      520.183   5.5014498e+14
      520.210   5.5552415e+14
      520.237   5.6171711e+14
      520.264   5.6505673e+14
      520.291   5.6250028e+14
      520.318   5.6008703e+14
      520.346   5.5914372e+14
      520.373   5.5573618e+14
      520.400   5.5347456e+14
      520.427   5.5198650e+14
      520.454   5.4601999e+14
      520.481   5.4101899e+14
      520.508   5.3596914e+14
      520.535   5.2937756e+14
      520.562   5.2412107e+14
      520.589   5.2684176e+14
      520.616   5.2954535e+14
      520.644   5.3079355e+14
      520.671   5.2986087e+14
      520.698   5.2536628e+14
      520.725   5.1814342e+14
      520.752   5.0962808e+14
      520.779   5.0117255e+14
      520.806   4.9866611e+14
      520.833   5.0379115e+14
      520.860   5.0770702e+14
      520.888   5.0889488e+14
      520.915   5.1093081e+14
      520.942   5.1012385e+14
      520.969   5.1191913e+14
      520.996   5.1469746e+14
      521.023   5.2056139e+14
      521.050   5.2764329e+14
      521.078   5.3448018e+14
      521.105   5.3621728e+14
      521.132   5.3666456e+14
      521.159   5.3623753e+14
      521.186   5.3439421e+14
      521.213   5.3846539e+14
      521.241   5.4481996e+14
      521.268   5.5150966e+14
      521.295   5.5777557e+14
      521.322   5.6429722e+14
      521.349   5.6338659e+14
      521.376   5.5789039e+14
      521.404   5.5541445e+14
      521.431   5.5375200e+14
      521.458   5.5002712e+14
      521.485   5.4487356e+14
      521.512   5.4413110e+14
      521.540   5.4093973e+14
      521.567   5.3622406e+14
      521.594   5.3248900e+14
      521.621   5.3269831e+14
      521.648   5.2962562e+14
      521.676   5.2489216e+14
      521.703   5.2285746e+14
      521.730   5.2327868e+14
      521.757   5.2311468e+14
      521.784   5.2417876e+14
      521.812   5.2625965e+14
      521.839   5.2642570e+14
      521.866   5.2538926e+14
      521.893   5.2714815e+14
      521.921   5.2949364e+14
      521.948   5.3088548e+14
      521.975   5.3326772e+14
      522.002   5.4017427e+14
      522.030   5.4517317e+14
      522.057   5.4902049e+14
      522.084   5.5287672e+14
      522.111   5.5874309e+14
      522.139   5.6109642e+14
      522.166   5.6241261e+14
      522.193   5.6596859e+14
      522.221   5.7073467e+14
      522.248   5.7268026e+14
      522.275   5.7316149e+14
      522.302   5.7281840e+14
      522.330   5.6991146e+14
      522.357   5.6579416e+14
      522.384   5.6283116e+14
      522.411   5.6089910e+14
      522.439   5.5980663e+14
      522.466   5.5850624e+14
      522.493   5.5503394e+14
      522.521   5.4784465e+14
      522.548   5.3680390e+14
      522.575   5.2300683e+14
      522.603   5.1151091e+14
      522.630   5.0406472e+14
      522.657   4.9911215e+14
      522.685   4.9724342e+14
      522.712   4.9846307e+14
      522.739   4.9833212e+14
      522.766   4.9721813e+14
      522.794   4.9651016e+14
      522.821   4.9381518e+14
      522.849   4.9108912e+14
      522.876   4.8910943e+14
      522.903   4.8839158e+14
      522.930   4.8912544e+14
      522.958   4.9293912e+14
      522.985   4.9515386e+14
      523.013   4.9766559e+14
      523.040   5.0086361e+14
      523.067   5.0641416e+14
      523.095   5.1558324e+14
      523.122   5.2447637e+14
      523.149   5.2939868e+14
      523.177   5.3324959e+14
      523.204   5.3552098e+14
      523.232   5.3473323e+14
      523.259   5.3475848e+14
      523.286   5.3630548e+14
      523.314   5.3367377e+14
      523.341   5.3200468e+14
      523.368   5.2952133e+14
      523.396   5.2683430e+14
      523.423   5.2635003e+14
      523.451   5.2863434e+14
      523.478   5.2663666e+14
      523.505   5.2580416e+14
      523.533   5.2587594e+14
      523.560   5.2385199e+14
      523.588   5.2111497e+14
      523.615   5.1916259e+14
      523.642   5.1637830e+14
      523.670   5.1798946e+14
      523.697   5.2177877e+14
      523.725   5.2723291e+14
      523.752   5.3279038e+14
      523.780   5.3880680e+14
      523.807   5.3973900e+14
      523.834   5.4102543e+14
      523.862   5.4212854e+14
      523.889   5.4446601e+14
      523.917   5.4909064e+14
      523.944   5.5466502e+14
      523.972   5.5884707e+14
      523.999   5.6419200e+14
      524.027   5.6822214e+14
      524.054   5.6891119e+14
      524.082   5.6757937e+14
      524.109   5.6689179e+14
      524.136   5.6456241e+14
      524.164   5.6373431e+14
      524.191   5.6315590e+14
      524.219   5.6335892e+14
      524.246   5.6360714e+14
      524.274   5.6466585e+14
      524.301   5.6450221e+14
      524.329   5.6449500e+14
      524.356   5.6652395e+14
      524.384   5.6729476e+14
      524.411   5.6565302e+14
      524.439   5.6490249e+14
      524.466   5.6431802e+14
      524.494   5.6209185e+14
      524.521   5.5942936e+14
      524.549   5.5730365e+14
      524.576   5.5393746e+14
      524.604   5.4952283e+14
      524.631   5.4763182e+14
      524.659   5.4780551e+14
      524.687   5.4976928e+14
      524.714   5.5203218e+14
      524.742   5.5659090e+14
      524.769   5.5945682e+14
      524.797   5.6059107e+14
      524.824   5.6124880e+14
      524.852   5.6036198e+14
      524.879   5.5730001e+14
      524.907   5.5089654e+14
      524.934   5.4834145e+14
      524.962   5.4700690e+14
      524.990   5.4733916e+14
      525.017   5.4710363e+14
      525.045   5.4963829e+14
      525.072   5.5143064e+14
      525.100   5.5193794e+14
      525.127   5.5514147e+14
      525.155   5.5933077e+14
      525.182   5.6171286e+14
      525.210   5.6221243e+14
      525.238   5.6287653e+14
      525.265   5.6145282e+14
      525.293   5.5935774e+14
      525.320   5.5758994e+14
      525.348   5.5292809e+14
      525.376   5.4966848e+14
      525.403   5.4433415e+14
      525.431   5.4259224e+14
      525.458   5.4429332e+14
      525.486   5.4833810e+14
      525.514   5.5030695e+14
      525.541   5.5459099e+14
      525.569   5.5752525e+14
      525.597   5.5872695e+14
      525.624   5.5977713e+14
      525.652   5.6117545e+14
      525.679   5.6170878e+14
      525.707   5.6182753e+14
      525.735   5.5942373e+14
      525.762   5.5626970e+14
      525.790   5.5332471e+14
      525.818   5.5106712e+14
      525.845   5.4921246e+14
      525.873   5.5195498e+14
      525.901   5.5444645e+14
      525.928   5.5912816e+14
      525.956   5.6599484e+14
      525.984   5.7141397e+14
      526.011   5.7188474e+14
      526.039   5.7288341e+14
      526.067   5.6909298e+14
      526.094   5.6321518e+14
      526.122   5.5737283e+14
      526.150   5.5409246e+14
      526.177   5.4741973e+14
      526.205   5.4379971e+14
      526.233   5.3767925e+14
      526.260   5.3061913e+14
      526.288   5.2798386e+14
      526.316   5.3004780e+14
      526.343   5.3215706e+14
      526.371   5.3452550e+14
      526.399   5.3325885e+14
      526.427   5.2870064e+14
      526.454   5.2372350e+14
      526.482   5.1513681e+14
      526.510   5.0433104e+14
      526.537   5.0160677e+14
      526.565   4.9688827e+14
      526.593   4.9554292e+14
      526.621   4.9864001e+14
      526.648   5.0606937e+14
      526.676   5.0446659e+14
      526.704   5.0645551e+14
      526.732   5.0419197e+14
      526.759   4.9831971e+14
      526.787   4.9079935e+14
      526.815   4.8633193e+14
      526.843   4.7883278e+14
      526.870   4.7319760e+14
      526.898   4.6211118e+14
      526.926   4.5384343e+14
      526.954   4.5074858e+14
      526.981   4.4913059e+14
      527.009   4.5363073e+14
      527.037   4.6450336e+14
      527.065   4.7246590e+14
      527.093   4.7899667e+14
      527.120   4.8363103e+14
      527.148   4.8370240e+14
      527.176   4.7905899e+14
      527.204   4.7467616e+14
      527.232   4.7089337e+14
      527.259   4.6846977e+14
      527.287   4.6991819e+14
      527.315   4.7808337e+14
      527.343   4.8718588e+14
      527.370   4.9547046e+14
      527.398   5.0522968e+14
      527.426   5.1266039e+14
      527.454   5.1471674e+14
      527.482   5.1468765e+14
      527.510   5.1424080e+14
      527.537   5.1130726e+14
      527.565   5.0888475e+14
      527.593   5.0778201e+14
      527.621   5.0703317e+14
      527.649   5.0685583e+14
      527.677   5.0930420e+14
      527.704   5.1613050e+14
      527.732   5.2374131e+14
      527.760   5.3109433e+14
      527.788   5.3756283e+14
      527.816   5.4129813e+14
      527.844   5.4167908e+14
      527.872   5.4098921e+14
      527.899   5.4126789e+14
      527.927   5.4302454e+14
      527.955   5.4724540e+14
      527.983   5.5311509e+14
      528.011   5.5710726e+14
      528.039   5.5904463e+14
      528.067   5.5955400e+14
      528.095   5.5837967e+14
      528.123   5.5544606e+14
      528.150   5.5415485e+14
      528.178   5.5264053e+14
      528.206   5.4836227e+14
      528.234   5.4267274e+14
      528.262   5.3663732e+14
      528.290   5.3006717e+14
      528.318   5.2456808e+14
      528.346   5.2173426e+14
      528.374   5.2059897e+14
      528.402   5.2182438e+14
      528.430   5.2453973e+14
      528.457   5.2761759e+14
      528.485   5.3078634e+14
      528.513   5.3385076e+14
      528.541   5.3776638e+14
      528.569   5.4190291e+14
      528.597   5.4615597e+14
      528.625   5.5069684e+14
      528.653   5.5518578e+14
      528.681   5.5672364e+14
      528.709   5.5833708e+14
      528.737   5.6231833e+14
      528.765   5.6699996e+14
      528.793   5.7226009e+14
      528.821   5.7892669e+14
      528.849   5.8441413e+14
      528.877   5.8627583e+14
      528.905   5.8688824e+14
      528.933   5.8655040e+14
      528.961   5.8546585e+14
      528.989   5.8447998e+14
      529.017   5.8445078e+14
      529.045   5.8473185e+14
      529.073   5.8489966e+14
      529.101   5.8484949e+14
      529.129   5.8462202e+14
      529.156   5.8415812e+14
      529.185   5.8381524e+14
      529.213   5.8444523e+14
      529.241   5.8516540e+14
      529.269   5.8603675e+14
      529.297   5.8710591e+14
      529.325   5.8800946e+14
      529.353   5.8743309e+14
      529.381   5.8707181e+14
      529.409   5.8793475e+14
      529.437   5.8884427e+14
      529.465   5.8899773e+14
      529.493   5.8858706e+14
      529.521   5.8681516e+14
      529.549   5.8303637e+14
      529.577   5.7744807e+14
      529.605   5.7193780e+14
      529.633   5.6626417e+14
      529.661   5.5950212e+14
      529.689   5.5185511e+14
      529.717   5.4476596e+14
      529.745   5.3776642e+14
      529.773   5.3261960e+14
      529.801   5.3005024e+14
      529.829   5.2941265e+14
      529.857   5.2947635e+14
      529.886   5.2949719e+14
      529.914   5.2781774e+14
      529.942   5.2534948e+14
      529.970   5.2294784e+14
      529.998   5.2182088e+14
      530.026   5.2166596e+14
      530.054   5.2239580e+14
      530.082   5.2313447e+14
      530.110   5.2496194e+14
      530.138   5.2661782e+14
      530.166   5.2936555e+14
      530.195   5.3476658e+14
      530.223   5.4263917e+14
      530.251   5.5000281e+14
      530.279   5.5669163e+14
      530.307   5.6141260e+14
      530.335   5.6359180e+14
      530.363   5.6394522e+14
      530.391   5.6391720e+14
      530.420   5.6445797e+14
      530.448   5.6646873e+14
      530.476   5.6914372e+14
      530.504   5.7175778e+14
      530.532   5.7375741e+14
      530.560   5.7459790e+14
      530.588   5.7457324e+14
      530.617   5.7514084e+14
      530.645   5.7595528e+14
      530.673   5.7666190e+14
      530.701   5.7732492e+14
      530.729   5.7714012e+14
      530.757   5.7638418e+14
      530.786   5.7507243e+14
      530.814   5.7381219e+14
      530.842   5.7309087e+14
      530.870   5.7263477e+14
      530.898   5.7214078e+14
      530.926   5.7204303e+14
      530.955   5.7252624e+14
      530.983   5.7297070e+14
      531.011   5.7347095e+14
      531.039   5.7418490e+14
      531.067   5.7498641e+14
      531.096   5.7623550e+14
      531.124   5.7785077e+14
      531.152   5.7934073e+14
      531.180   5.8057448e+14
      531.208   5.8170623e+14
      531.237   5.8234664e+14
      531.265   5.8253359e+14
      531.293   5.8303271e+14
      531.321   5.8385561e+14
      531.350   5.8385745e+14
      531.378   5.8323046e+14
      531.406   5.8271135e+14
      531.434   5.8211047e+14
      531.463   5.8120159e+14
      531.491   5.7924336e+14
      531.519   5.7554222e+14
      531.547   5.7124225e+14
      531.576   5.6630962e+14
      531.604   5.6102160e+14
      531.632   5.5767150e+14
      531.660   5.5664207e+14
      531.689   5.5618050e+14
      531.717   5.5621385e+14
      531.745   5.5686934e+14
      531.773   5.5766798e+14
      531.802   5.5821102e+14
      531.830   5.5813358e+14
      531.858   5.5839776e+14
      531.887   5.5950792e+14
      531.915   5.6053192e+14
      531.943   5.6065911e+14
      531.971   5.6052620e+14
      532.000   5.6020474e+14
      532.028   5.6030562e+14
      532.056   5.6098811e+14
      532.085   5.6287053e+14
      532.113   5.6648517e+14
      532.141   5.7040732e+14
      532.170   5.7310358e+14
      532.198   5.7499765e+14
      532.226   5.7597676e+14
      532.255   5.7352737e+14
      532.283   5.6886235e+14
      532.311   5.6412353e+14
      532.340   5.5984766e+14
      532.368   5.5647349e+14
      532.396   5.5483360e+14
      532.425   5.5409884e+14
      532.453   5.5269257e+14
      532.481   5.5113984e+14
      532.510   5.4959993e+14
      532.538   5.4917336e+14
      532.566   5.5008993e+14
      532.595   5.5140901e+14
      532.623   5.4974728e+14
      532.652   5.4325400e+14
      532.680   5.3171751e+14
      532.708   5.1683908e+14
      532.737   5.0083844e+14
      532.765   4.8864355e+14
      532.793   4.8367077e+14
      532.822   4.8333411e+14
      532.850   4.8510765e+14
      532.879   4.8820663e+14
      532.907   4.9079796e+14
      532.935   4.9141835e+14
      532.964   4.9298918e+14
      532.992   4.9629337e+14
      533.021   4.9982591e+14
      533.049   5.0321336e+14
      533.077   5.0634617e+14
      533.106   5.0777174e+14
      533.134   5.0658277e+14
      533.163   5.0531832e+14
      533.191   5.0715051e+14
      533.220   5.1274668e+14
      533.248   5.2134075e+14
      533.276   5.3286645e+14
      533.305   5.4466060e+14
      533.333   5.5309880e+14
      533.362   5.5826719e+14
      533.390   5.6210143e+14
      533.419   5.6457367e+14
      533.447   5.6649704e+14
      533.476   5.6824841e+14
      533.504   5.6844813e+14
      533.532   5.6748972e+14
      533.561   5.6647046e+14
      533.589   5.6425100e+14
      533.618   5.5959536e+14
      533.646   5.5403519e+14
      533.675   5.5064854e+14
      533.703   5.5012318e+14
      533.732   5.5201825e+14
      533.760   5.5661684e+14
      533.789   5.6169482e+14
      533.817   5.6216715e+14
      533.846   5.5868896e+14
      533.874   5.5442059e+14
      533.903   5.4957182e+14
      533.931   5.4351898e+14
      533.960   5.3822036e+14
      533.988   5.3424374e+14
      534.017   5.3084573e+14
      534.045   5.2877284e+14
      534.074   5.2817073e+14
      534.102   5.2836590e+14
      534.131   5.2971822e+14
      534.159   5.3348517e+14
      534.188   5.3915500e+14
      534.217   5.4629877e+14
      534.245   5.5419959e+14
      534.274   5.6069000e+14
      534.302   5.6389836e+14
      534.331   5.6575751e+14
      534.359   5.6865225e+14
      534.388   5.7134545e+14
      534.416   5.7145449e+14
      534.445   5.7036647e+14
      534.474   5.6896414e+14
      534.502   5.6578737e+14
      534.531   5.6238800e+14
      534.559   5.6131619e+14
      534.588   5.6158126e+14
      534.616   5.6125818e+14
      534.645   5.6033680e+14
      534.674   5.5794966e+14
      534.702   5.5515330e+14
      534.731   5.5227235e+14
      534.759   5.4817420e+14
      534.788   5.4332158e+14
      534.817   5.3946150e+14
      534.845   5.3609085e+14
      534.874   5.3241813e+14
      534.902   5.2922616e+14
      534.931   5.2879657e+14
      534.960   5.3220137e+14
      534.988   5.3811798e+14
      535.017   5.4539783e+14
      535.046   5.5302225e+14
      535.074   5.5904464e+14
      535.103   5.6244730e+14
      535.131   5.6335956e+14
      535.160   5.6220088e+14
      535.189   5.6096855e+14
      535.217   5.6072859e+14
      535.246   5.6086596e+14
      535.275   5.6163558e+14
      535.303   5.6416519e+14
      535.332   5.6805473e+14
      535.361   5.7192116e+14
      535.389   5.7580455e+14
      535.418   5.7975125e+14
      535.447   5.8322198e+14
      535.475   5.8547709e+14
      535.504   5.8667195e+14
      535.533   5.8716677e+14
      535.561   5.8744573e+14
      535.590   5.8776122e+14
      535.619   5.8756488e+14
      535.647   5.8684938e+14
      535.676   5.8698547e+14
      535.705   5.8847206e+14
      535.733   5.9011067e+14
      535.762   5.9081487e+14
      535.791   5.9073041e+14
      535.820   5.9005724e+14
      535.848   5.8849992e+14
      535.877   5.8635779e+14
      535.906   5.8523098e+14
      535.934   5.8520972e+14
      535.963   5.8497478e+14
      535.992   5.8369748e+14
      536.021   5.8180184e+14
      536.049   5.8017271e+14
      536.078   5.7883021e+14
      536.107   5.7688088e+14
      536.136   5.7447779e+14
      536.164   5.7259468e+14
      536.193   5.7106297e+14
      536.222   5.6948975e+14
      536.251   5.6868813e+14
      536.279   5.6984723e+14
      536.308   5.7109885e+14
      536.337   5.7071851e+14
      536.366   5.6928337e+14
      536.394   5.6723997e+14
      536.423   5.6493514e+14
      536.452   5.6292194e+14
      536.481   5.6219026e+14
      536.509   5.6327580e+14
      536.538   5.6578608e+14
      536.567   5.6669621e+14
      536.596   5.6511864e+14
      536.625   5.6349962e+14
      536.653   5.6301137e+14
      536.682   5.6296637e+14
      536.711   5.6420082e+14
      536.740   5.6739318e+14
      536.769   5.6997263e+14
      536.797   5.6967616e+14
      536.826   5.6698931e+14
      536.855   5.6313132e+14
      536.884   5.6165001e+14
      536.913   5.6192045e+14
      536.942   5.6250943e+14
      536.970   5.6100309e+14
      536.999   5.5557444e+14
      537.028   5.4681596e+14
      537.057   5.3689418e+14
      537.086   5.2865302e+14
      537.115   5.2551242e+14
      537.143   5.2757256e+14
      537.172   5.3091155e+14
      537.201   5.3321810e+14
      537.230   5.3345020e+14
      537.259   5.3224501e+14
      537.288   5.3011302e+14
      537.317   5.2788335e+14
      537.346   5.2885022e+14
      537.374   5.3292457e+14
      537.403   5.3685567e+14
      537.432   5.4033847e+14
      537.461   5.4324295e+14
      537.490   5.4621860e+14
      537.519   5.5113450e+14
      537.548   5.5779008e+14
      537.577   5.6516704e+14
      537.606   5.7292569e+14
      537.634   5.7823869e+14
      537.663   5.7962230e+14
      537.692   5.7851314e+14
      537.721   5.7777012e+14
      537.750   5.7801067e+14
      537.779   5.7766634e+14
      537.808   5.7639140e+14
      537.837   5.7579575e+14
      537.866   5.7550742e+14
      537.895   5.7437989e+14
      537.924   5.7332903e+14
      537.953   5.7264151e+14
      537.982   5.7208398e+14
      538.010   5.7150467e+14
      538.039   5.7112728e+14
      538.068   5.7082671e+14
      538.097   5.6974279e+14
      538.126   5.6807637e+14
      538.155   5.6545210e+14
      538.184   5.6077282e+14
      538.213   5.5619062e+14
      538.242   5.5323112e+14
      538.271   5.5025059e+14
      538.300   5.4905278e+14
      538.329   5.5090660e+14
      538.358   5.5328406e+14
      538.387   5.5527725e+14
      538.416   5.5711396e+14
      538.445   5.5852786e+14
      538.474   5.5896878e+14
      538.503   5.5892462e+14
      538.532   5.5868816e+14
      538.561   5.5788072e+14
      538.590   5.5685430e+14
      538.619   5.5662061e+14
      538.648   5.5706152e+14
      538.677   5.5892876e+14
      538.706   5.6379083e+14
      538.735   5.6946430e+14
      538.764   5.7377402e+14
      538.793   5.7658079e+14
      538.822   5.7754680e+14
      538.851   5.7649717e+14
      538.880   5.7388738e+14
      538.909   5.7211812e+14
      538.938   5.7162458e+14
      538.967   5.7068987e+14
      538.996   5.6903265e+14
      539.025   5.6783332e+14
      539.055   5.6705270e+14
      539.084   5.6669434e+14
      539.113   5.6778411e+14
      539.142   5.6837057e+14
      539.171   5.6654912e+14
      539.200   5.6470378e+14
      539.229   5.6264196e+14
      539.258   5.5986601e+14
      539.287   5.5813852e+14
      539.316   5.5845494e+14
      539.345   5.5887804e+14
      539.374   5.5931019e+14
      539.403   5.6021935e+14
      539.432   5.6114640e+14
      539.462   5.6125078e+14
      539.491   5.6121784e+14
      539.520   5.6079359e+14
      539.549   5.5729861e+14
      539.578   5.5110882e+14
      539.607   5.4597657e+14
      539.636   5.3970840e+14
      539.665   5.3453343e+14
      539.695   5.3301456e+14
      539.724   5.3504352e+14
      539.753   5.3677027e+14
      539.782   5.3840233e+14
      539.811   5.3916863e+14
      539.840   5.3987874e+14
      539.869   5.3928683e+14
      539.898   5.3750847e+14
      539.928   5.3589408e+14
      539.957   5.3426663e+14
      539.986   5.3168380e+14
      540.015   5.2975921e+14
      540.044   5.2991118e+14
      540.073   5.3412214e+14
      540.103   5.4113567e+14
      540.132   5.4897688e+14
      540.161   5.5663198e+14
      540.190   5.6501804e+14
      540.219   5.6921141e+14
      540.249   5.6709932e+14
      540.278   5.6146244e+14
      540.307   5.5543604e+14
      540.336   5.4796621e+14
      540.365   5.3997302e+14
      540.394   5.3370091e+14
      540.424   5.2909481e+14
      540.453   5.2438317e+14
      540.482   5.2073405e+14
      540.511   5.1832284e+14
      540.541   5.1715084e+14
      540.570   5.1662209e+14
      540.599   5.1502404e+14
      540.628   5.1307528e+14
      540.657   5.1128375e+14
      540.687   5.0958217e+14
      540.716   5.0768922e+14
      540.745   5.0737660e+14
      540.774   5.0903382e+14
      540.804   5.1120928e+14
      540.833   5.1280160e+14
      540.862   5.1634645e+14
      540.891   5.1995705e+14
      540.921   5.2155708e+14
      540.950   5.2386954e+14
      540.979   5.2985911e+14
      541.008   5.3548259e+14
      541.038   5.4134258e+14
      541.067   5.4624480e+14
      541.096   5.5035087e+14
      541.126   5.5163079e+14
      541.155   5.5120028e+14
      541.184   5.4985988e+14
      541.213   5.4878994e+14
      541.243   5.4663239e+14
      541.272   5.4477112e+14
      541.301   5.4349852e+14
      541.331   5.4431457e+14
      541.360   5.4516547e+14
      541.389   5.4558210e+14
      541.419   5.4594331e+14
      541.448   5.4879642e+14
      541.477   5.5092693e+14
      541.506   5.5317358e+14
      541.536   5.5567443e+14
      541.565   5.5696057e+14
      541.594   5.5619372e+14
      541.624   5.5440114e+14
      541.653   5.5307169e+14
      541.682   5.5334610e+14
      541.712   5.5488627e+14
      541.741   5.5566088e+14
      541.771   5.5684422e+14
      541.800   5.5791356e+14
      541.829   5.5773287e+14
      541.859   5.5732985e+14
      541.888   5.5889958e+14
      541.917   5.6216636e+14
      541.947   5.6443120e+14
      541.976   5.6698404e+14
      542.005   5.6936147e+14
      542.035   5.6985212e+14
      542.064   5.6998169e+14
      542.094   5.7119609e+14
      542.123   5.7232631e+14
      542.152   5.7386769e+14
      542.182   5.7630078e+14
      542.211   5.7700245e+14
      542.241   5.7540565e+14
      542.270   5.7209771e+14
      542.299   5.6899203e+14
      542.329   5.6513918e+14
      542.358   5.6127606e+14
      542.388   5.5920431e+14
      542.417   5.5968780e+14
      542.446   5.6026085e+14
      542.476   5.6154118e+14
      542.505   5.6390534e+14
      542.535   5.6649729e+14
      542.564   5.6876368e+14
      542.594   5.7081656e+14
      542.623   5.7272270e+14
      542.652   5.7410136e+14
      542.682   5.7483430e+14
      542.711   5.7409656e+14
      542.741   5.7216429e+14
      542.770   5.7105067e+14
      542.800   5.6763904e+14
      542.829   5.6157531e+14
      542.859   5.5733398e+14
      542.888   5.5533962e+14
      542.918   5.5291968e+14
      542.947   5.5229685e+14
      542.977   5.5395055e+14
      543.006   5.5383505e+14
      543.036   5.5292520e+14
      543.065   5.5129530e+14
      543.095   5.4915014e+14
      543.124   5.4644897e+14
      543.154   5.4360818e+14
      543.183   5.4057813e+14
      543.213   5.3772478e+14
      543.242   5.3544009e+14
      543.272   5.3209675e+14
      543.301   5.2736749e+14
      543.331   5.2758976e+14
      543.360   5.3138958e+14
      543.390   5.3620860e+14
      543.419   5.4285696e+14
      543.449   5.5078744e+14
      543.478   5.5228474e+14
      543.508   5.5034401e+14
      543.537   5.4760793e+14
      543.567   5.4404255e+14
      543.596   5.4219567e+14
      543.626   5.4186633e+14
      543.656   5.4282117e+14
      543.685   5.4442009e+14
      543.715   5.4743276e+14
      543.744   5.4967423e+14
      543.774   5.5076096e+14
      543.803   5.5328955e+14
      543.833   5.5757289e+14
      543.863   5.6231961e+14
      543.892   5.6740052e+14
      543.922   5.7304455e+14
      543.951   5.7626214e+14
      543.981   5.7709680e+14
      544.010   5.7876415e+14
      544.040   5.8074935e+14
      544.070   5.8428886e+14
      544.099   5.8836856e+14
      544.129   5.9240498e+14
      544.158   5.9493729e+14
      544.188   5.9699563e+14
      544.218   5.9771215e+14
      544.247   5.9780588e+14
      544.277   5.9781095e+14
      544.307   5.9746326e+14
      544.336   5.9564650e+14
      544.366   5.9189316e+14
      544.395   5.8890378e+14
      544.425   5.8594803e+14
      544.455   5.8277962e+14
      544.484   5.8061767e+14
      544.514   5.7732903e+14
      544.544   5.6942213e+14
      544.573   5.6186926e+14
      544.603   5.5520499e+14
      544.633   5.4898271e+14
      544.662   5.4549605e+14
      544.692   5.4537271e+14
      544.722   5.4504881e+14
      544.751   5.4424520e+14
      544.781   5.4344253e+14
      544.811   5.4278928e+14
      544.840   5.4219802e+14
      544.870   5.4370234e+14
      544.900   5.4664047e+14
      544.929   5.4980832e+14
      544.959   5.5329172e+14
      544.989   5.5660796e+14
      545.019   5.5772409e+14
      545.048   5.6169207e+14
      545.078   5.6831102e+14
      545.108   5.7583176e+14
      545.137   5.8416370e+14
      545.167   5.9206333e+14
      545.197   5.9612209e+14
      545.227   5.9770464e+14
      545.256   5.9864857e+14
      545.286   5.9955470e+14
      545.316   6.0061957e+14
      545.345   6.0058733e+14
      545.375   5.9692882e+14
      545.405   5.8755761e+14
      545.435   5.7734359e+14
      545.464   5.6745100e+14
      545.494   5.5748357e+14
      545.524   5.5088562e+14
      545.554   5.5002776e+14
      545.583   5.5007385e+14
      545.613   5.5013882e+14
      545.643   5.5121668e+14
      545.673   5.5232762e+14
      545.703   5.5371147e+14
      545.732   5.5501048e+14
      545.762   5.5621178e+14
      545.792   5.5725427e+14
      545.822   5.5828186e+14
      545.852   5.5845818e+14
      545.881   5.5742538e+14
      545.911   5.6038395e+14
      545.941   5.6736954e+14
      545.971   5.7499156e+14
      546.001   5.8408665e+14
      546.030   5.9516087e+14
      546.060   6.0222472e+14
      546.090   6.0468870e+14
      546.120   6.0478954e+14
      546.150   6.0063133e+14
      546.179   5.9367595e+14
      546.209   5.8747983e+14
      546.239   5.8157715e+14
      546.269   5.7591065e+14
      546.299   5.7340591e+14
      546.329   5.7288106e+14
      546.359   5.7139903e+14
      546.388   5.7008382e+14
      546.418   5.6961576e+14
      546.448   5.6917763e+14
      546.478   5.6722686e+14
      546.508   5.6505376e+14
      546.538   5.6252037e+14
      546.568   5.5966239e+14
      546.597   5.5702837e+14
      546.627   5.5487235e+14
      546.657   5.5412694e+14
      546.687   5.5743161e+14
      546.717   5.6241187e+14
      546.747   5.6715848e+14
      546.777   5.7332582e+14
      546.807   5.7918460e+14
      546.837   5.8137723e+14
      546.866   5.8169217e+14
      546.896   5.8179485e+14
      546.926   5.8070519e+14
      546.956   5.7880135e+14
      546.986   5.7828816e+14
      547.016   5.7911169e+14
      547.046   5.8125431e+14
      547.076   5.8472191e+14
      547.106   5.8795562e+14
      547.136   5.9005082e+14
      547.166   5.9144020e+14
      547.196   5.9160373e+14
      547.226   5.8988907e+14
      547.255   5.8743390e+14
      547.285   5.8617870e+14
      547.315   5.8460773e+14
      547.345   5.8227016e+14
      547.375   5.8168779e+14
      547.405   5.8237986e+14
      547.435   5.8278343e+14
      547.465   5.8153655e+14
      547.495   5.7741833e+14
      547.525   5.6997733e+14
      547.555   5.6069839e+14
      547.585   5.5132222e+14
      547.615   5.4365908e+14
      547.645   5.4033475e+14
      547.675   5.3996328e+14
      547.705   5.4057534e+14
      547.735   5.4147009e+14
      547.765   5.4442848e+14
      547.795   5.4748636e+14
      547.825   5.5032504e+14
      547.855   5.5448158e+14
      547.885   5.5822043e+14
      547.915   5.5898708e+14
      547.945   5.5606187e+14
      547.975   5.5109927e+14
      548.005   5.4615417e+14
      548.035   5.4432326e+14
      548.065   5.4686495e+14
      548.095   5.5367157e+14
      548.125   5.6306145e+14
      548.155   5.7025197e+14
      548.186   5.7435876e+14
      548.216   5.7615923e+14
      548.246   5.7721918e+14
      548.276   5.7781566e+14
      548.306   5.7924325e+14
      548.336   5.8045106e+14
      548.366   5.8048177e+14
      548.396   5.7935298e+14
      548.426   5.7748645e+14
      548.456   5.7716751e+14
      548.486   5.7897491e+14
      548.516   5.8274024e+14
      548.546   5.8722581e+14
      548.576   5.9154922e+14
      548.607   5.9326544e+14
      548.637   5.9022091e+14
      548.667   5.8629932e+14
      548.697   5.8321201e+14
      548.727   5.7984402e+14
      548.757   5.7577072e+14
      548.787   5.7483678e+14
      548.817   5.7295963e+14
      548.847   5.6960241e+14
      548.878   5.6643580e+14
      548.908   5.6508529e+14
      548.938   5.6361405e+14
      548.968   5.6213059e+14
      548.998   5.6127098e+14
      549.028   5.6010479e+14
      549.058   5.5872150e+14
      549.089   5.5742351e+14
      549.119   5.5647716e+14
      549.149   5.5804538e+14
      549.179   5.6191462e+14
      549.209   5.6470766e+14
      549.239   5.6467830e+14
      549.269   5.6586729e+14
      549.300   5.6518749e+14
      549.330   5.6311611e+14
      549.360   5.6254960e+14
      549.390   5.6522599e+14
      549.420   5.6691001e+14
      549.451   5.6864665e+14
      549.481   5.7075055e+14
      549.511   5.7149381e+14
      549.541   5.7238813e+14
      549.571   5.7194260e+14
      549.602   5.6765348e+14
      549.632   5.6438291e+14
      549.662   5.6247614e+14
      549.692   5.5970596e+14
      549.722   5.5781379e+14
      549.753   5.6168196e+14
      549.783   5.6595410e+14
      549.813   5.7115646e+14
      549.843   5.7733757e+14
      549.874   5.8382540e+14
      549.904   5.8820827e+14
      549.934   5.9128425e+14
      549.964   5.9182383e+14
      549.995   5.8736963e+14
      550.025   5.8374745e+14
      550.055   5.7965059e+14
      550.085   5.7371694e+14
      550.116   5.7274953e+14
      550.146   5.7719717e+14
      550.176   5.8000194e+14
      550.206   5.8312119e+14
      550.237   5.8787939e+14
      550.267   5.8898110e+14
      550.297   5.8875635e+14
      550.327   5.8815095e+14
      550.358   5.8656736e+14
      550.388   5.8551749e+14
      550.418   5.8353064e+14
      550.449   5.7996983e+14
      550.479   5.7489938e+14
      550.509   5.7232814e+14
      550.540   5.6864220e+14
      550.570   5.6690175e+14
      550.600   5.6742546e+14
      550.630   5.7040734e+14
      550.661   5.7229905e+14
      550.691   5.7510909e+14
      550.721   5.7634403e+14
      550.752   5.7717182e+14
      550.782   5.7767812e+14
      550.812   5.7686585e+14
      550.843   5.7496869e+14
      550.873   5.7502728e+14
      550.904   5.7415223e+14
      550.934   5.7269522e+14
      550.964   5.7361282e+14
      550.995   5.7569036e+14
      551.025   5.7658312e+14
      551.055   5.7959977e+14
      551.086   5.8111082e+14
      551.116   5.8068743e+14
      551.146   5.7803352e+14
      551.177   5.7460265e+14
      551.207   5.6955417e+14
      551.238   5.6670660e+14
      551.268   5.6317977e+14
      551.298   5.5938914e+14
      551.329   5.5695529e+14
      551.359   5.5588559e+14
      551.390   5.5471680e+14
      551.420   5.5428261e+14
      551.450   5.5659466e+14
      551.481   5.5803283e+14
      551.511   5.5713845e+14
      551.542   5.5533952e+14
      551.572   5.5351822e+14
      551.602   5.5335943e+14
      551.633   5.5401030e+14
      551.663   5.5748635e+14
      551.694   5.6340206e+14
      551.724   5.7045956e+14
      551.755   5.7522251e+14
      551.785   5.7894565e+14
      551.815   5.8284506e+14
      551.846   5.8581566e+14
      551.876   5.8807041e+14
      551.907   5.9026887e+14
      551.937   5.9219384e+14
      551.968   5.9071058e+14
      551.998   5.8807745e+14
      552.029   5.8665744e+14
      552.059   5.8627901e+14
      552.090   5.8525889e+14
      552.120   5.8618369e+14
      552.151   5.8707341e+14
      552.181   5.8710715e+14
      552.212   5.8692962e+14
      552.242   5.8777601e+14
      552.273   5.8735900e+14
      552.303   5.8687726e+14
      552.334   5.8533812e+14
      552.364   5.8338544e+14
      552.395   5.8007477e+14
      552.425   5.7776666e+14
      552.456   5.7546536e+14
      552.486   5.7510420e+14
      552.517   5.7420401e+14
      552.547   5.7457076e+14
      552.578   5.7253579e+14
      552.608   5.7237147e+14
      552.639   5.7092180e+14
      552.669   5.6717999e+14
      552.700   5.6114171e+14
      552.731   5.5764281e+14
      552.761   5.5246722e+14
      552.792   5.4833616e+14
      552.822   5.4679571e+14
      552.853   5.4861909e+14
      552.883   5.4935803e+14
      552.914   5.5105427e+14
      552.944   5.5308056e+14
      552.975   5.5556343e+14
      553.006   5.5623392e+14
      553.036   5.5805374e+14
      553.067   5.5916715e+14
      553.097   5.6041333e+14
      553.128   5.5951366e+14
      553.159   5.5958267e+14
      553.189   5.5990579e+14
      553.220   5.6380160e+14
      553.250   5.6830141e+14
      553.281   5.7540875e+14
      553.312   5.8107391e+14
      553.342   5.8362186e+14
      553.373   5.8169925e+14
      553.403   5.7718692e+14
      553.434   5.7357442e+14
      553.465   5.7139575e+14
      553.495   5.7080499e+14
      553.526   5.7047039e+14
      553.557   5.7164308e+14
      553.587   5.7091244e+14
      553.618   5.6822548e+14
      553.649   5.6870520e+14
      553.679   5.7049416e+14
      553.710   5.7178876e+14
      553.740   5.7337731e+14
      553.771   5.7578480e+14
      553.802   5.7461729e+14
      553.833   5.7176229e+14
      553.863   5.7055090e+14
      553.894   5.7075725e+14
      553.925   5.7377343e+14
      553.955   5.7780466e+14
      553.986   5.8278903e+14
      554.017   5.8621993e+14
      554.047   5.8881371e+14
      554.078   5.8982111e+14
      554.109   5.9031143e+14
      554.139   5.9100764e+14
      554.170   5.9010791e+14
      554.201   5.8927192e+14
      554.232   5.8684159e+14
      554.262   5.8449225e+14
      554.293   5.8216492e+14
      554.324   5.8153519e+14
      554.354   5.8149175e+14
      554.385   5.8354001e+14
      554.416   5.8581673e+14
      554.447   5.8737847e+14
      554.477   5.8820269e+14
      554.508   5.8685783e+14
      554.539   5.8457528e+14
      554.570   5.8277340e+14
      554.600   5.8142701e+14
      554.631   5.8007845e+14
      554.662   5.7960660e+14
      554.693   5.8096767e+14
      554.723   5.8172801e+14
      554.754   5.8383845e+14
      554.785   5.8622003e+14
      554.816   5.8835216e+14
      554.847   5.8887344e+14
      554.877   5.8953695e+14
      554.908   5.8905321e+14
      554.939   5.8862112e+14
      554.970   5.8869466e+14
      555.001   5.8844242e+14
      555.031   5.8800804e+14
      555.062   5.8860454e+14
      555.093   5.8970694e+14
      555.124   5.9076979e+14
      555.155   5.9197903e+14
      555.185   5.9154464e+14
      555.216   5.8894448e+14
      555.247   5.8675548e+14
      555.278   5.8470641e+14
      555.309   5.8226392e+14
      555.340   5.7924491e+14
      555.370   5.7756876e+14
      555.401   5.7636927e+14
      555.432   5.7512691e+14
      555.463   5.7396974e+14
      555.494   5.7547755e+14
      555.525   5.7625368e+14
      555.556   5.7670363e+14
      555.586   5.7758240e+14
      555.617   5.7841984e+14
      555.648   5.7684149e+14
      555.679   5.7591270e+14
      555.710   5.7498077e+14
      555.741   5.7575414e+14
      555.772   5.7784554e+14
      555.803   5.8147812e+14
      555.833   5.8296186e+14
      555.864   5.8431262e+14
      555.895   5.8636542e+14
      555.926   5.8843068e+14
      555.957   5.9093867e+14
      555.988   5.9581568e+14
      556.019   5.9948749e+14
      556.050   5.9816860e+14
      556.081   5.9617487e+14
      556.112   5.9194920e+14
      556.143   5.8731990e+14
      556.174   5.8465034e+14
      556.204   5.8099299e+14
      556.235   5.7735466e+14
      556.266   5.7678819e+14
      556.297   5.7589788e+14
      556.328   5.7351396e+14
      556.359   5.7368634e+14
      556.390   5.7396256e+14
      556.421   5.7162082e+14
      556.452   5.7027171e+14
      556.483   5.6913926e+14
      556.514   5.6844669e+14
      556.545   5.6603065e+14
      556.576   5.6469911e+14
      556.607   5.6271046e+14
      556.638   5.6234129e+14
      556.669   5.6238469e+14
      556.700   5.6230581e+14
      556.731   5.6578500e+14
      556.762   5.6981183e+14
      556.793   5.6913420e+14
      556.824   5.6749637e+14
      556.855   5.6782750e+14
      556.886   5.6507036e+14
      556.917   5.6114176e+14
      556.948   5.6288843e+14
      556.979   5.6615827e+14
      557.010   5.6878306e+14
      557.041   5.7149956e+14
      557.072   5.7273287e+14
      557.103   5.7181892e+14
      557.134   5.6612639e+14
      557.165   5.6150399e+14
      557.196   5.5819355e+14
      557.227   5.5639116e+14
      557.258   5.5261499e+14
      557.289   5.5275520e+14
      557.320   5.5386553e+14
      557.351   5.5499740e+14
      557.383   5.5711298e+14
      557.414   5.5932872e+14
      557.445   5.5876836e+14
      557.476   5.5687636e+14
      557.507   5.5415147e+14
      557.538   5.5014338e+14
      557.569   5.4708698e+14
      557.600   5.4667883e+14
      557.631   5.4486204e+14
      557.662   5.4707200e+14
      557.693   5.5139222e+14
      557.724   5.5497790e+14
      557.756   5.5871522e+14
      557.787   5.6407221e+14
      557.818   5.6451337e+14
      557.849   5.6275507e+14
      557.880   5.6342290e+14
      557.911   5.6415216e+14
      557.942   5.6352103e+14
      557.973   5.6628490e+14
      558.005   5.6953436e+14
      558.036   5.6811587e+14
      558.067   5.6847780e+14
      558.098   5.7072464e+14
      558.129   5.7026224e+14
      558.160   5.6965876e+14
      558.191   5.7189076e+14
      558.223   5.7176053e+14
      558.254   5.7086589e+14
      558.285   5.6964596e+14
      558.316   5.6758892e+14
      558.347   5.6671524e+14
      558.378   5.6737774e+14
      558.410   5.6706931e+14
      558.441   5.6722283e+14
      558.472   5.6723832e+14
      558.503   5.6251193e+14
      558.534   5.5479104e+14
      558.566   5.5242632e+14
      558.597   5.4948056e+14
      558.628   5.4631043e+14
      558.659   5.4719908e+14
      558.690   5.4948092e+14
      558.722   5.4295426e+14
      558.753   5.3773609e+14
      558.784   5.3447523e+14
      558.815   5.3124470e+14
      558.847   5.2790433e+14
      558.878   5.2953510e+14
      558.909   5.3033722e+14
      558.940   5.3181787e+14
      558.971   5.3276763e+14
      559.003   5.3265250e+14
      559.034   5.3448659e+14
      559.065   5.3855616e+14
      559.096   5.4010215e+14
      559.128   5.4551515e+14
      559.159   5.4949374e+14
      559.190   5.5175288e+14
      559.222   5.5363232e+14
      559.253   5.5816166e+14
      559.284   5.5993929e+14
      559.315   5.5923208e+14
      559.347   5.5813249e+14
      559.378   5.5871541e+14
      559.409   5.5749194e+14
      559.441   5.5797122e+14
      559.472   5.5973400e+14
      559.503   5.6191488e+14
      559.534   5.6248271e+14
      559.566   5.6296847e+14
      559.597   5.6541711e+14
      559.628   5.6861890e+14
      559.660   5.6984270e+14
      559.691   5.6818275e+14
      559.722   5.6574191e+14
      559.754   5.6232431e+14
      559.785   5.5866253e+14
      559.816   5.5892616e+14
      559.848   5.6275370e+14
      559.879   5.6682970e+14
      559.910   5.7001443e+14
      559.942   5.7235801e+14
      559.973   5.7086040e+14
      560.004   5.6832023e+14
      560.036   5.6600514e+14
      560.067   5.6364590e+14
      560.099   5.5983568e+14
      560.130   5.5333931e+14
      560.161   5.4642395e+14
      560.193   5.4132965e+14
      560.224   5.3900247e+14
      560.255   5.3844078e+14
      560.287   5.4176534e+14
      560.318   5.4596001e+14
      560.350   5.4861760e+14
      560.381   5.4964697e+14
      560.412   5.5072256e+14
      560.444   5.5177151e+14
      560.475   5.5320735e+14
      560.507   5.5594292e+14
      560.538   5.5774839e+14
      560.570   5.5896094e+14
      560.601   5.6013579e+14
      560.632   5.6228038e+14
      560.664   5.6651908e+14
      560.695   5.7124989e+14
      560.727   5.7582810e+14
      560.758   5.8033200e+14
      560.790   5.8336255e+14
      560.821   5.8274701e+14
      560.852   5.8152797e+14
      560.884   5.8063298e+14
      560.915   5.7985712e+14
      560.947   5.7912219e+14
      560.978   5.7834309e+14
      561.010   5.7747639e+14
      561.041   5.7669374e+14
      561.073   5.7602905e+14
      561.104   5.7688802e+14
      561.136   5.7831792e+14
      561.167   5.7984251e+14
      561.199   5.8126045e+14
      561.230   5.8267753e+14
      561.262   5.8416046e+14
      561.293   5.8552245e+14
      561.325   5.8591482e+14
      561.356   5.8430627e+14
      561.388   5.7954596e+14
      561.419   5.7209047e+14
      561.451   5.6403721e+14
      561.482   5.5677127e+14
      561.514   5.5128395e+14
      561.545   5.4791290e+14
      561.577   5.4663563e+14
      561.608   5.4594304e+14
      561.640   5.4544248e+14
      561.672   5.4496959e+14
      561.703   5.4429219e+14
      561.735   5.4354776e+14
      561.766   5.4200986e+14
      561.798   5.3971407e+14
      561.829   5.3738934e+14
      561.861   5.3691276e+14
      561.892   5.3841545e+14
      561.924   5.4379029e+14
      561.956   5.5220723e+14
      561.987   5.6010907e+14
      562.019   5.6649782e+14
      562.050   5.7169234e+14
      562.082   5.7491991e+14
      562.114   5.7519804e+14
      562.145   5.7576832e+14
      562.177   5.7698770e+14
      562.208   5.7818770e+14
      562.240   5.7848449e+14
      562.272   5.7785853e+14
      562.303   5.7620983e+14
      562.335   5.7439220e+14
      562.366   5.7229864e+14
      562.398   5.7034787e+14
      562.430   5.6952982e+14
      562.461   5.6971112e+14
      562.493   5.7054169e+14
      562.525   5.7280203e+14
      562.556   5.7544770e+14
      562.588   5.7718966e+14
      562.620   5.7866317e+14
      562.651   5.7965416e+14
      562.683   5.7882695e+14
      562.715   5.7672407e+14
      562.746   5.7504627e+14
      562.778   5.7457090e+14
      562.810   5.7543612e+14
      562.841   5.7884006e+14
      562.873   5.8363554e+14
      562.905   5.8874678e+14
      562.936   5.9314367e+14
      562.968   5.9642043e+14
      563.000   5.9742624e+14
      563.031   5.9751240e+14
      563.063   5.9713598e+14
      563.095   5.9671316e+14
      563.127   5.9645729e+14
      563.158   5.9599013e+14
      563.190   5.9550533e+14
      563.222   5.9488446e+14
      563.253   5.9374327e+14
      563.285   5.9214527e+14
      563.317   5.9094601e+14
      563.349   5.8987020e+14
      563.380   5.8885526e+14
      563.412   5.8779165e+14
      563.444   5.8662581e+14
      563.475   5.8519922e+14
      563.507   5.8334662e+14
      563.539   5.8114734e+14
      563.571   5.7922619e+14
      563.603   5.7760193e+14
      563.634   5.7604443e+14
      563.666   5.7381649e+14
      563.698   5.7184506e+14
      563.730   5.7037469e+14
      563.761   5.6938584e+14
      563.793   5.6916838e+14
      563.825   5.7036190e+14
      563.857   5.7174737e+14
      563.889   5.7240883e+14
      563.920   5.7239472e+14
      563.952   5.7157694e+14
      563.984   5.6913704e+14
      564.016   5.6615519e+14
      564.048   5.6419764e+14
      564.079   5.6303154e+14
      564.111   5.6201484e+14
      564.143   5.6197012e+14
      564.175   5.6296262e+14
      564.207   5.6440428e+14
      564.239   5.6451147e+14
      564.270   5.6453096e+14
      564.302   5.6553619e+14
      564.334   5.6607083e+14
      564.366   5.6534495e+14
      564.398   5.6503090e+14
      564.430   5.6505442e+14
      564.462   5.6481472e+14
      564.493   5.6559011e+14
      564.525   5.6801777e+14
      564.557   5.7104048e+14
      564.589   5.7391792e+14
      564.621   5.7658182e+14
      564.653   5.7840324e+14
      564.685   5.7873113e+14
      564.716   5.7860574e+14
      564.748   5.7911034e+14
      564.780   5.8041466e+14
      564.812   5.8096280e+14
      564.844   5.8038279e+14
      564.876   5.7940894e+14
      564.908   5.7752992e+14
      564.940   5.7494997e+14
      564.972   5.7289371e+14
      565.004   5.7180507e+14
      565.036   5.7077143e+14
      565.068   5.6958570e+14
      565.099   5.6836477e+14
      565.131   5.6793860e+14
      565.163   5.6767060e+14
      565.195   5.6771263e+14
      565.227   5.6796251e+14
      565.259   5.6789599e+14
      565.291   5.6760622e+14
      565.323   5.6688510e+14
      565.355   5.6581025e+14
      565.387   5.6416753e+14
      565.419   5.6267038e+14
      565.451   5.6207913e+14
      565.483   5.6253670e+14
      565.515   5.6378877e+14
      565.547   5.6610232e+14
      565.579   5.6893135e+14
      565.611   5.7084826e+14
      565.643   5.7145540e+14
      565.675   5.6977171e+14
      565.707   5.6432221e+14
      565.739   5.5653445e+14
      565.771   5.4899718e+14
      565.803   5.4150873e+14
      565.835   5.3592597e+14
      565.867   5.3502210e+14
      565.899   5.3661186e+14
      565.931   5.3823292e+14
      565.963   5.4047836e+14
      565.995   5.4284520e+14
      566.027   5.4388597e+14
      566.059   5.4359429e+14
      566.091   5.4109692e+14
      566.123   5.3668860e+14
      566.155   5.3164293e+14
      566.187   5.2794508e+14
      566.219   5.2794127e+14
      566.251   5.3316729e+14
      566.283   5.4115348e+14
      566.316   5.4978788e+14
      566.348   5.5800598e+14
      566.380   5.6277801e+14
      566.412   5.6441739e+14
      566.444   5.6634916e+14
      566.476   5.6843980e+14
      566.508   5.6922794e+14
      566.540   5.6955297e+14
      566.572   5.6942101e+14
      566.604   5.6817893e+14
      566.636   5.6754929e+14
      566.669   5.6855945e+14
      566.701   5.7048921e+14
      566.733   5.7249072e+14
      566.765   5.7398554e+14
      566.797   5.7334361e+14
      566.829   5.7095649e+14
      566.861   5.6841051e+14
      566.893   5.6643661e+14
      566.926   5.6509513e+14
      566.958   5.6447107e+14
      566.990   5.6438840e+14
      567.022   5.6464120e+14
      567.054   5.6531377e+14
      567.086   5.6603621e+14
      567.118   5.6738735e+14
      567.151   5.7046398e+14
      567.183   5.7368625e+14
      567.215   5.7624585e+14
      567.247   5.7855361e+14
      567.279   5.8014241e+14
      567.312   5.8118451e+14
      567.344   5.8281417e+14
      567.376   5.8403915e+14
      567.408   5.8429600e+14
      567.440   5.8470225e+14
      567.472   5.8501517e+14
      567.505   5.8432940e+14
      567.537   5.8421557e+14
      567.569   5.8525733e+14
      567.601   5.8578836e+14
      567.633   5.8569332e+14
      567.666   5.8578309e+14
      567.698   5.8558206e+14
      567.730   5.8412548e+14
      567.762   5.8213595e+14
      567.795   5.8067377e+14
      567.827   5.7934130e+14
      567.859   5.7753505e+14
      567.891   5.7690027e+14
      567.924   5.7827044e+14
      567.956   5.7974577e+14
      567.988   5.8087521e+14
      568.020   5.8247872e+14
      568.053   5.8296101e+14
      568.085   5.8049019e+14
      568.117   5.7690603e+14
      568.150   5.7359998e+14
      568.182   5.7054816e+14
      568.214   5.6817585e+14
      568.246   5.6763681e+14
      568.279   5.6759152e+14
      568.311   5.6688083e+14
      568.343   5.6628246e+14
      568.376   5.6632117e+14
      568.408   5.6674263e+14
      568.440   5.6720157e+14
      568.473   5.6709374e+14
      568.505   5.6578692e+14
      568.537   5.6356268e+14
      568.569   5.6128203e+14
      568.602   5.6062158e+14
      568.634   5.6169189e+14
      568.666   5.6273745e+14
      568.699   5.6331584e+14
      568.731   5.6295708e+14
      568.763   5.6080986e+14
      568.796   5.5880067e+14
      568.828   5.5866002e+14
      568.861   5.5929465e+14
      568.893   5.5988143e+14
      568.925   5.6058694e+14
      568.958   5.6027567e+14
      568.990   5.5903287e+14
      569.022   5.5855083e+14
      569.055   5.5953846e+14
      569.087   5.6074059e+14
      569.120   5.6121321e+14
      569.152   5.6158476e+14
      569.184   5.6285600e+14
      569.217   5.6450948e+14
      569.249   5.6696504e+14
      569.282   5.7082461e+14
      569.314   5.7483050e+14
      569.346   5.7669340e+14
      569.379   5.7678289e+14
      569.411   5.7621185e+14
      569.444   5.7515425e+14
      569.476   5.7409553e+14
      569.508   5.7436182e+14
      569.541   5.7579519e+14
      569.573   5.7713689e+14
      569.606   5.7831109e+14
      569.638   5.7975316e+14
      569.671   5.7992101e+14
      569.703   5.7874009e+14
      569.736   5.7765709e+14
      569.768   5.7666349e+14
      569.801   5.7542698e+14
      569.833   5.7488345e+14
      569.866   5.7506981e+14
      569.898   5.7547705e+14
      569.930   5.7614398e+14
      569.963   5.7655869e+14
      569.995   5.7521732e+14
      570.028   5.7240027e+14
      570.060   5.6937523e+14
      570.093   5.6566247e+14
      570.125   5.6212031e+14
      570.158   5.6018725e+14
      570.190   5.6023704e+14
      570.223   5.6092954e+14
      570.255   5.6246922e+14
      570.288   5.6428246e+14
      570.321   5.6604273e+14
      570.353   5.6713851e+14
      570.386   5.6725235e+14
      570.418   5.6585300e+14
      570.451   5.6366223e+14
      570.483   5.6137628e+14
      570.516   5.6065376e+14
      570.548   5.6129856e+14
      570.581   5.6311273e+14
      570.613   5.6622269e+14
      570.646   5.6892387e+14
      570.679   5.6863698e+14
      570.711   5.6695799e+14
      570.744   5.6541152e+14
      570.776   5.6096879e+14
      570.809   5.5482218e+14
      570.841   5.5074174e+14
      570.874   5.4686241e+14
      570.907   5.4258145e+14
      570.939   5.4045517e+14
      570.972   5.4050786e+14
      571.004   5.4003207e+14
      571.037   5.3816820e+14
      571.070   5.3618193e+14
      571.102   5.3505994e+14
      571.135   5.3390725e+14
      571.167   5.3300438e+14
      571.200   5.3501189e+14
      571.233   5.3813260e+14
      571.265   5.4009899e+14
      571.298   5.4437422e+14
      571.331   5.4971610e+14
      571.363   5.5292824e+14
      571.396   5.5528540e+14
      571.429   5.5796580e+14
      571.461   5.5978936e+14
      571.494   5.6109006e+14
      571.527   5.6358916e+14
      571.559   5.6796363e+14
      571.592   5.7352821e+14
      571.625   5.7712949e+14
      571.657   5.7895754e+14
      571.690   5.8032547e+14
      571.723   5.7981090e+14
      571.755   5.7826304e+14
      571.788   5.7732154e+14
      571.821   5.7688827e+14
      571.853   5.7721361e+14
      571.886   5.7850959e+14
      571.919   5.7958603e+14
      571.952   5.8032988e+14
      571.984   5.8144016e+14
      572.017   5.8142757e+14
      572.050   5.8033830e+14
      572.082   5.7941122e+14
      572.115   5.7867023e+14
      572.148   5.7889617e+14
      572.181   5.8059155e+14
      572.213   5.8275407e+14
      572.246   5.8506209e+14
      572.279   5.8753994e+14
      572.312   5.8900999e+14
      572.344   5.8951823e+14
      572.377   5.8968824e+14
      572.410   5.8965085e+14
      572.443   5.9014442e+14
      572.475   5.9107679e+14
      572.508   5.9202280e+14
      572.541   5.9288722e+14
      572.574   5.9358513e+14
      572.607   5.9393759e+14
      572.639   5.9391528e+14
      572.672   5.9386557e+14
      572.705   5.9386608e+14
      572.738   5.9402053e+14
      572.770   5.9397000e+14
      572.803   5.9402394e+14
      572.836   5.9407792e+14
      572.869   5.9416336e+14
      572.902   5.9431784e+14
      572.935   5.9447872e+14
      572.967   5.9433373e+14
      573.000   5.9319945e+14
      573.033   5.9106209e+14
      573.066   5.8947787e+14
      573.099   5.8802859e+14
      573.132   5.8667352e+14
      573.164   5.8623541e+14
      573.197   5.8688322e+14
      573.230   5.8701538e+14
      573.263   5.8711921e+14
      573.296   5.8734258e+14
      573.329   5.8760056e+14
      573.362   5.8780512e+14
      573.394   5.8796773e+14
      573.427   5.8803388e+14
      573.460   5.8792072e+14
      573.493   5.8736382e+14
      573.526   5.8714995e+14
      573.559   5.8749296e+14
      573.592   5.8828599e+14
      573.625   5.8955760e+14
      573.658   5.9155315e+14
      573.691   5.9298231e+14
      573.724   5.9342020e+14
      573.756   5.9333135e+14
      573.789   5.9279033e+14
      573.822   5.9154077e+14
      573.855   5.9020288e+14
      573.888   5.8944737e+14
      573.921   5.8877056e+14
      573.954   5.8813762e+14
      573.987   5.8769050e+14
      574.020   5.8732832e+14
      574.053   5.8690308e+14
      574.086   5.8697547e+14
      574.119   5.8706048e+14
      574.152   5.8705091e+14
      574.185   5.8721475e+14
      574.218   5.8749825e+14
      574.251   5.8775019e+14
      574.284   5.8822286e+14
      574.317   5.8917132e+14
      574.350   5.9092653e+14
      574.383   5.9285850e+14
      574.416   5.9435583e+14
      574.449   5.9568616e+14
      574.482   5.9687172e+14
      574.515   5.9736077e+14
      574.548   5.9800121e+14
      574.581   5.9831070e+14
      574.614   5.9700288e+14
      574.647   5.9475219e+14
      574.680   5.9289221e+14
      574.713   5.9073562e+14
      574.746   5.8898232e+14
      574.779   5.8862917e+14
      574.812   5.8912427e+14
      574.845   5.8941753e+14
      574.878   5.8953424e+14
      574.911   5.8955638e+14
      574.944   5.8974243e+14
      574.977   5.8989386e+14
      575.010   5.8990296e+14
      575.043   5.8930517e+14
      575.076   5.8784270e+14
      575.109   5.8684397e+14
      575.142   5.8627428e+14
      575.175   5.8387727e+14
      575.208   5.8144220e+14
      575.242   5.7951273e+14
      575.275   5.7673626e+14
      575.308   5.7291139e+14
      575.341   5.7005840e+14
      575.374   5.6767862e+14
      575.407   5.6535220e+14
      575.440   5.6360017e+14
      575.473   5.6264052e+14
      575.506   5.6214483e+14
      575.540   5.6160585e+14
      575.573   5.6208906e+14
      575.606   5.6283127e+14
      575.639   5.6309343e+14
      575.672   5.6460960e+14
      575.705   5.6814442e+14
      575.738   5.7226386e+14
      575.771   5.7639963e+14
      575.805   5.8150042e+14
      575.838   5.8655341e+14
      575.871   5.8972693e+14
      575.904   5.9116621e+14
      575.937   5.9183144e+14
      575.971   5.9191310e+14
      576.004   5.9054647e+14
      576.037   5.8900254e+14
      576.070   5.8731309e+14
      576.103   5.8484277e+14
      576.136   5.8111083e+14
      576.170   5.7635530e+14
      576.203   5.7237912e+14
      576.236   5.6911063e+14
      576.269   5.6696420e+14
      576.302   5.6647122e+14
      576.336   5.6755697e+14
      576.369   5.6791142e+14
      576.402   5.6842081e+14
      576.435   5.6986009e+14
      576.469   5.7156304e+14
      576.502   5.7348026e+14
      576.535   5.7582153e+14
      576.568   5.7769815e+14
      576.602   5.7909183e+14
      576.635   5.8023488e+14
      576.668   5.8292825e+14
      576.701   5.8652363e+14
      576.735   5.9023756e+14
      576.768   5.9314400e+14
      576.801   5.9476589e+14
      576.834   5.9389728e+14
      576.868   5.9204851e+14
      576.901   5.9031876e+14
      576.934   5.8898775e+14
      576.967   5.8850795e+14
      577.001   5.8852626e+14
      577.034   5.8800300e+14
      577.067   5.8663124e+14
      577.101   5.8535850e+14
      577.134   5.8429981e+14
      577.167   5.8350697e+14
      577.201   5.8310783e+14
      577.234   5.8340114e+14
      577.267   5.8314977e+14
      577.301   5.8299438e+14
      577.334   5.8301840e+14
      577.367   5.8261486e+14
      577.401   5.8286177e+14
      577.434   5.8356388e+14
      577.467   5.8382553e+14
      577.501   5.8378737e+14
      577.534   5.8410623e+14
      577.567   5.8449802e+14
      577.601   5.8528071e+14
      577.634   5.8630638e+14
      577.667   5.8706289e+14
      577.701   5.8744331e+14
      577.734   5.8717287e+14
      577.768   5.8676080e+14
      577.801   5.8658854e+14
      577.834   5.8637173e+14
      577.868   5.8732298e+14
      577.901   5.8776910e+14
      577.934   5.8707674e+14
      577.968   5.8610312e+14
      578.001   5.8540091e+14
      578.035   5.8306635e+14
      578.068   5.8027986e+14
      578.102   5.7866796e+14
      578.135   5.7672155e+14
      578.168   5.7386756e+14
      578.202   5.7221361e+14
      578.235   5.7120240e+14
      578.269   5.7005902e+14
      578.302   5.6895242e+14
      578.336   5.6738019e+14
      578.369   5.6398494e+14
      578.402   5.6048760e+14
      578.436   5.5728608e+14
      578.469   5.5540373e+14
      578.503   5.5508417e+14
      578.536   5.5638905e+14
      578.570   5.5939713e+14
      578.603   5.6234406e+14
      578.637   5.6359993e+14
      578.670   5.6475637e+14
      578.704   5.6619992e+14
      578.737   5.6715031e+14
      578.771   5.6823203e+14
      578.804   5.6997048e+14
      578.838   5.7178955e+14
      578.871   5.7422402e+14
      578.905   5.7661243e+14
      578.938   5.7858044e+14
      578.972   5.7989211e+14
      579.005   5.8083948e+14
      579.039   5.8085976e+14
      579.072   5.8023723e+14
      579.106   5.7924358e+14
      579.139   5.7868443e+14
      579.173   5.7841211e+14
      579.206   5.7831060e+14
      579.240   5.7748516e+14
      579.274   5.7708877e+14
      579.307   5.7700630e+14
      579.341   5.7672425e+14
      579.374   5.7604717e+14
      579.408   5.7581278e+14
      579.441   5.7520547e+14
      579.475   5.7566423e+14
      579.509   5.7745237e+14
      579.542   5.7984414e+14
      579.576   5.8232286e+14
      579.609   5.8444794e+14
      579.643   5.8429658e+14
      579.677   5.8281874e+14
      579.710   5.8123490e+14
      579.744   5.8058703e+14
      579.777   5.8102315e+14
      579.811   5.8273914e+14
      579.845   5.8440766e+14
      579.878   5.8555678e+14
      579.912   5.8585728e+14
      579.945   5.8560000e+14
      579.979   5.8521627e+14
      580.013   5.8492484e+14
      580.046   5.8479477e+14
      580.080   5.8467835e+14
      580.114   5.8447587e+14
      580.147   5.8479142e+14
      580.181   5.8647679e+14
      580.215   5.8813678e+14
      580.248   5.8934078e+14
      580.282   5.9032609e+14
      580.316   5.9050284e+14
      580.349   5.8922980e+14
      580.383   5.8718696e+14
      580.417   5.8574254e+14
      580.450   5.8457743e+14
      580.484   5.8326012e+14
      580.518   5.8134070e+14
      580.552   5.8036714e+14
      580.585   5.7924286e+14
      580.619   5.7780402e+14
      580.653   5.7605276e+14
      580.686   5.7536455e+14
      580.720   5.7447957e+14
      580.754   5.7332374e+14
      580.788   5.7200525e+14
      580.821   5.7236180e+14
      580.855   5.7262053e+14
      580.889   5.7365363e+14
      580.922   5.7554337e+14
      580.956   5.7817981e+14
      580.990   5.7965958e+14
      581.024   5.8183930e+14
      581.058   5.8364700e+14
      581.091   5.8501409e+14
      581.125   5.8593588e+14
      581.159   5.8777600e+14
      581.193   5.8906789e+14
      581.226   5.8959379e+14
      581.260   5.8929796e+14
      581.294   5.9040839e+14
      581.328   5.9080779e+14
      581.362   5.9083727e+14
      581.395   5.9112099e+14
      581.429   5.9189045e+14
      581.463   5.9026772e+14
      581.497   5.8712322e+14
      581.531   5.8447918e+14
      581.564   5.8242094e+14
      581.598   5.8071117e+14
      581.632   5.8024232e+14
      581.666   5.8136566e+14
      581.700   5.8210937e+14
      581.734   5.8232662e+14
      581.767   5.8296105e+14
      581.801   5.8365392e+14
      581.835   5.8464048e+14
      581.869   5.8594313e+14
      581.903   5.8764812e+14
      581.937   5.8859675e+14
      581.971   5.8937947e+14
      582.004   5.9155652e+14
      582.038   5.9421680e+14
      582.072   5.9646867e+14
      582.106   5.9857711e+14
      582.140   6.0087098e+14
      582.174   6.0120117e+14
      582.208   6.0021878e+14
      582.242   5.9880517e+14
      582.276   5.9792477e+14
      582.309   5.9699860e+14
      582.343   5.9625533e+14
      582.377   5.9598798e+14
      582.411   5.9617102e+14
      582.445   5.9614000e+14
      582.479   5.9607708e+14
      582.513   5.9599815e+14
      582.547   5.9578179e+14
      582.581   5.9548232e+14
      582.615   5.9546724e+14
      582.649   5.9540104e+14
      582.683   5.9530924e+14
      582.717   5.9539003e+14
      582.751   5.9620918e+14
      582.785   5.9707638e+14
      582.818   5.9801945e+14
      582.852   5.9888687e+14
      582.886   5.9956569e+14
      582.920   5.9901366e+14
      582.954   5.9700350e+14
      582.988   5.9522974e+14
      583.022   5.9317361e+14
      583.056   5.9144470e+14
      583.090   5.9036155e+14
      583.124   5.9037851e+14
      583.158   5.9037309e+14
      583.192   5.9085389e+14
      583.226   5.9086771e+14
      583.260   5.9044966e+14
      583.294   5.9030667e+14
      583.328   5.8985007e+14
      583.363   5.8889211e+14
      583.397   5.8779856e+14
      583.431   5.8685854e+14
      583.465   5.8687529e+14
      583.499   5.8741369e+14
      583.533   5.8889001e+14
      583.567   5.9092988e+14
      583.601   5.9308202e+14
      583.635   5.9380349e+14
      583.669   5.9391987e+14
      583.703   5.9295727e+14
      583.737   5.9184727e+14
      583.771   5.9133594e+14
      583.805   5.9120239e+14
      583.839   5.9079020e+14
      583.873   5.9025625e+14
      583.907   5.9047816e+14
      583.942   5.9048654e+14
      583.976   5.9051309e+14
      584.010   5.9097854e+14
      584.044   5.9211034e+14
      584.078   5.9240609e+14
      584.112   5.9227570e+14
      584.146   5.9223502e+14
      584.180   5.9197004e+14
      584.215   5.9230216e+14
      584.249   5.9295053e+14
      584.283   5.9376882e+14
      584.317   5.9416094e+14
      584.351   5.9432546e+14
      584.385   5.9463437e+14
      584.419   5.9512593e+14
      584.454   5.9559298e+14
      584.488   5.9612317e+14
      584.522   5.9690991e+14
      584.556   5.9648792e+14
      584.590   5.9543724e+14
      584.624   5.9397591e+14
      584.659   5.9125822e+14
      584.693   5.8938271e+14
      584.727   5.8813886e+14
      584.761   5.8696222e+14
      584.795   5.8607094e+14
      584.830   5.8648002e+14
      584.864   5.8648701e+14
      584.898   5.8660305e+14
      584.932   5.8686352e+14
      584.966   5.8714004e+14
      585.001   5.8754595e+14
      585.035   5.8725241e+14
      585.069   5.8606975e+14
      585.103   5.8545837e+14
      585.138   5.8459749e+14
      585.172   5.8464395e+14
      585.206   5.8458458e+14
      585.240   5.8509659e+14
      585.275   5.8529183e+14
      585.309   5.8582961e+14
      585.343   5.8552296e+14
      585.377   5.8550204e+14
      585.412   5.8546284e+14
      585.446   5.8443987e+14
      585.480   5.8333969e+14
      585.514   5.8232297e+14
      585.549   5.8042376e+14
      585.583   5.7685922e+14
      585.617   5.7285418e+14
      585.651   5.6964543e+14
      585.686   5.6611271e+14
      585.720   5.6422058e+14
      585.754   5.6481863e+14
      585.789   5.6573577e+14
      585.823   5.6410039e+14
      585.857   5.6321371e+14
      585.892   5.6244995e+14
      585.926   5.6082374e+14
      585.960   5.6035450e+14
      585.995   5.6229394e+14
      586.029   5.6352217e+14
      586.063   5.6215281e+14
      586.098   5.5985186e+14
      586.132   5.6090332e+14
      586.167   5.6249603e+14
      586.201   5.6413307e+14
      586.235   5.6814040e+14
      586.270   5.7294357e+14
      586.304   5.7391245e+14
      586.338   5.7577241e+14
      586.373   5.7857601e+14
      586.407   5.8104763e+14
      586.441   5.8344232e+14
      586.476   5.8536861e+14
      586.510   5.8449814e+14
      586.545   5.8278870e+14
      586.579   5.8004201e+14
      586.613   5.7849208e+14
      586.648   5.7898971e+14
      586.682   5.8037147e+14
      586.717   5.8172214e+14
      586.751   5.8400866e+14
      586.786   5.8556899e+14
      586.820   5.8574744e+14
      586.854   5.8575209e+14
      586.889   5.8578345e+14
      586.923   5.8576560e+14
      586.958   5.8521096e+14
      586.992   5.8411757e+14
      587.027   5.8445486e+14
      587.061   5.8504989e+14
      587.096   5.8521828e+14
      587.130   5.8713414e+14
      587.165   5.8971245e+14
      587.199   5.9116192e+14
      587.234   5.9208172e+14
      587.268   5.9349305e+14
      587.302   5.9347047e+14
      587.337   5.9347522e+14
      587.372   5.9340918e+14
      587.406   5.9358326e+14
      587.441   5.9369118e+14
      587.475   5.9362988e+14
      587.510   5.9412809e+14
      587.544   5.9471823e+14
      587.579   5.9501984e+14
      587.613   5.9502632e+14
      587.648   5.9495386e+14
      587.682   5.9476683e+14
      587.717   5.9439416e+14
      587.751   5.9425214e+14
      587.786   5.9445060e+14
      587.820   5.9485723e+14
      587.855   5.9421975e+14
      587.889   5.9320607e+14
      587.924   5.9216809e+14
      587.959   5.9044856e+14
      587.993   5.8871751e+14
      588.028   5.8753349e+14
      588.062   5.8663175e+14
      588.097   5.8555696e+14
      588.131   5.8556253e+14
      588.166   5.8597996e+14
      588.201   5.8563491e+14
      588.235   5.8356294e+14
      588.270   5.8248744e+14
      588.305   5.8131471e+14
      588.339   5.7989134e+14
      588.374   5.7941634e+14
      588.408   5.8127664e+14
      588.443   5.8204614e+14
      588.478   5.8311019e+14
      588.512   5.8461243e+14
      588.547   5.8596776e+14
      588.581   5.8656834e+14
      588.616   5.8761370e+14
      588.651   5.8797020e+14
      588.685   5.8720267e+14
      588.720   5.8504551e+14
      588.755   5.8372266e+14
      588.789   5.7986118e+14
      588.824   5.7051526e+14
      588.859   5.5703807e+14
      588.893   5.4446956e+14
      588.928   5.3097426e+14
      588.963   5.1842508e+14
      588.998   5.1214138e+14
      589.032   5.1063391e+14
      589.067   5.0910194e+14
      589.102   5.0681219e+14
      589.136   5.0362189e+14
      589.171   5.0041236e+14
      589.206   4.9739361e+14
      589.240   4.9479546e+14
      589.275   4.9307182e+14
      589.310   4.9331369e+14
      589.345   4.9524934e+14
      589.379   5.0144980e+14
      589.414   5.0686386e+14
      589.449   5.0797405e+14
      589.484   5.1228101e+14
      589.518   5.1577154e+14
      589.553   5.1491928e+14
      589.588   5.1443954e+14
      589.623   5.1778493e+14
      589.657   5.2047587e+14
      589.692   5.2283693e+14
      589.727   5.2515924e+14
      589.762   5.2722253e+14
      589.797   5.2985272e+14
      589.831   5.3059088e+14
      589.866   5.3004333e+14
      589.901   5.2871492e+14
      589.936   5.2879248e+14
      589.971   5.3539194e+14
      590.005   5.4524730e+14
      590.040   5.5639299e+14
      590.075   5.6826511e+14
      590.110   5.7908788e+14
      590.145   5.8389744e+14
      590.179   5.8572893e+14
      590.214   5.8665041e+14
      590.249   5.8701787e+14
      590.284   5.8817590e+14
      590.319   5.8932115e+14
      590.354   5.8941320e+14
      590.388   5.8918396e+14
      590.423   5.8773337e+14
      590.458   5.8640586e+14
      590.493   5.8484488e+14
      590.528   5.8401957e+14
      590.563   5.8323964e+14
      590.598   5.8400566e+14
      590.633   5.8449949e+14
      590.667   5.8486323e+14
      590.702   5.8514315e+14
      590.737   5.8551714e+14
      590.772   5.8613741e+14
      590.807   5.8605430e+14
      590.842   5.8461616e+14
      590.877   5.8422504e+14
      590.912   5.8359720e+14
      590.947   5.8452226e+14
      590.982   5.8601478e+14
      591.017   5.8900173e+14
      591.051   5.9070098e+14
      591.086   5.9268676e+14
      591.121   5.9287304e+14
      591.156   5.9267667e+14
      591.191   5.9221760e+14
      591.226   5.9117795e+14
      591.261   5.8632371e+14
      591.296   5.8283467e+14
      591.331   5.7937107e+14
      591.366   5.7703926e+14
      591.401   5.7583293e+14
      591.436   5.7792602e+14
      591.471   5.7677476e+14
      591.506   5.7602566e+14
      591.541   5.7416358e+14
      591.576   5.7247638e+14
      591.611   5.7133753e+14
      591.646   5.7216856e+14
      591.681   5.7251612e+14
      591.716   5.7220143e+14
      591.751   5.7030922e+14
      591.786   5.7209479e+14
      591.821   5.7497453e+14
      591.856   5.7788068e+14
      591.891   5.8099818e+14
      591.926   5.8469072e+14
      591.961   5.8419475e+14
      591.996   5.8438077e+14
      592.031   5.8520003e+14
      592.066   5.8615577e+14
      592.101   5.8786521e+14
      592.136   5.9010421e+14
      592.172   5.9073004e+14
      592.207   5.9064676e+14
      592.242   5.9090465e+14
      592.277   5.9080192e+14
      592.312   5.9073168e+14
      592.347   5.9071008e+14
      592.382   5.9076656e+14
      592.417   5.9079051e+14
      592.452   5.9146117e+14
      592.487   5.9225534e+14
      592.522   5.9248092e+14
      592.557   5.9053197e+14
      592.593   5.8934120e+14
      592.628   5.8671889e+14
      592.663   5.8428492e+14
      592.698   5.8234805e+14
      592.733   5.8236497e+14
      592.768   5.8156904e+14
      592.803   5.8111445e+14
      592.839   5.7976970e+14
      592.874   5.7611176e+14
      592.909   5.7362407e+14
      592.944   5.7133124e+14
      592.979   5.6979288e+14
      593.014   5.6854061e+14
      593.049   5.6885990e+14
      593.085   5.7011044e+14
      593.120   5.7138956e+14
      593.155   5.7380751e+14
      593.190   5.7664869e+14
      593.225   5.8023530e+14
      593.261   5.8182862e+14
      593.296   5.8131239e+14
      593.331   5.7932495e+14
      593.366   5.7692078e+14
      593.401   5.7723406e+14
      593.437   5.7845331e+14
      593.472   5.8156951e+14
      593.507   5.8465029e+14
      593.542   5.8747422e+14
      593.578   5.8777289e+14
      593.613   5.8728595e+14
      593.648   5.8681528e+14
      593.683   5.8638027e+14
      593.718   5.8624488e+14
      593.754   5.8590856e+14
      593.789   5.8505003e+14
      593.824   5.8508385e+14
      593.859   5.8630010e+14
      593.895   5.8784324e+14
      593.930   5.8913147e+14
      593.965   5.9088246e+14
      594.001   5.9164090e+14
      594.036   5.9058037e+14
      594.071   5.8930458e+14
      594.106   5.8811995e+14
      594.142   5.8722615e+14
      594.177   5.8660826e+14
      594.212   5.8649230e+14
      594.248   5.8632832e+14
      594.283   5.8633298e+14
      594.318   5.8621038e+14
      594.354   5.8604636e+14
      594.389   5.8613238e+14
      594.424   5.8605544e+14
      594.460   5.8621747e+14
      594.495   5.8626760e+14
      594.530   5.8640914e+14
      594.566   5.8671462e+14
      594.601   5.8710402e+14
      594.636   5.8768586e+14
      594.672   5.8775995e+14
      594.707   5.8580738e+14
      594.742   5.8430152e+14
      594.778   5.8186999e+14
      594.813   5.7950240e+14
      594.849   5.7788266e+14
      594.884   5.7820640e+14
      594.919   5.7778625e+14
      594.955   5.7823503e+14
      594.990   5.7797467e+14
      595.026   5.7802189e+14
      595.061   5.7799619e+14
      595.096   5.7700770e+14
      595.132   5.7483182e+14
      595.167   5.7206060e+14
      595.203   5.6903538e+14
      595.238   5.6825496e+14
      595.274   5.6846152e+14
      595.309   5.7110614e+14
      595.344   5.7476984e+14
      595.380   5.7822264e+14
      595.415   5.7949996e+14
      595.451   5.8069019e+14
      595.486   5.8015834e+14
      595.522   5.7784399e+14
      595.557   5.7611321e+14
      595.593   5.7415445e+14
      595.628   5.7205731e+14
      595.664   5.7141143e+14
      595.699   5.7377362e+14
      595.735   5.7584949e+14
      595.770   5.7818276e+14
      595.806   5.8060225e+14
      595.841   5.8167790e+14
      595.877   5.8139837e+14
      595.912   5.8083678e+14
      595.948   5.8025317e+14
      595.983   5.7916187e+14
      596.019   5.7802239e+14
      596.054   5.7848041e+14
      596.090   5.7942658e+14
      596.125   5.8040778e+14
      596.161   5.8195575e+14
      596.196   5.8427462e+14
      596.232   5.8512319e+14
      596.267   5.8558182e+14
      596.303   5.8592357e+14
      596.339   5.8635704e+14
      596.374   5.8669147e+14
      596.410   5.8611420e+14
      596.445   5.8514015e+14
      596.481   5.8443519e+14
      596.516   5.8420682e+14
      596.552   5.8386490e+14
      596.588   5.8433434e+14
      596.623   5.8505157e+14
      596.659   5.8562914e+14
      596.694   5.8594727e+14
      596.730   5.8625002e+14
      596.766   5.8643174e+14
      596.801   5.8654709e+14
      596.837   5.8677130e+14
      596.872   5.8679494e+14
      596.908   5.8650864e+14
      596.944   5.8660194e+14
      596.979   5.8767980e+14
      597.015   5.8875256e+14
      597.051   5.8999278e+14
      597.086   5.9150066e+14
      597.122   5.9263968e+14
      597.158   5.9313367e+14
      597.193   5.9353169e+14
      597.229   5.9378013e+14
      597.265   5.9399585e+14
      597.300   5.9402381e+14
      597.336   5.9347951e+14
      597.372   5.8985229e+14
      597.407   5.8715076e+14
      597.443   5.8666166e+14
      597.479   5.8367882e+14
      597.514   5.7961661e+14
      597.550   5.7714748e+14
      597.586   5.7510747e+14
      597.621   5.7330542e+14
      597.657   5.7182869e+14
      597.693   5.6925696e+14
      597.729   5.6843871e+14
      597.764   5.6762261e+14
      597.800   5.6679431e+14
      597.836   5.6619543e+14
      597.872   5.6663915e+14
      597.907   5.6920350e+14
      597.943   5.7221186e+14
      597.979   5.7543371e+14
      598.015   5.7914790e+14
      598.050   5.8386517e+14
      598.086   5.8688821e+14
      598.122   5.8928177e+14
      598.158   5.9109829e+14
      598.193   5.9222832e+14
      598.229   5.9243097e+14
      598.265   5.9242700e+14
      598.301   5.9202930e+14
      598.337   5.9042061e+14
      598.372   5.8863033e+14
      598.408   5.8639779e+14
      598.444   5.8409922e+14
      598.480   5.8229280e+14
      598.516   5.8158575e+14
      598.552   5.7986102e+14
      598.587   5.7785934e+14
      598.623   5.7590105e+14
      598.659   5.7397540e+14
      598.695   5.7235812e+14
      598.731   5.7225113e+14
      598.767   5.7261696e+14
      598.802   5.7308690e+14
      598.838   5.7405374e+14
      598.874   5.7631481e+14
      598.910   5.7852023e+14
      598.946   5.8014461e+14
      598.982   5.8092488e+14
      599.018   5.8084851e+14
      599.054   5.7973445e+14
      599.089   5.7964768e+14
      599.125   5.8027821e+14
      599.161   5.8169742e+14
      599.197   5.8331395e+14
      599.233   5.8437847e+14
      599.269   5.8415165e+14
      599.305   5.8374729e+14
      599.341   5.8335930e+14
      599.377   5.8303044e+14
      599.413   5.8287573e+14
      599.448   5.8274297e+14
      599.484   5.8298277e+14
      599.520   5.8345936e+14
      599.556   5.8291665e+14
      599.592   5.8189700e+14
      599.628   5.8060431e+14
      599.664   5.7892334e+14
      599.700   5.7705143e+14
      599.736   5.7634696e+14
      599.772   5.7644494e+14
      599.808   5.7690157e+14
      599.844   5.7741749e+14
      599.880   5.7780841e+14
      599.916   5.7794277e+14
      599.952   5.7776117e+14
      599.988   5.7761903e+14
      600.024   5.7752301e+14
      600.060   5.7814442e+14
      600.096   5.7992443e+14
      600.132   5.8079288e+14
      600.168   5.8146398e+14
      600.204   5.8210209e+14
      600.240   5.8206556e+14
      600.276   5.8107426e+14
      600.312   5.8107057e+14
      600.348   5.8112941e+14
      600.384   5.8044076e+14
      600.420   5.7959727e+14
      600.456   5.7885249e+14
      600.492   5.7810099e+14
      600.529   5.7733065e+14
      600.565   5.7670744e+14
      600.601   5.7580411e+14
      600.637   5.7420894e+14
      600.673   5.7334483e+14
      600.709   5.7160761e+14
      600.745   5.7007446e+14
      600.781   5.6901232e+14
      600.817   5.6820380e+14
      600.853   5.6636034e+14
      600.889   5.6565027e+14
      600.925   5.6601798e+14
      600.962   5.6660758e+14
      600.998   5.6754558e+14
      601.034   5.6873267e+14
      601.070   5.6956038e+14
      601.106   5.6972554e+14
      601.142   5.6965001e+14
      601.178   5.6942277e+14
      601.214   5.6951537e+14
      601.251   5.7120826e+14
      601.287   5.7300930e+14
      601.323   5.7477090e+14
      601.359   5.7679990e+14
      601.395   5.7869387e+14
      601.431   5.7913016e+14
      601.468   5.7895046e+14
      601.504   5.7668484e+14
      601.540   5.7351494e+14
      601.576   5.7035792e+14
      601.612   5.6764267e+14
      601.648   5.6557713e+14
      601.685   5.6596748e+14
      601.721   5.6814889e+14
      601.757   5.7044942e+14
      601.793   5.7224851e+14
      601.830   5.7344794e+14
      601.866   5.7273872e+14
      601.902   5.7052731e+14
      601.938   5.6816387e+14
      601.974   5.6572085e+14
      602.011   5.6308694e+14
      602.047   5.6332127e+14
      602.083   5.6442728e+14
      602.119   5.6578446e+14
      602.156   5.6735728e+14
      602.192   5.6925642e+14
      602.228   5.6857616e+14
      602.265   5.6640047e+14
      602.301   5.6398249e+14
      602.337   5.6162029e+14
      602.373   5.6012347e+14
      602.410   5.6137284e+14
      602.446   5.6389676e+14
      602.482   5.6636818e+14
      602.518   5.6893567e+14
      602.555   5.7084352e+14
      602.591   5.7104862e+14
      602.627   5.7119429e+14
      602.664   5.7146975e+14
      602.700   5.7141707e+14
      602.736   5.7161568e+14
      602.773   5.7305153e+14
      602.809   5.7410973e+14
      602.845   5.7411010e+14
      602.882   5.7391638e+14
      602.918   5.7339433e+14
      602.954   5.7177426e+14
      602.991   5.7041299e+14
      603.027   5.7011778e+14
      603.064   5.7074917e+14
      603.100   5.7246124e+14
      603.136   5.7423967e+14
      603.173   5.7607213e+14
      603.209   5.7795358e+14
      603.245   5.7901473e+14
      603.282   5.7872373e+14
      603.318   5.7870641e+14
      603.355   5.7985468e+14
      603.391   5.8189572e+14
      603.427   5.8439024e+14
      603.464   5.8707126e+14
      603.500   5.8925857e+14
      603.537   5.9018271e+14
      603.573   5.9019585e+14
      603.610   5.8997811e+14
      603.646   5.8965024e+14
      603.682   5.8931900e+14
      603.719   5.8902835e+14
      603.755   5.8886254e+14
      603.792   5.8884341e+14
      603.828   5.8874712e+14
      603.865   5.8864840e+14
      603.901   5.8867130e+14
      603.938   5.8869181e+14
      603.974   5.8856244e+14
      604.011   5.8849346e+14
      604.047   5.8840374e+14
      604.084   5.8834468e+14
      604.120   5.8840730e+14
      604.157   5.8848087e+14
      604.193   5.8852360e+14
      604.230   5.8826905e+14
      604.266   5.8779488e+14
      604.303   5.8731494e+14
      604.339   5.8691030e+14
      604.376   5.8656941e+14
      604.412   5.8651598e+14
      604.449   5.8656942e+14
      604.485   5.8655239e+14
      604.522   5.8645015e+14
      604.558   5.8638337e+14
      604.595   5.8642357e+14
      604.631   5.8642970e+14
      604.668   5.8641362e+14
      604.705   5.8637088e+14
      604.741   5.8636715e+14
      604.778   5.8654995e+14
      604.814   5.8685455e+14
      604.851   5.8722309e+14
      604.888   5.8765471e+14
      604.924   5.8796279e+14
      604.961   5.8801298e+14
      604.997   5.8814859e+14
      605.034   5.8832811e+14
      605.070   5.8847044e+14
      605.107   5.8852750e+14
      605.144   5.8856798e+14
      605.180   5.8853781e+14
      605.217   5.8824309e+14
      605.254   5.8775924e+14
      605.290   5.8740367e+14
      605.327   5.8712222e+14
      605.364   5.8687047e+14
      605.400   5.8664428e+14
      605.437   5.8541644e+14
      605.473   5.8361652e+14
      605.510   5.8192356e+14
      605.547   5.8019051e+14
      605.583   5.7863892e+14
      605.620   5.7834664e+14
      605.657   5.7861566e+14
      605.694   5.7864549e+14
      605.730   5.7879728e+14
      605.767   5.7921914e+14
      605.804   5.7972738e+14
      605.840   5.8026788e+14
      605.877   5.8079952e+14
      605.914   5.8093914e+14
      605.950   5.8146323e+14
      605.987   5.8307164e+14
      606.024   5.8487627e+14
      606.061   5.8684392e+14
      606.097   5.8907011e+14
      606.134   5.9026396e+14
      606.171   5.9013168e+14
      606.208   5.8997936e+14
      606.244   5.8983275e+14
      606.281   5.8969043e+14
      606.318   5.8973422e+14
      606.355   5.8945214e+14
      606.391   5.8693129e+14
      606.428   5.8317740e+14
      606.465   5.7988529e+14
      606.502   5.7686876e+14
      606.538   5.7425331e+14
      606.575   5.7350455e+14
      606.612   5.7383338e+14
      606.649   5.7406247e+14
      606.686   5.7452446e+14
      606.722   5.7505542e+14
      606.759   5.7572379e+14
      606.796   5.7655868e+14
      606.833   5.7724061e+14
      606.870   5.7745660e+14
      606.907   5.7887416e+14
      606.943   5.8232772e+14
      606.980   5.8611563e+14
      607.017   5.8982721e+14
      607.054   5.9366548e+14
      607.091   5.9603267e+14
      607.128   5.9653582e+14
      607.165   5.9673269e+14
      607.201   5.9695528e+14
      607.238   5.9718875e+14
      607.275   5.9736245e+14
      607.312   5.9742952e+14
      607.349   5.9743995e+14
      607.386   5.9740713e+14
      607.423   5.9737422e+14
      607.460   5.9729479e+14
      607.497   5.9711534e+14
      607.533   5.9693489e+14
      607.570   5.9678199e+14
      607.607   5.9659245e+14
      607.644   5.9625962e+14
      607.681   5.9481708e+14
      607.718   5.9212128e+14
      607.755   5.8896181e+14
      607.792   5.8565199e+14
      607.829   5.8249178e+14
      607.866   5.8048125e+14
      607.903   5.7970385e+14
      607.940   5.7931305e+14
      607.977   5.7899556e+14
      608.014   5.7867140e+14
      608.051   5.7844392e+14
      608.088   5.7797293e+14
      608.125   5.7686160e+14
      608.161   5.7539226e+14
      608.199   5.7454501e+14
      608.236   5.7458404e+14
      608.273   5.7549363e+14
      608.310   5.7743078e+14
      608.346   5.7928380e+14
      608.384   5.8005797e+14
      608.421   5.7997722e+14
      608.458   5.7912225e+14
      608.495   5.7770992e+14
      608.532   5.7697477e+14
      608.569   5.7666013e+14
      608.606   5.7627540e+14
      608.643   5.7662155e+14
      608.680   5.7751179e+14
      608.717   5.7823856e+14
      608.754   5.7931931e+14
      608.791   5.8034681e+14
      608.828   5.8052965e+14
      608.865   5.8064241e+14
      608.902   5.8121599e+14
      608.939   5.8142899e+14
      608.976   5.8178564e+14
      609.013   5.8266284e+14
      609.051   5.8311275e+14
      609.088   5.8304399e+14
      609.125   5.8295857e+14
      609.162   5.8277284e+14
      609.199   5.8214945e+14
      609.236   5.8143248e+14
      609.273   5.8059180e+14
      609.310   5.8008844e+14
      609.347   5.8021325e+14
      609.385   5.8101742e+14
      609.422   5.8236890e+14
      609.459   5.8404128e+14
      609.496   5.8498861e+14
      609.533   5.8511046e+14
      609.570   5.8528909e+14
      609.607   5.8527715e+14
      609.645   5.8512582e+14
      609.682   5.8536134e+14
      609.719   5.8627224e+14
      609.756   5.8721334e+14
      609.793   5.8830182e+14
      609.830   5.8955082e+14
      609.868   5.9071061e+14
      609.905   5.9139473e+14
      609.942   5.9165744e+14
      609.979   5.9152207e+14
      610.016   5.9146361e+14
      610.054   5.9070031e+14
      610.091   5.8795528e+14
      610.128   5.8362392e+14
      610.165   5.7872324e+14
      610.203   5.7348501e+14
      610.240   5.6920226e+14
      610.277   5.6707752e+14
      610.314   5.6655913e+14
      610.352   5.6652678e+14
      610.389   5.6644676e+14
      610.426   5.6609556e+14
      610.463   5.6556350e+14
      610.501   5.6464053e+14
      610.538   5.6333501e+14
      610.575   5.6188862e+14
      610.612   5.6141977e+14
      610.650   5.6226116e+14
      610.687   5.6434081e+14
      610.724   5.6810855e+14
      610.762   5.7239019e+14
      610.799   5.7559616e+14
      610.836   5.7748953e+14
      610.874   5.7876429e+14
      610.911   5.7929785e+14
      610.948   5.7943282e+14
      610.986   5.7925716e+14
      611.023   5.7947882e+14
      611.060   5.7978272e+14
      611.098   5.8042950e+14
      611.135   5.8155796e+14
      611.172   5.8335683e+14
      611.210   5.8566648e+14
      611.247   5.8800560e+14
      611.284   5.8967451e+14
      611.322   5.9107650e+14
      611.359   5.9210213e+14
      611.396   5.9224609e+14
      611.434   5.9155281e+14
      611.471   5.9039554e+14
      611.509   5.8919898e+14
      611.546   5.8783351e+14
      611.583   5.8665574e+14
      611.621   5.8616632e+14
      611.658   5.8645417e+14
      611.696   5.8728654e+14
      611.733   5.8851051e+14
      611.770   5.8947297e+14
      611.808   5.9001042e+14
      611.845   5.9005358e+14
      611.883   5.8951731e+14
      611.920   5.8846631e+14
      611.958   5.8783585e+14
      611.995   5.8805005e+14
      612.033   5.8795656e+14
      612.070   5.8609608e+14
      612.108   5.8349781e+14
      612.145   5.8097876e+14
      612.182   5.7805639e+14
      612.220   5.7558794e+14
      612.257   5.7483427e+14
      612.295   5.7508901e+14
      612.332   5.7446949e+14
      612.370   5.7324972e+14
      612.407   5.7240153e+14
      612.445   5.7148043e+14
      612.482   5.7025909e+14
      612.520   5.6934106e+14
      612.557   5.6943317e+14
      612.595   5.7107539e+14
      612.632   5.7311690e+14
      612.670   5.7434955e+14
      612.708   5.7606648e+14
      612.745   5.7731201e+14
      612.783   5.7573849e+14
      612.820   5.7294671e+14
      612.858   5.7236104e+14
      612.895   5.7245009e+14
      612.933   5.7263761e+14
      612.970   5.7374551e+14
      613.008   5.7506449e+14
      613.046   5.7454315e+14
      613.083   5.7339535e+14
      613.121   5.7207001e+14
      613.158   5.7208916e+14
      613.196   5.7440989e+14
      613.234   5.7767609e+14
      613.271   5.8025550e+14
      613.309   5.8374102e+14
      613.346   5.8685265e+14
      613.384   5.8870359e+14
      613.422   5.9040012e+14
      613.459   5.9177956e+14
      613.497   5.8984199e+14
      613.535   5.8476783e+14
      613.572   5.7904615e+14
      613.610   5.7179667e+14
      613.648   5.6369486e+14
      613.685   5.5833803e+14
      613.723   5.5498430e+14
      613.761   5.5225977e+14
      613.798   5.5142607e+14
      613.836   5.5231692e+14
      613.874   5.5286097e+14
      613.911   5.5346492e+14
      613.949   5.5342320e+14
      613.987   5.5109841e+14
      614.024   5.4821691e+14
      614.062   5.4782810e+14
      614.100   5.4853033e+14
      614.137   5.5195673e+14
      614.175   5.5898151e+14
      614.213   5.6662006e+14
      614.251   5.7217757e+14
      614.288   5.7656599e+14
      614.326   5.7759670e+14
      614.364   5.7573013e+14
      614.402   5.7350286e+14
      614.439   5.7098139e+14
      614.477   5.6818075e+14
      614.515   5.6752641e+14
      614.553   5.6946018e+14
      614.590   5.7164609e+14
      614.628   5.7364433e+14
      614.666   5.7629326e+14
      614.704   5.7810981e+14
      614.742   5.7799177e+14
      614.779   5.7657503e+14
      614.817   5.7512184e+14
      614.855   5.7457538e+14
      614.893   5.7475383e+14
      614.930   5.7557207e+14
      614.968   5.7709254e+14
      615.006   5.7915478e+14
      615.044   5.7951191e+14
      615.082   5.7867167e+14
      615.120   5.7817880e+14
      615.157   5.7882478e+14
      615.195   5.8056843e+14
      615.233   5.8262256e+14
      615.271   5.8484237e+14
      615.309   5.8664084e+14
      615.347   5.8616845e+14
      615.385   5.8363084e+14
      615.422   5.8155400e+14
      615.460   5.7929239e+14
      615.498   5.7680081e+14
      615.536   5.7603393e+14
      615.574   5.7740716e+14
      615.612   5.7798051e+14
      615.650   5.7777058e+14
      615.688   5.7798270e+14
      615.726   5.7743165e+14
      615.764   5.7554312e+14
      615.801   5.7376137e+14
      615.839   5.7320648e+14
      615.877   5.7377978e+14
      615.915   5.7504897e+14
      615.953   5.7580155e+14
      615.991   5.7551356e+14
      616.029   5.7362054e+14
      616.067   5.6725657e+14
      616.105   5.5911064e+14
      616.143   5.5363686e+14
      616.181   5.4913570e+14
      616.219   5.4384960e+14
      616.257   5.4079725e+14
      616.295   5.4045227e+14
      616.333   5.3953253e+14
      616.371   5.3807502e+14
      616.409   5.3745254e+14
      616.447   5.3809473e+14
      616.485   5.3802673e+14
      616.523   5.3656870e+14
      616.561   5.3798210e+14
      616.599   5.4386777e+14
      616.637   5.5071839e+14
      616.675   5.5640957e+14
      616.713   5.6296440e+14
      616.751   5.6751028e+14
      616.789   5.6740043e+14
      616.827   5.6420422e+14
      616.865   5.6085847e+14
      616.903   5.5684555e+14
      616.941   5.5316702e+14
      616.979   5.5065934e+14
      617.017   5.5123948e+14
      617.055   5.5323068e+14
      617.094   5.5540570e+14
      617.132   5.5651020e+14
      617.170   5.5671745e+14
      617.208   5.5405663e+14
      617.246   5.5128026e+14
      617.284   5.4983463e+14
      617.322   5.5157589e+14
      617.360   5.5490574e+14
      617.398   5.6009213e+14
      617.436   5.6581087e+14
      617.475   5.7088726e+14
      617.513   5.7284342e+14
      617.551   5.7320405e+14
      617.589   5.7303615e+14
      617.627   5.7185867e+14
      617.665   5.6996936e+14
      617.703   5.6971320e+14
      617.742   5.7148084e+14
      617.780   5.7347491e+14
      617.818   5.7486256e+14
      617.856   5.7540304e+14
      617.894   5.7468268e+14
      617.932   5.7400972e+14
      617.971   5.7397477e+14
      618.009   5.7396269e+14
      618.047   5.7564915e+14
      618.085   5.7826124e+14
      618.123   5.8002592e+14
      618.162   5.8161192e+14
      618.200   5.8360420e+14
      618.238   5.8497951e+14
      618.276   5.8555465e+14
      618.314   5.8591960e+14
      618.353   5.8610901e+14
      618.391   5.8723032e+14
      618.429   5.8895890e+14
      618.467   5.9057227e+14
      618.506   5.9192885e+14
      618.544   5.9305746e+14
      618.582   5.9307679e+14
      618.620   5.9180021e+14
      618.659   5.8969984e+14
      618.697   5.8810404e+14
      618.735   5.8698984e+14
      618.774   5.8568969e+14
      618.812   5.8507751e+14
      618.850   5.8539512e+14
      618.888   5.8539376e+14
      618.927   5.8445306e+14
      618.965   5.8115250e+14
      619.003   5.7534703e+14
      619.042   5.6968279e+14
      619.080   5.6478077e+14
      619.118   5.6057749e+14
      619.157   5.5960681e+14
      619.195   5.6167734e+14
      619.233   5.6324552e+14
      619.272   5.6414584e+14
      619.310   5.6532046e+14
      619.348   5.6551037e+14
      619.387   5.6488261e+14
      619.425   5.6403649e+14
      619.464   5.6329648e+14
      619.502   5.6456311e+14
      619.540   5.6829278e+14
      619.579   5.7317217e+14
      619.617   5.7878172e+14
      619.656   5.8428404e+14
      619.694   5.8749593e+14
      619.732   5.8814598e+14
      619.771   5.8771285e+14
      619.809   5.8706476e+14
      619.848   5.8570023e+14
      619.886   5.8314497e+14
      619.924   5.8118431e+14
      619.963   5.7939090e+14
      620.001   5.7779347e+14
      620.040   5.7693118e+14
      620.078   5.7729192e+14
      620.117   5.7711974e+14
      620.155   5.7692961e+14
      620.193   5.7656937e+14
      620.232   5.7607745e+14
      620.270   5.7575797e+14
      620.309   5.7560261e+14
      620.347   5.7524563e+14
      620.386   5.7635896e+14
      620.424   5.7852620e+14
      620.463   5.8094976e+14
      620.501   5.8327055e+14
      620.540   5.8570830e+14
      620.578   5.8684557e+14
      620.617   5.8721484e+14
      620.655   5.8731099e+14
      620.694   5.8736715e+14
      620.732   5.8738500e+14
      620.771   5.8708378e+14
      620.810   5.8683707e+14
      620.848   5.8669149e+14
      620.887   5.8655363e+14
      620.925   5.8728294e+14
      620.964   5.8826526e+14
      621.002   5.8898472e+14
      621.041   5.8957174e+14
      621.079   5.9013056e+14
      621.118   5.9061213e+14
      621.157   5.8997668e+14
      621.195   5.8743961e+14
      621.234   5.8524720e+14
      621.272   5.8322716e+14
      621.311   5.8112612e+14
      621.350   5.7931444e+14
      621.388   5.7823745e+14
      621.427   5.7723625e+14
      621.465   5.7592394e+14
      621.504   5.7419661e+14
      621.543   5.7352209e+14
      621.581   5.7422004e+14
      621.620   5.7431917e+14
      621.659   5.7389679e+14
      621.697   5.7569603e+14
      621.736   5.7773168e+14
      621.775   5.7821972e+14
      621.813   5.7845799e+14
      621.852   5.7910638e+14
      621.891   5.7851021e+14
      621.929   5.7676373e+14
      621.968   5.7615366e+14
      622.007   5.7559127e+14
      622.045   5.7515397e+14
      622.084   5.7436974e+14
      622.123   5.7359218e+14
      622.161   5.7307973e+14
      622.200   5.7281034e+14
      622.239   5.7204959e+14
      622.278   5.7175959e+14
      622.316   5.7284383e+14
      622.355   5.7446158e+14
      622.394   5.7637306e+14
      622.432   5.7988798e+14
      622.471   5.8280019e+14
      622.510   5.8439850e+14
      622.549   5.8611653e+14
      622.588   5.8830931e+14
      622.626   5.8968198e+14
      622.665   5.9090556e+14
      622.704   5.9196201e+14
      622.743   5.9182332e+14
      622.781   5.9023557e+14
      622.820   5.8884669e+14
      622.859   5.8699656e+14
      622.898   5.8370803e+14
      622.937   5.7807569e+14
      622.975   5.7394476e+14
      623.014   5.6966968e+14
      623.053   5.6625977e+14
      623.092   5.6384382e+14
      623.131   5.6265089e+14
      623.169   5.6120066e+14
      623.208   5.5963150e+14
      623.247   5.5728970e+14
      623.286   5.5662587e+14
      623.325   5.5819399e+14
      623.364   5.5933499e+14
      623.403   5.5946082e+14
      623.441   5.6230027e+14
      623.480   5.6619399e+14
      623.519   5.6993086e+14
      623.558   5.7247482e+14
      623.597   5.7364445e+14
      623.636   5.7448246e+14
      623.675   5.7375080e+14
      623.714   5.7212639e+14
      623.753   5.7186308e+14
      623.791   5.7369912e+14
      623.830   5.7313827e+14
      623.869   5.7089081e+14
      623.908   5.6761325e+14
      623.947   5.6485535e+14
      623.986   5.6292516e+14
      624.025   5.6119666e+14
      624.064   5.6010782e+14
      624.103   5.6222891e+14
      624.142   5.6389508e+14
      624.181   5.6438746e+14
      624.220   5.6492776e+14
      624.259   5.6447216e+14
      624.298   5.6158246e+14
      624.337   5.5875406e+14
      624.376   5.5633956e+14
      624.415   5.5471570e+14
      624.454   5.5481736e+14
      624.493   5.5386093e+14
      624.532   5.5320235e+14
      624.571   5.5225256e+14
      624.610   5.4914494e+14
      624.649   5.4635893e+14
      624.688   5.4606275e+14
      624.727   5.4523222e+14
      624.766   5.4590543e+14
      624.805   5.5022729e+14
      624.844   5.5516300e+14
      624.883   5.5980803e+14
      624.922   5.6480661e+14
      624.961   5.6832538e+14
      625.000   5.7180346e+14
      625.039   5.7503997e+14
      625.078   5.7667971e+14
      625.117   5.7637624e+14
      625.156   5.7815342e+14
      625.195   5.7749004e+14
      625.234   5.7386800e+14
      625.274   5.6936525e+14
      625.313   5.6691143e+14
      625.352   5.6289033e+14
      625.391   5.5923218e+14
      625.430   5.5759000e+14
      625.469   5.5738460e+14
      625.508   5.5475090e+14
      625.547   5.5255591e+14
      625.586   5.4937962e+14
      625.626   5.4856389e+14
      625.665   5.4899249e+14
      625.704   5.5047781e+14
      625.743   5.5028211e+14
      625.782   5.5421758e+14
      625.821   5.5727168e+14
      625.861   5.6058442e+14
      625.900   5.6489192e+14
      625.939   5.6972160e+14
      625.978   5.6988741e+14
      626.017   5.7097655e+14
      626.057   5.7233108e+14
      626.096   5.7347201e+14
      626.135   5.7491862e+14
      626.174   5.7869668e+14
      626.213   5.8027771e+14
      626.253   5.8155078e+14
      626.292   5.8337598e+14
      626.331   5.8475497e+14
      626.370   5.8280271e+14
      626.409   5.8148220e+14
      626.449   5.7931742e+14
      626.488   5.7750185e+14
      626.527   5.7692966e+14
      626.566   5.7867976e+14
      626.606   5.7936247e+14
      626.645   5.7974544e+14
      626.684   5.7945493e+14
      626.723   5.7850464e+14
      626.763   5.7815308e+14
      626.802   5.7774901e+14
      626.841   5.7619009e+14
      626.881   5.7571453e+14
      626.920   5.7718021e+14
      626.959   5.7808572e+14
      626.999   5.7887883e+14
      627.038   5.8125811e+14
      627.077   5.8221066e+14
      627.117   5.8120436e+14
      627.156   5.8070252e+14
      627.195   5.8101905e+14
      627.234   5.8128398e+14
      627.274   5.8141575e+14
      627.313   5.8186648e+14
      627.353   5.8166126e+14
      627.392   5.8244577e+14
      627.431   5.8374293e+14
      627.471   5.8515811e+14
      627.510   5.8701638e+14
      627.549   5.8926020e+14
      627.589   5.9011852e+14
      627.628   5.9045302e+14
      627.668   5.9099832e+14
      627.707   5.9106788e+14
      627.746   5.9063146e+14
      627.786   5.8992404e+14
      627.825   5.8885754e+14
      627.865   5.8729958e+14
      627.904   5.8431876e+14
      627.943   5.8120678e+14
      627.983   5.7889057e+14
      628.022   5.7704494e+14
      628.062   5.7538252e+14
      628.101   5.7504477e+14
      628.141   5.7500749e+14
      628.180   5.7468687e+14
      628.220   5.7432232e+14
      628.259   5.7421861e+14
      628.299   5.7421920e+14
      628.338   5.7472177e+14
      628.378   5.7469822e+14
      628.417   5.7570394e+14
      628.457   5.7802675e+14
      628.496   5.8061784e+14
      628.536   5.8272074e+14
      628.575   5.8518141e+14
      628.615   5.8660937e+14
      628.654   5.8700261e+14
      628.694   5.8717276e+14
      628.733   5.8736957e+14
      628.773   5.8763630e+14
      628.812   5.8810207e+14
      628.852   5.8817580e+14
      628.891   5.8803138e+14
      628.931   5.8726034e+14
      628.970   5.8566755e+14
      629.010   5.8448663e+14
      629.049   5.8355166e+14
      629.089   5.8263116e+14
      629.129   5.8240393e+14
      629.168   5.8303802e+14
      629.208   5.8315561e+14
      629.247   5.8295498e+14
      629.287   5.8297601e+14
      629.327   5.8300402e+14
      629.366   5.8286884e+14
      629.406   5.8268968e+14
      629.445   5.8259593e+14
      629.485   5.8305172e+14
      629.525   5.8383558e+14
      629.564   5.8467030e+14
      629.604   5.8485359e+14
      629.644   5.8334206e+14
      629.683   5.8192258e+14
      629.723   5.8025877e+14
      629.763   5.7868444e+14
      629.802   5.7760620e+14
      629.842   5.7830019e+14
      629.882   5.7804815e+14
      629.921   5.7742204e+14
      629.961   5.7550852e+14
      630.001   5.7138417e+14
      630.040   5.6808391e+14
      630.080   5.6407952e+14
      630.120   5.5804312e+14
      630.159   5.5588836e+14
      630.199   5.5713070e+14
      630.239   5.5743684e+14
      630.279   5.5851351e+14
      630.318   5.6226079e+14
      630.358   5.6329649e+14
      630.398   5.6336108e+14
      630.438   5.6339804e+14
      630.477   5.6263558e+14
      630.517   5.6431807e+14
      630.557   5.6702742e+14
      630.596   5.6972932e+14
      630.636   5.7450368e+14
      630.676   5.8094880e+14
      630.716   5.8465245e+14
      630.756   5.8757847e+14
      630.795   5.9078748e+14
      630.835   5.9161828e+14
      630.875   5.9155328e+14
      630.915   5.9169586e+14
      630.955   5.9168967e+14
      630.994   5.9113242e+14
      631.034   5.9121146e+14
      631.074   5.9138719e+14
      631.114   5.9131030e+14
      631.154   5.9130957e+14
      631.194   5.9194553e+14
      631.233   5.9223809e+14
      631.273   5.9171821e+14
      631.313   5.8870261e+14
      631.353   5.8560010e+14
      631.393   5.8000807e+14
      631.433   5.7430107e+14
      631.473   5.6973248e+14
      631.512   5.6830634e+14
      631.552   5.6693629e+14
      631.592   5.6766464e+14
      631.632   5.6720866e+14
      631.672   5.6435947e+14
      631.712   5.6020753e+14
      631.752   5.5485321e+14
      631.792   5.4752363e+14
      631.832   5.4400730e+14
      631.872   5.4256233e+14
      631.911   5.4379444e+14
      631.951   5.4767822e+14
      631.991   5.5398111e+14
      632.031   5.5778631e+14
      632.071   5.6072901e+14
      632.111   5.5953404e+14
      632.151   5.5685540e+14
      632.191   5.5576050e+14
      632.231   5.5638826e+14
      632.271   5.5849984e+14
      632.311   5.6421715e+14
      632.351   5.6998384e+14
      632.391   5.7369855e+14
      632.431   5.7596778e+14
      632.471   5.7791479e+14
      632.511   5.7839847e+14
      632.551   5.7796329e+14
      632.591   5.7658454e+14
      632.631   5.7658617e+14
      632.671   5.7755904e+14
      632.711   5.7871243e+14
      632.751   5.8124323e+14
      632.791   5.8455157e+14
      632.831   5.8599008e+14
      632.871   5.8592633e+14
      632.911   5.8566478e+14
      632.951   5.8499368e+14
      632.992   5.8436160e+14
      633.032   5.8338349e+14
      633.072   5.8237723e+14
      633.112   5.8148879e+14
      633.152   5.8172492e+14
      633.192   5.8221112e+14
      633.232   5.8334657e+14
      633.272   5.8471130e+14
      633.312   5.8564217e+14
      633.352   5.8478140e+14
      633.392   5.8106943e+14
      633.433   5.7836152e+14
      633.473   5.7602060e+14
      633.513   5.7241854e+14
      633.553   5.6877786e+14
      633.593   5.6896828e+14
      633.633   5.6854373e+14
      633.673   5.6776132e+14
      633.714   5.6749046e+14
      633.754   5.6619372e+14
      633.794   5.6427135e+14
      633.834   5.6181701e+14
      633.874   5.5839288e+14
      633.914   5.5865566e+14
      633.955   5.6165808e+14
      633.995   5.6359290e+14
      634.035   5.6568793e+14
      634.075   5.7063368e+14
      634.115   5.7289614e+14
      634.156   5.7398822e+14
      634.196   5.7507253e+14
      634.236   5.7474886e+14
      634.276   5.7270729e+14
      634.317   5.7145225e+14
      634.357   5.7065180e+14
      634.397   5.7033462e+14
      634.437   5.7125563e+14
      634.477   5.7205506e+14
      634.518   5.7146047e+14
      634.558   5.6979356e+14
      634.598   5.6856134e+14
      634.639   5.6766019e+14
      634.679   5.6719668e+14
      634.719   5.6770724e+14
      634.759   5.6893118e+14
      634.800   5.7158303e+14
      634.840   5.7465539e+14
      634.880   5.7749149e+14
      634.921   5.7991105e+14
      634.961   5.8273727e+14
      635.001   5.8364934e+14
      635.042   5.8366581e+14
      635.082   5.8465957e+14
      635.122   5.8622109e+14
      635.163   5.8721608e+14
      635.203   5.8741282e+14
      635.243   5.8703161e+14
      635.284   5.8603830e+14
      635.324   5.8422897e+14
      635.364   5.8071277e+14
      635.405   5.7855898e+14
      635.445   5.7757089e+14
      635.486   5.7579626e+14
      635.526   5.7477310e+14
      635.566   5.7589243e+14
      635.607   5.7651113e+14
      635.647   5.7639371e+14
      635.688   5.7513421e+14
      635.728   5.7091145e+14
      635.768   5.6857358e+14
      635.809   5.6671038e+14
      635.849   5.6438242e+14
      635.890   5.6480893e+14
      635.930   5.6786995e+14
      635.970   5.6865832e+14
      636.011   5.6912701e+14
      636.051   5.7012480e+14
      636.092   5.6856768e+14
      636.132   5.6608184e+14
      636.173   5.6393136e+14
      636.213   5.6086257e+14
      636.254   5.6051470e+14
      636.294   5.6114257e+14
      636.335   5.6231904e+14
      636.375   5.6389245e+14
      636.416   5.6637750e+14
      636.456   5.6674069e+14
      636.497   5.6685365e+14
      636.537   5.6770189e+14
      636.578   5.6836275e+14
      636.618   5.6953581e+14
      636.659   5.7135203e+14
      636.699   5.7276976e+14
      636.740   5.7392671e+14
      636.780   5.7413701e+14
      636.821   5.7451566e+14
      636.862   5.7499567e+14
      636.902   5.7603346e+14
      636.943   5.7671611e+14
      636.983   5.7724784e+14
      637.024   5.7775973e+14
      637.064   5.7746769e+14
      637.105   5.7724981e+14
      637.146   5.7709833e+14
      637.186   5.7749072e+14
      637.227   5.7808676e+14
      637.267   5.7857713e+14
      637.308   5.7953655e+14
      637.349   5.8064986e+14
      637.389   5.8194759e+14
      637.430   5.8261041e+14
      637.471   5.8298333e+14
      637.511   5.8363140e+14
      637.552   5.8445174e+14
      637.592   5.8545298e+14
      637.633   5.8618264e+14
      637.674   5.8667468e+14
      637.714   5.8647021e+14
      637.755   5.8600448e+14
      637.796   5.8545476e+14
      637.836   5.8493893e+14
      637.877   5.8473173e+14
      637.918   5.8305927e+14
      637.958   5.8189972e+14
      637.999   5.8099980e+14
      638.040   5.8017315e+14
      638.081   5.7960527e+14
      638.121   5.8039356e+14
      638.162   5.8035385e+14
      638.203   5.8047154e+14
      638.244   5.8070823e+14
      638.284   5.8084948e+14
      638.325   5.8038639e+14
      638.366   5.7989872e+14
      638.406   5.7710379e+14
      638.447   5.7598940e+14
      638.488   5.7564129e+14
      638.529   5.7604921e+14
      638.570   5.7676872e+14
      638.610   5.7934283e+14
      638.651   5.7989815e+14
      638.692   5.7968321e+14
      638.733   5.7951025e+14
      638.774   5.7942485e+14
      638.814   5.7921249e+14
      638.855   5.7956471e+14
      638.896   5.7979450e+14
      638.937   5.8127467e+14
      638.978   5.8314383e+14
      639.018   5.8527907e+14
      639.059   5.8649842e+14
      639.100   5.8669491e+14
      639.141   5.8577028e+14
      639.182   5.8289386e+14
      639.223   5.7692648e+14
      639.264   5.7242657e+14
      639.304   5.6951628e+14
      639.345   5.6627349e+14
      639.386   5.6444284e+14
      639.427   5.6562644e+14
      639.468   5.6563232e+14
      639.509   5.6534723e+14
      639.550   5.6503764e+14
      639.591   5.6444042e+14
      639.632   5.6526322e+14
      639.672   5.6589582e+14
      639.713   5.6609113e+14
      639.754   5.6969534e+14
      639.795   5.7368922e+14
      639.836   5.7221195e+14
      639.877   5.6894547e+14
      639.918   5.6760098e+14
      639.959   5.6325669e+14
      640.000   5.5896797e+14
      640.041   5.5907516e+14
      640.082   5.6122449e+14
      640.123   5.6183713e+14
      640.164   5.6214108e+14
      640.205   5.6245901e+14
      640.246   5.6265761e+14
      640.287   5.6256495e+14
      640.328   5.6100498e+14
      640.369   5.6182142e+14
      640.410   5.6682983e+14
      640.451   5.7277286e+14
      640.492   5.7913102e+14
      640.533   5.8681737e+14
      640.574   5.9109123e+14
      640.615   5.9027699e+14
      640.656   5.8575016e+14
      640.697   5.8204813e+14
      640.738   5.7890410e+14
      640.779   5.7662734e+14
      640.820   5.7486321e+14
      640.861   5.7588144e+14
      640.902   5.7582457e+14
      640.943   5.7492446e+14
      640.985   5.7295331e+14
      641.026   5.6784814e+14
      641.067   5.6317371e+14
      641.108   5.5957051e+14
      641.149   5.5572450e+14
      641.190   5.5573760e+14
      641.231   5.5964217e+14
      641.272   5.6309369e+14
      641.313   5.6508667e+14
      641.355   5.6685562e+14
      641.396   5.6610991e+14
      641.437   5.6457643e+14
      641.478   5.6284925e+14
      641.519   5.6003517e+14
      641.560   5.6070619e+14
      641.601   5.6267515e+14
      641.643   5.6451512e+14
      641.684   5.6675542e+14
      641.725   5.7061073e+14
      641.766   5.7195810e+14
      641.807   5.7074427e+14
      641.849   5.6715950e+14
      641.890   5.6545951e+14
      641.931   5.6347434e+14
      641.972   5.5807872e+14
      642.013   5.5412191e+14
      642.055   5.5362532e+14
      642.096   5.5223024e+14
      642.137   5.5129256e+14
      642.178   5.5442785e+14
      642.219   5.5741569e+14
      642.261   5.5938716e+14
      642.302   5.5977011e+14
      642.343   5.5922344e+14
      642.385   5.6105810e+14
      642.426   5.6302238e+14
      642.467   5.6375424e+14
      642.508   5.6813164e+14
      642.550   5.7433492e+14
      642.591   5.7794201e+14
      642.632   5.8135226e+14
      642.673   5.8606642e+14
      642.715   5.8754426e+14
      642.756   5.8782690e+14
      642.797   5.8777843e+14
      642.839   5.8745591e+14
      642.880   5.8658278e+14
      642.921   5.8211823e+14
      642.963   5.7875723e+14
      643.004   5.7587098e+14
      643.045   5.7310613e+14
      643.087   5.7084601e+14
      643.128   5.7101726e+14
      643.169   5.7039167e+14
      643.211   5.6924510e+14
      643.252   5.6821032e+14
      643.294   5.6733851e+14
      643.335   5.6756241e+14
      643.376   5.6728905e+14
      643.418   5.6591259e+14
      643.459   5.6801645e+14
      643.501   5.7056597e+14
      643.542   5.7341474e+14
      643.583   5.7640507e+14
      643.625   5.8012702e+14
      643.666   5.8130096e+14
      643.708   5.8072579e+14
      643.749   5.7499395e+14
      643.791   5.7072678e+14
      643.832   5.6748869e+14
      643.874   5.6336876e+14
      643.915   5.6038036e+14
      643.956   5.6219250e+14
      643.998   5.6253715e+14
      644.039   5.6276444e+14
      644.081   5.6282321e+14
      644.122   5.6243617e+14
      644.164   5.6228653e+14
      644.205   5.6167690e+14
      644.247   5.5922098e+14
      644.288   5.6191345e+14
      644.330   5.6679348e+14
      644.371   5.7183926e+14
      644.413   5.7751201e+14
      644.454   5.8460462e+14
      644.496   5.8663980e+14
      644.538   5.8700048e+14
      644.579   5.8687969e+14
      644.621   5.8662907e+14
      644.662   5.8692167e+14
      644.704   5.8727889e+14
      644.745   5.8755388e+14
      644.787   5.8753298e+14
      644.828   5.8431201e+14
      644.870   5.8059660e+14
      644.912   5.7741807e+14
      644.953   5.7423465e+14
      644.995   5.7092091e+14
      645.036   5.7116671e+14
      645.078   5.7118714e+14
      645.120   5.7081498e+14
      645.161   5.7055509e+14
      645.203   5.7084426e+14
      645.245   5.7076210e+14
      645.286   5.7057285e+14
      645.328   5.6845285e+14
      645.369   5.6800515e+14
      645.411   5.6954318e+14
      645.453   5.7092935e+14
      645.494   5.7119652e+14
      645.536   5.7343582e+14
      645.578   5.7292541e+14
      645.619   5.7096304e+14
      645.661   5.6992145e+14
      645.703   5.7011168e+14
      645.745   5.7018857e+14
      645.786   5.7023281e+14
      645.828   5.7024596e+14
      645.870   5.7059557e+14
      645.911   5.7119214e+14
      645.953   5.7274943e+14
      645.995   5.7482390e+14
      646.037   5.7790810e+14
      646.078   5.7897994e+14
      646.120   5.7657794e+14
      646.162   5.7257082e+14
      646.204   5.6803896e+14
      646.245   5.6243203e+14
      646.287   5.5837366e+14
      646.329   5.5723792e+14
      646.371   5.5663012e+14
      646.412   5.5521683e+14
      646.454   5.5358102e+14
      646.496   5.5212923e+14
      646.538   5.5079787e+14
      646.580   5.4985257e+14
      646.621   5.5186641e+14
      646.663   5.5733800e+14
      646.705   5.6317906e+14
      646.747   5.6847483e+14
      646.789   5.7312596e+14
      646.831   5.7582021e+14
      646.872   5.7554907e+14
      646.914   5.7498791e+14
      646.956   5.7572845e+14
      646.998   5.7529147e+14
      647.040   5.7417173e+14
      647.082   5.7289216e+14
      647.124   5.7150952e+14
      647.165   5.6956883e+14
      647.207   5.6925372e+14
      647.249   5.6962005e+14
      647.291   5.7061445e+14
      647.333   5.7187164e+14
      647.375   5.7274919e+14
      647.417   5.7240940e+14
      647.459   5.7153716e+14
      647.501   5.7023524e+14
      647.543   5.7033196e+14
      647.584   5.7128685e+14
      647.626   5.7347479e+14
      647.668   5.7600752e+14
      647.710   5.7806469e+14
      647.752   5.7828959e+14
      647.794   5.7804940e+14
      647.836   5.7784820e+14
      647.878   5.7772159e+14
      647.920   5.7815973e+14
      647.962   5.7978082e+14
      648.004   5.8117129e+14
      648.046   5.8126506e+14
      648.088   5.8080109e+14
      648.130   5.7896540e+14
      648.172   5.7581122e+14
      648.214   5.7283428e+14
      648.256   5.7105111e+14
      648.298   5.6977596e+14
      648.340   5.6931461e+14
      648.382   5.6901313e+14
      648.424   5.6919146e+14
      648.466   5.6943029e+14
      648.508   5.6964780e+14
      648.551   5.7042438e+14
      648.593   5.7244825e+14
      648.635   5.7499870e+14
      648.677   5.7855584e+14
      648.719   5.8225921e+14
      648.761   5.8548296e+14
      648.803   5.8757597e+14
      648.845   5.8916766e+14
      648.887   5.8983479e+14
      648.929   5.9030625e+14
      648.971   5.9047894e+14
      649.014   5.8980132e+14
      649.056   5.8893269e+14
      649.098   5.8809223e+14
      649.140   5.8717350e+14
      649.182   5.8578125e+14
      649.224   5.8231392e+14
      649.266   5.7796351e+14
      649.309   5.7257404e+14
      649.351   5.6441364e+14
      649.393   5.5534458e+14
      649.435   5.4813986e+14
      649.477   5.4049996e+14
      649.519   5.3220039e+14
      649.562   5.2703764e+14
      649.604   5.2334065e+14
      649.646   5.2035534e+14
      649.688   5.1877298e+14
      649.730   5.1894263e+14
      649.773   5.2094379e+14
      649.815   5.2171564e+14
      649.857   5.2331746e+14
      649.899   5.2800463e+14
      649.942   5.3354809e+14
      649.984   5.3789430e+14
      650.026   5.4507018e+14
      650.068   5.5322314e+14
      650.111   5.5881224e+14
      650.153   5.6348534e+14
      650.195   5.6716458e+14
      650.237   5.6845281e+14
      650.280   5.6779224e+14
      650.322   5.6740883e+14
      650.364   5.6876143e+14
      650.406   5.7057401e+14
      650.449   5.7301865e+14
      650.491   5.7561976e+14
      650.533   5.7761134e+14
      650.576   5.7777833e+14
      650.618   5.7767348e+14
      650.660   5.7751150e+14
      650.703   5.7709721e+14
      650.745   5.7656070e+14
      650.787   5.7662690e+14
      650.830   5.7730759e+14
      650.872   5.7811225e+14
      650.915   5.7915331e+14
      650.957   5.8029005e+14
      650.999   5.8080966e+14
      651.042   5.8064661e+14
      651.084   5.8036130e+14
      651.126   5.8001181e+14
      651.169   5.7960598e+14
      651.211   5.7927067e+14
      651.254   5.7904681e+14
      651.296   5.7915036e+14
      651.339   5.7983670e+14
      651.381   5.8080431e+14
      651.423   5.8134353e+14
      651.466   5.8094476e+14
      651.508   5.7990949e+14
      651.551   5.7846428e+14
      651.593   5.7697166e+14
      651.636   5.7571531e+14
      651.678   5.7427222e+14
      651.721   5.7246196e+14
      651.763   5.7054705e+14
      651.806   5.6863986e+14
      651.848   5.6678165e+14
      651.890   5.6580552e+14
      651.933   5.6527677e+14
      651.976   5.6514103e+14
      652.018   5.6553327e+14
      652.060   5.6603989e+14
      652.103   5.6669395e+14
      652.146   5.6747315e+14
      652.188   5.6831591e+14
      652.231   5.6968510e+14
      652.273   5.7147187e+14
      652.316   5.7331323e+14
      652.358   5.7521124e+14
      652.401   5.7682433e+14
      652.443   5.7738905e+14
      652.486   5.7736479e+14
      652.529   5.7703647e+14
      652.571   5.7646411e+14
      652.614   5.7579957e+14
      652.656   5.7517343e+14
      652.699   5.7470537e+14
      652.742   5.7439113e+14
      652.784   5.7425122e+14
      652.827   5.7412653e+14
      652.869   5.7385069e+14
      652.912   5.7350759e+14
      652.955   5.7311087e+14
      652.997   5.7284918e+14
      653.040   5.7301224e+14
      653.083   5.7361191e+14
      653.125   5.7440410e+14
      653.168   5.7505404e+14
      653.211   5.7488069e+14
      653.253   5.7369348e+14
      653.296   5.7216325e+14
      653.339   5.7056474e+14
      653.381   5.6917300e+14
      653.424   5.6853378e+14
      653.467   5.6845669e+14
      653.509   5.6838228e+14
      653.552   5.6822286e+14
      653.595   5.6794509e+14
      653.637   5.6756990e+14
      653.680   5.6707710e+14
      653.723   5.6631209e+14
      653.766   5.6607717e+14
      653.808   5.6640390e+14
      653.851   5.6682455e+14
      653.894   5.6741721e+14
      653.937   5.6826440e+14
      653.979   5.6832968e+14
      654.022   5.6781883e+14
      654.065   5.6726490e+14
      654.108   5.6670373e+14
      654.151   5.6620702e+14
      654.193   5.6603566e+14
      654.236   5.6642423e+14
      654.279   5.6744730e+14
      654.322   5.6859248e+14
      654.365   5.6966600e+14
      654.407   5.7032298e+14
      654.450   5.6861071e+14
      654.493   5.6532037e+14
      654.536   5.6214808e+14
      654.579   5.5856291e+14
      654.622   5.5496658e+14
      654.664   5.5323774e+14
      654.707   5.5250305e+14
      654.750   5.5149208e+14
      654.793   5.5087195e+14
      654.836   5.5053164e+14
      654.879   5.4986832e+14
      654.922   5.4878510e+14
      654.965   5.4853071e+14
      655.008   5.5004007e+14
      655.050   5.5191857e+14
      655.093   5.5429671e+14
      655.136   5.5749682e+14
      655.179   5.5988972e+14
      655.222   5.6039844e+14
      655.265   5.6105444e+14
      655.308   5.6123304e+14
      655.351   5.6066144e+14
      655.394   5.5936818e+14
      655.437   5.5765127e+14
      655.480   5.5590185e+14
      655.523   5.5408409e+14
      655.566   5.5221944e+14
      655.609   5.5059522e+14
      655.652   5.4907140e+14
      655.695   5.4736435e+14
      655.738   5.4529795e+14
      655.781   5.4269993e+14
      655.824   5.3959169e+14
      655.867   5.3584033e+14
      655.910   5.3152112e+14
      655.953   5.2694298e+14
      655.996   5.2175014e+14
      656.039   5.1496196e+14
      656.082   5.0486829e+14
      656.125   4.8999577e+14
      656.168   4.7178807e+14
      656.211   4.5252609e+14
      656.254   4.3307201e+14
      656.297   4.1751472e+14
      656.340   4.0783104e+14
      656.383   4.0246573e+14
      656.426   3.9953638e+14
      656.470   3.9867713e+14
      656.513   3.9956406e+14
      656.556   4.0199647e+14
      656.599   4.0720732e+14
      656.642   4.1723148e+14
      656.685   4.3197237e+14
      656.728   4.4894326e+14
      656.771   4.6571424e+14
      656.814   4.8089053e+14
      656.858   4.9235487e+14
      656.901   4.9942997e+14
      656.944   5.0407154e+14
      656.987   5.0827490e+14
      657.030   5.1201817e+14
      657.073   5.1479867e+14
      657.117   5.1653424e+14
      657.160   5.1755685e+14
      657.203   5.1958327e+14
      657.246   5.2117835e+14
      657.289   5.2274138e+14
      657.333   5.2446767e+14
      657.376   5.2581528e+14
      657.419   5.2726757e+14
      657.462   5.2922043e+14
      657.505   5.3088204e+14
      657.549   5.3221034e+14
      657.592   5.3367085e+14
      657.635   5.3514619e+14
      657.678   5.3685570e+14
      657.722   5.3843349e+14
      657.765   5.4040658e+14
      657.808   5.4288790e+14
      657.851   5.4572989e+14
      657.895   5.4905991e+14
      657.938   5.5228487e+14
      657.981   5.5502399e+14
      658.025   5.5740446e+14
      658.068   5.5916069e+14
      658.111   5.6011719e+14
      658.155   5.6111104e+14
      658.198   5.6205333e+14
      658.241   5.6285169e+14
      658.284   5.6348423e+14
      658.328   5.6386936e+14
      658.371   5.6424246e+14
      658.415   5.6462049e+14
      658.458   5.6462224e+14
      658.501   5.6445808e+14
      658.545   5.6445379e+14
      658.588   5.6442666e+14
      658.631   5.6449324e+14
      658.675   5.6495084e+14
      658.718   5.6562394e+14
      658.761   5.6626453e+14
      658.805   5.6693174e+14
      658.848   5.6767008e+14
      658.892   5.6843502e+14
      658.935   5.6899672e+14
      658.979   5.6953804e+14
      659.022   5.7039501e+14
      659.065   5.7103127e+14
      659.109   5.7006483e+14
      659.152   5.6712164e+14
      659.196   5.6335892e+14
      659.239   5.5814275e+14
      659.283   5.5247879e+14
      659.326   5.4853652e+14
      659.370   5.4602901e+14
      659.413   5.4391062e+14
      659.457   5.4272861e+14
      659.500   5.4240578e+14
      659.544   5.4212346e+14
      659.587   5.4110291e+14
      659.631   5.4076617e+14
      659.674   5.4230111e+14
      659.718   5.4421659e+14
      659.761   5.4694132e+14
      659.805   5.5144242e+14
      659.848   5.5563234e+14
      659.892   5.5823983e+14
      659.935   5.6038033e+14
      659.979   5.6163956e+14
      660.022   5.6194688e+14
      660.066   5.6186441e+14
      660.110   5.6234632e+14
      660.153   5.6362683e+14
      660.197   5.6497709e+14
      660.240   5.6644601e+14
      660.284   5.6794498e+14
      660.328   5.6895206e+14
      660.371   5.6948070e+14
      660.415   5.6978955e+14
      660.458   5.6991303e+14
      660.502   5.7011691e+14
      660.546   5.7019421e+14
      660.589   5.6998831e+14
      660.633   5.6956966e+14
      660.677   5.6897357e+14
      660.720   5.6801084e+14
      660.764   5.6611113e+14
      660.807   5.6360925e+14
      660.851   5.6139023e+14
      660.895   5.5958748e+14
      660.939   5.5825890e+14
      660.982   5.5808103e+14
      661.026   5.5866930e+14
      661.070   5.5933075e+14
      661.113   5.5955308e+14
      661.157   5.5977995e+14
      661.201   5.5991989e+14
      661.244   5.6017858e+14
      661.288   5.6113023e+14
      661.332   5.6312557e+14
      661.376   5.6566489e+14
      661.419   5.6835953e+14
      661.463   5.7096843e+14
      661.507   5.7277294e+14
      661.551   5.7339236e+14
      661.594   5.7323502e+14
      661.638   5.7282128e+14
      661.682   5.7247995e+14
      661.726   5.7237060e+14
      661.770   5.7237366e+14
      661.813   5.7244834e+14
      661.857   5.7270889e+14
      661.901   5.7289694e+14
      661.945   5.7276951e+14
      661.989   5.7245331e+14
      662.032   5.7213978e+14
      662.076   5.7174741e+14
      662.120   5.7128233e+14
      662.164   5.7088974e+14
      662.208   5.7068946e+14
      662.252   5.7052902e+14
      662.296   5.7036140e+14
      662.339   5.6996766e+14
      662.383   5.6931354e+14
      662.427   5.6869560e+14
      662.471   5.6816102e+14
      662.515   5.6776073e+14
      662.559   5.6759275e+14
      662.603   5.6729406e+14
      662.647   5.6681727e+14
      662.690   5.6653215e+14
      662.734   5.6616785e+14
      662.778   5.6584713e+14
      662.822   5.6578790e+14
      662.866   5.6575040e+14
      662.910   5.6538234e+14
      662.954   5.6482166e+14
      662.998   5.6413738e+14
      663.042   5.6360771e+14
      663.086   5.6272898e+14
      663.130   5.6184649e+14
      663.174   5.6100032e+14
      663.218   5.5889643e+14
      663.262   5.5583640e+14
      663.306   5.5324481e+14
      663.350   5.5052193e+14
      663.394   5.4777705e+14
      663.438   5.4665318e+14
      663.482   5.4691814e+14
      663.526   5.4719399e+14
      663.570   5.4754986e+14
      663.614   5.4846584e+14
      663.658   5.4930192e+14
      663.702   5.4986163e+14
      663.746   5.5170181e+14
      663.790   5.5479346e+14
      663.834   5.5707804e+14
      663.878   5.5884260e+14
      663.922   5.6109125e+14
      663.967   5.6234419e+14
      664.011   5.6242834e+14
      664.055   5.6279265e+14
      664.099   5.6342277e+14
      664.143   5.6341964e+14
      664.187   5.6210629e+14
      664.231   5.5984269e+14
      664.275   5.5785904e+14
      664.319   5.5589336e+14
      664.364   5.5459085e+14
      664.408   5.5491116e+14
      664.452   5.5632026e+14
      664.496   5.5727790e+14
      664.540   5.5750016e+14
      664.584   5.5684105e+14
      664.628   5.5558818e+14
      664.673   5.5365131e+14
      664.717   5.5309380e+14
      664.761   5.5446323e+14
      664.805   5.5632109e+14
      664.849   5.5819006e+14
      664.894   5.6065035e+14
      664.938   5.6203526e+14
      664.982   5.6215948e+14
      665.026   5.6193091e+14
      665.070   5.6209638e+14
      665.115   5.6244497e+14
      665.159   5.6300778e+14
      665.203   5.6373108e+14
      665.247   5.6436333e+14
      665.292   5.6465381e+14
      665.336   5.6465541e+14
      665.380   5.6426692e+14
      665.424   5.6377980e+14
      665.469   5.6355610e+14
      665.513   5.6319660e+14
      665.557   5.6287717e+14
      665.602   5.6289770e+14
      665.646   5.6323474e+14
      665.690   5.6358283e+14
      665.735   5.6428561e+14
      665.779   5.6506795e+14
      665.823   5.6522278e+14
      665.868   5.6470341e+14
      665.912   5.6401164e+14
      665.956   5.6329783e+14
      666.001   5.6260668e+14
      666.045   5.6236354e+14
      666.089   5.6241971e+14
      666.134   5.6183783e+14
      666.178   5.5925087e+14
      666.223   5.5533178e+14
      666.267   5.5147342e+14
      666.311   5.4765460e+14
      666.356   5.4459573e+14
      666.400   5.4366464e+14
      666.445   5.4446539e+14
      666.489   5.4499513e+14
      666.533   5.4523264e+14
      666.578   5.4513506e+14
      666.622   5.4426207e+14
      666.667   5.4321812e+14
      666.711   5.4429597e+14
      666.756   5.4712134e+14
      666.800   5.5066981e+14
      666.844   5.5500079e+14
      666.889   5.5957440e+14
      666.933   5.6221800e+14
      666.978   5.6332403e+14
      667.022   5.6426712e+14
      667.067   5.6529037e+14
      667.111   5.6630193e+14
      667.156   5.6739486e+14
      667.200   5.6865528e+14
      667.245   5.6965342e+14
      667.289   5.7040217e+14
      667.334   5.7075691e+14
      667.379   5.7063998e+14
      667.423   5.7036842e+14
      667.468   5.7012338e+14
      667.512   5.6987015e+14
      667.557   5.6950429e+14
      667.601   5.6829976e+14
      667.646   5.6515680e+14
      667.690   5.6089303e+14
      667.735   5.5701009e+14
      667.780   5.5337551e+14
      667.824   5.5059959e+14
      667.869   5.4973457e+14
      667.913   5.5029605e+14
      667.958   5.5055458e+14
      668.003   5.5067769e+14
      668.047   5.5073410e+14
      668.092   5.5046553e+14
      668.137   5.5051176e+14
      668.181   5.5251245e+14
      668.226   5.5583593e+14
      668.271   5.5946386e+14
      668.315   5.6345759e+14
      668.360   5.6706079e+14
      668.405   5.6879659e+14
      668.449   5.6929364e+14
      668.494   5.6965248e+14
      668.539   5.6998931e+14
      668.583   5.7011287e+14
      668.628   5.6982332e+14
      668.673   5.6951161e+14
      668.717   5.6912589e+14
      668.762   5.6888017e+14
      668.807   5.6888354e+14
      668.852   5.6931578e+14
      668.896   5.6987912e+14
      668.941   5.7041039e+14
      668.986   5.7069987e+14
      669.031   5.7083811e+14
      669.075   5.7062106e+14
      669.120   5.7055159e+14
      669.165   5.7076440e+14
      669.210   5.7121930e+14
      669.254   5.7188600e+14
      669.299   5.7286178e+14
      669.344   5.7359929e+14
      669.389   5.7397366e+14
      669.434   5.7337983e+14
      669.478   5.7161114e+14
      669.523   5.6979890e+14
      669.568   5.6818827e+14
      669.613   5.6687459e+14
      669.658   5.6645982e+14
      669.703   5.6677888e+14
      669.748   5.6644472e+14
      669.792   5.6563250e+14
      669.837   5.6449070e+14
      669.882   5.6314319e+14
      669.927   5.6177711e+14
      669.972   5.6189034e+14
      670.017   5.6335110e+14
      670.062   5.6519023e+14
      670.107   5.6716548e+14
      670.151   5.6934941e+14
      670.196   5.7005084e+14
      670.241   5.6940813e+14
      670.286   5.6909949e+14
      670.331   5.6874671e+14
      670.376   5.6812205e+14
      670.421   5.6834971e+14
      670.466   5.6890803e+14
      670.511   5.6862129e+14
      670.556   5.6825741e+14
      670.601   5.6826822e+14
      670.646   5.6796668e+14
      670.691   5.6748864e+14
      670.736   5.6773841e+14
      670.781   5.6843290e+14
      670.826   5.6964956e+14
      670.871   5.7113104e+14
      670.916   5.7268261e+14
      670.961   5.7370492e+14
      671.006   5.7428912e+14
      671.051   5.7494275e+14
      671.096   5.7459233e+14
      671.141   5.7287736e+14
      671.186   5.7055900e+14
      671.231   5.6815578e+14
      671.276   5.6594341e+14
      671.321   5.6451442e+14
      671.366   5.6403448e+14
      671.411   5.6390769e+14
      671.456   5.6399433e+14
      671.501   5.6378651e+14
      671.547   5.6348747e+14
      671.592   5.6207618e+14
      671.637   5.6002431e+14
      671.682   5.5968367e+14
      671.727   5.6056147e+14
      671.772   5.6152029e+14
      671.817   5.6367941e+14
      671.862   5.6646829e+14
      671.908   5.6780401e+14
      671.953   5.6838423e+14
      671.998   5.6881728e+14
      672.043   5.6888948e+14
      672.088   5.6859708e+14
      672.133   5.6960468e+14
      672.179   5.7157826e+14
      672.224   5.7328976e+14
      672.269   5.7497940e+14
      672.314   5.7724026e+14
      672.359   5.7741241e+14
      672.405   5.7569162e+14
      672.450   5.7406190e+14
      672.495   5.7194558e+14
      672.540   5.6896672e+14
      672.585   5.6708942e+14
      672.631   5.6615607e+14
      672.676   5.6521821e+14
      672.721   5.6496576e+14
      672.766   5.6617674e+14
      672.812   5.6675464e+14
      672.857   5.6676032e+14
      672.902   5.6733744e+14
      672.948   5.6842797e+14
      672.993   5.6887990e+14
      673.038   5.7018575e+14
      673.083   5.7226652e+14
      673.129   5.7358867e+14
      673.174   5.7406187e+14
      673.219   5.7502933e+14
      673.265   5.7509400e+14
      673.310   5.7460811e+14
      673.355   5.7432885e+14
      673.401   5.7457799e+14
      673.446   5.7450152e+14
      673.491   5.7436239e+14
      673.537   5.7420192e+14
      673.582   5.7408854e+14
      673.628   5.7366597e+14
      673.673   5.7361526e+14
      673.718   5.7397803e+14
      673.764   5.7393554e+14
      673.809   5.7294348e+14
      673.854   5.7256778e+14
      673.900   5.7197140e+14
      673.945   5.7101586e+14
      673.991   5.7055220e+14
      674.036   5.7074862e+14
      674.082   5.7060989e+14
      674.127   5.7017110e+14
      674.172   5.6956600e+14
      674.218   5.6903189e+14
      674.263   5.6829735e+14
      674.309   5.6819530e+14
      674.354   5.6890894e+14
      674.400   5.6959766e+14
      674.445   5.6993451e+14
      674.491   5.7067887e+14
      674.536   5.7089388e+14
      674.582   5.7041120e+14
      674.627   5.6991661e+14
      674.673   5.6999202e+14
      674.718   5.7018491e+14
      674.764   5.7023071e+14
      674.809   5.7044210e+14
      674.855   5.6989263e+14
      674.900   5.6778930e+14
      674.946   5.6612647e+14
      674.992   5.6449303e+14
      675.037   5.6261507e+14
      675.083   5.6150350e+14
      675.128   5.6111219e+14
      675.174   5.6023340e+14
      675.219   5.5934252e+14
      675.265   5.5894817e+14
      675.311   5.5862399e+14
      675.356   5.5865051e+14
      675.402   5.6002106e+14
      675.447   5.6216082e+14
      675.493   5.6415353e+14
      675.539   5.6633908e+14
      675.584   5.6840187e+14
      675.630   5.6970327e+14
      675.676   5.7070126e+14
      675.721   5.7185401e+14
      675.767   5.7295595e+14
      675.813   5.7423942e+14
      675.858   5.7486683e+14
      675.904   5.7492855e+14
      675.950   5.7432737e+14
      675.995   5.7361409e+14
      676.041   5.7294604e+14
      676.087   5.7232233e+14
      676.133   5.7208754e+14
      676.178   5.7234825e+14
      676.224   5.7263583e+14
      676.270   5.7282336e+14
      676.315   5.7289522e+14
      676.361   5.7243055e+14
      676.407   5.7118761e+14
      676.453   5.7020019e+14
      676.498   5.6963060e+14
      676.544   5.6902846e+14
      676.590   5.6808149e+14
      676.636   5.6653371e+14
      676.682   5.6530090e+14
      676.727   5.6386315e+14
      676.773   5.6236671e+14
      676.819   5.6130762e+14
      676.865   5.6145001e+14
      676.911   5.6130311e+14
      676.956   5.6109597e+14
      677.002   5.6119384e+14
      677.048   5.6090513e+14
      677.094   5.5941072e+14
      677.140   5.5948546e+14
      677.186   5.6043951e+14
      677.232   5.6123792e+14
      677.277   5.6250309e+14
      677.323   5.6522411e+14
      677.369   5.6614173e+14
      677.415   5.6601276e+14
      677.461   5.6629212e+14
      677.507   5.6685735e+14
      677.553   5.6698824e+14
      677.599   5.6766493e+14
      677.644   5.6899808e+14
      677.690   5.6982723e+14
      677.736   5.7028888e+14
      677.782   5.7111445e+14
      677.828   5.7119742e+14
      677.874   5.7081985e+14
      677.920   5.7071703e+14
      677.966   5.7090027e+14
      678.012   5.7096841e+14
      678.058   5.7087300e+14
      678.104   5.7075531e+14
      678.150   5.7009142e+14
      678.196   5.6833496e+14
      678.242   5.6697590e+14
      678.288   5.6585451e+14
      678.334   5.6466238e+14
      678.380   5.6357411e+14
      678.426   5.6330715e+14
      678.472   5.6256803e+14
      678.518   5.6151655e+14
      678.564   5.5990730e+14
      678.610   5.5878109e+14
      678.656   5.5765106e+14
      678.702   5.5752498e+14
      678.748   5.5827263e+14
      678.794   5.5961551e+14
      678.841   5.6067298e+14
      678.887   5.6179675e+14
      678.933   5.6180467e+14
      678.979   5.6169729e+14
      679.025   5.6150098e+14
      679.071   5.6181467e+14
      679.117   5.6229581e+14
      679.163   5.6234546e+14
      679.209   5.6127115e+14
      679.256   5.6020505e+14
      679.302   5.5877694e+14
      679.348   5.5726301e+14
      679.394   5.5609503e+14
      679.440   5.5564905e+14
      679.486   5.5447339e+14
      679.532   5.5373308e+14
      679.579   5.5308660e+14
      679.625   5.5258072e+14
      679.671   5.5195191e+14
      679.717   5.5213851e+14
      679.763   5.5183737e+14
      679.810   5.5183854e+14
      679.856   5.5203273e+14
      679.902   5.5216721e+14
      679.948   5.5187338e+14
      679.995   5.5273518e+14
      680.041   5.5362248e+14
      680.087   5.5464765e+14
      680.133   5.5589664e+14
      680.180   5.5712043e+14
      680.226   5.5703179e+14
      680.272   5.5708465e+14
      680.318   5.5759983e+14
      680.365   5.5820161e+14
      680.411   5.5910454e+14
      680.457   5.6040282e+14
      680.504   5.6056491e+14
      680.550   5.5842929e+14
      680.596   5.5696829e+14
      680.643   5.5561611e+14
      680.689   5.5418453e+14
      680.735   5.5368524e+14
      680.782   5.5527175e+14
      680.828   5.5585052e+14
      680.874   5.5525796e+14
      680.921   5.5502431e+14
      680.967   5.5486432e+14
      681.013   5.5370004e+14
      681.060   5.5471765e+14
      681.106   5.5770126e+14
      681.153   5.6039120e+14
      681.199   5.6279708e+14
      681.245   5.6548320e+14
      681.292   5.6580012e+14
      681.338   5.6383547e+14
      681.385   5.6305098e+14
      681.431   5.6321401e+14
      681.477   5.6307070e+14
      681.524   5.6319721e+14
      681.570   5.6453644e+14
      681.617   5.6443141e+14
      681.663   5.6367205e+14
      681.710   5.6290959e+14
      681.756   5.6248989e+14
      681.803   5.6181315e+14
      681.849   5.6193875e+14
      681.896   5.6180736e+14
      681.942   5.6188813e+14
      681.989   5.6145404e+14
      682.035   5.6154592e+14
      682.082   5.6092493e+14
      682.128   5.6062072e+14
      682.175   5.5998458e+14
      682.221   5.5974749e+14
      682.268   5.5933931e+14
      682.314   5.5904981e+14
      682.361   5.5848064e+14
      682.408   5.5875261e+14
      682.454   5.5907244e+14
      682.501   5.5986795e+14
      682.547   5.6073010e+14
      682.594   5.6173151e+14
      682.640   5.6168514e+14
      682.687   5.6122433e+14
      682.734   5.5931977e+14
      682.780   5.5775457e+14
      682.827   5.5642932e+14
      682.874   5.5548547e+14
      682.920   5.5486245e+14
      682.967   5.5556461e+14
      683.013   5.5595676e+14
      683.060   5.5619947e+14
      683.107   5.5628122e+14
      683.153   5.5639959e+14
      683.200   5.5586764e+14
      683.247   5.5667555e+14
      683.293   5.5811537e+14
      683.340   5.5978835e+14
      683.387   5.6183219e+14
      683.434   5.6447914e+14
      683.480   5.6559035e+14
      683.527   5.6585259e+14
      683.574   5.6561304e+14
      683.620   5.6559359e+14
      683.667   5.6554500e+14
      683.714   5.6588587e+14
      683.761   5.6653779e+14
      683.807   5.6726385e+14
      683.854   5.6697931e+14
      683.901   5.6673598e+14
      683.948   5.6510603e+14
      683.995   5.6167717e+14
      684.041   5.5873791e+14
      684.088   5.5667234e+14
      684.135   5.5392051e+14
      684.182   5.5193302e+14
      684.229   5.5030500e+14
      684.275   5.4894968e+14
      684.322   5.4731379e+14
      684.369   5.4664504e+14
      684.416   5.4632120e+14
      684.463   5.4701357e+14
      684.510   5.4903734e+14
      684.556   5.5214086e+14
      684.603   5.5459301e+14
      684.650   5.5784448e+14
      684.697   5.6127277e+14
      684.744   5.6438266e+14
      684.791   5.6722276e+14
      684.838   5.7008586e+14
      684.885   5.7210129e+14
      684.932   5.7416950e+14
      684.978   5.7458579e+14
      685.025   5.7374737e+14
      685.072   5.7256923e+14
      685.119   5.7151856e+14
      685.166   5.7060293e+14
      685.213   5.6989359e+14
      685.260   5.6978121e+14
      685.307   5.6926704e+14
      685.354   5.6710802e+14
      685.401   5.6422390e+14
      685.448   5.6067469e+14
      685.495   5.5724517e+14
      685.542   5.5502841e+14
      685.589   5.5477224e+14
      685.636   5.5515838e+14
      685.683   5.5503735e+14
      685.730   5.5525821e+14
      685.777   5.5497562e+14
      685.824   5.5406544e+14
      685.871   5.5415851e+14
      685.918   5.5594285e+14
      685.965   5.5839251e+14
      686.012   5.6051177e+14
      686.059   5.6063156e+14
      686.106   5.6035669e+14
      686.153   5.5985994e+14
      686.201   5.5961582e+14
      686.248   5.6030707e+14
      686.295   5.6206632e+14
      686.342   5.6308126e+14
      686.389   5.6354724e+14
      686.436   5.6326105e+14
      686.483   5.6282446e+14
      686.530   5.6201916e+14
      686.577   5.6333529e+14
      686.625   5.6658601e+14
      686.672   5.6959933e+14
      686.719   5.7230827e+14
      686.766   5.7541272e+14
      686.813   5.7654573e+14
      686.860   5.7590653e+14
      686.908   5.7513634e+14
      686.955   5.7447434e+14
      687.002   5.7393644e+14
      687.049   5.7305640e+14
      687.096   5.7173585e+14
      687.144   5.7025774e+14
      687.191   5.6872213e+14
      687.238   5.6774735e+14
      687.285   5.6749159e+14
      687.332   5.6772158e+14
      687.380   5.6778672e+14
      687.427   5.6764390e+14
      687.474   5.6729018e+14
      687.521   5.6689874e+14
      687.569   5.6639120e+14
      687.616   5.6645172e+14
      687.663   5.6690020e+14
      687.711   5.6745881e+14
      687.758   5.6820886e+14
      687.805   5.6913616e+14
      687.852   5.6941536e+14
      687.900   5.6917160e+14
      687.947   5.6901739e+14
      687.995   5.6876974e+14
      688.042   5.6791059e+14
      688.089   5.6651978e+14
      688.137   5.6497511e+14
      688.184   5.6342936e+14
      688.231   5.6189851e+14
      688.279   5.6108458e+14
      688.326   5.6094109e+14
      688.373   5.6079374e+14
      688.421   5.6004374e+14
      688.468   5.5927401e+14
      688.516   5.5804092e+14
      688.563   5.5694649e+14
      688.610   5.5629330e+14
      688.658   5.5721784e+14
      688.705   5.5836807e+14
      688.753   5.5997574e+14
      688.800   5.6147727e+14
      688.848   5.6283260e+14
      688.895   5.6293053e+14
      688.943   5.6327461e+14
      688.990   5.6369340e+14
      689.037   5.6433543e+14
      689.085   5.6500876e+14
      689.132   5.6662514e+14
      689.180   5.6758933e+14
      689.227   5.6830751e+14
      689.275   5.6864519e+14
      689.322   5.6869507e+14
      689.370   5.6768833e+14
      689.417   5.6650688e+14
      689.465   5.6539034e+14
      689.513   5.6443226e+14
      689.560   5.6390762e+14
      689.608   5.6379933e+14
      689.655   5.6327083e+14
      689.703   5.6213848e+14
      689.750   5.6120546e+14
      689.798   5.6013326e+14
      689.846   5.5886072e+14
      689.893   5.5848656e+14
      689.941   5.5895610e+14
      689.988   5.5927364e+14
      690.036   5.5964884e+14
      690.083   5.6017062e+14
      690.131   5.6024339e+14
      690.179   5.6004394e+14
      690.226   5.6032005e+14
      690.274   5.6079369e+14
      690.322   5.6115769e+14
      690.369   5.6152096e+14
      690.417   5.6182074e+14
      690.465   5.6125066e+14
      690.512   5.6030883e+14
      690.560   5.5941317e+14
      690.608   5.5872163e+14
      690.655   5.5837731e+14
      690.703   5.5837804e+14
      690.751   5.5869664e+14
      690.799   5.5915916e+14
      690.846   5.5945807e+14
      690.894   5.5980712e+14
      690.942   5.6025079e+14
      690.990   5.6049766e+14
      691.037   5.6055108e+14
      691.085   5.6113548e+14
      691.133   5.6155324e+14
      691.181   5.6182348e+14
      691.228   5.6218758e+14
      691.276   5.6195799e+14
      691.324   5.5970593e+14
      691.372   5.5778684e+14
      691.419   5.5583263e+14
      691.467   5.5336002e+14
      691.515   5.5028469e+14
      691.563   5.4970936e+14
      691.611   5.4891426e+14
      691.659   5.4817952e+14
      691.706   5.4769408e+14
      691.754   5.4844480e+14
      691.802   5.4793736e+14
      691.850   5.4870707e+14
      691.898   5.4965132e+14
      691.946   5.5009144e+14
      691.994   5.5041419e+14
      692.042   5.5250740e+14
      692.089   5.5361058e+14
      692.137   5.5475265e+14
      692.185   5.5654325e+14
      692.233   5.5854637e+14
      692.281   5.5810751e+14
      692.329   5.5714892e+14
      692.377   5.5512822e+14
      692.425   5.5310714e+14
      692.473   5.5156761e+14
      692.521   5.5147323e+14
      692.569   5.5132577e+14
      692.617   5.5208519e+14
      692.665   5.5288639e+14
      692.713   5.5301985e+14
      692.761   5.5231455e+14
      692.809   5.5259970e+14
      692.857   5.5275969e+14
      692.905   5.5343595e+14
      692.953   5.5460578e+14
      693.001   5.5661102e+14
      693.049   5.5742048e+14
      693.097   5.5822625e+14
      693.145   5.5804859e+14
      693.193   5.5699750e+14
      693.241   5.5519816e+14
      693.289   5.5391878e+14
      693.337   5.5273039e+14
      693.385   5.5181540e+14
      693.433   5.5194873e+14
      693.481   5.5248094e+14
      693.529   5.5256493e+14
      693.577   5.5289210e+14
      693.626   5.5344809e+14
      693.674   5.5365764e+14
      693.722   5.5414828e+14
      693.770   5.5565391e+14
      693.818   5.5710265e+14
      693.866   5.5858585e+14
      693.914   5.6010719e+14
      693.963   5.6140911e+14
      694.011   5.6212868e+14
      694.059   5.6268482e+14
      694.107   5.6307375e+14
      694.155   5.6311665e+14
      694.203   5.6282488e+14
      694.252   5.6276211e+14
      694.300   5.6242075e+14
      694.348   5.6088884e+14
      694.396   5.5828003e+14
      694.444   5.5658394e+14
      694.493   5.5470195e+14
      694.541   5.5286849e+14
      694.589   5.5165106e+14
      694.637   5.5194056e+14
      694.686   5.5165997e+14
      694.734   5.5160690e+14
      694.782   5.5179738e+14
      694.831   5.5231606e+14
      694.879   5.5284170e+14
      694.927   5.5430390e+14
      694.975   5.5513043e+14
      695.024   5.5627726e+14
      695.072   5.5769724e+14
      695.120   5.5941058e+14
      695.169   5.5987576e+14
      695.217   5.6065257e+14
      695.265   5.6118570e+14
      695.314   5.6187210e+14
      695.362   5.6156340e+14
      695.410   5.6125852e+14
      695.459   5.6104206e+14
      695.507   5.6125912e+14
      695.555   5.6181913e+14
      695.604   5.6285257e+14
      695.652   5.6391960e+14
      695.701   5.6510953e+14
      695.749   5.6518210e+14
      695.797   5.6468671e+14
      695.846   5.6406616e+14
      695.894   5.6347150e+14
      695.943   5.6266396e+14
      695.991   5.6226362e+14
      696.040   5.6255024e+14
      696.088   5.6309934e+14
      696.136   5.6361405e+14
      696.185   5.6371020e+14
      696.233   5.6377498e+14
      696.282   5.6387491e+14
      696.330   5.6415721e+14
      696.379   5.6374975e+14
      696.427   5.6397097e+14
      696.476   5.6455936e+14
      696.524   5.6472341e+14
      696.573   5.6450665e+14
      696.621   5.6510198e+14
      696.670   5.6519815e+14
      696.718   5.6541579e+14
      696.767   5.6572199e+14
      696.816   5.6596708e+14
      696.864   5.6568464e+14
      696.913   5.6541447e+14
      696.961   5.6540295e+14
      697.010   5.6506421e+14
      697.058   5.6414889e+14
      697.107   5.6418135e+14
      697.156   5.6422903e+14
      697.204   5.6380616e+14
      697.253   5.6360941e+14
      697.301   5.6393134e+14
      697.350   5.6358935e+14
      697.399   5.6306015e+14
      697.447   5.6273637e+14
      697.496   5.6133189e+14
      697.545   5.6018337e+14
      697.593   5.6010393e+14
      697.642   5.5999848e+14
      697.691   5.5779083e+14
      697.739   5.5573504e+14
      697.788   5.5386320e+14
      697.837   5.5051543e+14
      697.885   5.4768251e+14
      697.934   5.4650936e+14
      697.983   5.4589810e+14
      698.032   5.4566532e+14
      698.080   5.4619663e+14
      698.129   5.4662550e+14
      698.178   5.4671014e+14
      698.227   5.4815270e+14
      698.275   5.5061221e+14
      698.324   5.5305369e+14
      698.373   5.5596609e+14
      698.422   5.5942992e+14
      698.470   5.6214724e+14
      698.519   5.6312845e+14
      698.568   5.6411746e+14
      698.617   5.6467418e+14
      698.666   5.6510842e+14
      698.714   5.6445480e+14
      698.763   5.6418091e+14
      698.812   5.6394529e+14
      698.861   5.6337272e+14
      698.910   5.6292251e+14
      698.959   5.6349850e+14
      699.007   5.6373290e+14
      699.056   5.6397936e+14
      699.105   5.6418364e+14
      699.154   5.6403174e+14
      699.203   5.6351218e+14
      699.252   5.6391570e+14
      699.301   5.6440359e+14
      699.350   5.6502934e+14
      699.398   5.6615641e+14
      699.447   5.6756796e+14
      699.496   5.6800252e+14
      699.545   5.6829916e+14
      699.594   5.6858439e+14
      699.643   5.6859365e+14
      699.692   5.6880229e+14
      699.741   5.6863524e+14
      699.790   5.6822653e+14
      699.839   5.6617315e+14
      699.888   5.6393923e+14
      699.937   5.6158999e+14
      699.986   5.5942441e+14
      700.035   5.5757303e+14
      700.084   5.5746261e+14
      700.133   5.5750176e+14
      700.182   5.5660111e+14
      700.231   5.5521312e+14
      700.280   5.5410889e+14
      700.329   5.5155035e+14
      700.378   5.5034209e+14
      700.427   5.5003915e+14
      700.476   5.5105632e+14
      700.525   5.5195463e+14
      700.574   5.5400824e+14
      700.624   5.5433581e+14
      700.673   5.5425558e+14
      700.722   5.5421388e+14
      700.771   5.5468273e+14
      700.820   5.5507104e+14
      700.869   5.5612357e+14
      700.918   5.5743739e+14
      700.967   5.5894723e+14
      701.016   5.5983471e+14
      701.066   5.6024978e+14
      701.115   5.5902020e+14
      701.164   5.5895438e+14
      701.213   5.5868880e+14
      701.262   5.5836933e+14
      701.311   5.5858390e+14
      701.361   5.5959843e+14
      701.410   5.5980151e+14
      701.459   5.5689585e+14
      701.508   5.5280239e+14
      701.557   5.4914644e+14
      701.607   5.4482583e+14
      701.656   5.4240273e+14
      701.705   5.4293917e+14
      701.754   5.4464816e+14
      701.804   5.4603906e+14
      701.853   5.4861748e+14
      701.902   5.4920051e+14
      701.951   5.4821482e+14
      702.001   5.4852568e+14
      702.050   5.5090881e+14
      702.099   5.5336914e+14
      702.149   5.5511125e+14
      702.198   5.5851851e+14
      702.247   5.5972574e+14
      702.297   5.5800237e+14
      702.346   5.5647800e+14
      702.395   5.5558452e+14
      702.445   5.5389125e+14
      702.494   5.5297433e+14
      702.543   5.5275388e+14
      702.593   5.5226087e+14
      702.642   5.5099342e+14
      702.691   5.5076498e+14
      702.741   5.5040653e+14
      702.790   5.5102505e+14
      702.839   5.5276781e+14
      702.889   5.5583611e+14
      702.938   5.5731762e+14
      702.988   5.5928531e+14
      703.037   5.6063289e+14
      703.087   5.6083000e+14
      703.136   5.6062196e+14
      703.185   5.6076437e+14
      703.235   5.6120030e+14
      703.284   5.6195528e+14
      703.334   5.6153610e+14
      703.383   5.6168636e+14
      703.433   5.6201845e+14
      703.482   5.6257329e+14
      703.532   5.6286309e+14
      703.581   5.6422353e+14
      703.631   5.6435930e+14
      703.680   5.6266729e+14
      703.730   5.6006217e+14
      703.779   5.5755999e+14
      703.829   5.5496181e+14
      703.878   5.5423638e+14
      703.928   5.5575578e+14
      703.977   5.5742887e+14
      704.027   5.5873652e+14
      704.077   5.6022955e+14
      704.126   5.6020610e+14
      704.176   5.5924623e+14
      704.225   5.5982449e+14
      704.275   5.6159960e+14
      704.325   5.6283097e+14
      704.374   5.6440892e+14
      704.424   5.6670174e+14
      704.473   5.6741192e+14
      704.523   5.6697679e+14
      704.573   5.6724020e+14
      704.622   5.6726745e+14
      704.672   5.6720665e+14
      704.722   5.6721920e+14
      704.771   5.6713054e+14
      704.821   5.6664889e+14
      704.871   5.6701271e+14
      704.920   5.6759590e+14
      704.970   5.6822629e+14
      705.020   5.6885743e+14
      705.069   5.6930709e+14
      705.119   5.6806604e+14
      705.169   5.6689032e+14
      705.219   5.6563725e+14
      705.268   5.6432912e+14
      705.318   5.6349678e+14
      705.368   5.6341385e+14
      705.418   5.6228001e+14
      705.467   5.6070834e+14
      705.517   5.5965139e+14
      705.567   5.5837778e+14
      705.617   5.5704987e+14
      705.667   5.5686982e+14
      705.716   5.5755483e+14
      705.766   5.5805132e+14
      705.816   5.5869480e+14
      705.866   5.5853408e+14
      705.916   5.5763091e+14
      705.965   5.5680807e+14
      706.015   5.5684442e+14
      706.065   5.5695815e+14
      706.115   5.5782994e+14
      706.165   5.5880247e+14
      706.215   5.5984867e+14
      706.265   5.6008640e+14
      706.314   5.6030014e+14
      706.364   5.6032510e+14
      706.414   5.6136001e+14
      706.464   5.6215519e+14
      706.514   5.6320587e+14
      706.564   5.6421805e+14
      706.614   5.6496321e+14
      706.664   5.6264657e+14
      706.714   5.5984563e+14
      706.764   5.5727274e+14
      706.814   5.5373544e+14
      706.864   5.5120819e+14
      706.914   5.5169324e+14
      706.964   5.5111343e+14
      707.014   5.4969665e+14
      707.064   5.4938677e+14
      707.114   5.4876291e+14
      707.164   5.4719773e+14
      707.214   5.4794515e+14
      707.264   5.5193146e+14
      707.314   5.5546513e+14
      707.364   5.6012685e+14
      707.414   5.6407609e+14
      707.464   5.6604951e+14
      707.514   5.6694577e+14
      707.564   5.6814058e+14
      707.614   5.6863788e+14
      707.664   5.6933672e+14
      707.714   5.7016367e+14
      707.764   5.7084729e+14
      707.814   5.7087958e+14
      707.864   5.7077230e+14
      707.914   5.7029662e+14
      707.965   5.6970917e+14
      708.015   5.6917515e+14
      708.065   5.6869143e+14
      708.115   5.6810288e+14
      708.165   5.6711474e+14
      708.215   5.6573854e+14
      708.266   5.6371884e+14
      708.316   5.6063883e+14
      708.366   5.5700740e+14
      708.416   5.5372473e+14
      708.466   5.5080637e+14
      708.516   5.4813977e+14
      708.567   5.4642466e+14
      708.617   5.4544203e+14
      708.667   5.4472715e+14
      708.717   5.4443147e+14
      708.767   5.4476081e+14
      708.818   5.4523072e+14
      708.868   5.4549413e+14
      708.918   5.4601391e+14
      708.968   5.4623469e+14
      709.019   5.4599290e+14
      709.069   5.4598132e+14
      709.119   5.4612139e+14
      709.170   5.4587360e+14
      709.220   5.4555519e+14
      709.270   5.4542325e+14
      709.320   5.4505814e+14
      709.371   5.4486466e+14
      709.421   5.4587115e+14
      709.471   5.4713428e+14
      709.522   5.4836708e+14
      709.572   5.4968883e+14
      709.622   5.5099123e+14
      709.673   5.5129949e+14
      709.723   5.5138157e+14
      709.774   5.5148766e+14
      709.824   5.5155036e+14
      709.874   5.5165576e+14
      709.925   5.5223629e+14
      709.975   5.5290946e+14
      710.026   5.5358352e+14
      710.076   5.5440465e+14
      710.126   5.5537373e+14
      710.177   5.5568235e+14
      710.227   5.5587366e+14
      710.278   5.5627181e+14
      710.328   5.5667326e+14
      710.379   5.5685755e+14
      710.429   5.5704896e+14
      710.480   5.5718272e+14
      710.530   5.5718733e+14
      710.581   5.5670624e+14
      710.631   5.5601414e+14
      710.682   5.5538500e+14
      710.732   5.5474721e+14
      710.783   5.5417634e+14
      710.833   5.5402500e+14
      710.884   5.5394445e+14
      710.934   5.5330643e+14
      710.985   5.5238481e+14
      711.035   5.5101947e+14
      711.086   5.4948964e+14
      711.136   5.4816112e+14
      711.187   5.4718379e+14
      711.238   5.4635037e+14
      711.288   5.4573418e+14
      711.339   5.4492390e+14
      711.389   5.4379318e+14
      711.440   5.4295932e+14
      711.491   5.4266690e+14
      711.541   5.4266196e+14
      711.592   5.4331643e+14
      711.642   5.4427816e+14
      711.693   5.4557996e+14
      711.744   5.4665589e+14
      711.794   5.4746598e+14
      711.845   5.4810160e+14
      711.896   5.4901422e+14
      711.946   5.4974280e+14
      711.997   5.4996537e+14
      712.048   5.4872151e+14
      712.099   5.4704467e+14
      712.149   5.4530418e+14
      712.200   5.4379055e+14
      712.251   5.4257703e+14
      712.301   5.4286855e+14
      712.352   5.4320378e+14
      712.403   5.4327380e+14
      712.454   5.4291055e+14
      712.504   5.4235138e+14
      712.555   5.4224170e+14
      712.606   5.4382609e+14
      712.657   5.4571518e+14
      712.708   5.4771789e+14
      712.758   5.4963801e+14
      712.809   5.5085254e+14
      712.860   5.5023968e+14
      712.911   5.4843962e+14
      712.962   5.4598705e+14
      713.012   5.4387639e+14
      713.063   5.4197922e+14
      713.114   5.4014044e+14
      713.165   5.3860991e+14
      713.216   5.3760276e+14
      713.267   5.3657988e+14
      713.318   5.3588886e+14
      713.369   5.3574093e+14
      713.419   5.3629963e+14
      713.470   5.3824660e+14
      713.521   5.4075673e+14
      713.572   5.4300150e+14
      713.623   5.4532857e+14
      713.674   5.4774207e+14
      713.725   5.4923311e+14
      713.776   5.5008711e+14
      713.827   5.5078480e+14
      713.878   5.5113447e+14
      713.929   5.5099532e+14
      713.980   5.5076233e+14
      714.031   5.5052145e+14
      714.082   5.4995969e+14
      714.133   5.4988691e+14
      714.184   5.4968116e+14
      714.235   5.4921314e+14
      714.286   5.4886637e+14
      714.337   5.4914955e+14
      714.388   5.4926455e+14
      714.439   5.4914473e+14
      714.490   5.4898958e+14
      714.541   5.4863095e+14
      714.592   5.4773582e+14
      714.643   5.4500055e+14
      714.694   5.4098052e+14
      714.745   5.3690527e+14
      714.796   5.3288413e+14
      714.847   5.2909732e+14
      714.898   5.2764028e+14
      714.950   5.2807173e+14
      715.001   5.2765238e+14
      715.052   5.2641412e+14
      715.103   5.2495634e+14
      715.154   5.2466980e+14
      715.205   5.2705143e+14
      715.256   5.3142391e+14
      715.308   5.3630314e+14
      715.359   5.4105702e+14
      715.410   5.4366367e+14
      715.461   5.4288442e+14
      715.512   5.4163853e+14
      715.564   5.4147513e+14
      715.615   5.4154223e+14
      715.666   5.4224059e+14
      715.717   5.4328401e+14
      715.768   5.4368064e+14
      715.820   5.4290161e+14
      715.871   5.4181592e+14
      715.922   5.4120072e+14
      715.973   5.4156981e+14
      716.025   5.4321442e+14
      716.076   5.4476045e+14
      716.127   5.4628710e+14
      716.178   5.4747651e+14
      716.230   5.4753690e+14
      716.281   5.4539545e+14
      716.332   5.4202945e+14
      716.384   5.3769441e+14
      716.435   5.3303640e+14
      716.486   5.2867205e+14
      716.538   5.2645471e+14
      716.589   5.2584182e+14
      716.640   5.2658304e+14
      716.692   5.2769805e+14
      716.743   5.2857688e+14
      716.794   5.3027649e+14
      716.846   5.3403439e+14
      716.897   5.3862071e+14
      716.949   5.4394259e+14
      717.000   5.4924102e+14
      717.052   5.5388302e+14
      717.103   5.5641571e+14
      717.154   5.5801776e+14
      717.206   5.5862303e+14
      717.257   5.5896049e+14
      717.309   5.5913766e+14
      717.360   5.5913717e+14
      717.412   5.5843812e+14
      717.463   5.5754157e+14
      717.515   5.5605626e+14
      717.566   5.5417668e+14
      717.617   5.5239907e+14
      717.669   5.5120779e+14
      717.721   5.5018139e+14
      717.772   5.4949211e+14
      717.824   5.4827669e+14
      717.875   5.4656084e+14
      717.927   5.4469613e+14
      717.978   5.4213806e+14
      718.030   5.3888417e+14
      718.081   5.3695857e+14
      718.133   5.3592251e+14
      718.184   5.3528286e+14
      718.236   5.3535213e+14
      718.288   5.3604702e+14
      718.339   5.3627687e+14
      718.391   5.3673183e+14
      718.442   5.3720576e+14
      718.494   5.3808602e+14
      718.546   5.3892307e+14
      718.597   5.3903113e+14
      718.649   5.3827000e+14
      718.701   5.3718979e+14
      718.752   5.3461631e+14
      718.804   5.3159424e+14
      718.856   5.2902070e+14
      718.907   5.2674917e+14
      718.959   5.2461204e+14
      719.011   5.2283980e+14
      719.062   5.2235859e+14
      719.114   5.2408813e+14
      719.166   5.2585330e+14
      719.217   5.2659356e+14
      719.269   5.2835523e+14
      719.321   5.3028266e+14
      719.373   5.3060635e+14
      719.424   5.3138662e+14
      719.476   5.3297951e+14
      719.528   5.3335073e+14
      719.580   5.3296911e+14
      719.632   5.3230749e+14
      719.683   5.3153862e+14
      719.735   5.3224500e+14
      719.787   5.3464303e+14
      719.839   5.3797194e+14
      719.891   5.4164840e+14
      719.942   5.4474888e+14
      719.994   5.4621757e+14
      720.046   5.4637297e+14
      720.098   5.4676897e+14
      720.150   5.4703878e+14
      720.202   5.4738357e+14
      720.254   5.4819404e+14
      720.305   5.4957595e+14
      720.357   5.5035112e+14
      720.409   5.5083437e+14
      720.461   5.5114399e+14
      720.513   5.5041960e+14
      720.565   5.4712559e+14
      720.617   5.4330610e+14
      720.669   5.3985719e+14
      720.721   5.3644333e+14
      720.773   5.3264598e+14
      720.825   5.3058944e+14
      720.877   5.2917614e+14
      720.929   5.2736781e+14
      720.981   5.2555533e+14
      721.032   5.2421123e+14
      721.085   5.2464143e+14
      721.137   5.2771352e+14
      721.189   5.3138646e+14
      721.241   5.3509547e+14
      721.293   5.3917236e+14
      721.345   5.4241211e+14
      721.397   5.4312353e+14
      721.449   5.4300517e+14
      721.501   5.4273661e+14
      721.553   5.4232970e+14
      721.605   5.4174485e+14
      721.657   5.4140107e+14
      721.709   5.4133788e+14
      721.761   5.4232622e+14
      721.813   5.4299443e+14
      721.865   5.4330689e+14
      721.917   5.4321613e+14
      721.970   5.4298364e+14
      722.022   5.4286913e+14
      722.074   5.4277034e+14
      722.126   5.4161559e+14
      722.178   5.3889047e+14
      722.230   5.3561121e+14
      722.282   5.3199925e+14
      722.335   5.2900462e+14
      722.387   5.2772198e+14
      722.439   5.2768939e+14
      722.491   5.2850355e+14
      722.543   5.2991538e+14
      722.596   5.3084913e+14
      722.648   5.3143808e+14
      722.700   5.3258517e+14
      722.752   5.3492375e+14
      722.805   5.3762749e+14
      722.857   5.4092866e+14
      722.909   5.4389377e+14
      722.961   5.4584173e+14
      723.014   5.4700829e+14
      723.066   5.4756476e+14
      723.118   5.4787189e+14
      723.170   5.4844832e+14
      723.223   5.4882363e+14
      723.275   5.4889326e+14
      723.327   5.4902623e+14
      723.380   5.4861723e+14
      723.432   5.4745466e+14
      723.484   5.4612553e+14
      723.537   5.4468206e+14
      723.589   5.4306720e+14
      723.641   5.4217328e+14
      723.694   5.4193794e+14
      723.746   5.4175732e+14
      723.799   5.4093529e+14
      723.851   5.3955331e+14
      723.903   5.3840903e+14
      723.956   5.3782438e+14
      724.008   5.3766314e+14
      724.061   5.3817676e+14
      724.113   5.3930043e+14
      724.165   5.4021008e+14
      724.218   5.4045436e+14
      724.270   5.4005127e+14
      724.323   5.3906570e+14
      724.375   5.3807130e+14
      724.428   5.3730367e+14
      724.480   5.3666603e+14
      724.533   5.3637442e+14
      724.585   5.3662556e+14
      724.638   5.3688949e+14
      724.690   5.3700968e+14
      724.743   5.3711885e+14
      724.795   5.3697318e+14
      724.848   5.3707445e+14
      724.900   5.3723834e+14
      724.953   5.3712913e+14
      725.005   5.3684003e+14
      725.058   5.3649633e+14
      725.111   5.3579915e+14
      725.163   5.3490654e+14
      725.216   5.3417735e+14
      725.268   5.3348311e+14
      725.321   5.3288875e+14
      725.374   5.3213150e+14
      725.426   5.3199714e+14
      725.479   5.3263828e+14
      725.531   5.3413717e+14
      725.584   5.3644368e+14
      725.637   5.3911216e+14
      725.689   5.4131526e+14
      725.742   5.4272049e+14
      725.795   5.4360906e+14
      725.847   5.4404785e+14
      725.900   5.4435228e+14
      725.953   5.4371040e+14
      726.005   5.4129036e+14
      726.058   5.3815894e+14
      726.111   5.3527362e+14
      726.164   5.3242363e+14
      726.216   5.3042772e+14
      726.269   5.3032160e+14
      726.322   5.3099907e+14
      726.375   5.3135046e+14
      726.427   5.3137891e+14
      726.480   5.3147964e+14
      726.533   5.3313226e+14
      726.586   5.3618172e+14
      726.639   5.3943068e+14
      726.691   5.4274699e+14
      726.744   5.4565849e+14
      726.797   5.4687083e+14
      726.850   5.4672980e+14
      726.903   5.4642964e+14
      726.956   5.4634035e+14
      727.008   5.4629864e+14
      727.061   5.4604578e+14
      727.114   5.4562173e+14
      727.167   5.4514976e+14
      727.220   5.4479717e+14
      727.273   5.4459991e+14
      727.326   5.4430692e+14
      727.379   5.4336863e+14
      727.431   5.4208669e+14
      727.484   5.4081736e+14
      727.537   5.3953981e+14
      727.590   5.3858090e+14
      727.643   5.3833515e+14
      727.696   5.3814116e+14
      727.749   5.3746089e+14
      727.802   5.3671273e+14
      727.855   5.3580499e+14
      727.908   5.3553900e+14
      727.961   5.3638529e+14
      728.014   5.3766231e+14
      728.067   5.3838533e+14
      728.120   5.3847431e+14
      728.173   5.3778158e+14
      728.226   5.3677377e+14
      728.279   5.3572179e+14
      728.332   5.3382806e+14
      728.385   5.3179440e+14
      728.438   5.3028700e+14
      728.491   5.2850013e+14
      728.544   5.2662111e+14
      728.597   5.2636601e+14
      728.651   5.2769201e+14
      728.704   5.2782408e+14
      728.757   5.2536570e+14
      728.810   5.2173732e+14
      728.863   5.1924213e+14
      728.916   5.1714585e+14
      728.969   5.1542049e+14
      729.022   5.1581339e+14
      729.076   5.1746627e+14
      729.129   5.1641107e+14
      729.182   5.1301932e+14
      729.235   5.1101307e+14
      729.288   5.1183455e+14
      729.341   5.1367480e+14
      729.395   5.1680628e+14
      729.448   5.2186723e+14
      729.501   5.2715663e+14
      729.554   5.3064864e+14
      729.607   5.3221502e+14
      729.661   5.3422194e+14
      729.714   5.3665197e+14
      729.767   5.3828707e+14
      729.820   5.3913491e+14
      729.874   5.4022731e+14
      729.927   5.4070363e+14
      729.980   5.4033642e+14
      730.034   5.3966192e+14
      730.087   5.3895071e+14
      730.140   5.3811940e+14
      730.193   5.3757595e+14
      730.247   5.3731706e+14
      730.300   5.3794926e+14
      730.353   5.3880165e+14
      730.407   5.4019473e+14
      730.460   5.4127538e+14
      730.514   5.4158865e+14
      730.567   5.4152528e+14
      730.620   5.4006937e+14
      730.674   5.3703343e+14
      730.727   5.3446858e+14
      730.780   5.3245966e+14
      730.834   5.3047911e+14
      730.887   5.2948235e+14
      730.941   5.2848205e+14
      730.994   5.2620793e+14
      731.048   5.2438622e+14
      731.101   5.2258005e+14
      731.154   5.2247127e+14
      731.208   5.2513019e+14
      731.261   5.2846547e+14
      731.315   5.3117738e+14
      731.368   5.3413709e+14
      731.422   5.3554804e+14
      731.475   5.3645753e+14
      731.529   5.3825337e+14
      731.582   5.4015288e+14
      731.636   5.4183711e+14
      731.689   5.4376123e+14
      731.743   5.4461237e+14
      731.797   5.4428942e+14
      731.850   5.4365701e+14
      731.904   5.4203931e+14
      731.957   5.3942641e+14
      732.011   5.3725886e+14
      732.064   5.3511830e+14
      732.118   5.3329484e+14
      732.172   5.3301896e+14
      732.225   5.3416584e+14
      732.279   5.3490859e+14
      732.332   5.3544614e+14
      732.386   5.3520636e+14
      732.440   5.3418039e+14
      732.493   5.3248348e+14
      732.547   5.3114017e+14
      732.601   5.2991698e+14
      732.654   5.2919844e+14
      732.708   5.2910656e+14
      732.762   5.2951223e+14
      732.815   5.2936742e+14
      732.869   5.2885405e+14
      732.923   5.2745747e+14
      732.977   5.2714057e+14
      733.030   5.2877643e+14
      733.084   5.3095397e+14
      733.138   5.3330855e+14
      733.192   5.3625374e+14
      733.245   5.3743166e+14
      733.299   5.3689155e+14
      733.353   5.3608230e+14
      733.407   5.3524478e+14
      733.461   5.3542745e+14
      733.514   5.3679044e+14
      733.568   5.3813832e+14
      733.622   5.3937791e+14
      733.676   5.4034447e+14
      733.730   5.4122267e+14
      733.783   5.4183109e+14
      733.837   5.4212678e+14
      733.891   5.4249488e+14
      733.945   5.4310422e+14
      733.999   5.4321113e+14
      734.053   5.4301252e+14
      734.107   5.4302690e+14
      734.160   5.4298036e+14
      734.214   5.4272140e+14
      734.268   5.4204008e+14
      734.322   5.4132657e+14
      734.376   5.4079794e+14
      734.430   5.4034160e+14
      734.484   5.3999385e+14
      734.538   5.3995579e+14
      734.592   5.3988949e+14
      734.646   5.3954156e+14
      734.700   5.3891195e+14
      734.754   5.3825808e+14
      734.808   5.3790593e+14
      734.862   5.3791596e+14
      734.916   5.3799438e+14
      734.970   5.3760188e+14
      735.024   5.3682308e+14
      735.078   5.3620951e+14
      735.132   5.3541064e+14
      735.186   5.3441443e+14
      735.240   5.3389314e+14
      735.294   5.3385097e+14
      735.348   5.3291074e+14
      735.402   5.3095953e+14
      735.456   5.2830322e+14
      735.510   5.2663336e+14
      735.565   5.2570511e+14
      735.619   5.2532393e+14
      735.673   5.2558718e+14
      735.727   5.2711964e+14
      735.781   5.2804797e+14
      735.835   5.2853314e+14
      735.889   5.2921176e+14
      735.943   5.3120031e+14
      735.998   5.3314960e+14
      736.052   5.3432853e+14
      736.106   5.3500778e+14
      736.160   5.3571936e+14
      736.214   5.3499581e+14
      736.269   5.3315198e+14
      736.323   5.3197653e+14
      736.377   5.3134129e+14
      736.431   5.3053651e+14
      736.485   5.2973969e+14
      736.540   5.2979049e+14
      736.594   5.3065130e+14
      736.648   5.3198426e+14
      736.703   5.3312846e+14
      736.757   5.3523233e+14
      736.811   5.3781254e+14
      736.865   5.3940462e+14
      736.920   5.3988781e+14
      736.974   5.4037849e+14
      737.028   5.4051941e+14
      737.083   5.4031109e+14
      737.137   5.3991226e+14
      737.191   5.3919842e+14
      737.246   5.3870730e+14
      737.300   5.3804983e+14
      737.354   5.3723079e+14
      737.409   5.3660614e+14
      737.463   5.3638043e+14
      737.518   5.3599798e+14
      737.572   5.3547329e+14
      737.626   5.3481518e+14
      737.681   5.3446081e+14
      737.735   5.3381460e+14
      737.790   5.3272876e+14
      737.844   5.3204195e+14
      737.898   5.3237746e+14
      737.953   5.3269758e+14
      738.007   5.3308970e+14
      738.062   5.3354328e+14
      738.116   5.3353130e+14
      738.171   5.3280455e+14
      738.225   5.3186260e+14
      738.280   5.3149549e+14
      738.334   5.3135391e+14
      738.389   5.3097450e+14
      738.443   5.3010901e+14
      738.498   5.2768708e+14
      738.552   5.2488379e+14
      738.607   5.2136891e+14
      738.661   5.1833009e+14
      738.716   5.1678034e+14
      738.771   5.1537188e+14
      738.825   5.1153076e+14
      738.880   5.0945809e+14
      738.934   5.0766357e+14
      738.989   5.0674774e+14
      739.044   5.0833976e+14
      739.098   5.1205205e+14
      739.153   5.1547400e+14
      739.208   5.1819610e+14
      739.262   5.1845638e+14
      739.317   5.1968918e+14
      739.372   5.2208011e+14
      739.426   5.2385527e+14
      739.481   5.2616588e+14
      739.536   5.2929089e+14
      739.590   5.3031358e+14
      739.645   5.2968030e+14
      739.700   5.2909558e+14
      739.754   5.2992807e+14
      739.809   5.3168504e+14
      739.864   5.3261566e+14
      739.919   5.3282928e+14
      739.973   5.3225596e+14
      740.028   5.2990819e+14
      740.083   5.2750732e+14
      740.138   5.2609926e+14
      740.192   5.2573200e+14
      740.247   5.2619241e+14
      740.302   5.2726912e+14
      740.357   5.2760809e+14
      740.412   5.2781326e+14
      740.466   5.2757576e+14
      740.521   5.2864475e+14
      740.576   5.3053318e+14
      740.631   5.3289233e+14
      740.686   5.3497608e+14
      740.741   5.3565649e+14
      740.796   5.3261681e+14
      740.851   5.2920333e+14
      740.905   5.2475000e+14
      740.960   5.2005720e+14
      741.015   5.1714473e+14
      741.070   5.1714438e+14
      741.125   5.1677468e+14
      741.180   5.1675804e+14
      741.235   5.1625431e+14
      741.290   5.1734994e+14
      741.345   5.1829551e+14
      741.400   5.1767404e+14
      741.455   5.1658142e+14
      741.510   5.1847329e+14
      741.565   5.1964656e+14
      741.620   5.1995500e+14
      741.675   5.2035281e+14
      741.730   5.2039323e+14
      741.785   5.1873974e+14
      741.840   5.1670014e+14
      741.895   5.1540366e+14
      741.950   5.1669104e+14
      742.005   5.1993303e+14
      742.060   5.2199297e+14
      742.115   5.2202133e+14
      742.170   5.2053375e+14
      742.225   5.1732667e+14
      742.280   5.1461511e+14
      742.335   5.1267955e+14
      742.391   5.1246798e+14
      742.446   5.1335342e+14
      742.501   5.1475541e+14
      742.556   5.1500277e+14
      742.611   5.1666118e+14
      742.666   5.1866146e+14
      742.721   5.2242700e+14
      742.776   5.2705129e+14
      742.832   5.3225859e+14
      742.887   5.3581844e+14
      742.942   5.3815836e+14
      742.997   5.3873696e+14
      743.052   5.3801594e+14
      743.108   5.3659578e+14
      743.163   5.3532128e+14
      743.218   5.3463656e+14
      743.273   5.3397617e+14
      743.329   5.3332860e+14
      743.384   5.3252148e+14
      743.439   5.3223942e+14
      743.494   5.3258011e+14
      743.550   5.3365447e+14
      743.605   5.3493181e+14
      743.660   5.3642511e+14
      743.716   5.3769549e+14
      743.771   5.3849281e+14
      743.826   5.3905816e+14
      743.882   5.3911916e+14
      743.937   5.3851140e+14
      743.992   5.3722326e+14
      744.048   5.3591114e+14
      744.103   5.3400740e+14
      744.158   5.3172837e+14
      744.214   5.3055407e+14
      744.269   5.2994542e+14
      744.325   5.2888905e+14
      744.380   5.2675573e+14
      744.435   5.2366417e+14
      744.491   5.2125362e+14
      744.546   5.1905404e+14
      744.602   5.1652040e+14
      744.657   5.1656682e+14
      744.713   5.1894639e+14
      744.768   5.1973518e+14
      744.823   5.1954933e+14
      744.879   5.1947426e+14
      744.934   5.2049169e+14
      744.990   5.2247669e+14
      745.045   5.2444783e+14
      745.101   5.2727646e+14
      745.156   5.3075758e+14
      745.212   5.3214256e+14
      745.268   5.3199750e+14
      745.323   5.3248420e+14
      745.379   5.3302068e+14
      745.434   5.3380547e+14
      745.490   5.3486457e+14
      745.545   5.3601296e+14
      745.601   5.3662323e+14
      745.657   5.3689479e+14
      745.712   5.3711663e+14
      745.768   5.3773129e+14
      745.823   5.3857394e+14
      745.879   5.3938072e+14
      745.935   5.4006915e+14
      745.990   5.3981336e+14
      746.046   5.3748732e+14
      746.102   5.3369428e+14
      746.157   5.3043516e+14
      746.213   5.2735201e+14
      746.269   5.2496707e+14
      746.324   5.2415432e+14
      746.380   5.2480932e+14
      746.436   5.2489219e+14
      746.492   5.2481165e+14
      746.547   5.2482023e+14
      746.603   5.2661187e+14
      746.659   5.2928256e+14
      746.714   5.3204712e+14
      746.770   5.3491492e+14
      746.826   5.3781583e+14
      746.882   5.3893019e+14
      746.938   5.3903045e+14
      746.993   5.3886820e+14
      747.049   5.3852880e+14
      747.105   5.3805053e+14
      747.161   5.3701173e+14
      747.217   5.3528550e+14
      747.272   5.3412691e+14
      747.328   5.3332087e+14
      747.384   5.3238363e+14
      747.440   5.3160185e+14
      747.496   5.3097946e+14
      747.552   5.3028338e+14
      747.608   5.2960347e+14
      747.664   5.2884164e+14
      747.719   5.2910250e+14
      747.775   5.3021155e+14
      747.831   5.3101778e+14
      747.887   5.3209030e+14
      747.943   5.3319983e+14
      747.999   5.3389586e+14
      748.055   5.3429712e+14
      748.111   5.3479262e+14
      748.167   5.3485401e+14
      748.223   5.3449747e+14
      748.279   5.3351817e+14
      748.335   5.3287061e+14
      748.391   5.3215328e+14
      748.447   5.3156693e+14
      748.503   5.3152966e+14
      748.559   5.3196787e+14
      748.615   5.3245940e+14
      748.671   5.3290999e+14
      748.727   5.3378293e+14
      748.783   5.3499215e+14
      748.839   5.3581617e+14
      748.895   5.3653773e+14
      748.951   5.3696826e+14
      749.008   5.3605019e+14
      749.064   5.3456850e+14
      749.120   5.3324657e+14
      749.176   5.3163314e+14
      749.232   5.3020401e+14
      749.288   5.2877481e+14
      749.344   5.2578204e+14
      749.401   5.2152165e+14
      749.457   5.1748155e+14
      749.513   5.1444216e+14
      749.569   5.1326970e+14
      749.625   5.1421908e+14
      749.681   5.1603887e+14
      749.738   5.1703853e+14
      749.794   5.1714681e+14
      749.850   5.1717297e+14
      749.906   5.1893185e+14
      749.963   5.2189483e+14
      750.019   5.2554753e+14
      750.075   5.2945950e+14
      750.131   5.3249298e+14
      750.188   5.3330967e+14
      750.244   5.3378889e+14
      750.300   5.3452697e+14
      750.356   5.3490358e+14
      750.413   5.3514131e+14
      750.469   5.3516877e+14
      750.525   5.3491268e+14
      750.582   5.3433252e+14
      750.638   5.3412158e+14
      750.694   5.3412832e+14
      750.751   5.3435377e+14
      750.807   5.3418381e+14
      750.863   5.3384109e+14
      750.920   5.3145979e+14
      750.976   5.2661849e+14
      751.033   5.2279627e+14
      751.089   5.1912858e+14
      751.146   5.1577770e+14
      751.202   5.1428065e+14
      751.258   5.1522264e+14
      751.315   5.1526445e+14
      751.371   5.1444167e+14
      751.428   5.1250454e+14
      751.484   5.1350013e+14
      751.541   5.1636463e+14
      751.597   5.1975558e+14
      751.654   5.2373622e+14
      751.710   5.2868817e+14
      751.767   5.3082604e+14
      751.823   5.3122640e+14
      751.880   5.3113764e+14
      751.936   5.3111408e+14
      751.993   5.3154411e+14
      752.049   5.3253756e+14
      752.106   5.3239949e+14
      752.162   5.3060104e+14
      752.219   5.2901722e+14
      752.276   5.2730958e+14
      752.332   5.2488431e+14
      752.389   5.2212565e+14
      752.445   5.2150403e+14
      752.502   5.2053688e+14
      752.559   5.1927711e+14
      752.615   5.1829661e+14
      752.672   5.2024657e+14
      752.729   5.2277791e+14
      752.785   5.2530064e+14
      752.842   5.2743285e+14
      752.899   5.3099983e+14
      752.955   5.3210573e+14
      753.012   5.3163783e+14
      753.069   5.3139771e+14
      753.125   5.3168876e+14
      753.182   5.3087132e+14
      753.239   5.3033421e+14
      753.296   5.3001967e+14
      753.352   5.2942392e+14
      753.409   5.2856481e+14
      753.466   5.2835318e+14
      753.523   5.2909864e+14
      753.579   5.3011992e+14
      753.636   5.3111312e+14
      753.693   5.3242837e+14
      753.750   5.3347559e+14
      753.807   5.3361911e+14
      753.864   5.3344903e+14
      753.920   5.3356295e+14
      753.977   5.3361983e+14
      754.034   5.3320195e+14
      754.091   5.3282120e+14
      754.148   5.3240732e+14
      754.205   5.3191908e+14
      754.262   5.3146790e+14
      754.318   5.3127604e+14
      754.375   5.3106432e+14
      754.432   5.3092687e+14
      754.489   5.3069854e+14
      754.546   5.3043708e+14
      754.603   5.2989882e+14
      754.660   5.2915378e+14
      754.717   5.2853684e+14
      754.774   5.2815526e+14
      754.831   5.2817861e+14
      754.888   5.2871040e+14
      754.945   5.2939094e+14
      755.002   5.2986088e+14
      755.059   5.3014483e+14
      755.116   5.3027590e+14
      755.173   5.3065909e+14
      755.230   5.3119536e+14
      755.287   5.3180616e+14
      755.344   5.3194975e+14
      755.401   5.3069955e+14
      755.458   5.2926312e+14
      755.515   5.2795880e+14
      755.572   5.2641847e+14
      755.629   5.2533714e+14
      755.687   5.2601052e+14
      755.744   5.2664605e+14
      755.801   5.2640034e+14
      755.858   5.2499583e+14
      755.915   5.2415397e+14
      755.972   5.2423494e+14
      756.029   5.2461806e+14
      756.086   5.2516687e+14
      756.144   5.2710735e+14
      756.201   5.2872036e+14
      756.258   5.2907081e+14
      756.315   5.2867185e+14
      756.372   5.2855025e+14
      756.430   5.2952264e+14
      756.487   5.3107847e+14
      756.544   5.3281255e+14
      756.601   5.3484932e+14
      756.659   5.3684572e+14
      756.716   5.3676192e+14
      756.773   5.3435789e+14
      756.830   5.3228500e+14
      756.888   5.3085889e+14
      756.945   5.2962254e+14
      757.002   5.2910714e+14
      757.060   5.3008849e+14
      757.117   5.3066724e+14
      757.174   5.3042943e+14
      757.232   5.2896099e+14
      757.289   5.2793518e+14
      757.346   5.2813658e+14
      757.404   5.2845901e+14
      757.461   5.2914564e+14
      757.518   5.3087339e+14
      757.576   5.3193433e+14
      757.633   5.3124425e+14
      757.691   5.3021468e+14
      757.748   5.2886885e+14
      757.805   5.2873020e+14
      757.863   5.2928516e+14
      757.920   5.3048680e+14
      757.978   5.3185951e+14
      758.035   5.3322743e+14
      758.093   5.3293204e+14
      758.150   5.3240346e+14
      758.208   5.3081688e+14
      758.265   5.2799640e+14
      758.323   5.2599417e+14
      758.380   5.2406969e+14
      758.438   5.2068823e+14
      758.495   5.1787028e+14
      758.553   5.1650194e+14
      758.610   5.1481718e+14
      758.668   5.1286276e+14
      758.725   5.1204963e+14
      758.783   5.1350541e+14
      758.841   5.1532692e+14
      758.898   5.1651238e+14
      758.956   5.1903658e+14
      759.013   5.2262437e+14
      759.071   5.2469655e+14
      759.129   5.2607500e+14
      759.186   5.2809299e+14
      759.244   5.2936381e+14
      759.301   5.2933709e+14
      759.359   5.2867083e+14
      759.417   5.2829138e+14
      759.474   5.2769907e+14
      759.532   5.2711566e+14
      759.590   5.2690649e+14
      759.648   5.2706740e+14
      759.705   5.2690321e+14
      759.763   5.2681867e+14
      759.821   5.2703779e+14
      759.878   5.2746015e+14
      759.936   5.2764196e+14
      759.994   5.2790285e+14
      760.052   5.2767686e+14
      760.109   5.2648471e+14
      760.167   5.2535960e+14
      760.225   5.2453402e+14
      760.283   5.2367502e+14
      760.341   5.2287413e+14
      760.398   5.2215995e+14
      760.456   5.2147540e+14
      760.514   5.2012455e+14
      760.572   5.1882344e+14
      760.630   5.1889640e+14
      760.688   5.2017708e+14
      760.746   5.2111227e+14
      760.803   5.2205939e+14
      760.861   5.2214509e+14
      760.919   5.2148097e+14
      760.977   5.2062084e+14
      761.035   5.2021408e+14
      761.093   5.2024433e+14
      761.151   5.2118301e+14
      761.209   5.2184675e+14
      761.267   5.2213963e+14
      761.325   5.2161975e+14
      761.383   5.2107902e+14
      761.441   5.2163036e+14
      761.499   5.2156898e+14
      761.557   5.1946456e+14
      761.615   5.1812701e+14
      761.673   5.1626807e+14
      761.731   5.1369156e+14
      761.789   5.1005527e+14
      761.847   5.0849977e+14
      761.905   5.0525471e+14
      761.963   5.0298525e+14
      762.021   5.0079056e+14
      762.079   5.0247977e+14
      762.137   5.0498292e+14
      762.195   5.0916798e+14
      762.253   5.1242312e+14
      762.311   5.1751081e+14
      762.369   5.1914346e+14
      762.428   5.2049311e+14
      762.486   5.2226399e+14
      762.544   5.2452767e+14
      762.602   5.2533881e+14
      762.660   5.2632127e+14
      762.718   5.2684042e+14
      762.776   5.2642004e+14
      762.835   5.2571631e+14
      762.893   5.2476953e+14
      762.951   5.2478329e+14
      763.009   5.2508529e+14
      763.068   5.2545514e+14
      763.126   5.2589955e+14
      763.184   5.2654046e+14
      763.242   5.2610343e+14
      763.301   5.2569209e+14
      763.359   5.2540112e+14
      763.417   5.2512683e+14
      763.475   5.2495280e+14
      763.534   5.2488820e+14
      763.592   5.2472667e+14
      763.650   5.2452335e+14
      763.709   5.2436238e+14
      763.767   5.2426358e+14
      763.825   5.2408100e+14
      763.884   5.2351437e+14
      763.942   5.2308919e+14
      764.000   5.2265135e+14
      764.059   5.2215564e+14
      764.117   5.2177621e+14
      764.175   5.2188620e+14
      764.234   5.2203035e+14
      764.292   5.2219057e+14
      764.351   5.2218832e+14
      764.409   5.2246574e+14
      764.468   5.2278569e+14
      764.526   5.2321804e+14
      764.584   5.2366302e+14
      764.643   5.2424688e+14
      764.701   5.2448681e+14
      764.760   5.2456840e+14
      764.818   5.2460323e+14
      764.877   5.2457596e+14
      764.935   5.2455226e+14
      764.994   5.2463805e+14
      765.052   5.2476122e+14
      765.111   5.2476432e+14
      765.169   5.2467445e+14
      765.228   5.2364276e+14
      765.287   5.2258574e+14
      765.345   5.2074430e+14
      765.404   5.1853456e+14
      765.462   5.1691451e+14
      765.521   5.1622538e+14
      765.580   5.1442121e+14
      765.638   5.1148000e+14
      765.697   5.0862710e+14
      765.755   5.0485905e+14
      765.814   5.0117074e+14
      765.873   4.9838327e+14
      765.931   4.9799751e+14
      765.990   4.9652190e+14
      766.049   4.9603179e+14
      766.107   4.9518423e+14
      766.166   4.9612848e+14
      766.225   4.9569684e+14
      766.284   4.9417851e+14
      766.342   4.9054443e+14
      766.401   4.8921000e+14
      766.460   4.8628059e+14
      766.518   4.8607387e+14
      766.577   4.8899066e+14
      766.636   4.9375911e+14
      766.695   4.9619419e+14
      766.754   4.9683283e+14
      766.812   4.9680320e+14
      766.871   5.0083907e+14
      766.930   5.0643371e+14
      766.989   5.1253737e+14
      767.048   5.1973473e+14
      767.106   5.2551092e+14
      767.165   5.2675162e+14
      767.224   5.2624913e+14
      767.283   5.2567509e+14
      767.342   5.2589507e+14
      767.401   5.2637558e+14
      767.460   5.2669232e+14
      767.519   5.2704685e+14
      767.578   5.2722914e+14
      767.636   5.2676779e+14
      767.695   5.2606741e+14
      767.754   5.2555190e+14
      767.813   5.2454021e+14
      767.872   5.2211585e+14
      767.931   5.2001906e+14
      767.990   5.1839712e+14
      768.049   5.1677495e+14
      768.108   5.1551422e+14
      768.167   5.1566218e+14
      768.226   5.1550730e+14
      768.285   5.1497806e+14
      768.344   5.1392300e+14
      768.403   5.1448312e+14
      768.462   5.1560276e+14
      768.521   5.1667632e+14
      768.580   5.1785104e+14
      768.640   5.1952295e+14
      768.699   5.1950285e+14
      768.758   5.1872105e+14
      768.817   5.1806542e+14
      768.876   5.1754859e+14
      768.935   5.1707375e+14
      768.994   5.1514244e+14
      769.053   5.1375892e+14
      769.112   5.1238838e+14
      769.172   5.1092144e+14
      769.231   5.1016520e+14
      769.290   5.1163647e+14
      769.349   5.1273323e+14
      769.408   5.1312673e+14
      769.468   5.1304508e+14
      769.527   5.1426844e+14
      769.586   5.1592594e+14
      769.645   5.1774812e+14
      769.704   5.1906057e+14
      769.764   5.1799333e+14
      769.823   5.1608652e+14
      769.882   5.1299104e+14
      769.942   5.1004328e+14
      770.001   5.0816066e+14
      770.060   5.0948575e+14
      770.119   5.1000157e+14
      770.179   5.1001221e+14
      770.238   5.0881207e+14
      770.297   5.1058026e+14
      770.357   5.1307056e+14
      770.416   5.1550988e+14
      770.475   5.1821953e+14
      770.535   5.2197632e+14
      770.594   5.2280975e+14
      770.654   5.2264842e+14
      770.713   5.2243150e+14
      770.772   5.2240018e+14
      770.832   5.2163529e+14
      770.891   5.1877660e+14
      770.951   5.1625570e+14
      771.010   5.1281353e+14
      771.069   5.0993558e+14
      771.129   5.0794441e+14
      771.188   5.0791519e+14
      771.248   5.0679319e+14
      771.307   5.0482170e+14
      771.367   5.0243253e+14
      771.426   5.0207350e+14
      771.486   5.0212051e+14
      771.545   5.0416031e+14
      771.605   5.0835104e+14
      771.664   5.1261354e+14
      771.724   5.1426661e+14
      771.784   5.1485955e+14
      771.843   5.1592931e+14
      771.903   5.1669144e+14
      771.962   5.1732623e+14
      772.022   5.1835904e+14
      772.082   5.1939205e+14
      772.141   5.1759682e+14
      772.201   5.1491858e+14
      772.260   5.1263663e+14
      772.320   5.1042680e+14
      772.380   5.0812786e+14
      772.439   5.0734169e+14
      772.499   5.0790071e+14
      772.559   5.0747448e+14
      772.618   5.0514009e+14
      772.678   5.0477279e+14
      772.738   5.0559402e+14
      772.798   5.0607268e+14
      772.857   5.0702465e+14
      772.917   5.1054129e+14
      772.977   5.1315726e+14
      773.036   5.1408144e+14
      773.096   5.1413105e+14
      773.156   5.1599631e+14
      773.216   5.1728629e+14
      773.276   5.1828008e+14
      773.335   5.1948085e+14
      773.395   5.2144441e+14
      773.455   5.2170635e+14
      773.515   5.2181166e+14
      773.575   5.2174753e+14
      773.635   5.2152675e+14
      773.694   5.2118233e+14
      773.754   5.2126650e+14
      773.814   5.2140141e+14
      773.874   5.2155330e+14
      773.934   5.2182798e+14
      773.994   5.2215365e+14
      774.054   5.2163190e+14
      774.114   5.1951660e+14
      774.174   5.1795626e+14
      774.234   5.1650582e+14
      774.293   5.1498235e+14
      774.353   5.1356961e+14
      774.413   5.1281371e+14
      774.473   5.0996744e+14
      774.533   5.0712931e+14
      774.593   5.0357403e+14
      774.653   4.9942870e+14
      774.713   4.9502407e+14
      774.773   4.9241281e+14
      774.833   4.8989018e+14
      774.893   4.8781253e+14
      774.953   4.8565401e+14
      775.014   4.8673124e+14
      775.074   4.8841787e+14
      775.134   4.8908627e+14
      775.194   4.9103211e+14
      775.254   4.9629688e+14
      775.314   5.0081108e+14
      775.374   5.0462979e+14
      775.434   5.0892864e+14
      775.494   5.1334271e+14
      775.555   5.1573713e+14
      775.615   5.1675579e+14
      775.675   5.1765142e+14
      775.735   5.1872558e+14
      775.795   5.1831355e+14
      775.855   5.1760003e+14
      775.916   5.1683178e+14
      775.976   5.1613076e+14
      776.036   5.1563356e+14
      776.096   5.1558232e+14
      776.156   5.1552246e+14
      776.217   5.1547173e+14
      776.277   5.1516551e+14
      776.337   5.1509288e+14
      776.398   5.1497839e+14
      776.458   5.1516075e+14
      776.518   5.1569581e+14
      776.578   5.1650295e+14
      776.639   5.1695803e+14
      776.699   5.1744656e+14
      776.759   5.1755257e+14
      776.820   5.1734459e+14
      776.880   5.1706376e+14
      776.940   5.1687636e+14
      777.001   5.1606467e+14
      777.061   5.1415621e+14
      777.122   5.1260968e+14
      777.182   5.1098551e+14
      777.242   5.0834036e+14
      777.303   5.0592505e+14
      777.363   5.0400644e+14
      777.424   5.0173933e+14
      777.484   4.9952642e+14
      777.544   4.9800246e+14
      777.605   4.9799383e+14
      777.665   4.9895066e+14
      777.726   4.9969550e+14
      777.786   5.0105272e+14
      777.847   5.0290886e+14
      777.907   5.0373440e+14
      777.968   5.0473964e+14
      778.029   5.0600468e+14
      778.089   5.0684772e+14
      778.150   5.0751268e+14
      778.210   5.0805786e+14
      778.271   5.0855687e+14
      778.331   5.0905962e+14
      778.392   5.0927343e+14
      778.452   5.0969107e+14
      778.513   5.1009663e+14
      778.574   5.1051084e+14
      778.634   5.1092435e+14
      778.695   5.1102761e+14
      778.756   5.0934916e+14
      778.816   5.0818975e+14
      778.877   5.0714173e+14
      778.938   5.0608494e+14
      778.998   5.0549206e+14
      779.059   5.0639297e+14
      779.120   5.0688028e+14
      779.180   5.0687657e+14
      779.241   5.0632336e+14
      779.302   5.0725433e+14
      779.362   5.0852182e+14
      779.423   5.0962801e+14
      779.484   5.1093493e+14
      779.545   5.1227189e+14
      779.606   5.1031065e+14
      779.666   5.0862154e+14
      779.727   5.0689434e+14
      779.788   5.0451816e+14
      779.849   5.0227817e+14
      779.910   5.0198863e+14
      779.970   5.0113064e+14
      780.031   5.0023482e+14
      780.092   4.9917219e+14
      780.153   5.0038968e+14
      780.214   5.0185076e+14
      780.275   5.0311561e+14
      780.336   5.0486753e+14
      780.396   5.0815255e+14
      780.457   5.0965305e+14
      780.518   5.1084628e+14
      780.579   5.1173628e+14
      780.640   5.1120788e+14
      780.701   5.1060673e+14
      780.762   5.0997564e+14
      780.823   5.0924611e+14
      780.884   5.0847374e+14
      780.945   5.0704295e+14
      781.006   5.0537264e+14
      781.067   5.0342926e+14
      781.128   5.0110935e+14
      781.189   5.0053365e+14
      781.250   5.0204449e+14
      781.311   5.0315362e+14
      781.372   5.0407046e+14
      781.433   5.0475219e+14
      781.494   5.0573347e+14
      781.555   5.0700577e+14
      781.616   5.0838954e+14
      781.677   5.0999164e+14
      781.739   5.1233924e+14
      781.800   5.1312462e+14
      781.861   5.1328108e+14
      781.922   5.1306945e+14
      781.983   5.1289201e+14
      782.044   5.1241057e+14
      782.105   5.1199762e+14
      782.167   5.1164088e+14
      782.228   5.1148471e+14
      782.289   5.1133276e+14
      782.350   5.1144622e+14
      782.411   5.1133708e+14
      782.473   5.1102299e+14
      782.534   5.0941878e+14
      782.595   5.0863260e+14
      782.656   5.0803051e+14
      782.718   5.0755745e+14
      782.779   5.0729792e+14
      782.840   5.0844382e+14
      782.901   5.0886131e+14
      782.963   5.0876963e+14
      783.024   5.0710761e+14
      783.085   5.0376795e+14
      783.147   5.0173576e+14
      783.208   5.0000704e+14
      783.269   4.9856104e+14
      783.331   4.9832027e+14
      783.392   4.9846042e+14
      783.453   4.9625493e+14
      783.515   4.9379246e+14
      783.576   4.9074132e+14
      783.638   4.9121182e+14
      783.699   4.9374078e+14
      783.760   4.9732975e+14
      783.822   5.0043926e+14
      783.883   5.0357440e+14
      783.945   5.0389585e+14
      784.006   5.0463725e+14
      784.068   5.0559394e+14
      784.129   5.0682918e+14
      784.191   5.0863602e+14
      784.252   5.0990593e+14
      784.314   5.0956691e+14
      784.375   5.0903824e+14
      784.437   5.0848437e+14
      784.498   5.0789546e+14
      784.560   5.0768495e+14
      784.621   5.0791607e+14
      784.683   5.0798469e+14
      784.745   5.0813065e+14
      784.806   5.0793665e+14
      784.868   5.0728782e+14
      784.929   5.0680586e+14
      784.991   5.0635880e+14
      785.053   5.0546541e+14
      785.114   5.0490653e+14
      785.176   5.0460172e+14
      785.238   5.0427100e+14
      785.299   5.0373339e+14
      785.361   5.0295559e+14
      785.423   5.0206155e+14
      785.484   4.9834663e+14
      785.546   4.9529391e+14
      785.608   4.9312638e+14
      785.669   4.9196843e+14
      785.731   4.9100008e+14
      785.793   4.9280122e+14
      785.855   4.9344566e+14
      785.916   4.9327666e+14
      785.978   4.9209296e+14
      786.040   4.9410552e+14
      786.102   4.9692284e+14
      786.164   5.0015799e+14
      786.225   5.0337147e+14
      786.287   5.0736503e+14
      786.349   5.0813138e+14
      786.411   5.0801132e+14
      786.473   5.0801607e+14
      786.535   5.0844256e+14
      786.596   5.0887715e+14
      786.658   5.0942441e+14
      786.720   5.0992000e+14
      786.782   5.0992051e+14
      786.844   5.0940428e+14
      786.906   5.0903437e+14
      786.968   5.0845773e+14
      787.030   5.0810140e+14
      787.092   5.0781473e+14
      787.154   5.0773058e+14
      787.216   5.0737066e+14
      787.278   5.0703219e+14
      787.340   5.0676693e+14
      787.402   5.0694545e+14
      787.464   5.0664993e+14
      787.526   5.0650531e+14
      787.588   5.0611488e+14
      787.650   5.0585798e+14
      787.712   5.0541571e+14
      787.774   5.0556832e+14
      787.836   5.0512161e+14
      787.898   5.0501987e+14
      787.960   5.0445226e+14
      788.022   5.0334975e+14
      788.084   5.0270004e+14
      788.146   5.0309831e+14
      788.208   5.0350107e+14
      788.271   5.0411147e+14
      788.333   5.0491985e+14
      788.395   5.0574994e+14
      788.457   5.0612268e+14
      788.519   5.0589997e+14
      788.581   5.0676056e+14
      788.644   5.0793262e+14
      788.706   5.0843952e+14
      788.768   5.0885147e+14
      788.830   5.0969953e+14
      788.892   5.0953747e+14
      788.955   5.0937162e+14
      789.017   5.0925721e+14
      789.079   5.0928158e+14
      789.141   5.0937511e+14
      789.204   5.0930519e+14
      789.266   5.0910501e+14
      789.328   5.0897819e+14
      789.391   5.0891253e+14
      789.453   5.0872517e+14
      789.515   5.0852912e+14
      789.578   5.0832944e+14
      789.640   5.0816792e+14
      789.702   5.0789393e+14
      789.765   5.0773735e+14
      789.827   5.0779187e+14
      789.889   5.0780308e+14
      789.952   5.0713197e+14
      790.014   5.0691826e+14
      790.077   5.0717233e+14
      790.139   5.0747330e+14
      790.201   5.0794297e+14
      790.264   5.0901898e+14
      790.326   5.0955802e+14
      790.389   5.0933648e+14
      790.451   5.0917045e+14
      790.514   5.0960652e+14
      790.576   5.1036651e+14
      790.639   5.1158161e+14
      790.701   5.1212981e+14
      790.764   5.1238876e+14
      790.826   5.1211026e+14
      790.889   5.1166361e+14
      790.951   5.1117291e+14
      791.014   5.0999440e+14
      791.077   5.0844774e+14
      791.139   5.0583044e+14
      791.202   5.0268078e+14
      791.264   4.9966419e+14
      791.327   4.9767859e+14
      791.390   4.9606525e+14
      791.452   4.9553403e+14
      791.515   4.9551455e+14
      791.578   4.9537816e+14
      791.640   4.9493777e+14
      791.703   4.9472317e+14
      791.766   4.9487267e+14
      791.828   4.9496957e+14
      791.891   4.9488067e+14
      791.954   4.9524696e+14
      792.016   4.9554765e+14
      792.079   4.9564517e+14
      792.142   4.9638019e+14
      792.205   4.9761401e+14
      792.267   4.9927671e+14
      792.330   5.0107482e+14
      792.393   5.0282547e+14
      792.456   5.0388238e+14
      792.519   5.0427998e+14
      792.581   5.0399581e+14
      792.644   5.0339117e+14
      792.707   5.0282112e+14
      792.770   5.0249835e+14
      792.833   5.0232744e+14
      792.896   5.0123196e+14
      792.959   4.9980638e+14
      793.021   4.9814083e+14
      793.084   4.9526380e+14
      793.147   4.9180445e+14
      793.210   4.8918705e+14
      793.273   4.8720753e+14
      793.336   4.8537093e+14
      793.399   4.8508463e+14
      793.462   4.8625339e+14
      793.525   4.8610188e+14
      793.588   4.8466427e+14
      793.651   4.8431260e+14
      793.714   4.8439109e+14
      793.777   4.8399589e+14
      793.840   4.8488270e+14
      793.903   4.8673879e+14
      793.966   4.8653053e+14
      794.029   4.8571807e+14
      794.092   4.8676169e+14
      794.155   4.8907077e+14
      794.218   4.9044961e+14
      794.281   4.9224179e+14
      794.344   4.9365587e+14
      794.407   4.9085174e+14
      794.470   4.8623341e+14
      794.534   4.8360289e+14
      794.597   4.8189340e+14
      794.660   4.8059690e+14
      794.723   4.8181932e+14
      794.786   4.8488686e+14
      794.849   4.8757186e+14
      794.913   4.9047557e+14
      794.976   4.9487188e+14
      795.039   4.9967918e+14
      795.102   5.0341442e+14
      795.165   5.0661912e+14
      795.229   5.0914572e+14
      795.292   5.0943425e+14
      795.355   5.0876058e+14
      795.418   5.0748595e+14
      795.482   5.0620730e+14
      795.545   5.0498021e+14
      795.608   5.0373545e+14
      795.672   5.0259132e+14
      795.735   5.0145074e+14
      795.798   5.0020114e+14
      795.862   4.9918711e+14
      795.925   4.9870396e+14
      795.988   4.9890915e+14
      796.052   4.9972932e+14
      796.115   5.0070592e+14
      796.178   5.0133836e+14
      796.242   5.0171871e+14
      796.305   5.0189362e+14
      796.369   5.0187295e+14
      796.432   5.0181688e+14
      796.495   5.0205721e+14
      796.559   5.0206714e+14
      796.622   5.0184967e+14
      796.686   5.0171560e+14
      796.749   5.0172930e+14
      796.813   5.0192228e+14
      796.876   5.0206238e+14
      796.940   5.0224671e+14
      797.003   5.0236523e+14
      797.067   5.0225679e+14
      797.130   5.0216961e+14
      797.194   5.0210044e+14
      797.257   5.0184302e+14
      797.321   5.0116281e+14
      797.385   5.0059609e+14
      797.448   5.0047371e+14
      797.512   5.0054404e+14
      797.575   5.0073159e+14
      797.639   5.0138692e+14
      797.703   5.0176728e+14
      797.766   5.0151833e+14
      797.830   5.0132238e+14
      797.894   5.0150628e+14
      797.957   5.0166772e+14
      798.021   5.0196532e+14
      798.085   5.0226285e+14
      798.148   5.0233703e+14
      798.212   5.0207986e+14
      798.276   5.0201484e+14
      798.339   5.0211957e+14
      798.403   5.0240855e+14
      798.467   5.0279361e+14
      798.531   5.0307388e+14
      798.594   5.0277662e+14
      798.658   5.0211275e+14
      798.722   5.0141384e+14
      798.786   5.0070172e+14
      798.850   5.0015110e+14
      798.913   5.0001966e+14
      798.977   5.0001997e+14
      799.041   4.9976844e+14
      799.105   4.9960964e+14
      799.169   4.9974830e+14
      799.233   5.0006191e+14
      799.297   5.0030566e+14
      799.361   5.0032625e+14
      799.424   5.0001804e+14
      799.488   4.9922468e+14
      799.552   4.9839185e+14
      799.616   4.9834228e+14
      799.680   4.9815256e+14
      799.744   4.9594933e+14
      799.808   4.9298831e+14
      799.872   4.9017570e+14
      799.936   4.8762089e+14
      800.000   4.8563054e+14
      800.064   4.8554041e+14
      800.128   4.8602390e+14
      800.192   4.8620965e+14
      800.256   4.8697361e+14
      800.320   4.8989294e+14
      800.384   4.9359260e+14
      800.448   4.9772221e+14
      800.512   5.0119522e+14
      800.576   5.0347253e+14
      800.641   5.0384024e+14
      800.705   5.0385665e+14
      800.769   5.0382480e+14
      800.833   5.0384563e+14
      800.897   5.0365155e+14
      800.961   5.0299272e+14
      801.025   5.0210805e+14
      801.089   5.0121983e+14
      801.154   5.0056007e+14
      801.218   5.0029441e+14
      801.282   5.0029182e+14
      801.346   5.0038135e+14
      801.411   5.0065126e+14
      801.475   5.0115757e+14
      801.539   5.0147971e+14
      801.603   5.0145086e+14
      801.667   5.0133423e+14
      801.732   5.0113037e+14
      801.796   5.0066701e+14
      801.860   5.0025181e+14
      801.925   4.9998201e+14
      801.989   4.9965015e+14
      802.053   4.9902845e+14
      802.118   4.9861797e+14
      802.182   4.9868981e+14
      802.246   4.9895484e+14
      802.311   4.9923368e+14
      802.375   5.0025853e+14
      802.439   5.0088825e+14
      802.504   5.0068850e+14
      802.568   5.0017188e+14
      802.633   4.9891781e+14
      802.697   4.9670089e+14
      802.761   4.9440009e+14
      802.826   4.9267078e+14
      802.890   4.9117352e+14
      802.955   4.9055980e+14
      803.019   4.9134434e+14
      803.084   4.9276580e+14
      803.148   4.9452085e+14
      803.213   4.9749454e+14
      803.277   5.0048123e+14
      803.342   5.0232156e+14
      803.406   5.0316787e+14
      803.471   5.0346526e+14
      803.536   5.0251818e+14
      803.600   5.0092372e+14
      803.665   4.9984873e+14
      803.729   4.9937987e+14
      803.794   4.9896437e+14
      803.859   4.9868081e+14
      803.923   4.9911367e+14
      803.988   5.0005774e+14
      804.052   5.0113775e+14
      804.117   5.0224492e+14
      804.182   5.0350190e+14
      804.246   5.0423911e+14
      804.311   5.0434311e+14
      804.376   5.0397613e+14
      804.440   5.0175920e+14
      804.505   4.9852539e+14
      804.570   4.9469661e+14
      804.635   4.9049721e+14
      804.699   4.8645938e+14
      804.764   4.8393238e+14
      804.829   4.8206564e+14
      804.894   4.8068322e+14
      804.958   4.8070094e+14
      805.023   4.8276699e+14
      805.088   4.8588865e+14
      805.153   4.8956163e+14
      805.218   4.9346871e+14
      805.283   4.9627463e+14
      805.347   4.9762566e+14
      805.412   4.9857649e+14
      805.477   4.9876027e+14
      805.542   4.9905430e+14
      805.607   4.9951156e+14
      805.672   4.9947938e+14
      805.737   4.9917819e+14
      805.802   4.9921660e+14
      805.867   4.9947548e+14
      805.932   4.9978732e+14
      805.997   5.0024922e+14
      806.062   5.0090964e+14
      806.127   5.0112901e+14
      806.192   5.0110135e+14
      806.257   5.0103835e+14
      806.322   5.0083851e+14
      806.387   5.0077104e+14
      806.452   5.0084483e+14
      806.517   5.0087886e+14
      806.582   5.0087761e+14
      806.647   5.0090279e+14
      806.712   5.0074694e+14
      806.777   5.0036594e+14
      806.842   4.9994951e+14
      806.907   4.9922392e+14
      806.972   4.9829071e+14
      807.037   4.9709487e+14
      807.102   4.9572415e+14
      807.168   4.9437157e+14
      807.233   4.9347301e+14
      807.298   4.9299850e+14
      807.363   4.9240908e+14
      807.428   4.9197409e+14
      807.494   4.9205690e+14
      807.559   4.9248367e+14
      807.624   4.9333929e+14
      807.689   4.9498634e+14
      807.754   4.9683253e+14
      807.820   4.9807851e+14
      807.885   4.9869604e+14
      807.950   4.9911476e+14
      808.016   4.9930866e+14
      808.081   4.9931172e+14
      808.146   4.9939890e+14
      808.211   4.9964522e+14
      808.277   4.9937030e+14
      808.342   4.9728947e+14
      808.407   4.9462872e+14
      808.473   4.9273367e+14
      808.538   4.9107664e+14
      808.604   4.8985363e+14
      808.669   4.9051089e+14
      808.734   4.9156229e+14
      808.800   4.9127307e+14
      808.865   4.9124001e+14
      808.931   4.9267308e+14
      808.996   4.9427403e+14
      809.061   4.9571310e+14
      809.127   4.9681628e+14
      809.192   4.9669653e+14
      809.258   4.9491184e+14
      809.323   4.9321928e+14
      809.389   4.9244412e+14
      809.454   4.9278027e+14
      809.520   4.9276708e+14
      809.586   4.9223981e+14
      809.651   4.9183595e+14
      809.717   4.9053289e+14
      809.782   4.8871486e+14
      809.848   4.8817384e+14
      809.913   4.8818618e+14
      809.979   4.8762280e+14
      810.045   4.8782635e+14
      810.110   4.8922217e+14
      810.176   4.9048577e+14
      810.241   4.9235207e+14
      810.307   4.9537242e+14
      810.373   4.9794969e+14
      810.438   4.9943554e+14
      810.504   5.0079359e+14
      810.570   5.0149520e+14
      810.636   5.0114090e+14
      810.701   5.0079481e+14
      810.767   5.0068008e+14
      810.833   5.0051647e+14
      810.898   5.0025453e+14
      810.964   5.0021515e+14
      811.030   5.0008171e+14
      811.096   4.9976079e+14
      811.162   4.9966186e+14
      811.227   4.9976654e+14
      811.293   4.9959650e+14
      811.359   4.9943534e+14
      811.425   4.9946064e+14
      811.491   4.9925951e+14
      811.557   4.9906714e+14
      811.622   4.9933615e+14
      811.688   4.9946360e+14
      811.754   4.9930235e+14
      811.820   4.9923872e+14
      811.886   4.9930846e+14
      811.952   4.9930267e+14
      812.018   4.9971458e+14
      812.084   5.0052213e+14
      812.150   5.0131208e+14
      812.216   5.0204428e+14
      812.282   5.0264769e+14
      812.348   5.0294887e+14
      812.414   5.0306779e+14
      812.480   5.0291987e+14
      812.546   5.0250961e+14
      812.612   5.0201470e+14
      812.678   5.0159090e+14
      812.744   5.0110038e+14
      812.810   5.0089884e+14
      812.876   5.0096864e+14
      812.942   5.0105630e+14
      813.008   5.0131762e+14
      813.074   5.0182517e+14
      813.140   5.0237282e+14
      813.206   5.0287607e+14
      813.273   5.0346453e+14
      813.339   5.0387442e+14
      813.405   5.0389707e+14
      813.471   5.0379957e+14
      813.537   5.0363520e+14
      813.603   5.0339071e+14
      813.670   5.0318676e+14
      813.736   5.0293773e+14
      813.802   5.0242580e+14
      813.868   5.0172681e+14
      813.935   5.0107721e+14
      814.001   5.0050267e+14
      814.067   4.9994585e+14
      814.133   4.9950029e+14
      814.200   4.9918007e+14
      814.266   4.9885915e+14
      814.332   4.9885458e+14
      814.399   4.9910913e+14
      814.465   4.9944788e+14
      814.531   4.9974197e+14
      814.598   5.0008141e+14
      814.664   5.0044693e+14
      814.730   5.0069222e+14
      814.797   5.0044311e+14
      814.863   4.9974742e+14
      814.930   4.9888717e+14
      814.996   4.9799947e+14
      815.062   4.9711149e+14
      815.129   4.9665666e+14
      815.195   4.9675884e+14
      815.262   4.9679472e+14
      815.328   4.9687463e+14
      815.395   4.9736122e+14
      815.461   4.9820424e+14
      815.528   4.9894543e+14
      815.594   4.9960126e+14
      815.661   5.0015959e+14
      815.727   5.0018614e+14
      815.794   4.9981157e+14
      815.860   4.9961038e+14
      815.927   4.9971339e+14
      815.993   4.9958808e+14
      816.060   4.9892301e+14
      816.127   4.9811040e+14
      816.193   4.9731937e+14
      816.260   4.9657351e+14
      816.327   4.9611343e+14
      816.393   4.9628710e+14
      816.460   4.9660879e+14
      816.526   4.9662612e+14
      816.593   4.9691209e+14
      816.660   4.9720265e+14
      816.727   4.9709548e+14
      816.793   4.9700106e+14
      816.860   4.9694745e+14
      816.927   4.9644674e+14
      816.993   4.9588724e+14
      817.060   4.9571727e+14
      817.127   4.9548072e+14
      817.194   4.9553921e+14
      817.261   4.9599134e+14
      817.327   4.9649209e+14
      817.394   4.9707861e+14
      817.461   4.9782627e+14
      817.528   4.9822953e+14
      817.595   4.9817196e+14
      817.661   4.9800184e+14
      817.728   4.9733107e+14
      817.795   4.9636476e+14
      817.862   4.9566245e+14
      817.929   4.9490169e+14
      817.996   4.9425274e+14
      818.063   4.9381418e+14
      818.130   4.9141862e+14
      818.197   4.8681033e+14
      818.264   4.8276550e+14
      818.331   4.7942310e+14
      818.398   4.7645199e+14
      818.465   4.7556353e+14
      818.532   4.7598310e+14
      818.599   4.7500472e+14
      818.666   4.7498968e+14
      818.733   4.7726025e+14
      818.800   4.8039168e+14
      818.867   4.8446064e+14
      818.934   4.8952994e+14
      819.001   4.9310705e+14
      819.068   4.9472747e+14
      819.135   4.9600286e+14
      819.202   4.9707212e+14
      819.269   4.9655838e+14
      819.336   4.9324616e+14
      819.403   4.8842620e+14
      819.471   4.8326970e+14
      819.538   4.7783819e+14
      819.605   4.7403432e+14
      819.672   4.7292641e+14
      819.739   4.7158059e+14
      819.807   4.6998817e+14
      819.874   4.7130305e+14
      819.941   4.7403630e+14
      820.008   4.7654557e+14
      820.075   4.8046472e+14
      820.143   4.8442533e+14
      820.210   4.8523899e+14
      820.277   4.8518168e+14
      820.345   4.8582536e+14
      820.412   4.8611396e+14
      820.479   4.8670341e+14
      820.547   4.8824560e+14
      820.614   4.8869157e+14
      820.681   4.8803706e+14
      820.749   4.8764358e+14
      820.816   4.8675979e+14
      820.883   4.8566017e+14
      820.951   4.8527090e+14
      821.018   4.8523204e+14
      821.085   4.8426477e+14
      821.153   4.8271802e+14
      821.220   4.8090073e+14
      821.288   4.7920520e+14
      821.355   4.7792687e+14
      821.423   4.7721080e+14
      821.490   4.7724046e+14
      821.558   4.7730211e+14
      821.625   4.7752962e+14
      821.693   4.7977687e+14
      821.760   4.8299547e+14
      821.828   4.8465890e+14
      821.895   4.8424377e+14
      821.963   4.8332979e+14
      822.030   4.8128586e+14
      822.098   4.7831968e+14
      822.166   4.7672550e+14
      822.233   4.7696208e+14
      822.301   4.7709116e+14
      822.368   4.7825044e+14
      822.436   4.8177365e+14
      822.504   4.8652192e+14
      822.571   4.9130181e+14
      822.639   4.9632162e+14
      822.707   5.0026616e+14
      822.774   5.0196826e+14
      822.842   5.0202290e+14
      822.910   5.0046067e+14
      822.978   4.9754700e+14
      823.045   4.9352609e+14
      823.113   4.8877402e+14
      823.181   4.8485472e+14
      823.249   4.8221897e+14
      823.316   4.8058705e+14
      823.384   4.7999187e+14
      823.452   4.8113613e+14
      823.520   4.8236166e+14
      823.588   4.8454741e+14
      823.655   4.8774267e+14
      823.723   4.9043392e+14
      823.791   4.9157937e+14
      823.859   4.9218843e+14
      823.927   4.9157109e+14
      823.995   4.8977237e+14
      824.063   4.8850994e+14
      824.131   4.8800496e+14
      824.198   4.8701237e+14
      824.266   4.8674622e+14
      824.334   4.8759875e+14
      824.402   4.8880786e+14
      824.470   4.9023812e+14
      824.538   4.9196639e+14
      824.606   4.9232780e+14
      824.674   4.9057278e+14
      824.742   4.8858737e+14
      824.810   4.8679114e+14
      824.878   4.8492257e+14
      824.946   4.8375324e+14
      825.014   4.8373581e+14
      825.082   4.8372635e+14
      825.151   4.8401106e+14
      825.219   4.8547815e+14
      825.287   4.8753256e+14
      825.355   4.8952404e+14
      825.423   4.9135336e+14
      825.491   4.9199497e+14
      825.559   4.9142150e+14
      825.628   4.9043750e+14
      825.696   4.8943912e+14
      825.764   4.8885626e+14
      825.832   4.8904143e+14
      825.900   4.8925840e+14
      825.968   4.8975549e+14
      826.037   4.9087705e+14
      826.105   4.9216091e+14
      826.173   4.9288447e+14
      826.241   4.9330972e+14
      826.310   4.9348232e+14
      826.378   4.9314810e+14
      826.446   4.9250164e+14
      826.515   4.9200048e+14
      826.583   4.9181066e+14
      826.651   4.9139463e+14
      826.720   4.9125049e+14
      826.788   4.9147228e+14
      826.856   4.9186153e+14
      826.925   4.9233732e+14
      826.993   4.9300265e+14
      827.061   4.9330108e+14
      827.130   4.9307058e+14
      827.198   4.9268107e+14
      827.267   4.9212456e+14
      827.335   4.9163529e+14
      827.404   4.9102422e+14
      827.472   4.9007738e+14
      827.541   4.8910385e+14
      827.609   4.8851451e+14
      827.678   4.8791196e+14
      827.746   4.8748550e+14
      827.815   4.8766194e+14
      827.883   4.8786044e+14
      827.952   4.8813660e+14
      828.020   4.8870670e+14
      828.089   4.8945413e+14
      828.157   4.8989302e+14
      828.226   4.9034615e+14
      828.294   4.9057221e+14
      828.363   4.9036359e+14
      828.432   4.9010969e+14
      828.500   4.8993227e+14
      828.569   4.8956944e+14
      828.638   4.8895269e+14
      828.706   4.8856639e+14
      828.775   4.8825334e+14
      828.844   4.8796282e+14
      828.912   4.8788484e+14
      828.981   4.8826560e+14
      829.050   4.8834866e+14
      829.119   4.8848240e+14
      829.187   4.8813457e+14
      829.256   4.8680263e+14
      829.325   4.8541608e+14
      829.394   4.8437402e+14
      829.463   4.8324112e+14
      829.531   4.8254770e+14
      829.600   4.8273542e+14
      829.669   4.8258271e+14
      829.738   4.8276585e+14
      829.807   4.8368014e+14
      829.876   4.8476263e+14
      829.944   4.8603993e+14
      830.013   4.8770417e+14
      830.082   4.8898253e+14
      830.151   4.8941171e+14
      830.220   4.8964099e+14
      830.289   4.8976127e+14
      830.358   4.8976346e+14
      830.427   4.8922028e+14
      830.496   4.8801805e+14
      830.565   4.8577471e+14
      830.634   4.8343549e+14
      830.703   4.8161865e+14
      830.772   4.8024245e+14
      830.841   4.7876151e+14
      830.910   4.7779866e+14
      830.979   4.7689479e+14
      831.048   4.7674397e+14
      831.117   4.7775692e+14
      831.186   4.7987976e+14
      831.255   4.8251261e+14
      831.324   4.8495021e+14
      831.393   4.8679213e+14
      831.463   4.8840290e+14
      831.532   4.8974492e+14
      831.601   4.9051359e+14
      831.670   4.9171036e+14
      831.739   4.9192869e+14
      831.808   4.9118189e+14
      831.878   4.9035823e+14
      831.947   4.9003922e+14
      832.016   4.8922830e+14
      832.085   4.8897293e+14
      832.154   4.8944604e+14
      832.224   4.9012478e+14
      832.293   4.9091697e+14
      832.362   4.9189594e+14
      832.432   4.9184161e+14
      832.501   4.8899383e+14
      832.570   4.8344843e+14
      832.639   4.7827102e+14
      832.709   4.7339868e+14
      832.778   4.6890788e+14
      832.847   4.6648088e+14
      832.917   4.6634230e+14
      832.986   4.6424752e+14
      833.056   4.6339741e+14
      833.125   4.6533680e+14
      833.195   4.6792911e+14
      833.264   4.7062163e+14
      833.333   4.7390288e+14
      833.403   4.7475427e+14
      833.472   4.7285941e+14
      833.542   4.7171292e+14
      833.611   4.7146894e+14
      833.681   4.7202849e+14
      833.750   4.7293882e+14
      833.820   4.7316086e+14
      833.889   4.7349637e+14
      833.959   4.7398773e+14
      834.028   4.7446496e+14
      834.098   4.7480580e+14
      834.167   4.7556159e+14
      834.237   4.7536394e+14
      834.307   4.7509318e+14
      834.376   4.7508197e+14
      834.446   4.7500289e+14
      834.516   4.7414287e+14
      834.585   4.7349226e+14
      834.655   4.7284205e+14
      834.725   4.7214599e+14
      834.794   4.7227626e+14
      834.864   4.7337559e+14
      834.934   4.7406390e+14
      835.003   4.7544166e+14
      835.073   4.7782421e+14
      835.143   4.8047224e+14
      835.213   4.8322116e+14
      835.282   4.8627630e+14
      835.352   4.8805700e+14
      835.422   4.8870881e+14
      835.492   4.8926470e+14
      835.562   4.8979778e+14
      835.631   4.8973133e+14
      835.701   4.8897490e+14
      835.771   4.8835100e+14
      835.841   4.8795112e+14
      835.911   4.8749621e+14
      835.981   4.8703674e+14
      836.051   4.8678751e+14
      836.120   4.8627703e+14
      836.190   4.8573952e+14
      836.260   4.8531622e+14
      836.330   4.8494324e+14
      836.400   4.8387455e+14
      836.470   4.8201830e+14
      836.540   4.8065624e+14
      836.610   4.7959609e+14
      836.680   4.7878755e+14
      836.750   4.7901368e+14
      836.820   4.8022428e+14
      836.890   4.8065201e+14
      836.960   4.8166606e+14
      837.030   4.8323259e+14
      837.100   4.8469295e+14
      837.170   4.8574131e+14
      837.240   4.8652877e+14
      837.311   4.8633644e+14
      837.381   4.8569443e+14
      837.451   4.8498351e+14
      837.521   4.8423116e+14
      837.591   4.8337325e+14
      837.661   4.8227685e+14
      837.731   4.8112985e+14
      837.802   4.8009317e+14
      837.872   4.7919327e+14
      837.942   4.7840328e+14
      838.012   4.7763606e+14
      838.083   4.7696565e+14
      838.153   4.7661557e+14
      838.223   4.7661396e+14
      838.293   4.7682810e+14
      838.364   4.7722180e+14
      838.434   4.7840419e+14
      838.504   4.7918759e+14
      838.574   4.7714848e+14
      838.645   4.7270901e+14
      838.715   4.6962683e+14
      838.785   4.6697563e+14
      838.856   4.6508677e+14
      838.926   4.6549732e+14
      838.997   4.6683620e+14
      839.067   4.6544601e+14
      839.137   4.6682467e+14
      839.208   4.7067508e+14
      839.278   4.7520545e+14
      839.349   4.8007684e+14
      839.419   4.8574328e+14
      839.490   4.8816722e+14
      839.560   4.8788462e+14
      839.631   4.8694548e+14
      839.701   4.8559215e+14
      839.772   4.8450557e+14
      839.842   4.8351952e+14
      839.913   4.8304398e+14
      839.983   4.8214962e+14
      840.054   4.8165550e+14
      840.124   4.8130339e+14
      840.195   4.8149879e+14
      840.266   4.8195172e+14
      840.336   4.8281811e+14
      840.407   4.8341372e+14
      840.477   4.8385714e+14
      840.548   4.8432880e+14
      840.619   4.8484185e+14
      840.689   4.8555239e+14
      840.760   4.8648873e+14
      840.831   4.8698823e+14
      840.901   4.8704569e+14
      840.972   4.8684127e+14
      841.043   4.8613567e+14
      841.114   4.8495904e+14
      841.184   4.8387815e+14
      841.255   4.8255387e+14
      841.326   4.8131215e+14
      841.397   4.8062262e+14
      841.468   4.8036118e+14
      841.538   4.7947297e+14
      841.609   4.7836871e+14
      841.680   4.7662856e+14
      841.751   4.7572649e+14
      841.822   4.7505919e+14
      841.893   4.7469567e+14
      841.963   4.7455732e+14
      842.034   4.7476968e+14
      842.105   4.7387624e+14
      842.176   4.7313001e+14
      842.247   4.7313491e+14
      842.318   4.7290939e+14
      842.389   4.7297412e+14
      842.460   4.7297439e+14
      842.531   4.7189121e+14
      842.602   4.6999167e+14
      842.673   4.6871901e+14
      842.744   4.6784271e+14
      842.815   4.6814688e+14
      842.886   4.6936883e+14
      842.957   4.7072015e+14
      843.028   4.7204168e+14
      843.099   4.7355319e+14
      843.170   4.7461748e+14
      843.241   4.7517892e+14
      843.313   4.7454119e+14
      843.384   4.7139705e+14
      843.455   4.6701091e+14
      843.526   4.6355193e+14
      843.597   4.6162938e+14
      843.668   4.6063493e+14
      843.739   4.6019199e+14
      843.811   4.5900280e+14
      843.882   4.5865993e+14
      843.953   4.6003183e+14
      844.024   4.6240930e+14
      844.096   4.6606500e+14
      844.167   4.7079685e+14
      844.238   4.7362180e+14
      844.309   4.7569427e+14
      844.381   4.7788759e+14
      844.452   4.7860698e+14
      844.523   4.7794505e+14
      844.595   4.7836927e+14
      844.666   4.7770257e+14
      844.737   4.7624088e+14
      844.809   4.7579618e+14
      844.880   4.7636324e+14
      844.951   4.7610750e+14
      845.023   4.7736150e+14
      845.094   4.7953507e+14
      845.166   4.8170976e+14
      845.237   4.8418015e+14
      845.309   4.8690127e+14
      845.380   4.8795268e+14
      845.451   4.8810238e+14
      845.523   4.8795206e+14
      845.594   4.8741242e+14
      845.666   4.8660043e+14
      845.737   4.8545906e+14
      845.809   4.8396647e+14
      845.881   4.8255690e+14
      845.952   4.8170646e+14
      846.024   4.8134711e+14
      846.095   4.8122770e+14
      846.167   4.8128029e+14
      846.238   4.8112852e+14
      846.310   4.8135229e+14
      846.382   4.8160866e+14
      846.453   4.8153560e+14
      846.525   4.8117596e+14
      846.597   4.8053363e+14
      846.668   4.7752360e+14
      846.740   4.7289211e+14
      846.812   4.6961262e+14
      846.883   4.6676289e+14
      846.955   4.6403371e+14
      847.027   4.6283981e+14
      847.099   4.6329443e+14
      847.170   4.6200159e+14
      847.242   4.6258272e+14
      847.314   4.6511521e+14
      847.386   4.6827906e+14
      847.458   4.7111898e+14
      847.529   4.7478875e+14
      847.601   4.7661400e+14
      847.673   4.7692295e+14
      847.745   4.7709288e+14
      847.817   4.7749013e+14
      847.889   4.7712190e+14
      847.961   4.7588615e+14
      848.033   4.7401907e+14
      848.104   4.7189130e+14
      848.176   4.6994473e+14
      848.248   4.6826228e+14
      848.320   4.6698349e+14
      848.392   4.6625204e+14
      848.464   4.6585481e+14
      848.536   4.6542497e+14
      848.608   4.6542686e+14
      848.680   4.6565158e+14
      848.752   4.6601104e+14
      848.824   4.6632875e+14
      848.896   4.6641885e+14
      848.969   4.6667214e+14
      849.041   4.6764957e+14
      849.113   4.6820900e+14
      849.185   4.6873601e+14
      849.257   4.6913304e+14
      849.329   4.6933493e+14
      849.401   4.6915578e+14
      849.473   4.6780538e+14
      849.545   4.6338806e+14
      849.618   4.5322330e+14
      849.690   4.3772004e+14
      849.762   4.2262467e+14
      849.834   4.0911269e+14
      849.906   3.9703579e+14
      849.979   3.9049904e+14
      850.051   3.8893044e+14
      850.123   3.8881079e+14
      850.196   3.9533679e+14
      850.268   4.0712039e+14
      850.340   4.2132194e+14
      850.412   4.3701139e+14
      850.485   4.5173154e+14
      850.557   4.6011566e+14
      850.629   4.6422154e+14
      850.702   4.6668612e+14
      850.774   4.6859627e+14
      850.847   4.7051190e+14
      850.919   4.7205492e+14
      850.991   4.7274148e+14
      851.064   4.7299811e+14
      851.136   4.7293778e+14
      851.209   4.7128074e+14
      851.281   4.6613909e+14
      851.354   4.5990385e+14
      851.426   4.5410060e+14
      851.499   4.4864671e+14
      851.571   4.4458484e+14
      851.644   4.4354773e+14
      851.716   4.4273921e+14
      851.789   4.4320464e+14
      851.861   4.4637809e+14
      851.934   4.5096824e+14
      852.006   4.5600847e+14
      852.079   4.6214947e+14
      852.152   4.6657209e+14
      852.224   4.6820837e+14
      852.297   4.6863774e+14
      852.370   4.6874067e+14
      852.442   4.6796155e+14
      852.515   4.6559739e+14
      852.588   4.6144512e+14
      852.660   4.5595584e+14
      852.733   4.5075736e+14
      852.806   4.4627924e+14
      852.878   4.4309714e+14
      852.951   4.4016327e+14
      853.024   4.3744807e+14
      853.097   4.3598052e+14
      853.169   4.3508988e+14
      853.242   4.3421806e+14
      853.315   4.3334485e+14
      853.388   4.3124520e+14
      853.461   4.2701456e+14
      853.534   4.2953977e+14
      853.606   4.3113275e+14
      853.679   4.3143588e+14
      853.752   4.3032745e+14
      853.825   4.2707552e+14
      853.898   4.2007807e+14
      853.971   4.0811993e+14
      854.044   3.8988546e+14
      854.117   3.6781298e+14
      854.190   3.4623941e+14
      854.263   3.2770265e+14
      854.336   3.1489112e+14
      854.409   3.0815669e+14
      854.482   3.0688237e+14
      854.555   3.1341125e+14
      854.628   3.2854330e+14
      854.701   3.4961105e+14
      854.774   3.7366239e+14
      854.847   3.9827869e+14
      854.920   4.1887847e+14
      854.993   4.3312627e+14
      855.066   4.4231233e+14
      855.139   4.4804306e+14
      855.213   4.5153099e+14
      855.286   4.5435038e+14
      855.359   4.5773685e+14
      855.432   4.6012384e+14
      855.505   4.6138054e+14
      855.578   4.6136565e+14
      855.652   4.6117903e+14
      855.725   4.6098531e+14
      855.798   4.6059393e+14
      855.871   4.6021468e+14
      855.945   4.6051024e+14
      856.018   4.6044883e+14
      856.091   4.6134249e+14
      856.164   4.6286149e+14
      856.238   4.6403848e+14
      856.311   4.6487962e+14
      856.384   4.6583057e+14
      856.458   4.6578238e+14
      856.531   4.6528610e+14
      856.604   4.6476761e+14
      856.678   4.6430069e+14
      856.751   4.6355616e+14
      856.825   4.6262318e+14
      856.898   4.6159192e+14
      856.971   4.6047650e+14
      857.045   4.5918112e+14
      857.118   4.5898158e+14
      857.192   4.5969701e+14
      857.265   4.6047860e+14
      857.339   4.6125519e+14
      857.412   4.6207876e+14
      857.486   4.6253665e+14
      857.559   4.6330182e+14
      857.633   4.6416049e+14
      857.706   4.6516756e+14
      857.780   4.6630066e+14
      857.854   4.6768955e+14
      857.927   4.6854928e+14
      858.001   4.6810062e+14
      858.074   4.6585536e+14
      858.148   4.6403888e+14
      858.222   4.6208919e+14
      858.295   4.6023730e+14
      858.369   4.5891949e+14
      858.443   4.5875340e+14
      858.516   4.5767516e+14
      858.590   4.5743944e+14
      858.664   4.5787670e+14
      858.738   4.5922020e+14
      858.811   4.6067335e+14
      858.885   4.6314443e+14
      858.959   4.6482884e+14
      859.033   4.6550337e+14
      859.107   4.6592575e+14
      859.180   4.6653089e+14
      859.254   4.6717290e+14
      859.328   4.6784886e+14
      859.402   4.6870353e+14
      859.476   4.6863967e+14
      859.550   4.6825709e+14
      859.623   4.6713229e+14
      859.697   4.6613308e+14
      859.771   4.6490970e+14
      859.845   4.6416726e+14
      859.919   4.6332933e+14
      859.993   4.6295307e+14
      860.067   4.6288541e+14
      860.141   4.6338929e+14
      860.215   4.6347738e+14
      860.289   4.6467169e+14
      860.363   4.6602061e+14
      860.437   4.6661341e+14
      860.511   4.6698271e+14
      860.585   4.6722415e+14
      860.659   4.6683278e+14
      860.733   4.6698892e+14
      860.807   4.6761258e+14
      860.882   4.6817477e+14
      860.956   4.6822835e+14
      861.030   4.6620307e+14
      861.104   4.6519089e+14
      861.178   4.6450074e+14
      861.252   4.6358205e+14
      861.326   4.6355067e+14
      861.401   4.6477983e+14
      861.475   4.6280810e+14
      861.549   4.6287847e+14
      861.623   4.6442910e+14
      861.698   4.6572764e+14
      861.772   4.6809808e+14
      861.846   4.7259665e+14
      861.920   4.7359390e+14
      861.995   4.7326224e+14
      862.069   4.7394372e+14
      862.143   4.7434241e+14
      862.218   4.7491157e+14
      862.292   4.7676800e+14
      862.366   4.7879457e+14
      862.441   4.7938790e+14
      862.515   4.8039123e+14
      862.589   4.8118234e+14
      862.664   4.8213468e+14
      862.738   4.8319042e+14
      862.813   4.8471431e+14
      862.887   4.8515206e+14
      862.962   4.8448109e+14
      863.036   4.8326874e+14
      863.111   4.8137902e+14
      863.185   4.7954028e+14
      863.260   4.7737593e+14
      863.334   4.7550827e+14
      863.409   4.7409899e+14
      863.483   4.7369986e+14
      863.558   4.7315470e+14
      863.632   4.7351134e+14
      863.707   4.7397248e+14
      863.782   4.7474569e+14
      863.856   4.7583033e+14
      863.931   4.7723228e+14
      864.005   4.7792496e+14
      864.080   4.7816921e+14
      864.155   4.7797867e+14
      864.230   4.7762249e+14
      864.304   4.7704822e+14
      864.379   4.7601101e+14
      864.454   4.7501134e+14
      864.528   4.7385026e+14
      864.603   4.7229263e+14
      864.678   4.6959183e+14
      864.753   4.6648053e+14
      864.827   4.6362401e+14
      864.902   4.6097524e+14
      864.977   4.5854037e+14
      865.052   4.5691341e+14
      865.127   4.5489546e+14
      865.202   4.5383039e+14
      865.276   4.5627456e+14
      865.351   4.5898838e+14
      865.426   4.6176000e+14
      865.501   4.6474881e+14
      865.576   4.6639391e+14
      865.651   4.6667875e+14
      865.726   4.6559361e+14
      865.801   4.6279953e+14
      865.876   4.5735557e+14
      865.951   4.4708447e+14
      866.026   4.2918701e+14
      866.101   4.0556626e+14
      866.176   3.8142647e+14
      866.251   3.5940236e+14
      866.326   3.4262327e+14
      866.401   3.3432847e+14
      866.476   3.3393752e+14
      866.551   3.3988384e+14
      866.626   3.5526129e+14
      866.701   3.7728894e+14
      866.776   4.0324343e+14
      866.852   4.3081232e+14
      866.927   4.5547853e+14
      867.002   4.7206462e+14
      867.077   4.7952251e+14
      867.152   4.8359371e+14
      867.227   4.8500000e+14
      867.303   4.8318624e+14
      867.378   4.7992924e+14
      867.453   4.7739742e+14
      867.528   4.7446606e+14
      867.604   4.7242498e+14
      867.679   4.7224763e+14
      867.754   4.7159511e+14
      867.830   4.7007620e+14
      867.905   4.6996886e+14
      867.980   4.7106117e+14
      868.056   4.7214884e+14
      868.131   4.7391506e+14
      868.206   4.7552018e+14
      868.282   4.7557450e+14
      868.357   4.7494737e+14
      868.432   4.7540614e+14
      868.508   4.7617312e+14
      868.583   4.7657845e+14
      868.659   4.7488765e+14
      868.734   4.6809009e+14
      868.810   4.6104737e+14
      868.885   4.5461159e+14
      868.961   4.4871624e+14
      869.036   4.4545337e+14
      869.112   4.4641396e+14
      869.187   4.4567884e+14
      869.263   4.4924457e+14
      869.338   4.5498992e+14
      869.414   4.6161530e+14
      869.680   4.6962584e+14
      869.716   4.8859333e+14
      869.792   4.8617886e+14
      869.868   4.8435899e+14
      869.943   4.8273810e+14
      870.019   4.8126030e+14
      870.095   4.8055344e+14
      870.171   4.8061303e+14
      870.246   4.7941029e+14
      870.322   4.7980788e+14
      870.398   4.8073405e+14
      870.474   4.8196521e+14
      870.549   4.8374377e+14
      870.625   4.8555179e+14
      870.701   4.8560218e+14
      870.777   4.8500469e+14
      870.853   4.8340658e+14
      870.928   4.8099268e+14
      871.004   4.7900800e+14
      871.080   4.7621173e+14
      871.156   4.7187183e+14
      871.232   4.6894247e+14
      871.308   4.6683061e+14
      871.384   4.6470123e+14
      871.460   4.6445577e+14
      871.536   4.6682038e+14
      871.612   4.6759452e+14
      871.688   4.7022878e+14
      871.764   4.7337566e+14
      871.840   4.7547376e+14
      871.916   4.7775731e+14
      871.992   4.8147140e+14
      872.068   4.8303444e+14
      872.144   4.8462150e+14
      872.220   4.8662409e+14
      872.296   4.8876064e+14
      872.372   4.9097377e+14
      872.448   4.9208008e+14
      872.524   4.9225564e+14
      872.600   4.9125688e+14
      872.677   4.8887861e+14
      872.753   4.8630851e+14
      872.829   4.8407692e+14
      872.905   4.8199783e+14
      872.981   4.8042933e+14
      873.057   4.8005128e+14
      873.134   4.7955449e+14
      873.210   4.7955898e+14
      873.286   4.8006493e+14
      873.362   4.7938625e+14
      873.439   4.7651161e+14
      873.515   4.7445957e+14
      873.591   4.7176229e+14
      873.668   4.6837705e+14
      873.744   4.6559601e+14
      873.820   4.6489825e+14
      873.897   4.6290703e+14
      873.973   4.6235290e+14
      874.049   4.6232103e+14
      874.126   4.6148126e+14
      874.202   4.6160472e+14
      874.279   4.6318015e+14
      874.355   4.6295333e+14
      874.432   4.6175007e+14
      874.508   4.6128840e+14
      874.585   4.5969101e+14
      874.661   4.5919662e+14
      874.738   4.5905681e+14
      874.814   4.5901713e+14
      874.891   4.5858458e+14
      874.967   4.5804125e+14
      875.044   4.5472346e+14
      875.120   4.5227631e+14
      875.197   4.5049715e+14
      875.273   4.4945409e+14
      875.350   4.4935923e+14
      875.427   4.5057801e+14
      875.503   4.5032386e+14
      875.580   4.4928280e+14
      875.657   4.4975621e+14
      875.733   4.5075989e+14
      875.810   4.5221985e+14
      875.887   4.5438658e+14
      875.964   4.5742878e+14
      876.040   4.5809711e+14
      876.117   4.6061402e+14
      876.194   4.6385063e+14
      876.271   4.6682351e+14
      876.347   4.6959840e+14
      876.424   4.7296086e+14
      876.501   4.7344616e+14
      876.578   4.7321447e+14
      876.655   4.7324738e+14
      876.732   4.7299920e+14
      876.808   4.7311466e+14
      876.885   4.7361555e+14
      876.962   4.7357169e+14
      877.039   4.7355774e+14
      877.116   4.7262984e+14
      877.193   4.7102943e+14
      877.270   4.6820852e+14
      877.347   4.6613999e+14
      877.424   4.6416852e+14
      877.501   4.6332749e+14
      877.578   4.6247912e+14
      877.655   4.6348434e+14
      877.732   4.6376171e+14
      877.809   4.6550170e+14
      877.886   4.6762000e+14
      877.963   4.7012347e+14
      878.040   4.7197164e+14
      878.117   4.7392882e+14
      878.194   4.7401566e+14
      878.272   4.7354670e+14
      878.349   4.7317701e+14
      878.426   4.7268563e+14
      878.503   4.7251043e+14
      878.580   4.7264898e+14
      878.657   4.7291978e+14
      878.735   4.7282728e+14
      878.812   4.7249236e+14
      878.889   4.7012019e+14
      878.966   4.6862077e+14
      879.044   4.6723307e+14
      879.121   4.6515629e+14
      879.198   4.6116868e+14
      879.276   4.5936038e+14
      879.353   4.5625019e+14
      879.430   4.5482674e+14
      879.508   4.5451047e+14
      879.585   4.5635672e+14
      879.662   4.5719925e+14
      879.740   4.6059819e+14
      879.817   4.6320002e+14
      879.894   4.6567468e+14
      879.972   4.6801478e+14
      880.049   4.7142426e+14
      880.127   4.7275892e+14
      880.204   4.7280611e+14
      880.282   4.7162228e+14
      880.359   4.7009929e+14
      880.437   4.6609823e+14
      880.514   4.5650652e+14
      880.592   4.4747003e+14
      880.669   4.3947316e+14
      880.747   4.3182447e+14
      880.824   4.2668719e+14
      880.902   4.2748754e+14
      880.980   4.2683440e+14
      881.057   4.3110629e+14
      881.135   4.3812380e+14
      881.213   4.4569117e+14
      881.290   4.5234272e+14
      881.368   4.6043360e+14
      881.446   4.6391551e+14
      881.523   4.6439549e+14
      881.601   4.6401085e+14
      881.679   4.6397891e+14
      881.756   4.6358556e+14
      881.834   4.6344014e+14
      881.912   4.6446597e+14
      881.990   4.6538141e+14
      882.068   4.6684760e+14
      882.145   4.6803415e+14
      882.223   4.6686710e+14
      882.301   4.6156984e+14
      882.379   4.5763573e+14
      882.457   4.5367255e+14
      882.535   4.5012556e+14
      882.613   4.4829950e+14
      882.690   4.4916950e+14
      882.768   4.4809795e+14
      882.846   4.5028654e+14
      882.924   4.5383656e+14
      883.002   4.5774269e+14
      883.080   4.6227342e+14
      883.158   4.6717353e+14
      883.236   4.6826977e+14
      883.314   4.6806936e+14
      883.392   4.6790553e+14
      883.470   4.6765425e+14
      883.548   4.6751798e+14
      883.626   4.6663444e+14
      883.704   4.6311294e+14
      883.783   4.6045427e+14
      883.861   4.5803360e+14
      883.939   4.5558648e+14
      884.017   4.5415140e+14
      884.095   4.5480270e+14
      884.173   4.5358892e+14
      884.251   4.5490088e+14
      884.330   4.5703568e+14
      884.408   4.5913557e+14
      884.486   4.6102041e+14
      884.564   4.6330277e+14
      884.643   4.6344986e+14
      884.721   4.6302754e+14
      884.799   4.6253501e+14
      884.877   4.6265558e+14
      884.956   4.6288000e+14
      885.034   4.6297111e+14
      885.112   4.6358093e+14
      885.191   4.6422459e+14
      885.269   4.6493518e+14
      885.347   4.6587779e+14
      885.426   4.6643112e+14
      885.504   4.6619940e+14
      885.583   4.6581061e+14
      885.661   4.6518802e+14
      885.740   4.6430571e+14
      885.818   4.6253568e+14
      885.896   4.5849024e+14
      885.975   4.5463694e+14
      886.054   4.5001307e+14
      886.132   4.4426689e+14
      886.211   4.3924216e+14
      886.289   4.3641480e+14
      886.368   4.3276195e+14
      886.446   4.3140145e+14
      886.525   4.2967825e+14
      886.603   4.2909799e+14
      886.682   4.2968638e+14
      886.761   4.3235718e+14
      886.839   4.3436265e+14
      886.918   4.3828262e+14
      886.997   4.4076977e+14
      887.075   4.4477857e+14
      887.154   4.4801572e+14
      887.233   4.5144859e+14
      887.311   4.5498970e+14
      887.390   4.5894612e+14
      887.469   4.5960839e+14
      887.548   4.5978869e+14
      887.626   4.5905664e+14
      887.705   4.5745069e+14
      887.784   4.5631948e+14
      887.863   4.5620821e+14
      887.942   4.5570660e+14
      888.021   4.5599034e+14
      888.099   4.5715373e+14
      888.178   4.5747798e+14
      888.257   4.5814134e+14
      888.336   4.5939254e+14
      888.415   4.5991772e+14
      888.494   4.6023767e+14
      888.573   4.6091330e+14
      888.652   4.6117645e+14
      888.731   4.6133334e+14
      888.810   4.6170057e+14
      888.889   4.6166789e+14
      888.968   4.6171439e+14
      889.047   4.6144675e+14
      889.126   4.6011674e+14
      889.205   4.5889688e+14
      889.284   4.5808786e+14
      889.363   4.5714338e+14
      889.442   4.5673051e+14
      889.521   4.5742619e+14
      889.601   4.5740145e+14
      889.680   4.5832021e+14
      889.759   4.5926246e+14
      889.838   4.6006184e+14
      889.917   4.6074544e+14
      889.996   4.6184289e+14
      890.076   4.6186822e+14
      890.155   4.6207413e+14
      890.234   4.6186952e+14
      890.313   4.6204379e+14
      890.393   4.6238457e+14
      890.472   4.6282533e+14
      890.551   4.6312044e+14
      890.631   4.6357398e+14
      890.710   4.6348786e+14
      890.789   4.6297284e+14
      890.869   4.6260992e+14
      890.948   4.6202120e+14
      891.027   4.6006290e+14
      891.107   4.5842493e+14
      891.186   4.5720127e+14
      891.266   4.5576306e+14
      891.345   4.5498790e+14
      891.424   4.5556423e+14
      891.504   4.5535123e+14
      891.583   4.5623430e+14
      891.663   4.5765796e+14
      891.742   4.5839027e+14
      891.822   4.5777845e+14
      891.902   4.5809914e+14
      891.981   4.5734761e+14
      892.061   4.5607131e+14
      892.140   4.5457771e+14
      892.220   4.5327313e+14
      892.299   4.5080731e+14
      892.379   4.4932792e+14
      892.459   4.4838177e+14
      892.538   4.4722594e+14
      892.618   4.4611977e+14
      892.698   4.4545532e+14
      892.777   4.4349609e+14
      892.857   4.4207281e+14
      892.937   4.4177256e+14
      893.017   4.4223966e+14
      893.096   4.4336703e+14
      893.176   4.4562557e+14
      893.256   4.4684485e+14
      893.336   4.4901182e+14
      893.416   4.5178905e+14
      893.495   4.5437026e+14
      893.575   4.5635278e+14
      893.655   4.5836114e+14
      893.735   4.5903900e+14
      893.815   4.5965358e+14
      893.895   4.6006281e+14
      893.975   4.6003590e+14
      894.055   4.5948774e+14
      894.134   4.5700645e+14
      894.214   4.5512102e+14
      894.294   4.5299951e+14
      894.374   4.4894207e+14
      894.454   4.4508647e+14
      894.534   4.4302693e+14
      894.614   4.3960712e+14
      894.694   4.3830325e+14
      894.774   4.3855667e+14
      894.855   4.3819237e+14
      894.935   4.3959726e+14
      895.015   4.4285001e+14
      895.095   4.4498710e+14
      895.175   4.4775625e+14
      895.255   4.5116793e+14
      895.335   4.5346160e+14
      895.415   4.5527547e+14
      895.496   4.5660731e+14
      895.576   4.5774872e+14
      895.656   4.5914419e+14
      895.736   4.6005420e+14
      895.817   4.6021620e+14
      895.897   4.6022621e+14
      895.977   4.6013088e+14
      896.057   4.6006499e+14
      896.138   4.6002697e+14
      896.218   4.6000955e+14
      896.298   4.5975869e+14
      896.379   4.5936517e+14
      896.459   4.5813548e+14
      896.539   4.5586739e+14
      896.620   4.5311585e+14
      896.700   4.5060270e+14
      896.781   4.4834269e+14
      896.861   4.4684900e+14
      896.941   4.4623723e+14
      897.022   4.4624920e+14
      897.102   4.4707758e+14
      897.183   4.4895919e+14
      897.263   4.5120735e+14
      897.344   4.5280244e+14
      897.424   4.5384077e+14
      897.505   4.5389403e+14
      897.586   4.5284951e+14
      897.666   4.5123771e+14
      897.747   4.5013480e+14
      897.827   4.4927830e+14
      897.908   4.4899131e+14
      897.989   4.4946159e+14
      898.069   4.5070306e+14
      898.150   4.5232898e+14
      898.230   4.5405827e+14
      898.311   4.5490737e+14
      898.392   4.5526731e+14
      898.473   4.5515257e+14
      898.553   4.5483238e+14
      898.634   4.5462025e+14
      898.715   4.5457673e+14
      898.796   4.5386066e+14
      898.876   4.5387251e+14
      898.957   4.5376639e+14
      899.038   4.5351074e+14
      899.119   4.5365501e+14
      899.200   4.5411939e+14
      899.281   4.5351965e+14
      899.361   4.5321161e+14
      899.442   4.5287778e+14
      899.523   4.5233095e+14
      899.604   4.5213428e+14
      899.685   4.5161581e+14
      899.766   4.4751835e+14
      899.847   4.4395712e+14
      899.928   4.4114087e+14
      900.009   4.3796164e+14
      900.090   4.3575338e+14
      900.171   4.3686799e+14
      900.252   4.3629817e+14
      900.333   4.3776583e+14
      900.414   4.4086329e+14
      900.495   4.4345124e+14
      900.576   4.4607197e+14
      900.657   4.4852069e+14
      900.739   4.4789263e+14
      900.820   4.4433171e+14
      900.901   4.4037841e+14
      900.982   4.3616120e+14
      901.063   4.3137462e+14
      901.144   4.2645743e+14
      901.226   4.2265053e+14
      901.307   4.1876834e+14
      901.388   4.1576225e+14
      901.469   4.1536734e+14
      901.551   4.1386768e+14
      901.632   4.1484207e+14
      901.713   4.1681427e+14
      901.795   4.1870702e+14
      901.876   4.2119022e+14
      901.957   4.2561247e+14
      902.039   4.2705068e+14
      902.120   4.3003363e+14
      902.201   4.3307783e+14
      902.283   4.3401815e+14
      902.364   4.3575372e+14
      902.446   4.3844188e+14
      902.527   4.3913865e+14
      902.609   4.4054232e+14
      902.690   4.4328113e+14
      902.772   4.4462822e+14
      902.853   4.4656592e+14
      902.935   4.4824287e+14
      903.016   4.4898165e+14
      903.098   4.4939869e+14
      903.179   4.5031104e+14
      903.261   4.5057565e+14
      903.342   4.5106501e+14
      903.424   4.5091137e+14
      903.506   4.5134255e+14
      903.587   4.5176543e+14
      903.669   4.5201798e+14
      903.751   4.5247556e+14
      903.832   4.5332311e+14
      903.914   4.5343696e+14
      903.996   4.5354931e+14
      904.077   4.5390445e+14
      904.159   4.5423389e+14
      904.241   4.5463956e+14
      904.323   4.5516894e+14
      904.404   4.5549753e+14
      904.486   4.5558791e+14
      904.568   4.5568366e+14
      904.650   4.5569092e+14
      904.732   4.5553346e+14
      904.814   4.5533975e+14
      904.896   4.5508955e+14
      904.977   4.5425227e+14
      905.059   4.5368718e+14
      905.141   4.5317611e+14
      905.223   4.5273177e+14
      905.305   4.5243832e+14
      905.387   4.5270633e+14
      905.469   4.5263061e+14
      905.551   4.5314624e+14
      905.633   4.5356045e+14
      905.715   4.5377511e+14
      905.797   4.5399521e+14
      905.879   4.5384239e+14
      905.961   4.5084923e+14
      906.043   4.4649215e+14
      906.125   4.4185531e+14
      906.208   4.3775237e+14
      906.290   4.3460172e+14
      906.372   4.3356346e+14
      906.454   4.3312323e+14
      906.536   4.3426770e+14
      906.618   4.3670429e+14
      906.701   4.4031671e+14
      906.783   4.4431803e+14
      906.865   4.4856946e+14
      906.947   4.5184314e+14
      907.029   4.5332122e+14
      907.112   4.5316852e+14
      907.194   4.5206926e+14
      907.276   4.5157660e+14
      907.359   4.5064624e+14
      907.441   4.5021433e+14
      907.523   4.4994607e+14
      907.606   4.4974082e+14
      907.688   4.4703893e+14
      907.771   4.4434501e+14
      907.853   4.4111891e+14
      907.935   4.3841438e+14
      908.018   4.3650187e+14
      908.100   4.3673613e+14
      908.183   4.3655477e+14
      908.265   4.3748932e+14
      908.348   4.3936685e+14
      908.430   4.4218248e+14
      908.513   4.4491081e+14
      908.595   4.4746021e+14
      908.678   4.4429635e+14
      908.760   4.3886881e+14
      908.843   4.3361168e+14
      908.926   4.2853603e+14
      909.008   4.2415637e+14
      909.091   4.2432808e+14
      909.174   4.2371871e+14
      909.256   4.2444879e+14
      909.339   4.2557483e+14
      909.422   4.2808313e+14
      909.504   4.3116987e+14
      909.587   4.3576338e+14
      909.670   4.3716454e+14
      909.753   4.3727390e+14
      909.835   4.3562390e+14
      909.918   4.3576350e+14
      910.001   4.3681223e+14
      910.084   4.3845853e+14
      910.167   4.4027237e+14
      910.249   4.4302442e+14
      910.332   4.4429381e+14
      910.415   4.4396873e+14
      910.498   4.4412807e+14
      910.581   4.4523766e+14
      910.664   4.4520390e+14
      910.747   4.4487726e+14
      910.830   4.4545865e+14
      910.913   4.4487440e+14
      910.996   4.4241009e+14
      911.079   4.4051252e+14
      911.162   4.3862434e+14
      911.245   4.3701398e+14
      911.328   4.3640359e+14
      911.411   4.3717391e+14
      911.494   4.3659034e+14
      911.577   4.3524988e+14
      911.660   4.3534610e+14
      911.743   4.3326329e+14
      911.826   4.3239088e+14
      911.910   4.3322402e+14
      911.993   4.3407173e+14
      912.076   4.3266793e+14
      912.159   4.3476345e+14
      912.242   4.3567944e+14
      912.326   4.3868069e+14
      912.409   4.4236570e+14
      912.492   4.4617162e+14
      912.575   4.4840656e+14
      912.659   4.5096429e+14
      912.742   4.5144642e+14
      912.825   4.5120064e+14
      912.909   4.5099183e+14
      912.992   4.5083683e+14
      913.075   4.5073807e+14
      913.159   4.5054483e+14
      913.242   4.5051432e+14
      913.325   4.5055477e+14
      913.409   4.5075059e+14
      913.492   4.5059266e+14
      913.576   4.5042421e+14
      913.659   4.5030021e+14
      913.743   4.5015917e+14
      913.826   4.4962124e+14
      913.910   4.4897620e+14
      913.993   4.4819809e+14
      914.077   4.4752234e+14
      914.160   4.4679181e+14
      914.244   4.4620678e+14
      914.328   4.4578259e+14
      914.411   4.4506822e+14
      914.495   4.4398609e+14
      914.578   4.4239985e+14
      914.662   4.4037302e+14
      914.746   4.3838634e+14
      914.829   4.3695070e+14
      914.913   4.3597369e+14
      914.997   4.3608569e+14
      915.081   4.3730211e+14
      915.164   4.3937278e+14
      915.248   4.4175673e+14
      915.332   4.4400592e+14
      915.416   4.4548389e+14
      915.499   4.4624040e+14
      915.583   4.4634492e+14
      915.667   4.4603871e+14
      915.751   4.4565076e+14
      915.835   4.4566964e+14
      915.919   4.4592743e+14
      916.003   4.4636268e+14
      916.086   4.4677438e+14
      916.170   4.4710653e+14
      916.254   4.4634200e+14
      916.338   4.4528657e+14
      916.422   4.4410360e+14
      916.506   4.4293798e+14
      916.590   4.4168632e+14
      916.674   4.4118117e+14
      916.758   4.4080880e+14
      916.842   4.4100965e+14
      916.926   4.4126370e+14
      917.011   4.4137556e+14
      917.095   4.4130095e+14
      917.179   4.4015874e+14
      917.263   4.3820685e+14
      917.347   4.3648443e+14
      917.431   4.3513111e+14
      917.515   4.3413142e+14
      917.600   4.3450533e+14
      917.684   4.3512889e+14
      917.768   4.3645347e+14
      917.852   4.3808248e+14
      917.937   4.3968272e+14
      918.021   4.4098638e+14
      918.105   4.4217379e+14
      918.189   4.4230765e+14
      918.274   4.4234897e+14
      918.358   4.4266469e+14
      918.442   4.4308092e+14
      918.527   4.4347552e+14
      918.611   4.4417734e+14
      918.695   4.4449076e+14
      918.780   4.4450669e+14
      918.864   4.4444973e+14
      918.949   4.4448820e+14
      919.033   4.4422594e+14
      919.118   4.4384779e+14
      919.202   4.4337710e+14
      919.287   4.4319536e+14
      919.371   4.4307853e+14
      919.456   4.4314573e+14
      919.540   4.4323207e+14
      919.625   4.4348895e+14
      919.709   4.4346564e+14
      919.794   4.4274502e+14
      919.879   4.4171015e+14
      919.963   4.4088353e+14
      920.048   4.3980958e+14
      920.133   4.3828956e+14
      920.217   4.3722775e+14
      920.302   4.3652320e+14
      920.387   4.3636080e+14
      920.471   4.3650799e+14
      920.556   4.3690135e+14
      920.641   4.3716186e+14
      920.726   4.3757142e+14
      920.810   4.3637946e+14
      920.895   4.3467502e+14
      920.980   4.3285783e+14
      921.065   4.3052217e+14
      921.150   4.2678808e+14
      921.234   4.2400933e+14
      921.319   4.2166688e+14
      921.404   4.2082878e+14
      921.489   4.2117725e+14
      921.574   4.2209008e+14
      921.659   4.2297577e+14
      921.744   4.2493935e+14
      921.829   4.2603838e+14
      921.914   4.2696660e+14
      921.999   4.2839532e+14
      922.084   4.3008820e+14
      922.169   4.3153676e+14
      922.254   4.3276262e+14
      922.339   4.3300974e+14
      922.424   4.3299322e+14
      922.509   4.3223721e+14
      922.594   4.2917042e+14
      922.680   4.2407106e+14
      922.765   4.1825281e+14
      922.850   4.1248507e+14
      922.935   4.0733353e+14
      923.020   4.0340553e+14
      923.105   4.0156719e+14
      923.191   4.0237230e+14
      923.276   4.0529937e+14
      923.361   4.0963785e+14
      923.446   4.1499828e+14
      923.532   4.2039239e+14
      923.617   4.2400363e+14
      923.702   4.2600775e+14
      923.788   4.2674436e+14
      923.873   4.2677663e+14
      923.958   4.2665094e+14
      924.044   4.2698598e+14
      924.129   4.2780530e+14
      924.214   4.2948571e+14
      924.300   4.3112195e+14
      924.385   4.3261686e+14
      924.471   4.3315262e+14
      924.556   4.3281427e+14
      924.642   4.3183943e+14
      924.727   4.3055456e+14
      924.813   4.2958013e+14
      924.898   4.2984701e+14
      924.984   4.3083389e+14
      925.069   4.3233833e+14
      925.155   4.3390596e+14
      925.241   4.3519798e+14
      925.326   4.3603324e+14
      925.412   4.3405559e+14
      925.497   4.3045728e+14
      925.583   4.2696866e+14
      925.669   4.2266124e+14
      925.755   4.1765926e+14
      925.840   4.1467077e+14
      925.926   4.1326622e+14
      926.012   4.1412844e+14
      926.097   4.1577030e+14
      926.183   4.1809428e+14
      926.269   4.2174644e+14
      926.355   4.2571907e+14
      926.441   4.2756428e+14
      926.526   4.2962066e+14
      926.612   4.3206099e+14
      926.698   4.3396560e+14
      926.784   4.3507415e+14
      926.870   4.3616564e+14
      926.956   4.3722186e+14
      927.042   4.3848284e+14
      927.128   4.3910941e+14
      927.214   4.3934000e+14
      927.300   4.3962589e+14
      927.386   4.4019489e+14
      927.472   4.4054845e+14
      927.558   4.4099387e+14
      927.644   4.4141597e+14
      927.730   4.4161751e+14
      927.816   4.4135114e+14
      927.902   4.4091669e+14
      927.988   4.4028769e+14
      928.074   4.3977593e+14
      928.160   4.3941169e+14
      928.247   4.3943838e+14
      928.333   4.3983020e+14
      928.419   4.4031304e+14
      928.505   4.4050994e+14
      928.591   4.4063166e+14
      928.678   4.4039224e+14
      928.764   4.3921646e+14
      928.850   4.3717608e+14
      928.936   4.3510524e+14
      929.023   4.3327431e+14
      929.109   4.3192209e+14
      929.195   4.3131643e+14
      929.282   4.3121991e+14
      929.368   4.3186310e+14
      929.454   4.3280950e+14
      929.541   4.3333849e+14
      929.627   4.3366272e+14
      929.714   4.3422690e+14
      929.800   4.3426640e+14
      929.887   4.3432873e+14
      929.973   4.3450511e+14
      930.060   4.3518555e+14
      930.146   4.3638060e+14
      930.233   4.3776458e+14
      930.319   4.3848569e+14
      930.406   4.3930571e+14
      930.492   4.3962403e+14
      930.579   4.3957322e+14
      930.665   4.3920083e+14
      930.752   4.3889250e+14
      930.839   4.3844502e+14
      930.925   4.3816097e+14
      931.012   4.3756244e+14
      931.099   4.3728002e+14
      931.185   4.3738461e+14
      931.272   4.3744080e+14
      931.359   4.3737582e+14
      931.446   4.3779470e+14
      931.532   4.3804006e+14
      931.619   4.3732634e+14
      931.706   4.3621091e+14
      931.793   4.3522020e+14
      931.880   4.3436431e+14
      931.966   4.3348638e+14
      932.053   4.3290289e+14
      932.140   4.3324418e+14
      932.227   4.3431719e+14
      932.314   4.3508500e+14
      932.401   4.3587124e+14
      932.488   4.3685909e+14
      932.575   4.3716003e+14
      932.662   4.3678054e+14
      932.749   4.3649380e+14
      932.836   4.3659533e+14
      932.923   4.3714377e+14
      933.010   4.3798235e+14
      933.097   4.3884594e+14
      933.184   4.3937889e+14
      933.271   4.3918664e+14
      933.358   4.3863034e+14
      933.445   4.3794721e+14
      933.532   4.3703019e+14
      933.620   4.3618286e+14
      933.707   4.3576894e+14
      933.794   4.3605940e+14
      933.881   4.3668642e+14
      933.968   4.3754648e+14
      934.056   4.3868519e+14
      934.143   4.3952567e+14
      934.230   4.3961311e+14
      934.317   4.3917730e+14
      934.405   4.3817458e+14
      934.492   4.3706169e+14
      934.579   4.3620063e+14
      934.667   4.3551015e+14
      934.754   4.3501285e+14
      934.842   4.3390377e+14
      934.929   4.3277105e+14
      935.016   4.3215448e+14
      935.104   4.3146380e+14
      935.191   4.3068255e+14
      935.279   4.3053949e+14
      935.366   4.3092549e+14
      935.454   4.3163694e+14
      935.541   4.3227437e+14
      935.629   4.3284278e+14
      935.716   4.3315642e+14
      935.804   4.3239412e+14
      935.891   4.3083923e+14
      935.979   4.2946222e+14
      936.067   4.2788934e+14
      936.154   4.2674939e+14
      936.242   4.2668001e+14
      936.330   4.2731481e+14
      936.417   4.2845639e+14
      936.505   4.3012006e+14
      936.593   4.3225485e+14
      936.680   4.3438655e+14
      936.768   4.3576632e+14
      936.856   4.3648947e+14
      936.944   4.3711837e+14
      937.031   4.3727254e+14
      937.119   4.3607286e+14
      937.207   4.3470635e+14
      937.295   4.3357603e+14
      937.383   4.3245614e+14
      937.471   4.3170015e+14
      937.559   4.3167939e+14
      937.646   4.3229055e+14
      937.734   4.3356856e+14
      937.822   4.3472832e+14
      937.910   4.3551429e+14
      937.998   4.3627263e+14
      938.086   4.3656274e+14
      938.174   4.3584087e+14
      938.262   4.3491103e+14
      938.350   4.3421249e+14
      938.438   4.3405072e+14
      938.526   4.3406754e+14
      938.615   4.3379994e+14
      938.703   4.3369195e+14
      938.791   4.3369643e+14
      938.879   4.3313086e+14
      938.967   4.3236024e+14
      939.055   4.3178373e+14
      939.143   4.3120361e+14
      939.232   4.3063007e+14
      939.320   4.3012777e+14
      939.408   4.2990751e+14
      939.496   4.3011418e+14
      939.585   4.3038671e+14
      939.673   4.3086794e+14
      939.761   4.3186840e+14
      939.850   4.3279298e+14
      939.938   4.3284530e+14
      940.026   4.3253714e+14
      940.115   4.3212299e+14
      940.203   4.3131999e+14
      940.291   4.2965683e+14
      940.380   4.2675218e+14
      940.468   4.2379756e+14
      940.557   4.2138100e+14
      940.645   4.1895890e+14
      940.734   4.1704928e+14
      940.822   4.1655506e+14
      940.911   4.1724184e+14
      940.999   4.1873281e+14
      941.088   4.2020869e+14
      941.176   4.1941666e+14
      941.265   4.1633274e+14
      941.354   4.1125350e+14
      941.442   4.0482989e+14
      941.531   3.9879285e+14
      941.620   3.9475303e+14
      941.708   3.9464180e+14
      941.797   3.9891937e+14
      941.886   4.0507348e+14
      941.974   4.1161010e+14
      942.063   4.1858992e+14
      942.152   4.2477122e+14
      942.241   4.2805053e+14
      942.329   4.2901061e+14
      942.418   4.2919194e+14
      942.507   4.2994439e+14
      942.596   4.3102388e+14
      942.685   4.3194111e+14
      942.774   4.3267708e+14
      942.862   4.3332340e+14
      942.951   4.3330555e+14
      943.040   4.3195423e+14
      943.129   4.2975652e+14
      943.218   4.2763103e+14
      943.307   4.2573785e+14
      943.396   4.2426893e+14
      943.485   4.2325072e+14
      943.574   4.2244703e+14
      943.663   4.2139849e+14
      943.752   4.2014535e+14
      943.841   4.1884748e+14
      943.930   4.1784889e+14
      944.020   4.1742366e+14
      944.109   4.1799044e+14
      944.198   4.1920449e+14
      944.287   4.2086146e+14
      944.376   4.2272069e+14
      944.465   4.2429516e+14
      944.555   4.2470211e+14
      944.644   4.2412072e+14
      944.733   4.2315269e+14
      944.822   4.2268887e+14
      944.912   4.2282083e+14
      945.001   4.2356792e+14
      945.090   4.2509846e+14
      945.180   4.2678524e+14
      945.269   4.2739480e+14
      945.358   4.2746666e+14
      945.448   4.2750640e+14
      945.537   4.2721362e+14
      945.627   4.2679558e+14
      945.716   4.2667695e+14
      945.805   4.2705089e+14
      945.895   4.2829094e+14
      945.984   4.2974961e+14
      946.074   4.3044829e+14
      946.163   4.3023052e+14
      946.253   4.2944703e+14
      946.342   4.2819445e+14
      946.432   4.2660044e+14
      946.522   4.2515211e+14
      946.611   4.2483078e+14
      946.701   4.2567953e+14
      946.790   4.2673408e+14
      946.880   4.2781056e+14
      946.970   4.2922843e+14
      947.059   4.3065662e+14
      947.149   4.3118758e+14
      947.239   4.3075551e+14
      947.328   4.3030473e+14
      947.418   4.3020153e+14
      947.508   4.2996299e+14
      947.598   4.2958503e+14
      947.688   4.2947700e+14
      947.777   4.2964167e+14
      947.867   4.2982605e+14
      947.957   4.2982476e+14
      948.047   4.2987487e+14
      948.137   4.3033361e+14
      948.227   4.3078146e+14
      948.317   4.3078605e+14
      948.407   4.3055508e+14
      948.497   4.3040858e+14
      948.587   4.3022267e+14
      948.677   4.2966985e+14
      948.767   4.2906298e+14
      948.857   4.2894848e+14
      948.947   4.2925642e+14
      949.037   4.2971948e+14
      949.127   4.3037699e+14
      949.217   4.3116903e+14
      949.307   4.3162894e+14
      949.397   4.3143103e+14
      949.487   4.3084935e+14
      949.577   4.3011487e+14
      949.668   4.2929188e+14
      949.758   4.2879861e+14
      949.848   4.2884658e+14
      949.938   4.2917871e+14
      950.029   4.2940119e+14
      950.119   4.2954844e+14
      950.209   4.2951226e+14
      950.299   4.2858218e+14
      950.390   4.2698705e+14
      950.480   4.2559808e+14
      950.570   4.2452805e+14
      950.661   4.2367299e+14
      950.751   4.2338872e+14
      950.841   4.2369718e+14
      950.932   4.2430721e+14
      951.022   4.2490742e+14
      951.113   4.2521845e+14
      951.203   4.2548492e+14
      951.294   4.2570038e+14
      951.384   4.2587634e+14
      951.475   4.2620678e+14
      951.565   4.2663428e+14
      951.656   4.2709389e+14
      951.746   4.2762391e+14
      951.837   4.2757418e+14
      951.928   4.2686736e+14
      952.018   4.2635221e+14
      952.109   4.2599203e+14
      952.200   4.2572856e+14
      952.290   4.2593589e+14
      952.381   4.2672123e+14
      952.472   4.2749784e+14
      952.562   4.2786633e+14
      952.653   4.2785501e+14
      952.744   4.2716333e+14
      952.835   4.2566550e+14
      952.925   4.2396058e+14
      953.016   4.2277132e+14
      953.107   4.2210378e+14
      953.198   4.2200055e+14
      953.289   4.2230062e+14
      953.380   4.2268627e+14
      953.471   4.2269764e+14
      953.562   4.2214197e+14
      953.653   4.2152472e+14
      953.743   4.2077846e+14
      953.834   4.1999950e+14
      953.925   4.1961460e+14
      954.016   4.1955024e+14
      954.107   4.1938788e+14
      954.198   4.1863270e+14
      954.290   4.1651202e+14
      954.381   4.1221983e+14
      954.472   4.0598277e+14
      954.563   3.9906672e+14
      954.654   3.9257516e+14
      954.745   3.8752137e+14
      954.836   3.8496584e+14
      954.927   3.8547730e+14
      955.019   3.8868436e+14
      955.110   3.9356266e+14
      955.201   3.9918013e+14
      955.292   4.0493958e+14
      955.384   4.0984135e+14
      955.475   4.1305063e+14
      955.566   4.1522717e+14
      955.657   4.1709470e+14
      955.749   4.1870653e+14
      955.840   4.2003926e+14
      955.932   4.2095567e+14
      956.023   4.2174052e+14
      956.114   4.2238922e+14
      956.206   4.2257200e+14
      956.297   4.2249501e+14
      956.389   4.2268735e+14
      956.480   4.2309962e+14
      956.572   4.2345740e+14
      956.663   4.2374693e+14
      956.755   4.2353883e+14
      956.846   4.2265560e+14
      956.938   4.2124587e+14
      957.029   4.1937329e+14
      957.121   4.1735392e+14
      957.213   4.1546604e+14
      957.304   4.1422012e+14
      957.396   4.1409942e+14
      957.488   4.1476242e+14
      957.579   4.1601946e+14
      957.671   4.1777777e+14
      957.763   4.1975793e+14
      957.854   4.2145992e+14
      957.946   4.2281591e+14
      958.038   4.2388404e+14
      958.130   4.2490312e+14
      958.222   4.2569447e+14
      958.313   4.2602748e+14
      958.405   4.2598636e+14
      958.497   4.2578162e+14
      958.589   4.2559418e+14
      958.681   4.2524157e+14
      958.773   4.2484118e+14
      958.865   4.2449260e+14
      958.957   4.2433318e+14
      959.049   4.2437827e+14
      959.141   4.2456961e+14
      959.233   4.2482508e+14
      959.325   4.2522164e+14
      959.417   4.2541677e+14
      959.509   4.2522635e+14
      959.601   4.2485323e+14
      959.693   4.2434790e+14
      959.785   4.2341518e+14
      959.877   4.2223566e+14
      959.969   4.2132196e+14
      960.061   4.2047427e+14
      960.154   4.1927196e+14
      960.246   4.1802697e+14
      960.338   4.1726956e+14
      960.430   4.1657135e+14
      960.523   4.1552893e+14
      960.615   4.1472956e+14
      960.707   4.1471423e+14
      960.799   4.1501635e+14
      960.892   4.1566403e+14
      960.984   4.1708911e+14
      961.076   4.1916423e+14
      961.169   4.2136020e+14
      961.261   4.2338729e+14
      961.354   4.2496224e+14
      961.446   4.2612217e+14
      961.538   4.2663200e+14
      961.631   4.2641569e+14
      961.723   4.2583240e+14
      961.816   4.2499021e+14
      961.908   4.2340099e+14
      962.001   4.2122180e+14
      962.094   4.1943294e+14
      962.186   4.1773125e+14
      962.279   4.1608752e+14
      962.371   4.1483717e+14
      962.464   4.1410750e+14
      962.557   4.1338550e+14
      962.649   4.1306671e+14
      962.742   4.1321037e+14
      962.835   4.1403643e+14
      962.927   4.1506424e+14
      963.020   4.1680241e+14
      963.113   4.1880799e+14
      963.206   4.1981224e+14
      963.298   4.1997457e+14
      963.391   4.2023857e+14
      963.484   4.1939412e+14
      963.577   4.1723334e+14
      963.670   4.1484872e+14
      963.763   4.1351541e+14
      963.855   4.1296136e+14
      963.948   4.1268501e+14
      964.041   4.1301841e+14
      964.134   4.1454232e+14
      964.227   4.1646519e+14
      964.320   4.1801941e+14
      964.413   4.1935233e+14
      964.506   4.2029158e+14
      964.599   4.2065660e+14
      964.692   4.2034430e+14
      964.785   4.1937449e+14
      964.878   4.1837288e+14
      964.972   4.1792980e+14
      965.065   4.1786128e+14
      965.158   4.1733572e+14
      965.251   4.1670338e+14
      965.344   4.1649852e+14
      965.437   4.1617438e+14
      965.531   4.1502794e+14
      965.624   4.1295039e+14
      965.717   4.1079592e+14
      965.810   4.0883545e+14
      965.904   4.0700439e+14
      965.997   4.0568658e+14
      966.090   4.0573475e+14
      966.184   4.0746378e+14
      966.277   4.0993887e+14
      966.370   4.1253648e+14
      966.464   4.1537956e+14
      966.557   4.1836441e+14
      966.651   4.2009696e+14
      966.744   4.2057714e+14
      966.837   4.2049386e+14
      966.931   4.2026292e+14
      967.024   4.1990222e+14
      967.118   4.1933423e+14
      967.212   4.1860220e+14
      967.305   4.1738358e+14
      967.399   4.1574623e+14
      967.492   4.1407955e+14
      967.586   4.1271508e+14
      967.680   4.1170004e+14
      967.773   4.1132844e+14
      967.867   4.1188794e+14
      967.961   4.1315623e+14
      968.054   4.1480590e+14
      968.148   4.1642405e+14
      968.242   4.1808640e+14
      968.335   4.1934360e+14
      968.429   4.1989726e+14
      968.523   4.1997495e+14
      968.617   4.1982754e+14
      968.711   4.1907639e+14
      968.805   4.1783508e+14
      968.898   4.1668752e+14
      968.992   4.1545845e+14
      969.086   4.1437320e+14
      969.180   4.1366123e+14
      969.274   4.1399204e+14
      969.368   4.1484173e+14
      969.462   4.1584645e+14
      969.556   4.1687780e+14
      969.650   4.1813527e+14
      969.744   4.1909655e+14
      969.838   4.1955589e+14
      969.932   4.1982012e+14
      970.026   4.1967180e+14
      970.120   4.1933033e+14
      970.214   4.1884289e+14
      970.309   4.1805126e+14
      970.403   4.1648329e+14
      970.497   4.1464688e+14
      970.591   4.1349003e+14
      970.685   4.1256266e+14
      970.780   4.1167126e+14
      970.874   4.1153828e+14
      970.968   4.1266254e+14
      971.062   4.1398700e+14
      971.157   4.1527288e+14
      971.251   4.1666001e+14
      971.345   4.1796985e+14
      971.440   4.1850804e+14
      971.534   4.1846358e+14
      971.628   4.1827989e+14
      971.723   4.1784529e+14
      971.817   4.1747921e+14
      971.912   4.1744141e+14
      972.006   4.1751316e+14
      972.101   4.1745623e+14
      972.195   4.1750200e+14
      972.290   4.1779800e+14
      972.384   4.1806182e+14
      972.479   4.1807027e+14
      972.573   4.1779113e+14
      972.668   4.1722140e+14
      972.763   4.1628715e+14
      972.857   4.1522411e+14
      972.952   4.1413788e+14
      973.047   4.1336319e+14
      973.141   4.1313817e+14
      973.236   4.1343134e+14
      973.331   4.1370748e+14
      973.426   4.1426691e+14
      973.520   4.1458913e+14
      973.615   4.1363617e+14
      973.710   4.1103469e+14
      973.805   4.0879101e+14
      973.899   4.0675051e+14
      973.994   4.0506039e+14
      974.089   4.0430265e+14
      974.184   4.0544054e+14
      974.279   4.0689824e+14
      974.374   4.0859549e+14
      974.469   4.0990986e+14
      974.564   4.1061978e+14
      974.659   4.1030700e+14
      974.754   4.1003263e+14
      974.849   4.0966379e+14
      974.944   4.0950915e+14
      975.039   4.1050213e+14
      975.134   4.1267760e+14
      975.229   4.1445142e+14
      975.324   4.1574401e+14
      975.419   4.1711419e+14
      975.515   4.1803433e+14
      975.610   4.1800039e+14
      975.705   4.1748792e+14
      975.800   4.1696198e+14
      975.895   4.1641994e+14
      975.991   4.1603459e+14
      976.086   4.1543523e+14
      976.181   4.1399078e+14
      976.276   4.1193803e+14
      976.372   4.1008603e+14
      976.467   4.0823591e+14
      976.563   4.0664694e+14
      976.658   4.0591698e+14
      976.753   4.0651998e+14
      976.849   4.0748453e+14
      976.944   4.0839278e+14
      977.040   4.0946814e+14
      977.135   4.1057044e+14
      977.231   4.1128767e+14
      977.326   4.1171804e+14
      977.422   4.1259738e+14
      977.517   4.1380998e+14
      977.613   4.1529000e+14
      977.708   4.1651810e+14
      977.804   4.1737792e+14
      977.899   4.1753541e+14
      977.995   4.1708211e+14
      978.091   4.1616233e+14
      978.186   4.1450584e+14
      978.282   4.1254036e+14
      978.378   4.1079430e+14
      978.474   4.0919338e+14
      978.569   4.0685115e+14
      978.665   4.0466032e+14
      978.761   4.0345061e+14
      978.857   4.0287016e+14
      978.953   4.0239658e+14
      979.048   4.0303989e+14
      979.144   4.0515931e+14
      979.240   4.0760481e+14
      979.336   4.0976682e+14
      979.432   4.1188797e+14
      979.528   4.1377925e+14
      979.624   4.1464233e+14
      979.720   4.1451821e+14
      979.816   4.1349409e+14
      979.912   4.1171206e+14
      980.008   4.1025236e+14
      980.104   4.0900243e+14
      980.200   4.0798860e+14
      980.296   4.0738997e+14
      980.392   4.0830988e+14
      980.488   4.0964596e+14
      980.584   4.1105790e+14
      980.681   4.1234337e+14
      980.777   4.1382337e+14
      980.873   4.1445570e+14
      980.969   4.1443328e+14
      981.065   4.1413340e+14
      981.162   4.1391203e+14
      981.258   4.1369823e+14
      981.354   4.1363091e+14
      981.451   4.1355051e+14
      981.547   4.1369726e+14
      981.643   4.1381930e+14
      981.740   4.1401481e+14
      981.836   4.1413372e+14
      981.932   4.1406953e+14
      982.029   4.1359983e+14
      982.125   4.1325955e+14
      982.222   4.1286918e+14
      982.318   4.1228919e+14
      982.415   4.1167835e+14
      982.511   4.1158056e+14
      982.608   4.1142889e+14
      982.704   4.1117252e+14
      982.801   4.1114970e+14
      982.898   4.1147790e+14
      982.994   4.1164167e+14
      983.091   4.1150490e+14
      983.188   4.1110899e+14
      983.284   4.1016638e+14
      983.381   4.0925732e+14
      983.478   4.0834433e+14
      983.574   4.0769101e+14
      983.671   4.0733000e+14
      983.768   4.0797578e+14
      983.865   4.0907362e+14
      983.961   4.1027291e+14
      984.058   4.1086313e+14
      984.155   4.1089077e+14
      984.252   4.1068587e+14
      984.349   4.1012406e+14
      984.446   4.0936518e+14
      984.543   4.0893508e+14
      984.640   4.0956646e+14
      984.737   4.1037672e+14
      984.834   4.1085489e+14
      984.931   4.1123520e+14
      985.028   4.1167634e+14
      985.125   4.1164969e+14
      985.222   4.1115178e+14
      985.319   4.1065747e+14
      985.416   4.1043733e+14
      985.513   4.1040461e+14
      985.610   4.1046024e+14
      985.707   4.1052665e+14
      985.804   4.1078285e+14
      985.902   4.1083678e+14
      985.999   4.1009144e+14
      986.096   4.0853185e+14
      986.193   4.0726685e+14
      986.291   4.0606785e+14
      986.388   4.0482722e+14
      986.485   4.0427449e+14
      986.582   4.0523513e+14
      986.680   4.0651899e+14
      986.777   4.0787278e+14
      986.875   4.0935826e+14
      986.972   4.1067477e+14
      987.069   4.1034324e+14
      987.167   4.0886906e+14
      987.264   4.0749779e+14
      987.362   4.0607918e+14
      987.459   4.0484993e+14
      987.557   4.0442361e+14
      987.654   4.0553889e+14
      987.752   4.0704682e+14
      987.849   4.0862367e+14
      987.947   4.0990694e+14
      988.045   4.1091978e+14
      988.142   4.1106489e+14
      988.240   4.1052702e+14
      988.338   4.0981289e+14
      988.435   4.0933376e+14
      988.533   4.0937974e+14
      988.631   4.0924949e+14
      988.729   4.0820526e+14
      988.826   4.0603554e+14
      988.924   4.0343003e+14
      989.022   4.0060293e+14
      989.120   3.9805022e+14
      989.218   3.9648218e+14
      989.315   3.9701029e+14
      989.413   3.9921169e+14
      989.511   4.0221084e+14
      989.609   4.0510138e+14
      989.707   4.0709490e+14
      989.805   4.0710953e+14
      989.903   4.0615497e+14
      990.001   4.0437752e+14
      990.099   4.0245584e+14
      990.197   4.0103986e+14
      990.295   4.0166877e+14
      990.393   4.0274506e+14
      990.491   4.0397047e+14
      990.589   4.0547441e+14
      990.688   4.0735554e+14
      990.786   4.0826382e+14
      990.884   4.0849619e+14
      990.982   4.0877580e+14
      991.080   4.0827567e+14
      991.179   4.0677303e+14
      991.277   4.0544682e+14
      991.375   4.0416701e+14
      991.473   4.0272222e+14
      991.572   4.0165045e+14
      991.670   4.0248953e+14
      991.768   4.0391862e+14
      991.867   4.0557124e+14
      991.965   4.0732518e+14
      992.063   4.0915755e+14
      992.162   4.0983106e+14
      992.260   4.0959569e+14
      992.359   4.0900707e+14
      992.457   4.0829580e+14
      992.556   4.0764830e+14
      992.654   4.0728132e+14
      992.753   4.0723705e+14
      992.852   4.0741467e+14
      992.950   4.0732932e+14
      993.049   4.0701819e+14
      993.147   4.0675516e+14
      993.246   4.0627806e+14
      993.345   4.0559169e+14
      993.443   4.0528777e+14
      993.542   4.0565923e+14
      993.641   4.0613721e+14
      993.739   4.0671324e+14
      993.838   4.0755150e+14
      993.937   4.0819553e+14
      994.036   4.0833374e+14
      994.135   4.0820189e+14
      994.233   4.0788651e+14
      994.332   4.0734465e+14
      994.431   4.0692949e+14
      994.530   4.0677135e+14
      994.629   4.0662131e+14
      994.728   4.0646469e+14
      994.827   4.0648969e+14
      994.926   4.0642051e+14
      995.025   4.0600849e+14
      995.124   4.0554716e+14
      995.223   4.0522392e+14
      995.322   4.0499748e+14
      995.421   4.0478946e+14
      995.520   4.0495034e+14
      995.619   4.0527995e+14
      995.718   4.0568093e+14
      995.818   4.0588102e+14
      995.917   4.0602844e+14
      996.016   4.0587645e+14
      996.115   4.0577936e+14
      996.214   4.0561910e+14
      996.314   4.0549087e+14
      996.413   4.0543725e+14
      996.512   4.0570399e+14
      996.612   4.0587361e+14
      996.711   4.0601021e+14
      996.810   4.0608410e+14
      996.910   4.0625654e+14
      997.009   4.0624125e+14
      997.108   4.0624112e+14
      997.208   4.0618745e+14
      997.307   4.0624508e+14
      997.407   4.0626611e+14
      997.506   4.0619013e+14
      997.606   4.0597555e+14
      997.705   4.0577789e+14
      997.805   4.0563519e+14
      997.904   4.0539763e+14
      998.004   4.0537872e+14
      998.104   4.0531496e+14
      998.203   4.0528577e+14
      998.303   4.0524817e+14
      998.403   4.0517299e+14
      998.502   4.0464869e+14
      998.602   4.0427963e+14
      998.702   4.0411257e+14
      998.801   4.0395050e+14
      998.901   4.0378056e+14
      999.001   4.0418508e+14
      999.101   4.0445368e+14
      999.201   4.0414550e+14
      999.300   4.0392052e+14
      999.400   4.0378602e+14
      999.500   4.0321710e+14
      999.600   4.0229559e+14
      999.700   4.0225813e+14
      999.800   4.0230863e+14
      999.900   4.0225748e+14
      1000.00   4.0219428e+14
      1000.10   4.0281375e+14
      1000.20   4.0311577e+14
      1000.30   4.0319694e+14
      1000.40   4.0343946e+14
      1000.50   4.0407898e+14
      1000.60   4.0450146e+14
      1000.70   4.0469743e+14
      1000.80   4.0484220e+14
      1000.90   4.0491260e+14
      1001.00   4.0474446e+14
      1001.10   4.0448491e+14
      1001.20   4.0437905e+14
      1001.30   4.0441526e+14
      1001.40   4.0452118e+14
      1001.50   4.0472186e+14
      1001.60   4.0495791e+14
      1001.70   4.0509176e+14
      1001.80   4.0500884e+14
      1001.90   4.0481026e+14
      1002.00   4.0447595e+14
      1002.10   4.0419414e+14
      1002.20   4.0391208e+14
      1002.30   4.0355569e+14
      1002.41   4.0291971e+14
      1002.51   4.0245141e+14
      1002.61   4.0199252e+14
      1002.71   4.0143006e+14
      1002.81   4.0084217e+14
      1002.91   4.0059140e+14
      1003.01   4.0010793e+14
      1003.11   3.9964523e+14
      1003.21   3.9935590e+14
      1003.31   3.9914898e+14
      1003.41   3.9839928e+14
      1003.51   3.9757506e+14
      1003.61   3.9710085e+14
      1003.71   3.9656735e+14
      1003.81   3.9596871e+14
      1003.91   3.9563346e+14
      1004.02   3.9595278e+14
      1004.12   3.9604670e+14
      1004.22   3.9594462e+14
      1004.32   3.9565484e+14
      1004.42   3.9515287e+14
      1004.52   3.9358787e+14
      1004.62   3.9051569e+14
      1004.72   3.8551381e+14
      1004.82   3.7897584e+14
      1004.92   3.7260128e+14
      1005.03   3.6688176e+14
      1005.13   3.6257916e+14
      1005.23   3.6119508e+14
      1005.33   3.6380535e+14
      1005.43   3.6850145e+14
      1005.53   3.7396599e+14
      1005.63   3.7928026e+14
      1005.73   3.8396927e+14
      1005.83   3.8699182e+14
      1005.93   3.8858417e+14
      1006.04   3.8942605e+14
      1006.14   3.9065212e+14
      1006.24   3.9231677e+14
      1006.34   3.9388054e+14
      1006.44   3.9527637e+14
      1006.54   3.9664756e+14
      1006.64   3.9747841e+14
      1006.74   3.9765172e+14
      1006.85   3.9781211e+14
      1006.95   3.9791231e+14
      1007.05   3.9803439e+14
      1007.15   3.9835226e+14
      1007.25   3.9908588e+14
      1007.35   3.9966915e+14
      1007.45   4.0023506e+14
      1007.56   4.0072619e+14
      1007.66   4.0117461e+14
      1007.76   4.0114670e+14
      1007.86   4.0086013e+14
      1007.96   4.0037784e+14
      1008.07   3.9995110e+14
      1008.17   3.9945162e+14
      1008.27   3.9891995e+14
      1008.37   3.9835422e+14
      1008.47   3.9802286e+14
      1008.57   3.9780997e+14
      1008.67   3.9777549e+14
      1008.78   3.9797546e+14
      1008.88   3.9846311e+14
      1008.98   3.9901469e+14
      1009.08   3.9945229e+14
      1009.18   3.9981449e+14
      1009.28   4.0003567e+14
      1009.39   4.0015972e+14
      1009.49   4.0011996e+14
      1009.59   4.0005091e+14
      1009.69   3.9991731e+14
      1009.80   4.0000991e+14
      1009.90   4.0008149e+14
      1010.00   4.0012668e+14
      1010.10   4.0016404e+14
      1010.20   4.0026389e+14
      1010.30   3.9994904e+14
      1010.41   3.9922947e+14
      1010.51   3.9869409e+14
      1010.61   3.9816303e+14
      1010.71   3.9762123e+14
      1010.82   3.9740095e+14
      1010.92   3.9797339e+14
      1011.02   3.9849503e+14
      1011.12   3.9892562e+14
      1011.22   3.9911468e+14
      1011.33   3.9923210e+14
      1011.43   3.9892278e+14
      1011.53   3.9856253e+14
      1011.63   3.9827944e+14
      1011.74   3.9846314e+14
      1011.84   3.9884242e+14
      1011.94   3.9916889e+14
      1012.04   3.9937868e+14
      1012.15   3.9920670e+14
      1012.25   3.9813632e+14
      1012.35   3.9702128e+14
      1012.45   3.9611260e+14
      1012.56   3.9521326e+14
      1012.66   3.9447711e+14
      1012.76   3.9513717e+14
      1012.86   3.9608928e+14
      1012.97   3.9686260e+14
      1013.07   3.9769640e+14
      1013.17   3.9888496e+14
      1013.27   3.9935916e+14
      1013.38   3.9930896e+14
      1013.48   3.9925935e+14
      1013.58   3.9912430e+14
      1013.68   3.9892666e+14
      1013.79   3.9871897e+14
      1013.89   3.9863998e+14
      1013.99   3.9844439e+14
      1014.10   3.9821385e+14
      1014.20   3.9783251e+14
      1014.30   3.9689827e+14
      1014.41   3.9471536e+14
      1014.51   3.9294574e+14
      1014.61   3.9148666e+14
      1014.71   3.9029132e+14
      1014.82   3.8924493e+14
      1014.92   3.9062128e+14
      1015.02   3.9235463e+14
      1015.12   3.9381705e+14
      1015.23   3.9480589e+14
      1015.33   3.9611729e+14
      1015.43   3.9600247e+14
      1015.54   3.9495809e+14
      1015.64   3.9408832e+14
      1015.74   3.9378855e+14
      1015.85   3.9375183e+14
      1015.95   3.9402889e+14
      1016.05   3.9484004e+14
      1016.16   3.9508448e+14
      1016.26   3.9391527e+14
      1016.36   3.9282348e+14
      1016.47   3.9152265e+14
      1016.57   3.8962094e+14
      1016.67   3.8796889e+14
      1016.78   3.8872936e+14
      1016.88   3.8990816e+14
      1016.98   3.9116818e+14
      1017.09   3.9297562e+14
      1017.19   3.9512132e+14
      1017.29   3.9612051e+14
      1017.40   3.9646189e+14
      1017.50   3.9677004e+14
      1017.60   3.9693097e+14
      1017.71   3.9708037e+14
      1017.81   3.9709058e+14
      1017.91   3.9711422e+14
      1018.02   3.9705819e+14
      1018.12   3.9624363e+14
      1018.23   3.9384629e+14
      1018.33   3.9153451e+14
      1018.43   3.8932249e+14
      1018.54   3.8684517e+14
      1018.64   3.8479428e+14
      1018.74   3.8527535e+14
      1018.85   3.8678228e+14
      1018.95   3.8796705e+14
      1019.06   3.8872278e+14
      1019.16   3.8931860e+14
      1019.26   3.8910561e+14
      1019.37   3.8755204e+14
      1019.47   3.8588836e+14
      1019.58   3.8543031e+14
      1019.68   3.8652320e+14
      1019.78   3.8755612e+14
      1019.89   3.8925203e+14
      1019.99   3.9134632e+14
      1020.10   3.9274299e+14
      1020.20   3.9275481e+14
      1020.30   3.9289488e+14
      1020.41   3.9276223e+14
      1020.51   3.9239529e+14
      1020.62   3.9228043e+14
      1020.72   3.9254190e+14
      1020.83   3.9278411e+14
      1020.93   3.9289241e+14
      1021.03   3.9301749e+14
      1021.14   3.9313457e+14
      1021.24   3.9338638e+14
      1021.35   3.9287512e+14
      1021.45   3.9113437e+14
      1021.55   3.8930377e+14
      1021.66   3.8722389e+14
      1021.76   3.8488820e+14
      1021.87   3.8283038e+14
      1021.97   3.8293603e+14
      1022.08   3.8404762e+14
      1022.18   3.8621329e+14
      1022.29   3.8885076e+14
      1022.39   3.9167058e+14
      1022.49   3.9349154e+14
      1022.60   3.9451705e+14
      1022.70   3.9480699e+14
      1022.81   3.9457930e+14
      1022.91   3.9436176e+14
      1023.02   3.9444599e+14
      1023.12   3.9454194e+14
      1023.23   3.9452458e+14
      1023.33   3.9457469e+14
      1023.44   3.9471099e+14
      1023.54   3.9455936e+14
      1023.65   3.9412824e+14
      1023.75   3.9375251e+14
      1023.86   3.9355970e+14
      1023.96   3.9323867e+14
      1024.07   3.9298189e+14
      1024.17   3.9305943e+14
      1024.28   3.9330022e+14
      1024.38   3.9308815e+14
      1024.48   3.9309947e+14
      1024.59   3.9319417e+14
      1024.69   3.9310355e+14
      1024.80   3.9273064e+14
      1024.91   3.9293731e+14
      1025.01   3.9303875e+14
      1025.11   3.9303432e+14
      1025.22   3.9316268e+14
      1025.33   3.9351675e+14
      1025.43   3.9359802e+14
      1025.54   3.9363118e+14
      1025.64   3.9375791e+14
      1025.75   3.9386450e+14
      1025.85   3.9394924e+14
      1025.96   3.9394967e+14
      1026.06   3.9379441e+14
      1026.17   3.9351852e+14
      1026.27   3.9316102e+14
      1026.38   3.9261017e+14
      1026.48   3.9211743e+14
      1026.59   3.9183938e+14
      1026.69   3.9171517e+14
      1026.80   3.9163974e+14
      1026.91   3.9189074e+14
      1027.01   3.9225988e+14
      1027.12   3.9248795e+14
      1027.22   3.9246588e+14
      1027.33   3.9257394e+14
      1027.43   3.9259727e+14
      1027.54   3.9253465e+14
      1027.64   3.9249971e+14
      1027.75   3.9278167e+14
      1027.85   3.9307025e+14
      1027.96   3.9328703e+14
      1028.07   3.9343877e+14
      1028.17   3.9353474e+14
      1028.28   3.9350256e+14
      1028.38   3.9340038e+14
      1028.49   3.9326027e+14
      1028.59   3.9268162e+14
      1028.70   3.9105155e+14
      1028.81   3.8920574e+14
      1028.91   3.8755434e+14
      1029.02   3.8592259e+14
      1029.12   3.8439803e+14
      1029.23   3.8468490e+14
      1029.34   3.8613352e+14
      1029.44   3.8767301e+14
      1029.55   3.8921335e+14
      1029.65   3.9101910e+14
      1029.76   3.9194385e+14
      1029.87   3.9188829e+14
      1029.97   3.9124562e+14
      1030.08   3.9047158e+14
      1030.18   3.8984376e+14
      1030.29   3.8954004e+14
      1030.40   3.8919018e+14
      1030.50   3.8910443e+14
      1030.61   3.8931041e+14
      1030.71   3.8963580e+14
      1030.82   3.8982308e+14
      1030.93   3.9014579e+14
      1031.03   3.9020205e+14
      1031.14   3.8987489e+14
      1031.25   3.8958278e+14
      1031.35   3.8932389e+14
      1031.46   3.8893055e+14
      1031.57   3.8856950e+14
      1031.67   3.8890691e+14
      1031.78   3.8927184e+14
      1031.89   3.8958456e+14
      1031.99   3.8982662e+14
      1032.10   3.9037074e+14
      1032.20   3.9051140e+14
      1032.31   3.9039561e+14
      1032.42   3.9002619e+14
      1032.52   3.8919540e+14
      1032.63   3.8723463e+14
      1032.74   3.8532147e+14
      1032.84   3.8267593e+14
      1032.95   3.8026118e+14
      1033.06   3.7814225e+14
      1033.17   3.7826058e+14
      1033.27   3.7859767e+14
      1033.38   3.8047306e+14
      1033.48   3.8269279e+14
      1033.59   3.8546770e+14
      1033.70   3.8720025e+14
      1033.81   3.8837106e+14
      1033.91   3.8798154e+14
      1034.02   3.8743241e+14
      1034.13   3.8610207e+14
      1034.23   3.8334823e+14
      1034.34   3.8101207e+14
      1034.45   3.8018215e+14
      1034.55   3.7921965e+14
      1034.66   3.7795845e+14
      1034.77   3.7942899e+14
      1034.88   3.8134780e+14
      1034.98   3.8258823e+14
      1035.09   3.8359411e+14
      1035.20   3.8559181e+14
      1035.30   3.8641088e+14
      1035.41   3.8666317e+14
      1035.52   3.8680906e+14
      1035.63   3.8708674e+14
      1035.73   3.8746142e+14
      1035.84   3.8775856e+14
      1035.95   3.8804788e+14
      1036.06   3.8840840e+14
      1036.16   3.8877762e+14
      1036.27   3.8867633e+14
      1036.38   3.8833348e+14
      1036.48   3.8796872e+14
      1036.59   3.8754528e+14
      1036.70   3.8716671e+14
      1036.81   3.8691988e+14
      1036.91   3.8581008e+14
      1037.02   3.8335550e+14
      1037.13   3.8145101e+14
      1037.24   3.7973695e+14
      1037.34   3.7781689e+14
      1037.45   3.7663506e+14
      1037.56   3.7820662e+14
      1037.67   3.7933471e+14
      1037.78   3.8013162e+14
      1037.88   3.8140406e+14
      1037.99   3.8285726e+14
      1038.10   3.8273057e+14
      1038.21   3.8285519e+14
      1038.31   3.8384289e+14
      1038.42   3.8481891e+14
      1038.53   3.8583280e+14
      1038.64   3.8690450e+14
      1038.74   3.8747353e+14
      1038.85   3.8732671e+14
      1038.96   3.8679770e+14
      1039.07   3.8624982e+14
      1039.18   3.8577967e+14
      1039.29   3.8523840e+14
      1039.39   3.8365294e+14
      1039.50   3.8232114e+14
      1039.61   3.8127255e+14
      1039.72   3.8021292e+14
      1039.82   3.7907124e+14
      1039.93   3.7973548e+14
      1040.04   3.8104813e+14
      1040.15   3.8225497e+14
      1040.26   3.8355073e+14
      1040.37   3.8497521e+14
      1040.47   3.8544645e+14
      1040.58   3.8493091e+14
      1040.69   3.8444562e+14
      1040.80   3.8394594e+14
      1040.91   3.8373493e+14
      1041.02   3.8379891e+14
      1041.12   3.8454545e+14
      1041.23   3.8521663e+14
      1041.34   3.8580938e+14
      1041.45   3.8615564e+14
      1041.56   3.8638265e+14
      1041.67   3.8622808e+14
      1041.78   3.8593134e+14
      1041.88   3.8567079e+14
      1041.99   3.8555439e+14
      1042.10   3.8518148e+14
      1042.21   3.8424034e+14
      1042.32   3.8339222e+14
      1042.43   3.8213716e+14
      1042.54   3.8023820e+14
      1042.64   3.7883477e+14
      1042.75   3.7872795e+14
      1042.86   3.7867239e+14
      1042.97   3.7913851e+14
      1043.08   3.8086308e+14
      1043.19   3.8262220e+14
      1043.30   3.8351856e+14
      1043.41   3.8400963e+14
      1043.52   3.8447458e+14
      1043.62   3.8434962e+14
      1043.73   3.8400135e+14
      1043.84   3.8367698e+14
      1043.95   3.8386309e+14
      1044.06   3.8409658e+14
      1044.17   3.8434896e+14
      1044.28   3.8464930e+14
      1044.39   3.8503417e+14
      1044.49   3.8513944e+14
      1044.60   3.8489801e+14
      1044.71   3.8407390e+14
      1044.82   3.8333694e+14
      1044.93   3.8267866e+14
      1045.04   3.8195508e+14
      1045.15   3.8125458e+14
      1045.26   3.8121844e+14
      1045.37   3.8003064e+14
      1045.48   3.7860040e+14
      1045.59   3.7730618e+14
      1045.70   3.7585255e+14
      1045.81   3.7273791e+14
      1045.92   3.7148553e+14
      1046.03   3.7153344e+14
      1046.14   3.7188122e+14
      1046.24   3.7238483e+14
      1046.35   3.7527300e+14
      1046.46   3.7819685e+14
      1046.57   3.8018005e+14
      1046.68   3.8138672e+14
      1046.79   3.8149434e+14
      1046.90   3.8097689e+14
      1047.01   3.7973888e+14
      1047.12   3.7822504e+14
      1047.23   3.7669700e+14
      1047.34   3.7761903e+14
      1047.45   3.7891804e+14
      1047.56   3.8018344e+14
      1047.67   3.8151955e+14
      1047.78   3.8331052e+14
      1047.89   3.8395844e+14
      1048.00   3.8392984e+14
      1048.11   3.8370861e+14
      1048.22   3.8359040e+14
      1048.33   3.8338110e+14
      1048.44   3.8274093e+14
      1048.55   3.8229771e+14
      1048.66   3.8212884e+14
      1048.77   3.8188719e+14
      1048.88   3.8156982e+14
      1048.99   3.8207024e+14
      1049.10   3.8255644e+14
      1049.21   3.8280429e+14
      1049.32   3.8285778e+14
      1049.43   3.8259531e+14
      1049.54   3.8209137e+14
      1049.65   3.8147376e+14
      1049.76   3.8094817e+14
      1049.87   3.8034520e+14
      1049.98   3.8040587e+14
      1050.09   3.8042184e+14
      1050.20   3.8056913e+14
      1050.31   3.8067442e+14
      1050.42   3.8082522e+14
      1050.53   3.8099308e+14
      1050.64   3.8128174e+14
      1050.75   3.8148371e+14
      1050.86   3.8145132e+14
      1050.97   3.8164476e+14
      1051.08   3.8171221e+14
      1051.19   3.8157251e+14
      1051.30   3.8134016e+14
      1051.41   3.8146409e+14
      1051.53   3.8141321e+14
      1051.64   3.8072182e+14
      1051.75   3.8030414e+14
      1051.86   3.7997375e+14
      1051.97   3.7934458e+14
      1052.08   3.7873868e+14
      1052.19   3.7938729e+14
      1052.30   3.7991388e+14
      1052.41   3.8037224e+14
      1052.52   3.8114759e+14
      1052.63   3.8203272e+14
      1052.74   3.8201743e+14
      1052.85   3.8152388e+14
      1052.96   3.8088633e+14
      1053.07   3.7919741e+14
      1053.19   3.7776134e+14
      1053.30   3.7648084e+14
      1053.41   3.7553855e+14
      1053.52   3.7464904e+14
      1053.63   3.7568511e+14
      1053.74   3.7679219e+14
      1053.85   3.7785920e+14
      1053.96   3.7900301e+14
      1054.07   3.8038379e+14
      1054.19   3.8075457e+14
      1054.30   3.8073472e+14
      1054.41   3.8073332e+14
      1054.52   3.8066893e+14
      1054.63   3.8063585e+14
      1054.74   3.8061021e+14
      1054.85   3.8057535e+14
      1054.96   3.8070224e+14
      1055.07   3.8094468e+14
      1055.19   3.8105457e+14
      1055.30   3.8109614e+14
      1055.41   3.8121759e+14
      1055.52   3.8131712e+14
      1055.63   3.8114071e+14
      1055.74   3.8095869e+14
      1055.85   3.8078680e+14
      1055.97   3.8055972e+14
      1056.08   3.8034963e+14
      1056.19   3.8033941e+14
      1056.30   3.8034283e+14
      1056.41   3.8025812e+14
      1056.52   3.8037699e+14
      1056.64   3.8048025e+14
      1056.75   3.8048503e+14
      1056.86   3.8048497e+14
      1056.97   3.8066214e+14
      1057.08   3.8066116e+14
      1057.19   3.8067319e+14
      1057.31   3.8068986e+14
      1057.42   3.8054183e+14
      1057.53   3.8008729e+14
      1057.64   3.7981653e+14
      1057.75   3.7951777e+14
      1057.86   3.7907901e+14
      1057.98   3.7835927e+14
      1058.09   3.7769188e+14
      1058.20   3.7619057e+14
      1058.31   3.7196972e+14
      1058.43   3.6778846e+14
      1058.54   3.6459251e+14
      1058.65   3.6192003e+14
      1058.76   3.5925966e+14
      1058.87   3.6158703e+14
      1058.98   3.6568724e+14
      1059.10   3.6953581e+14
      1059.21   3.7310642e+14
      1059.32   3.7743495e+14
      1059.43   3.7947644e+14
      1059.55   3.7976391e+14
      1059.66   3.7980261e+14
      1059.77   3.7992409e+14
      1059.88   3.7994142e+14
      1060.00   3.7973311e+14
      1060.11   3.7851073e+14
      1060.22   3.7515257e+14
      1060.33   3.7177788e+14
      1060.44   3.6873638e+14
      1060.56   3.6564369e+14
      1060.67   3.6332545e+14
      1060.78   3.6506629e+14
      1060.90   3.6782692e+14
      1061.01   3.7012054e+14
      1061.12   3.7288395e+14
      1061.23   3.7602584e+14
      1061.35   3.7709149e+14
      1061.46   3.7653072e+14
      1061.57   3.7651314e+14
      1061.68   3.7658887e+14
      1061.80   3.7660254e+14
      1061.91   3.7663450e+14
      1062.02   3.7740026e+14
      1062.14   3.7803097e+14
      1062.25   3.7842207e+14
      1062.36   3.7877866e+14
      1062.47   3.7858410e+14
      1062.59   3.7634862e+14
      1062.70   3.7440859e+14
      1062.81   3.7258435e+14
      1062.93   3.7056687e+14
      1063.04   3.6848972e+14
      1063.15   3.6974491e+14
      1063.26   3.7120833e+14
      1063.38   3.7259650e+14
      1063.49   3.7418897e+14
      1063.60   3.7646085e+14
      1063.72   3.7746582e+14
      1063.83   3.7776232e+14
      1063.94   3.7795722e+14
      1064.06   3.7822658e+14
      1064.17   3.7854650e+14
      1064.28   3.7857902e+14
      1064.40   3.7858564e+14
      1064.51   3.7860904e+14
      1064.62   3.7846708e+14
      1064.74   3.7831763e+14
      1064.85   3.7812343e+14
      1064.96   3.7792837e+14
      1065.08   3.7767178e+14
      1065.19   3.7764128e+14
      1065.30   3.7761217e+14
      1065.42   3.7765564e+14
      1065.53   3.7765504e+14
      1065.64   3.7758495e+14
      1065.76   3.7693389e+14
      1065.87   3.7482008e+14
      1065.98   3.7110618e+14
      1066.10   3.6814555e+14
      1066.21   3.6539871e+14
      1066.32   3.6283440e+14
      1066.44   3.6186823e+14
      1066.55   3.6448975e+14
      1066.67   3.6714621e+14
      1066.78   3.6980519e+14
      1066.89   3.7263878e+14
      1067.01   3.7508293e+14
      1067.12   3.7585888e+14
      1067.24   3.7597203e+14
      1067.35   3.7595286e+14
      1067.46   3.7597208e+14
      1067.58   3.7638570e+14
      1067.69   3.7656800e+14
      1067.81   3.7661968e+14
      1067.92   3.7652960e+14
      1068.03   3.7572233e+14
      1068.15   3.7288682e+14
      1068.26   3.7003615e+14
      1068.38   3.6583711e+14
      1068.49   3.6215785e+14
      1068.60   3.5878259e+14
      1068.72   3.5849694e+14
      1068.83   3.5600937e+14
      1068.95   3.5477105e+14
      1069.06   3.5433384e+14
      1069.18   3.5402010e+14
      1069.29   3.5031639e+14
      1069.40   3.5004679e+14
      1069.52   3.5271669e+14
      1069.63   3.5503798e+14
      1069.75   3.5743718e+14
      1069.86   3.6361551e+14
      1069.98   3.6891823e+14
      1070.09   3.7151320e+14
      1070.20   3.7331785e+14
      1070.32   3.7541028e+14
      1070.44   3.7548847e+14
      1070.55   3.7368992e+14
      1070.66   3.7228794e+14
      1070.78   3.7112748e+14
      1070.89   3.6991154e+14
      1071.01   3.6854030e+14
      1071.12   3.6994501e+14
      1071.24   3.7137889e+14
      1071.35   3.7256464e+14
      1071.47   3.7358907e+14
      1071.58   3.7445741e+14
      1071.70   3.7423157e+14
      1071.81   3.7349059e+14
      1071.93   3.7278024e+14
      1072.04   3.7207681e+14
      1072.16   3.7285402e+14
      1072.27   3.7343333e+14
      1072.39   3.7351537e+14
      1072.50   3.7266988e+14
      1072.62   3.7041818e+14
      1072.73   3.6696398e+14
      1072.85   3.6297208e+14
      1072.96   3.5971794e+14
      1073.08   3.5723081e+14
      1073.19   3.5793844e+14
      1073.31   3.6021600e+14
      1073.42   3.6383237e+14
      1073.54   3.6740671e+14
      1073.65   3.7135878e+14
      1073.77   3.7385759e+14
      1073.88   3.7507093e+14
      1074.00   3.7511784e+14
      1074.11   3.7494505e+14
      1074.23   3.7439040e+14
      1074.34   3.7302709e+14
      1074.46   3.7175350e+14
      1074.58   3.7097205e+14
      1074.69   3.6928220e+14
      1074.81   3.6544834e+14
      1074.92   3.6366881e+14
      1075.04   3.6229275e+14
      1075.15   3.5957319e+14
      1075.27   3.5722058e+14
      1075.39   3.5980830e+14
      1075.50   3.6173160e+14
      1075.62   3.6310499e+14
      1075.73   3.6622732e+14
      1075.85   3.7060084e+14
      1075.96   3.7245948e+14
      1076.08   3.7362118e+14
      1076.19   3.7502722e+14
      1076.31   3.7567571e+14
      1076.43   3.7513541e+14
      1076.54   3.7432270e+14
      1076.66   3.7327971e+14
      1076.77   3.7220482e+14
      1076.89   3.7111898e+14
      1077.01   3.7087509e+14
      1077.12   3.7091944e+14
      1077.24   3.7158251e+14
      1077.35   3.7240280e+14
      1077.47   3.7343233e+14
      1077.59   3.7417021e+14
      1077.70   3.7474581e+14
      1077.82   3.7488751e+14
      1077.94   3.7463907e+14
      1078.05   3.7393015e+14
      1078.17   3.7218005e+14
      1078.28   3.6986162e+14
      1078.40   3.6709987e+14
      1078.52   3.6230923e+14
      1078.63   3.5865565e+14
      1078.75   3.5689263e+14
      1078.86   3.5650536e+14
      1078.98   3.5615042e+14
      1079.10   3.6049823e+14
      1079.21   3.6482542e+14
      1079.33   3.6819908e+14
      1079.45   3.7045888e+14
      1079.56   3.7326219e+14
      1079.68   3.7342985e+14
      1079.80   3.7283250e+14
      1079.91   3.7214824e+14
      1080.03   3.7199409e+14
      1080.15   3.7158175e+14
      1080.26   3.7160141e+14
      1080.38   3.7176587e+14
      1080.50   3.7211023e+14
      1080.61   3.7207562e+14
      1080.73   3.7183719e+14
      1080.85   3.7030013e+14
      1080.96   3.6580953e+14
      1081.08   3.6212797e+14
      1081.20   3.5866880e+14
      1081.31   3.5571351e+14
      1081.43   3.5324688e+14
      1081.55   3.5631825e+14
      1081.67   3.5894525e+14
      1081.78   3.6153258e+14
      1081.90   3.6253304e+14
      1082.02   3.6400673e+14
      1082.13   3.6293436e+14
      1082.25   3.6202377e+14
      1082.37   3.5992469e+14
      1082.48   3.5777363e+14
      1082.60   3.5544960e+14
      1082.72   3.5372384e+14
      1082.84   3.5110894e+14
      1082.95   3.4886213e+14
      1083.07   3.4998591e+14
      1083.19   3.5346016e+14
      1083.31   3.5623304e+14
      1083.42   3.6001155e+14
      1083.54   3.6478230e+14
      1083.66   3.6758975e+14
      1083.78   3.6802031e+14
      1083.89   3.6916728e+14
      1084.01   3.6978703e+14
      1084.13   3.6969744e+14
      1084.25   3.6833126e+14
      1084.36   3.6796712e+14
      1084.48   3.6698921e+14
      1084.60   3.6568570e+14
      1084.72   3.6443140e+14
      1084.83   3.6606295e+14
      1084.95   3.6731725e+14
      1085.07   3.6850910e+14
      1085.19   3.6991331e+14
      1085.31   3.7172463e+14
      1085.42   3.7212823e+14
      1085.54   3.7224125e+14
      1085.66   3.7228276e+14
      1085.78   3.7223027e+14
      1085.89   3.7216291e+14
      1086.01   3.7165519e+14
      1086.13   3.6991826e+14
      1086.25   3.6844390e+14
      1086.37   3.6713954e+14
      1086.48   3.6562947e+14
      1086.60   3.6315249e+14
      1086.72   3.5919748e+14
      1086.84   3.5455696e+14
      1086.96   3.5054827e+14
      1087.07   3.4650690e+14
      1087.19   3.4275285e+14
      1087.31   3.4431254e+14
      1087.43   3.4907338e+14
      1087.55   3.5376951e+14
      1087.67   3.5899417e+14
      1087.78   3.6534224e+14
      1087.90   3.6898775e+14
      1088.02   3.6929507e+14
      1088.14   3.6802990e+14
      1088.26   3.6572369e+14
      1088.38   3.6210674e+14
      1088.49   3.5887959e+14
      1088.61   3.5634561e+14
      1088.73   3.5517533e+14
      1088.85   3.5501576e+14
      1088.97   3.5743948e+14
      1089.09   3.6015136e+14
      1089.21   3.6265573e+14
      1089.32   3.6422087e+14
      1089.44   3.6473573e+14
      1089.56   3.6466589e+14
      1089.68   3.6408407e+14
      1089.80   3.6354505e+14
      1089.92   3.6350871e+14
      1090.04   3.6515458e+14
      1090.16   3.6638388e+14
      1090.28   3.6744258e+14
      1090.39   3.6815422e+14
      1090.51   3.6895827e+14
      1090.63   3.6893006e+14
      1090.75   3.6846251e+14
      1090.87   3.6790611e+14
      1090.99   3.6808426e+14
      1091.11   3.6802607e+14
      1091.23   3.6710416e+14
      1091.35   3.6518912e+14
      1091.46   3.6392580e+14
      1091.58   3.6232192e+14
      1091.70   3.6035050e+14
      1091.82   3.5916093e+14
      1091.94   3.6053284e+14
      1092.06   3.6166746e+14
      1092.18   3.6263706e+14
      1092.30   3.6399746e+14
      1092.42   3.6485016e+14
      1092.54   3.6419168e+14
      1092.66   3.6295835e+14
      1092.78   3.6156211e+14
      1092.90   3.5979332e+14
      1093.02   3.5853478e+14
      1093.14   3.5711673e+14
      1093.26   3.5545270e+14
      1093.37   3.5331138e+14
      1093.49   3.4973790e+14
      1093.61   3.4362248e+14
      1093.73   3.3704527e+14
      1093.85   3.3098309e+14
      1093.97   3.2570699e+14
      1094.09   3.2271128e+14
      1094.21   3.2467504e+14
      1094.33   3.2936690e+14
      1094.45   3.3529711e+14
      1094.57   3.4180581e+14
      1094.69   3.4815300e+14
      1094.81   3.5251457e+14
      1094.93   3.5504836e+14
      1095.05   3.5584232e+14
      1095.17   3.5543800e+14
      1095.29   3.5545894e+14
      1095.41   3.5499699e+14
      1095.53   3.5256941e+14
      1095.65   3.5142456e+14
      1095.77   3.5234112e+14
      1095.89   3.5274542e+14
      1096.01   3.5231904e+14
      1096.13   3.5514705e+14
      1096.25   3.5676889e+14
      1096.37   3.5499344e+14
      1096.49   3.5315462e+14
      1096.61   3.5243518e+14
      1096.73   3.5019558e+14
      1096.85   3.4763315e+14
      1096.97   3.4925883e+14
      1097.09   3.5138769e+14
      1097.21   3.5341482e+14
      1097.33   3.5556959e+14
      1097.45   3.5903333e+14
      1097.57   3.5981523e+14
      1097.69   3.5815231e+14
      1097.81   3.5600751e+14
      1097.94   3.5382779e+14
      1098.06   3.4968308e+14
      1098.18   3.4565422e+14
      1098.30   3.4366280e+14
      1098.42   3.4382382e+14
      1098.54   3.4370426e+14
      1098.66   3.4662041e+14
      1098.78   3.4993685e+14
      1098.90   3.5369390e+14
      1099.02   3.5608718e+14
      1099.14   3.5915502e+14
      1099.26   3.6049454e+14
      1099.38   3.6136470e+14
      1099.51   3.6177095e+14
      1099.63   3.6165076e+14
      1099.75   3.6113629e+14
      1099.87   3.6069387e+14
      1099.99   3.6056869e+14
      1100.11   3.6014050e+14
      1100.23   3.6035198e+14
      1100.35   3.6012091e+14
      1100.47   3.5993423e+14
      1100.59   3.5977761e+14
      1100.72   3.6020118e+14
      1100.84   3.5984840e+14
      1100.96   3.6017669e+14
      1101.08   3.6007776e+14
      1101.20   3.5924934e+14
      1101.32   3.5789857e+14
      1101.44   3.5666218e+14
      1101.56   3.5302447e+14
      1101.69   3.4963497e+14
      1101.81   3.4786417e+14
      1101.93   3.4633757e+14
      1102.05   3.4442185e+14
      1102.17   3.4613356e+14
      1102.29   3.4916839e+14
      1102.41   3.5186374e+14
      1102.54   3.5461782e+14
      1102.66   3.5764888e+14
      1102.78   3.5910115e+14
      1102.90   3.5968143e+14
      1103.02   3.5958516e+14
      1103.14   3.5899897e+14
      1103.27   3.5873100e+14
      1103.39   3.5931901e+14
      1103.51   3.5953894e+14
      1103.63   3.5926248e+14
      1103.75   3.5915065e+14
      1103.88   3.5940743e+14
      1104.00   3.5863819e+14
      1104.12   3.5788961e+14
      1104.24   3.5795440e+14
      1104.36   3.5798416e+14
      1104.48   3.5763484e+14
      1104.61   3.5727696e+14
      1104.73   3.5701809e+14
      1104.85   3.5673011e+14
      1104.97   3.5702845e+14
      1105.09   3.5737211e+14
      1105.22   3.5837883e+14
      1105.34   3.5926096e+14
      1105.46   3.5966361e+14
      1105.58   3.5936783e+14
      1105.70   3.5868762e+14
      1105.83   3.5771090e+14
      1105.95   3.5698628e+14
      1106.07   3.5686659e+14
      1106.19   3.5689344e+14
      1106.32   3.5753126e+14
      1106.44   3.5797566e+14
      1106.56   3.5819012e+14
      1106.68   3.5738821e+14
      1106.81   3.5699294e+14
      1106.93   3.5648469e+14
      1107.05   3.5591315e+14
      1107.18   3.5525316e+14
      1107.30   3.5560260e+14
      1107.42   3.5620601e+14
      1107.54   3.5667096e+14
      1107.67   3.5707219e+14
      1107.79   3.5726946e+14
      1107.91   3.5765929e+14
      1108.03   3.5738346e+14
      1108.16   3.5679057e+14
      1108.28   3.5650335e+14
      1108.40   3.5678480e+14
      1108.53   3.5678345e+14
      1108.65   3.5695924e+14
      1108.77   3.5757898e+14
      1108.89   3.5726860e+14
      1109.02   3.5700849e+14
      1109.14   3.5661617e+14
      1109.26   3.5657653e+14
      1109.39   3.5609678e+14
      1109.51   3.5654726e+14
      1109.63   3.5704120e+14
      1109.76   3.5788213e+14
      1109.88   3.5787111e+14
      1110.00   3.5758404e+14
      1110.12   3.5785078e+14
      1110.25   3.5792136e+14
      1110.37   3.5718816e+14
      1110.49   3.5705686e+14
      1110.62   3.5765229e+14
      1110.74   3.5740563e+14
      1110.86   3.5657802e+14
      1110.99   3.5615662e+14
      1111.11   3.5547376e+14
      1111.23   3.5454052e+14
      1111.36   3.5400401e+14
      1111.48   3.5428668e+14
      1111.60   3.5453143e+14
      1111.73   3.5414533e+14
      1111.85   3.5363311e+14
      1111.98   3.5334887e+14
      1112.10   3.5215852e+14
      1112.22   3.5115963e+14
      1112.35   3.5117774e+14
      1112.47   3.5224815e+14
      1112.59   3.5300529e+14
      1112.72   3.5450574e+14
      1112.84   3.5447201e+14
      1112.97   3.5388718e+14
      1113.09   3.5276454e+14
      1113.21   3.5120068e+14
      1113.34   3.4908823e+14
      1113.46   3.4944691e+14
      1113.59   3.5086807e+14
      1113.71   3.5233209e+14
      1113.83   3.5417750e+14
      1113.96   3.5669955e+14
      1114.08   3.5824448e+14
      1114.21   3.5868590e+14
      1114.33   3.5809096e+14
      1114.45   3.5718783e+14
      1114.58   3.5620986e+14
      1114.70   3.5455771e+14
      1114.83   3.5337237e+14
      1114.95   3.5300656e+14
      1115.08   3.5328376e+14
      1115.20   3.5301193e+14
      1115.32   3.5372522e+14
      1115.45   3.5411413e+14
      1115.57   3.5350769e+14
      1115.70   3.5235514e+14
      1115.82   3.5154715e+14
      1115.95   3.5081241e+14
      1116.07   3.5024186e+14
      1116.20   3.5124200e+14
      1116.32   3.5279745e+14
      1116.44   3.5491101e+14
      1116.57   3.5626952e+14
      1116.69   3.5775334e+14
      1116.82   3.5818824e+14
      1116.94   3.5766652e+14
      1117.07   3.5655508e+14
      1117.19   3.5576810e+14
      1117.32   3.5481157e+14
      1117.44   3.5416713e+14
      1117.57   3.5450112e+14
      1117.69   3.5453927e+14
      1117.82   3.5478819e+14
      1117.94   3.5518614e+14
      1118.07   3.5556650e+14
      1118.19   3.5539704e+14
      1118.32   3.5507842e+14
      1118.44   3.5395738e+14
      1118.57   3.5170597e+14
      1118.69   3.4911362e+14
      1118.82   3.4642404e+14
      1118.94   3.4439570e+14
      1119.07   3.4356263e+14
      1119.19   3.4564567e+14
      1119.32   3.4832794e+14
      1119.44   3.5019755e+14
      1119.57   3.5144520e+14
      1119.69   3.5155575e+14
      1119.82   3.4977051e+14
      1119.95   3.4724534e+14
      1120.07   3.4661397e+14
      1120.20   3.4636171e+14
      1120.32   3.4682030e+14
      1120.45   3.4765156e+14
      1120.57   3.4922229e+14
      1120.70   3.4971780e+14
      1120.82   3.5029333e+14
      1120.95   3.5072753e+14
      1121.08   3.5093914e+14
      1121.20   3.5074061e+14
      1121.33   3.5099604e+14
      1121.45   3.5114033e+14
      1121.58   3.5140071e+14
      1121.70   3.5188737e+14
      1121.83   3.5284302e+14
      1121.96   3.5336971e+14
      1122.08   3.5368932e+14
      1122.21   3.5365918e+14
      1122.33   3.5357476e+14
      1122.46   3.5329162e+14
      1122.59   3.5298487e+14
      1122.71   3.5235746e+14
      1122.84   3.5199925e+14
      1122.96   3.5175267e+14
      1123.09   3.5144830e+14
      1123.22   3.5160848e+14
      1123.34   3.5258805e+14
      1123.47   3.5349413e+14
      1123.59   3.5407813e+14
      1123.72   3.5419840e+14
      1123.85   3.5378971e+14
      1123.97   3.5297925e+14
      1124.10   3.5201716e+14
      1124.23   3.5061976e+14
      1124.35   3.4957303e+14
      1124.48   3.4896998e+14
      1124.61   3.4858123e+14
      1124.73   3.4832978e+14
      1124.86   3.4840671e+14
      1124.99   3.4792707e+14
      1125.11   3.4572117e+14
      1125.24   3.4183971e+14
      1125.37   3.3744239e+14
      1125.49   3.3428043e+14
      1125.62   3.3263842e+14
      1125.75   3.3374846e+14
      1125.87   3.3716463e+14
      1126.00   3.4116819e+14
      1126.13   3.4419312e+14
      1126.25   3.4629692e+14
      1126.38   3.4742260e+14
      1126.51   3.4829930e+14
      1126.63   3.4931405e+14
      1126.76   3.5019235e+14
      1126.89   3.5090271e+14
      1127.02   3.5095505e+14
      1127.14   3.5017103e+14
      1127.27   3.4897665e+14
      1127.40   3.4784110e+14
      1127.52   3.4643780e+14
      1127.65   3.4512351e+14
      1127.78   3.4428950e+14
      1127.90   3.4402663e+14
      1128.03   3.4415593e+14
      1128.16   3.4538397e+14
      1128.29   3.4748952e+14
      1128.41   3.4924838e+14
      1128.54   3.5037350e+14
      1128.67   3.5089477e+14
      1128.80   3.4938318e+14
      1128.92   3.4689388e+14
      1129.05   3.4466656e+14
      1129.18   3.4253092e+14
      1129.31   3.4063701e+14
      1129.43   3.4087986e+14
      1129.56   3.4142791e+14
      1129.69   3.4117344e+14
      1129.82   3.4126237e+14
      1129.94   3.4182887e+14
      1130.07   3.4194136e+14
      1130.20   3.4241815e+14
      1130.33   3.4448650e+14
      1130.45   3.4636346e+14
      1130.58   3.4737769e+14
      1130.71   3.4805354e+14
      1130.84   3.4825698e+14
      1130.97   3.4723758e+14
      1131.09   3.4627796e+14
      1131.22   3.4590271e+14
      1131.35   3.4539760e+14
      1131.48   3.4529728e+14
      1131.61   3.4578541e+14
      1131.73   3.4636335e+14
      1131.86   3.4713993e+14
      1131.99   3.4809412e+14
      1132.12   3.4841827e+14
      1132.25   3.4837071e+14
      1132.38   3.4816633e+14
      1132.50   3.4757928e+14
      1132.63   3.4684309e+14
      1132.76   3.4612594e+14
      1132.89   3.4487107e+14
      1133.02   3.4324357e+14
      1133.15   3.4109353e+14
      1133.27   3.3919338e+14
      1133.40   3.3838694e+14
      1133.53   3.3873376e+14
      1133.66   3.3934781e+14
      1133.79   3.4093112e+14
      1133.92   3.4265077e+14
      1134.04   3.4378750e+14
      1134.17   3.4459360e+14
      1134.30   3.4601120e+14
      1134.43   3.4717416e+14
      1134.56   3.4807939e+14
      1134.69   3.4865851e+14
      1134.82   3.4886108e+14
      1134.94   3.4845914e+14
      1135.07   3.4750269e+14
      1135.20   3.4621481e+14
      1135.33   3.4507609e+14
      1135.46   3.4406951e+14
      1135.59   3.4324919e+14
      1135.72   3.4308640e+14
      1135.85   3.4353668e+14
      1135.98   3.4431167e+14
      1136.10   3.4538972e+14
      1136.23   3.4651830e+14
      1136.36   3.4761333e+14
      1136.49   3.4834997e+14
      1136.62   3.4875333e+14
      1136.75   3.4889339e+14
      1136.88   3.4859805e+14
      1137.01   3.4766311e+14
      1137.14   3.4594537e+14
      1137.27   3.4364687e+14
      1137.40   3.4133071e+14
      1137.53   3.3954946e+14
      1137.66   3.3849711e+14
      1137.79   3.3877396e+14
      1137.92   3.3895600e+14
      1138.05   3.3881199e+14
      1138.17   3.3851085e+14
      1138.30   3.3796619e+14
      1138.43   3.3762885e+14
      1138.56   3.3913551e+14
      1138.69   3.4081792e+14
      1138.82   3.4155156e+14
      1138.95   3.4190732e+14
      1139.08   3.4143540e+14
      1139.21   3.3990593e+14
      1139.34   3.3909666e+14
      1139.47   3.3971495e+14
      1139.60   3.4051079e+14
      1139.73   3.4140960e+14
      1139.86   3.4232288e+14
      1139.99   3.4255000e+14
      1140.12   3.4101635e+14
      1140.25   3.3921632e+14
      1140.38   3.3733239e+14
      1140.51   3.3517270e+14
      1140.64   3.3351603e+14
      1140.77   3.3395541e+14
      1140.90   3.3513042e+14
      1141.03   3.3665471e+14
      1141.16   3.3823258e+14
      1141.29   3.3940403e+14
      1141.42   3.4034936e+14
      1141.55   3.4102264e+14
      1141.68   3.4164778e+14
      1141.81   3.4282815e+14
      1141.94   3.4396729e+14
      1142.07   3.4334263e+14
      1142.20   3.4226859e+14
      1142.33   3.4073466e+14
      1142.46   3.3860662e+14
      1142.60   3.3687332e+14
      1142.73   3.3731432e+14
      1142.86   3.3859163e+14
      1142.99   3.4047144e+14
      1143.12   3.4272165e+14
      1143.25   3.4471910e+14
      1143.38   3.4539599e+14
      1143.51   3.4529034e+14
      1143.64   3.4372686e+14
      1143.77   3.4113176e+14
      1143.90   3.3864167e+14
      1144.03   3.3663852e+14
      1144.17   3.3531798e+14
      1144.30   3.3603304e+14
      1144.43   3.3790535e+14
      1144.56   3.3951805e+14
      1144.69   3.4068592e+14
      1144.82   3.4117424e+14
      1144.95   3.4097721e+14
      1145.08   3.4098778e+14
      1145.21   3.4122915e+14
      1145.34   3.4189605e+14
      1145.47   3.4311370e+14
      1145.61   3.4381943e+14
      1145.74   3.4392728e+14
      1145.87   3.4405080e+14
      1146.00   3.4406537e+14
      1146.13   3.4397323e+14
      1146.26   3.4440481e+14
      1146.40   3.4503097e+14
      1146.53   3.4552039e+14
      1146.66   3.4592913e+14
      1146.79   3.4626618e+14
      1146.92   3.4609402e+14
      1147.05   3.4536627e+14
      1147.18   3.4451334e+14
      1147.31   3.4365992e+14
      1147.45   3.4292384e+14
      1147.58   3.4277163e+14
      1147.71   3.4323964e+14
      1147.84   3.4377202e+14
      1147.97   3.4401229e+14
      1148.11   3.4388946e+14
      1148.24   3.4302183e+14
      1148.37   3.4188892e+14
      1148.50   3.4089061e+14
      1148.63   3.4037963e+14
      1148.77   3.4028451e+14
      1148.90   3.4116906e+14
      1149.03   3.4235003e+14
      1149.16   3.4328642e+14
      1149.29   3.4334661e+14
      1149.43   3.4294726e+14
      1149.56   3.4199140e+14
      1149.69   3.4092387e+14
      1149.82   3.4042234e+14
      1149.95   3.4108274e+14
      1150.09   3.4169615e+14
      1150.22   3.4198956e+14
      1150.35   3.4201753e+14
      1150.48   3.4152331e+14
      1150.62   3.4068986e+14
      1150.75   3.4055304e+14
      1150.88   3.4088010e+14
      1151.01   3.4152245e+14
      1151.15   3.4231313e+14
      1151.28   3.4283130e+14
      1151.41   3.4270907e+14
      1151.54   3.4216626e+14
      1151.68   3.4113515e+14
      1151.81   3.4002614e+14
      1151.94   3.3891150e+14
      1152.07   3.3796461e+14
      1152.21   3.3756163e+14
      1152.34   3.3777689e+14
      1152.47   3.3810803e+14
      1152.60   3.3863239e+14
      1152.74   3.3935792e+14
      1152.87   3.3988514e+14
      1153.00   3.4021735e+14
      1153.14   3.4057694e+14
      1153.27   3.4106579e+14
      1153.40   3.4157772e+14
      1153.54   3.4210553e+14
      1153.67   3.4264226e+14
      1153.80   3.4294400e+14
      1153.94   3.4280658e+14
      1154.07   3.4243958e+14
      1154.20   3.4198676e+14
      1154.33   3.4152026e+14
      1154.47   3.4144308e+14
      1154.60   3.4187094e+14
      1154.73   3.4238223e+14
      1154.87   3.4274819e+14
      1155.00   3.4297640e+14
      1155.14   3.4270018e+14
      1155.27   3.4147386e+14
      1155.40   3.4009144e+14
      1155.54   3.3893557e+14
      1155.67   3.3776577e+14
      1155.80   3.3717689e+14
      1155.94   3.3783170e+14
      1156.07   3.3874587e+14
      1156.20   3.3963847e+14
      1156.34   3.4056278e+14
      1156.47   3.4115731e+14
      1156.60   3.4117360e+14
      1156.74   3.4102367e+14
      1156.87   3.4065123e+14
      1157.01   3.4041713e+14
      1157.14   3.4025947e+14
      1157.27   3.3998705e+14
      1157.41   3.3973567e+14
      1157.54   3.3975781e+14
      1157.68   3.3976672e+14
      1157.81   3.3974205e+14
      1157.94   3.3995084e+14
      1158.08   3.4036295e+14
      1158.21   3.4074645e+14
      1158.35   3.4066048e+14
      1158.48   3.4037518e+14
      1158.61   3.3981391e+14
      1158.75   3.3874836e+14
      1158.88   3.3713790e+14
      1159.02   3.3552892e+14
      1159.15   3.3282198e+14
      1159.29   3.2976716e+14
      1159.42   3.2747985e+14
      1159.56   3.2637599e+14
      1159.69   3.2672210e+14
      1159.82   3.2944486e+14
      1159.96   3.3281355e+14
      1160.09   3.3555215e+14
      1160.23   3.3743369e+14
      1160.36   3.3813644e+14
      1160.50   3.3651306e+14
      1160.63   3.3411819e+14
      1160.77   3.3143711e+14
      1160.90   3.2738773e+14
      1161.04   3.2349974e+14
      1161.17   3.2217815e+14
      1161.31   3.2176051e+14
      1161.44   3.2283377e+14
      1161.57   3.2659414e+14
      1161.71   3.3036106e+14
      1161.84   3.3281206e+14
      1161.98   3.3522744e+14
      1162.11   3.3671156e+14
      1162.25   3.3723119e+14
      1162.39   3.3801373e+14
      1162.52   3.3880198e+14
      1162.66   3.3888439e+14
      1162.79   3.3847308e+14
      1162.93   3.3780321e+14
      1163.06   3.3685426e+14
      1163.20   3.3610145e+14
      1163.33   3.3640274e+14
      1163.47   3.3715122e+14
      1163.60   3.3654176e+14
      1163.74   3.3514681e+14
      1163.87   3.3321864e+14
      1164.01   3.3024831e+14
      1164.14   3.2784996e+14
      1164.28   3.2822176e+14
      1164.42   3.2971859e+14
      1164.55   3.3176242e+14
      1164.69   3.3435656e+14
      1164.82   3.3634160e+14
      1164.96   3.3686086e+14
      1165.09   3.3665288e+14
      1165.23   3.3598994e+14
      1165.36   3.3512663e+14
      1165.50   3.3405979e+14
      1165.64   3.3257441e+14
      1165.77   3.3107792e+14
      1165.91   3.2984726e+14
      1166.05   3.2900280e+14
      1166.18   3.2881727e+14
      1166.32   3.3003684e+14
      1166.45   3.3223947e+14
      1166.59   3.3423179e+14
      1166.72   3.3516873e+14
      1166.86   3.3525969e+14
      1167.00   3.3447373e+14
      1167.13   3.3299126e+14
      1167.27   3.3210736e+14
      1167.41   3.3278319e+14
      1167.54   3.3405283e+14
      1167.68   3.3543807e+14
      1167.81   3.3692093e+14
      1167.95   3.3775999e+14
      1168.09   3.3769632e+14
      1168.22   3.3721505e+14
      1168.36   3.3649853e+14
      1168.50   3.3578089e+14
      1168.63   3.3498614e+14
      1168.77   3.3260230e+14
      1168.91   3.2962327e+14
      1169.04   3.2700357e+14
      1169.18   3.2426678e+14
      1169.32   3.2264639e+14
      1169.45   3.2460584e+14
      1169.59   3.2770962e+14
      1169.73   3.3040507e+14
      1169.86   3.3315061e+14
      1170.00   3.3514218e+14
      1170.14   3.3524405e+14
      1170.28   3.3510055e+14
      1170.41   3.3538581e+14
      1170.55   3.3575108e+14
      1170.69   3.3601036e+14
      1170.82   3.3632137e+14
      1170.96   3.3631342e+14
      1171.10   3.3600995e+14
      1171.23   3.3583375e+14
      1171.37   3.3563725e+14
      1171.51   3.3551975e+14
      1171.65   3.3582005e+14
      1171.78   3.3615880e+14
      1171.92   3.3638463e+14
      1172.06   3.3657373e+14
      1172.20   3.3635734e+14
      1172.33   3.3571413e+14
      1172.47   3.3502082e+14
      1172.61   3.3428661e+14
      1172.74   3.3378077e+14
      1172.88   3.3395020e+14
      1173.02   3.3455274e+14
      1173.16   3.3515762e+14
      1173.30   3.3580784e+14
      1173.43   3.3623554e+14
      1173.57   3.3624062e+14
      1173.71   3.3607064e+14
      1173.85   3.3574363e+14
      1173.98   3.3534121e+14
      1174.12   3.3510568e+14
      1174.26   3.3483294e+14
      1174.40   3.3449273e+14
      1174.54   3.3387991e+14
      1174.67   3.3280695e+14
      1174.81   3.3154641e+14
      1174.95   3.2999296e+14
      1175.09   3.2756777e+14
      1175.23   3.2485320e+14
      1175.36   3.2232032e+14
      1175.50   3.1990523e+14
      1175.64   3.1864230e+14
      1175.78   3.1989402e+14
      1175.92   3.2314563e+14
      1176.06   3.2719076e+14
      1176.19   3.3132257e+14
      1176.33   3.3462543e+14
      1176.47   3.3623321e+14
      1176.61   3.3650348e+14
      1176.75   3.3585936e+14
      1176.89   3.3476554e+14
      1177.03   3.3310264e+14
      1177.16   3.3109002e+14
      1177.30   3.2948288e+14
      1177.44   3.2846337e+14
      1177.58   3.2792048e+14
      1177.72   3.2864595e+14
      1177.86   3.2975521e+14
      1177.99   3.3007198e+14
      1178.13   3.2909181e+14
      1178.27   3.2750912e+14
      1178.41   3.2560075e+14
      1178.55   3.2387243e+14
      1178.69   3.2363883e+14
      1178.83   3.2600018e+14
      1178.97   3.2905099e+14
      1179.11   3.3180890e+14
      1179.24   3.3447155e+14
      1179.38   3.3602384e+14
      1179.52   3.3604537e+14
      1179.66   3.3578827e+14
      1179.80   3.3522344e+14
      1179.94   3.3432273e+14
      1180.08   3.3351908e+14
      1180.22   3.3285317e+14
      1180.36   3.3239498e+14
      1180.50   3.3261649e+14
      1180.64   3.3337419e+14
      1180.78   3.3398021e+14
      1180.92   3.3375376e+14
      1181.06   3.3281090e+14
      1181.19   3.3153071e+14
      1181.33   3.3002534e+14
      1181.47   3.2911682e+14
      1181.61   3.2974241e+14
      1181.75   3.3107746e+14
      1181.89   3.3211362e+14
      1182.03   3.3295737e+14
      1182.17   3.3330023e+14
      1182.31   3.3259312e+14
      1182.45   3.3079346e+14
      1182.59   3.2659334e+14
      1182.73   3.2086351e+14
      1182.87   3.1523700e+14
      1183.01   3.1008356e+14
      1183.15   3.0799459e+14
      1183.29   3.1133266e+14
      1183.43   3.1716385e+14
      1183.57   3.2292712e+14
      1183.71   3.2769607e+14
      1183.85   3.2978022e+14
      1183.99   3.2909776e+14
      1184.13   3.2755081e+14
      1184.27   3.2657563e+14
      1184.41   3.2732280e+14
      1184.55   3.2877336e+14
      1184.69   3.3008992e+14
      1184.83   3.3149324e+14
      1184.97   3.3222407e+14
      1185.11   3.3192182e+14
      1185.26   3.3165958e+14
      1185.40   3.3171867e+14
      1185.54   3.3182479e+14
      1185.68   3.3212738e+14
      1185.82   3.3243067e+14
      1185.96   3.3224669e+14
      1186.10   3.3157777e+14
      1186.24   3.3075260e+14
      1186.38   3.3002738e+14
      1186.52   3.2974414e+14
      1186.66   3.3010175e+14
      1186.80   3.3095454e+14
      1186.94   3.3185161e+14
      1187.08   3.3238714e+14
      1187.22   3.3246935e+14
      1187.37   3.3219201e+14
      1187.51   3.3177461e+14
      1187.65   3.3141046e+14
      1187.79   3.3102129e+14
      1187.93   3.3035660e+14
      1188.07   3.2772538e+14
      1188.21   3.2257085e+14
      1188.35   3.1697060e+14
      1188.49   3.1176100e+14
      1188.64   3.0791603e+14
      1188.78   3.0811020e+14
      1188.92   3.1205361e+14
      1189.06   3.1624886e+14
      1189.20   3.1974023e+14
      1189.34   3.2224553e+14
      1189.48   3.2281424e+14
      1189.63   3.2265297e+14
      1189.77   3.2322863e+14
      1189.91   3.2477777e+14
      1190.05   3.2694368e+14
      1190.19   3.2891341e+14
      1190.33   3.3026911e+14
      1190.48   3.3118726e+14
      1190.62   3.3152768e+14
      1190.76   3.3134471e+14
      1190.90   3.3134347e+14
      1191.04   3.3137568e+14
      1191.19   3.3128042e+14
      1191.33   3.3126316e+14
      1191.47   3.3127385e+14
      1191.61   3.3114663e+14
      1191.75   3.3101093e+14
      1191.90   3.3081396e+14
      1192.04   3.3049717e+14
      1192.18   3.3011064e+14
      1192.32   3.2963875e+14
      1192.46   3.2917869e+14
      1192.61   3.2894737e+14
      1192.75   3.2887838e+14
      1192.89   3.2887049e+14
      1193.03   3.2920825e+14
      1193.18   3.2980122e+14
      1193.32   3.3026328e+14
      1193.46   3.3051203e+14
      1193.60   3.3063540e+14
      1193.74   3.3049893e+14
      1193.89   3.3002897e+14
      1194.03   3.2967069e+14
      1194.17   3.2963546e+14
      1194.31   3.2966247e+14
      1194.46   3.2977042e+14
      1194.60   3.2997525e+14
      1194.74   3.2938310e+14
      1194.89   3.2810748e+14
      1195.03   3.2693799e+14
      1195.17   3.2545871e+14
      1195.31   3.2399837e+14
      1195.46   3.2372622e+14
      1195.60   3.2414358e+14
      1195.74   3.2429652e+14
      1195.89   3.2498838e+14
      1196.03   3.2613962e+14
      1196.17   3.2683639e+14
      1196.31   3.2734518e+14
      1196.46   3.2799330e+14
      1196.60   3.2825235e+14
      1196.74   3.2781627e+14
      1196.89   3.2690282e+14
      1197.03   3.2422703e+14
      1197.18   3.2003830e+14
      1197.32   3.1608755e+14
      1197.46   3.1236864e+14
      1197.60   3.1061914e+14
      1197.75   3.1274615e+14
      1197.89   3.1695455e+14
      1198.04   3.2054986e+14
      1198.18   3.2182808e+14
      1198.32   3.1990300e+14
      1198.47   3.1602955e+14
      1198.61   3.1136693e+14
      1198.75   3.0842837e+14
      1198.90   3.0818206e+14
      1199.04   3.0859587e+14
      1199.19   3.0899863e+14
      1199.33   3.0963244e+14
      1199.47   3.1043370e+14
      1199.62   3.1290136e+14
      1199.76   3.1714217e+14
      1199.90   3.2140164e+14
      1200.05   3.2564108e+14
      1200.19   3.2822893e+14
      1200.34   3.2859620e+14
      1200.48   3.2828296e+14
      1200.62   3.2781619e+14
      1200.77   3.2735979e+14
      1200.91   3.2715673e+14
      1201.06   3.2713703e+14
      1201.20   3.2701563e+14
      1201.35   3.2702628e+14
      1201.49   3.2719484e+14
      1201.63   3.2735427e+14
      1201.78   3.2754417e+14
      1201.92   3.2780799e+14
      1202.07   3.2780431e+14
      1202.21   3.2752065e+14
      1202.36   3.2715770e+14
      1202.50   3.2651466e+14
      1202.65   3.2569661e+14
      1202.79   3.2421429e+14
      1202.94   3.2018626e+14
      1203.08   3.1450895e+14
      1203.22   3.0934020e+14
      1203.37   3.0455769e+14
      1203.51   3.0284246e+14
      1203.66   3.0603926e+14
      1203.80   3.1108217e+14
      1203.95   3.1575752e+14
      1204.09   3.2021960e+14
      1204.24   3.2242429e+14
      1204.38   3.2276674e+14
      1204.53   3.2332236e+14
      1204.67   3.2404655e+14
      1204.82   3.2479855e+14
      1204.96   3.2549218e+14
      1205.11   3.2554118e+14
      1205.26   3.2493372e+14
      1205.40   3.2417992e+14
      1205.55   3.2332283e+14
      1205.69   3.2280174e+14
      1205.84   3.2286530e+14
      1205.98   3.2342972e+14
      1206.13   3.2422320e+14
      1206.27   3.2512916e+14
      1206.42   3.2575373e+14
      1206.56   3.2601888e+14
      1206.71   3.2609404e+14
      1206.85   3.2604096e+14
      1207.00   3.2598719e+14
      1207.15   3.2584149e+14
      1207.29   3.2569997e+14
      1207.44   3.2546934e+14
      1207.58   3.2476146e+14
      1207.73   3.2371477e+14
      1207.88   3.2218058e+14
      1208.02   3.1838844e+14
      1208.17   3.1201023e+14
      1208.31   3.0526500e+14
      1208.46   2.9906139e+14
      1208.60   2.9485169e+14
      1208.75   2.9596354e+14
      1208.90   3.0165869e+14
      1209.04   3.0845465e+14
      1209.19   3.1505646e+14
      1209.34   3.2032574e+14
      1209.48   3.2262995e+14
      1209.63   3.2302981e+14
      1209.78   3.2307343e+14
      1209.92   3.2274644e+14
      1210.07   3.2083696e+14
      1210.21   3.1767847e+14
      1210.36   3.1480568e+14
      1210.51   3.1198817e+14
      1210.65   3.1074301e+14
      1210.80   3.1211218e+14
      1210.95   3.1459012e+14
      1211.09   3.1674124e+14
      1211.24   3.1883507e+14
      1211.39   3.1997845e+14
      1211.53   3.2042682e+14
      1211.68   3.2092287e+14
      1211.83   3.2131363e+14
      1211.97   3.2183897e+14
      1212.12   3.2211894e+14
      1212.27   3.2214413e+14
      1212.42   3.2242482e+14
      1212.56   3.2284146e+14
      1212.71   3.2306661e+14
      1212.86   3.2319444e+14
      1213.00   3.2296540e+14
      1213.15   3.2242980e+14
      1213.30   3.2186202e+14
      1213.44   3.2138749e+14
      1213.59   3.2113952e+14
      1213.74   3.2123827e+14
      1213.89   3.2152235e+14
      1214.03   3.2195567e+14
      1214.18   3.2248476e+14
      1214.33   3.2286126e+14
      1214.48   3.2299209e+14
      1214.62   3.2302781e+14
      1214.77   3.2296563e+14
      1214.92   3.2285743e+14
      1215.07   3.2278197e+14
      1215.21   3.2272941e+14
      1215.36   3.2265588e+14
      1215.51   3.2249402e+14
      1215.66   3.2230889e+14
      1215.81   3.2222930e+14
      1215.95   3.2226292e+14
      1216.10   3.2237910e+14
      1216.25   3.2256307e+14
      1216.40   3.2272976e+14
      1216.55   3.2267338e+14
      1216.69   3.2245683e+14
      1216.84   3.2222695e+14
      1216.99   3.2200499e+14
      1217.14   3.2181219e+14
      1217.29   3.2173433e+14
      1217.43   3.2174441e+14
      1217.58   3.2164141e+14
      1217.73   3.2150854e+14
      1217.88   3.2145748e+14
      1218.03   3.2131217e+14
      1218.18   3.2106952e+14
      1218.32   3.2094539e+14
      1218.47   3.2085162e+14
      1218.62   3.2065000e+14
      1218.77   3.2037740e+14
      1218.92   3.2005077e+14
      1219.07   3.1966797e+14
      1219.21   3.1921475e+14
      1219.36   3.1903740e+14
      1219.51   3.1923444e+14
      1219.66   3.1970053e+14
      1219.81   3.2024532e+14
      1219.96   3.2091048e+14
      1220.11   3.2138760e+14
      1220.26   3.2158964e+14
      1220.41   3.2153520e+14
      1220.55   3.2136948e+14
      1220.70   3.2109308e+14
      1220.85   3.2079729e+14
      1221.00   3.2046604e+14
      1221.15   3.2015410e+14
      1221.30   3.1990201e+14
      1221.45   3.1959084e+14
      1221.60   3.1931596e+14
      1221.75   3.1922378e+14
      1221.90   3.1934168e+14
      1222.05   3.1941587e+14
      1222.19   3.1959047e+14
      1222.34   3.1971449e+14
      1222.49   3.1936755e+14
      1222.64   3.1862904e+14
      1222.79   3.1802952e+14
      1222.94   3.1734076e+14
      1223.09   3.1686845e+14
      1223.24   3.1712456e+14
      1223.39   3.1779262e+14
      1223.54   3.1845101e+14
      1223.69   3.1927794e+14
      1223.84   3.1989233e+14
      1223.99   3.2009616e+14
      1224.14   3.2012224e+14
      1224.29   3.1993180e+14
      1224.44   3.1958818e+14
      1224.59   3.1916161e+14
      1224.74   3.1865598e+14
      1224.89   3.1828933e+14
      1225.04   3.1806974e+14
      1225.19   3.1806142e+14
      1225.34   3.1822701e+14
      1225.49   3.1856460e+14
      1225.64   3.1888892e+14
      1225.79   3.1920281e+14
      1225.94   3.1918588e+14
      1226.09   3.1889114e+14
      1226.24   3.1842856e+14
      1226.39   3.1776072e+14
      1226.54   3.1725409e+14
      1226.69   3.1676563e+14
      1226.84   3.1526475e+14
      1226.99   3.1274086e+14
      1227.15   3.1053858e+14
      1227.30   3.0807749e+14
      1227.45   3.0706285e+14
      1227.60   3.0856841e+14
      1227.75   3.1144965e+14
      1227.90   3.1414788e+14
      1228.05   3.1694467e+14
      1228.20   3.1840952e+14
      1228.35   3.1848879e+14
      1228.50   3.1832400e+14
      1228.65   3.1814903e+14
      1228.80   3.1800423e+14
      1228.95   3.1790702e+14
      1229.10   3.1791715e+14
      1229.26   3.1788431e+14
      1229.41   3.1782929e+14
      1229.56   3.1774766e+14
      1229.71   3.1759261e+14
      1229.86   3.1721186e+14
      1230.01   3.1674508e+14
      1230.16   3.1635230e+14
      1230.31   3.1591890e+14
      1230.47   3.1575672e+14
      1230.62   3.1595218e+14
      1230.77   3.1632144e+14
      1230.92   3.1663794e+14
      1231.07   3.1678828e+14
      1231.22   3.1649928e+14
      1231.38   3.1599755e+14
      1231.53   3.1538229e+14
      1231.68   3.1471982e+14
      1231.83   3.1422843e+14
      1231.98   3.1401024e+14
      1232.13   3.1377243e+14
      1232.29   3.1368794e+14
      1232.44   3.1391963e+14
      1232.59   3.1431856e+14
      1232.74   3.1471643e+14
      1232.89   3.1520662e+14
      1233.05   3.1556098e+14
      1233.20   3.1568042e+14
      1233.35   3.1559115e+14
      1233.50   3.1547088e+14
      1233.65   3.1542939e+14
      1233.81   3.1530165e+14
      1233.96   3.1489566e+14
      1234.11   3.1437999e+14
      1234.26   3.1391985e+14
      1234.42   3.1327055e+14
      1234.57   3.1286475e+14
      1234.72   3.1293201e+14
      1234.87   3.1321054e+14
      1235.03   3.1332370e+14
      1235.18   3.1365152e+14
      1235.33   3.1385173e+14
      1235.48   3.1394838e+14
      1235.64   3.1414619e+14
      1235.79   3.1453404e+14
      1235.94   3.1486489e+14
      1236.09   3.1514118e+14
      1236.25   3.1529735e+14
      1236.40   3.1529296e+14
      1236.55   3.1516473e+14
      1236.70   3.1498811e+14
      1236.86   3.1484996e+14
      1237.01   3.1477183e+14
      1237.16   3.1478891e+14
      1237.32   3.1486948e+14
      1237.47   3.1491449e+14
      1237.62   3.1495447e+14
      1237.78   3.1500334e+14
      1237.93   3.1503332e+14
      1238.08   3.1499501e+14
      1238.24   3.1490288e+14
      1238.39   3.1476987e+14
      1238.54   3.1448334e+14
      1238.70   3.1390557e+14
      1238.85   3.1302638e+14
      1239.00   3.1225481e+14
      1239.16   3.1137048e+14
      1239.31   3.1041515e+14
      1239.46   3.0954658e+14
      1239.62   3.0927086e+14
      1239.77   3.0884884e+14
      1239.93   3.0913475e+14
      1240.08   3.1014074e+14
      1240.23   3.1145261e+14
      1240.39   3.1247090e+14
      1240.54   3.1348878e+14
      1240.69   3.1392709e+14
      1240.85   3.1381753e+14
      1241.00   3.1364898e+14
      1241.16   3.1362536e+14
      1241.31   3.1366883e+14
      1241.46   3.1347643e+14
      1241.62   3.1309489e+14
      1241.77   3.1270710e+14
      1241.93   3.1214906e+14
      1242.08   3.1138365e+14
      1242.24   3.1057162e+14
      1242.39   3.0990863e+14
      1242.55   3.0900375e+14
      1242.70   3.0872072e+14
      1242.85   3.0901190e+14
      1243.01   3.0902673e+14
      1243.16   3.0830948e+14
      1243.32   3.0788099e+14
      1243.47   3.0674394e+14
      1243.63   3.0607951e+14
      1243.78   3.0677383e+14
      1243.94   3.0841900e+14
      1244.09   3.1001838e+14
      1244.24   3.1177685e+14
      1244.40   3.1282677e+14
      1244.56   3.1313636e+14
      1244.71   3.1322927e+14
      1244.86   3.1321282e+14
      1245.02   3.1302711e+14
      1245.18   3.1276253e+14
      1245.33   3.1239920e+14
      1245.48   3.1206577e+14
      1245.64   3.1168466e+14
      1245.80   3.1128737e+14
      1245.95   3.1089512e+14
      1246.11   3.1047489e+14
      1246.26   3.1028997e+14
      1246.42   3.1045968e+14
      1246.57   3.1078572e+14
      1246.73   3.1086139e+14
      1246.88   3.1070384e+14
      1247.04   3.1040233e+14
      1247.19   3.0982395e+14
      1247.35   3.0962850e+14
      1247.51   3.1000458e+14
      1247.66   3.1076678e+14
      1247.82   3.1143015e+14
      1247.97   3.1215047e+14
      1248.13   3.1243974e+14
      1248.28   3.1236515e+14
      1248.44   3.1219080e+14
      1248.59   3.1205344e+14
      1248.75   3.1200263e+14
      1248.91   3.1205951e+14
      1249.06   3.1216955e+14
      1249.22   3.1221761e+14
      1249.38   3.1214561e+14
      1249.53   3.1197468e+14
      1249.69   3.1166205e+14
      1249.84   3.1138117e+14
      1250.00   3.1122779e+14
      1250.16   3.1112010e+14
      1250.31   3.1110269e+14
      1250.47   3.1121268e+14
      1250.62   3.1125578e+14
      1250.78   3.1100623e+14
      1250.94   3.1050098e+14
      1251.09   3.0989819e+14
      1251.25   3.0910105e+14
      1251.41   3.0848358e+14
      1251.56   3.0820181e+14
      1251.72   3.0811152e+14
      1251.88   3.0775130e+14
      1252.04   3.0712513e+14
      1252.19   3.0670020e+14
      1252.35   3.0616462e+14
      1252.51   3.0618468e+14
      1252.66   3.0693396e+14
      1252.82   3.0811012e+14
      1252.98   3.0883857e+14
      1253.13   3.0950022e+14
      1253.29   3.0970913e+14
      1253.45   3.0950826e+14
      1253.60   3.0931143e+14
      1253.76   3.0924048e+14
      1253.92   3.0922174e+14
      1254.08   3.0923771e+14
      1254.23   3.0928507e+14
      1254.39   3.0942628e+14
      1254.55   3.0958420e+14
      1254.70   3.0958027e+14
      1254.86   3.0937045e+14
      1255.02   3.0920278e+14
      1255.18   3.0892978e+14
      1255.33   3.0873937e+14
      1255.49   3.0865947e+14
      1255.65   3.0869718e+14
      1255.81   3.0860216e+14
      1255.97   3.0842485e+14
      1256.12   3.0813234e+14
      1256.28   3.0799370e+14
      1256.44   3.0776137e+14
      1256.60   3.0761883e+14
      1256.76   3.0745291e+14
      1256.91   3.0739119e+14
      1257.07   3.0720048e+14
      1257.23   3.0737750e+14
      1257.39   3.0775012e+14
      1257.55   3.0837437e+14
      1257.70   3.0894598e+14
      1257.86   3.0938897e+14
      1258.02   3.0929962e+14
      1258.18   3.0881406e+14
      1258.34   3.0786892e+14
      1258.49   3.0699589e+14
      1258.65   3.0662863e+14
      1258.81   3.0676656e+14
      1258.97   3.0737625e+14
      1259.13   3.0840697e+14
      1259.29   3.0930018e+14
      1259.45   3.0988183e+14
      1259.60   3.1025157e+14
      1259.76   3.1028957e+14
      1259.92   3.1002846e+14
      1260.08   3.0955685e+14
      1260.24   3.0909950e+14
      1260.40   3.0870371e+14
      1260.56   3.0860734e+14
      1260.72   3.0891002e+14
      1260.88   3.0946602e+14
      1261.03   3.0979230e+14
      1261.19   3.0961060e+14
      1261.35   3.0862963e+14
      1261.51   3.0712506e+14
      1261.67   3.0574274e+14
      1261.83   3.0482921e+14
      1261.99   3.0494571e+14
      1262.15   3.0584540e+14
      1262.31   3.0713188e+14
      1262.47   3.0833620e+14
      1262.63   3.0928045e+14
      1262.79   3.0964915e+14
      1262.94   3.0967988e+14
      1263.10   3.0964883e+14
      1263.26   3.0957892e+14
      1263.42   3.0948435e+14
      1263.58   3.0890817e+14
      1263.74   3.0771956e+14
      1263.90   3.0662649e+14
      1264.06   3.0536688e+14
      1264.22   3.0482046e+14
      1264.38   3.0531357e+14
      1264.54   3.0617495e+14
      1264.70   3.0635245e+14
      1264.86   3.0674747e+14
      1265.02   3.0630570e+14
      1265.18   3.0580239e+14
      1265.34   3.0604278e+14
      1265.50   3.0691657e+14
      1265.66   3.0774110e+14
      1265.82   3.0874109e+14
      1265.98   3.0925556e+14
      1266.14   3.0925459e+14
      1266.30   3.0893039e+14
      1266.46   3.0809432e+14
      1266.62   3.0680609e+14
      1266.79   3.0560860e+14
      1266.94   3.0450480e+14
      1267.11   3.0423503e+14
      1267.27   3.0476389e+14
      1267.43   3.0570198e+14
      1267.59   3.0599937e+14
      1267.75   3.0537784e+14
      1267.91   3.0410051e+14
      1268.07   3.0224373e+14
      1268.23   3.0094101e+14
      1268.39   3.0092218e+14
      1268.55   3.0205664e+14
      1268.71   3.0340933e+14
      1268.88   3.0515820e+14
      1269.04   3.0637624e+14
      1269.20   3.0688450e+14
      1269.36   3.0722042e+14
      1269.52   3.0737065e+14
      1269.68   3.0736153e+14
      1269.84   3.0743211e+14
      1270.00   3.0747081e+14
      1270.16   3.0759777e+14
      1270.32   3.0782992e+14
      1270.49   3.0806445e+14
      1270.65   3.0819337e+14
      1270.81   3.0826084e+14
      1270.97   3.0810882e+14
      1271.13   3.0775167e+14
      1271.29   3.0741982e+14
      1271.46   3.0706874e+14
      1271.62   3.0683555e+14
      1271.78   3.0679498e+14
      1271.94   3.0686153e+14
      1272.10   3.0694754e+14
      1272.27   3.0710440e+14
      1272.43   3.0716125e+14
      1272.59   3.0705593e+14
      1272.75   3.0689304e+14
      1272.91   3.0660667e+14
      1273.07   3.0626325e+14
      1273.24   3.0586298e+14
      1273.40   3.0551035e+14
      1273.56   3.0515828e+14
      1273.72   3.0476513e+14
      1273.89   3.0441288e+14
      1274.05   3.0423179e+14
      1274.21   3.0411373e+14
      1274.37   3.0426756e+14
      1274.54   3.0465465e+14
      1274.70   3.0509308e+14
      1274.86   3.0549150e+14
      1275.02   3.0590158e+14
      1275.19   3.0612620e+14
      1275.35   3.0628264e+14
      1275.51   3.0638461e+14
      1275.67   3.0640810e+14
      1275.84   3.0638362e+14
      1276.00   3.0633658e+14
      1276.16   3.0628066e+14
      1276.32   3.0623521e+14
      1276.49   3.0622594e+14
      1276.65   3.0619230e+14
      1276.81   3.0617044e+14
      1276.98   3.0611097e+14
      1277.14   3.0601596e+14
      1277.30   3.0588461e+14
      1277.46   3.0570794e+14
      1277.63   3.0551777e+14
      1277.79   3.0530534e+14
      1277.95   3.0513471e+14
      1278.12   3.0499215e+14
      1278.28   3.0486815e+14
      1278.44   3.0469391e+14
      1278.61   3.0440054e+14
      1278.77   3.0385710e+14
      1278.94   3.0333052e+14
      1279.10   3.0272963e+14
      1279.26   3.0226277e+14
      1279.43   3.0196265e+14
      1279.59   3.0183188e+14
      1279.75   3.0157564e+14
      1279.92   3.0138911e+14
      1280.08   3.0105037e+14
      1280.25   3.0055087e+14
      1280.41   2.9964896e+14
      1280.57   2.9810425e+14
      1280.74   2.9617011e+14
      1280.90   2.9377231e+14
      1281.07   2.9114276e+14
      1281.23   2.8834070e+14
      1281.39   2.8442125e+14
      1281.56   2.7830276e+14
      1281.72   2.7082428e+14
      1281.89   2.6365436e+14
      1282.05   2.5812741e+14
      1282.22   2.5706970e+14
      1282.38   2.6070403e+14
      1282.55   2.6736323e+14
      1282.71   2.7493991e+14
      1282.87   2.8191049e+14
      1283.04   2.8653814e+14
      1283.20   2.8952772e+14
      1283.37   2.9169302e+14
      1283.53   2.9344493e+14
      1283.70   2.9500301e+14
      1283.86   2.9622475e+14
      1284.03   2.9720937e+14
      1284.19   2.9791345e+14
      1284.36   2.9838725e+14
      1284.52   2.9864152e+14
      1284.69   2.9899457e+14
      1284.85   2.9906290e+14
      1285.02   2.9910734e+14
      1285.18   2.9922755e+14
      1285.35   2.9927698e+14
      1285.51   2.9926041e+14
      1285.68   2.9947772e+14
      1285.84   2.9970817e+14
      1286.01   2.9990495e+14
      1286.17   3.0037152e+14
      1286.34   3.0097482e+14
      1286.51   3.0149926e+14
      1286.67   3.0198072e+14
      1286.84   3.0221545e+14
      1287.00   3.0230598e+14
      1287.17   3.0227952e+14
      1287.33   3.0230291e+14
      1287.50   3.0240891e+14
      1287.66   3.0227746e+14
      1287.83   3.0165187e+14
      1288.00   3.0116244e+14
      1288.16   3.0043248e+14
      1288.33   3.0003136e+14
      1288.49   3.0017781e+14
      1288.66   3.0084123e+14
      1288.83   3.0141613e+14
      1288.99   3.0219447e+14
      1289.16   3.0262903e+14
      1289.32   3.0253595e+14
      1289.49   3.0204412e+14
      1289.66   3.0100014e+14
      1289.82   2.9897111e+14
      1289.99   2.9733389e+14
      1290.16   2.9598047e+14
      1290.32   2.9577323e+14
      1290.49   2.9656157e+14
      1290.66   2.9819904e+14
      1290.82   2.9905758e+14
      1290.99   3.0001031e+14
      1291.16   3.0015716e+14
      1291.32   3.0009027e+14
      1291.49   3.0030555e+14
      1291.66   3.0083807e+14
      1291.82   3.0120925e+14
      1291.99   3.0163767e+14
      1292.16   3.0187433e+14
      1292.32   3.0200671e+14
      1292.49   3.0223996e+14
      1292.66   3.0243603e+14
      1292.82   3.0250998e+14
      1292.99   3.0232918e+14
      1293.16   3.0162826e+14
      1293.33   3.0051420e+14
      1293.49   2.9945162e+14
      1293.66   2.9852831e+14
      1293.83   2.9810539e+14
      1294.00   2.9839017e+14
      1294.16   2.9912393e+14
      1294.33   2.9988005e+14
      1294.50   3.0069116e+14
      1294.67   3.0119257e+14
      1294.83   3.0129554e+14
      1295.00   3.0134814e+14
      1295.17   3.0137408e+14
      1295.34   3.0139937e+14
      1295.51   3.0153278e+14
      1295.67   3.0180741e+14
      1295.84   3.0198613e+14
      1296.01   3.0206027e+14
      1296.18   3.0199360e+14
      1296.34   3.0181093e+14
      1296.51   3.0168264e+14
      1296.68   3.0149915e+14
      1296.85   3.0113255e+14
      1297.02   3.0079742e+14
      1297.19   3.0017841e+14
      1297.35   2.9931210e+14
      1297.52   2.9833692e+14
      1297.69   2.9772642e+14
      1297.86   2.9714928e+14
      1298.03   2.9738275e+14
      1298.19   2.9810153e+14
      1298.36   2.9908287e+14
      1298.53   3.0002830e+14
      1298.70   3.0091566e+14
      1298.87   3.0125417e+14
      1299.04   3.0126946e+14
      1299.21   3.0122500e+14
      1299.38   3.0113678e+14
      1299.55   3.0102018e+14
      1299.71   3.0086946e+14
      1299.88   3.0066408e+14
      1300.05   3.0043025e+14
      1300.22   3.0016088e+14
      1300.39   2.9997520e+14
      1300.56   2.9985543e+14
      1300.73   2.9987260e+14
      1300.90   2.9985947e+14
      1301.07   2.9966084e+14
      1301.24   2.9907012e+14
      1301.41   2.9845182e+14
      1301.57   2.9770952e+14
      1301.74   2.9715522e+14
      1301.91   2.9710472e+14
      1302.08   2.9736735e+14
      1302.25   2.9761110e+14
      1302.42   2.9777431e+14
      1302.59   2.9775101e+14
      1302.76   2.9697933e+14
      1302.93   2.9624588e+14
      1303.10   2.9552762e+14
      1303.27   2.9477741e+14
      1303.44   2.9445234e+14
      1303.61   2.9468984e+14
      1303.78   2.9488687e+14
      1303.95   2.9522482e+14
      1304.12   2.9591224e+14
      1304.29   2.9635786e+14
      1304.46   2.9696659e+14
      1304.63   2.9758186e+14
      1304.80   2.9806580e+14
      1304.97   2.9822846e+14
      1305.14   2.9838759e+14
      1305.31   2.9842731e+14
      1305.48   2.9837992e+14
      1305.65   2.9827264e+14
      1305.82   2.9839427e+14
      1305.99   2.9841475e+14
      1306.17   2.9843500e+14
      1306.34   2.9860729e+14
      1306.51   2.9874231e+14
      1306.68   2.9860238e+14
      1306.85   2.9823207e+14
      1307.02   2.9772543e+14
      1307.19   2.9712589e+14
      1307.36   2.9662803e+14
      1307.53   2.9641318e+14
      1307.70   2.9647149e+14
      1307.87   2.9659759e+14
      1308.04   2.9690999e+14
      1308.22   2.9718845e+14
      1308.39   2.9729254e+14
      1308.56   2.9731811e+14
      1308.73   2.9727370e+14
      1308.90   2.9719232e+14
      1309.07   2.9715855e+14
      1309.24   2.9724696e+14
      1309.42   2.9732986e+14
      1309.59   2.9730680e+14
      1309.76   2.9690442e+14
      1309.93   2.9639728e+14
      1310.10   2.9555997e+14
      1310.27   2.9484116e+14
      1310.44   2.9444292e+14
      1310.62   2.9443177e+14
      1310.79   2.9471674e+14
      1310.96   2.9540669e+14
      1311.13   2.9600002e+14
      1311.30   2.9635756e+14
      1311.47   2.9641387e+14
      1311.65   2.9600710e+14
      1311.82   2.9529305e+14
      1311.99   2.9331955e+14
      1312.16   2.8951708e+14
      1312.34   2.8634888e+14
      1312.51   2.8300916e+14
      1312.68   2.8187706e+14
      1312.85   2.8332235e+14
      1313.03   2.8684320e+14
      1313.20   2.8978680e+14
      1313.37   2.9272089e+14
      1313.54   2.9387099e+14
      1313.71   2.9367259e+14
      1313.89   2.9368373e+14
      1314.06   2.9406398e+14
      1314.23   2.9475719e+14
      1314.41   2.9489324e+14
      1314.58   2.9447334e+14
      1314.75   2.9265257e+14
      1314.92   2.8854892e+14
      1315.10   2.8477435e+14
      1315.27   2.8118181e+14
      1315.44   2.7960407e+14
      1315.62   2.8065723e+14
      1315.79   2.8421729e+14
      1315.96   2.8779648e+14
      1316.14   2.9154727e+14
      1316.31   2.9371297e+14
      1316.48   2.9426783e+14
      1316.66   2.9433155e+14
      1316.83   2.9428153e+14
      1317.00   2.9431656e+14
      1317.18   2.9451019e+14
      1317.35   2.9423013e+14
      1317.52   2.9312695e+14
      1317.70   2.9203076e+14
      1317.87   2.9055580e+14
      1318.04   2.9000341e+14
      1318.22   2.9042272e+14
      1318.39   2.9182986e+14
      1318.56   2.9304863e+14
      1318.74   2.9450974e+14
      1318.91   2.9504494e+14
      1319.09   2.9503036e+14
      1319.26   2.9491279e+14
      1319.44   2.9474193e+14
      1319.61   2.9458540e+14
      1319.78   2.9435848e+14
      1319.96   2.9404842e+14
      1320.13   2.9372747e+14
      1320.31   2.9332432e+14
      1320.48   2.9298321e+14
      1320.66   2.9257624e+14
      1320.83   2.9234497e+14
      1321.00   2.9192216e+14
      1321.18   2.9178805e+14
      1321.35   2.9157340e+14
      1321.53   2.9160527e+14
      1321.70   2.9171772e+14
      1321.88   2.9212177e+14
      1322.05   2.9233261e+14
      1322.23   2.9264087e+14
      1322.40   2.9281407e+14
      1322.58   2.9283213e+14
      1322.75   2.9278937e+14
      1322.93   2.9271778e+14
      1323.10   2.9247571e+14
      1323.28   2.9233760e+14
      1323.45   2.9230072e+14
      1323.63   2.9240084e+14
      1323.80   2.9264188e+14
      1323.98   2.9303605e+14
      1324.15   2.9335830e+14
      1324.33   2.9355396e+14
      1324.50   2.9356684e+14
      1324.68   2.9328861e+14
      1324.85   2.9282574e+14
      1325.03   2.9235866e+14
      1325.20   2.9187670e+14
      1325.38   2.9171162e+14
      1325.56   2.9176494e+14
      1325.73   2.9192360e+14
      1325.91   2.9176710e+14
      1326.08   2.9159968e+14
      1326.26   2.9075271e+14
      1326.44   2.8995545e+14
      1326.61   2.8930416e+14
      1326.79   2.8904362e+14
      1326.96   2.8919570e+14
      1327.14   2.8991486e+14
      1327.32   2.9069575e+14
      1327.49   2.9137755e+14
      1327.67   2.9184111e+14
      1327.84   2.9170172e+14
      1328.02   2.9101156e+14
      1328.20   2.9023515e+14
      1328.37   2.8874730e+14
      1328.55   2.8638502e+14
      1328.73   2.8471936e+14
      1328.90   2.8314991e+14
      1329.08   2.8248192e+14
      1329.26   2.8280692e+14
      1329.43   2.8440069e+14
      1329.61   2.8532650e+14
      1329.79   2.8706612e+14
      1329.96   2.8812473e+14
      1330.14   2.8895505e+14
      1330.32   2.8960191e+14
      1330.49   2.9040358e+14
      1330.67   2.9054034e+14
      1330.85   2.9040124e+14
      1331.03   2.9024465e+14
      1331.20   2.9018824e+14
      1331.38   2.8987122e+14
      1331.56   2.8869734e+14
      1331.73   2.8676237e+14
      1331.91   2.8486122e+14
      1332.09   2.8323047e+14
      1332.27   2.8303442e+14
      1332.44   2.8434733e+14
      1332.62   2.8651309e+14
      1332.80   2.8862764e+14
      1332.98   2.9039165e+14
      1333.16   2.9101632e+14
      1333.33   2.9118841e+14
      1333.51   2.9115122e+14
      1333.69   2.9119114e+14
      1333.87   2.9113283e+14
      1334.05   2.9110578e+14
      1334.22   2.9108089e+14
      1334.40   2.9115720e+14
      1334.58   2.9116507e+14
      1334.76   2.9121586e+14
      1334.94   2.9089889e+14
      1335.11   2.9000145e+14
      1335.29   2.8919679e+14
      1335.47   2.8828336e+14
      1335.65   2.8795847e+14
      1335.83   2.8826492e+14
      1336.01   2.8921260e+14
      1336.18   2.8998728e+14
      1336.36   2.9086915e+14
      1336.54   2.9101924e+14
      1336.72   2.9067859e+14
      1336.90   2.9007794e+14
      1337.08   2.8953350e+14
      1337.26   2.8900570e+14
      1337.44   2.8876236e+14
      1337.61   2.8863158e+14
      1337.79   2.8866404e+14
      1337.97   2.8863738e+14
      1338.15   2.8850554e+14
      1338.33   2.8831595e+14
      1338.51   2.8802049e+14
      1338.69   2.8735754e+14
      1338.87   2.8634739e+14
      1339.05   2.8458844e+14
      1339.23   2.8298584e+14
      1339.41   2.8163351e+14
      1339.58   2.8145102e+14
      1339.76   2.8228068e+14
      1339.94   2.8414074e+14
      1340.12   2.8598721e+14
      1340.30   2.8770852e+14
      1340.48   2.8860396e+14
      1340.66   2.8866409e+14
      1340.84   2.8849114e+14
      1341.02   2.8810883e+14
      1341.20   2.8770892e+14
      1341.38   2.8730370e+14
      1341.56   2.8721386e+14
      1341.74   2.8712322e+14
      1341.92   2.8722144e+14
      1342.10   2.8749250e+14
      1342.28   2.8777234e+14
      1342.46   2.8784213e+14
      1342.64   2.8803574e+14
      1342.82   2.8786136e+14
      1343.00   2.8747499e+14
      1343.18   2.8726434e+14
      1343.36   2.8715497e+14
      1343.54   2.8719854e+14
      1343.72   2.8754363e+14
      1343.91   2.8795530e+14
      1344.09   2.8827418e+14
      1344.27   2.8861803e+14
      1344.45   2.8878281e+14
      1344.63   2.8876445e+14
      1344.81   2.8856263e+14
      1344.99   2.8826245e+14
      1345.17   2.8772736e+14
      1345.35   2.8728604e+14
      1345.53   2.8675796e+14
      1345.71   2.8627015e+14
      1345.90   2.8581742e+14
      1346.08   2.8561277e+14
      1346.26   2.8548000e+14
      1346.44   2.8578228e+14
      1346.62   2.8627688e+14
      1346.80   2.8682597e+14
      1346.98   2.8727695e+14
      1347.16   2.8741324e+14
      1347.35   2.8727710e+14
      1347.53   2.8702591e+14
      1347.71   2.8690201e+14
      1347.89   2.8691778e+14
      1348.07   2.8711865e+14
      1348.25   2.8729993e+14
      1348.44   2.8733043e+14
      1348.62   2.8703356e+14
      1348.80   2.8668361e+14
      1348.98   2.8628623e+14
      1349.16   2.8587814e+14
      1349.35   2.8521281e+14
      1349.53   2.8473357e+14
      1349.71   2.8396410e+14
      1349.89   2.8327762e+14
      1350.07   2.8251876e+14
      1350.26   2.8238749e+14
      1350.44   2.8234875e+14
      1350.62   2.8299301e+14
      1350.80   2.8349763e+14
      1350.99   2.8422547e+14
      1351.17   2.8471560e+14
      1351.35   2.8541059e+14
      1351.53   2.8581847e+14
      1351.72   2.8625515e+14
      1351.90   2.8654794e+14
      1352.08   2.8683363e+14
      1352.27   2.8681179e+14
      1352.45   2.8663865e+14
      1352.63   2.8641437e+14
      1352.81   2.8623551e+14
      1353.00   2.8603591e+14
      1353.18   2.8581634e+14
      1353.36   2.8553616e+14
      1353.55   2.8532457e+14
      1353.73   2.8514095e+14
      1353.91   2.8515392e+14
      1354.10   2.8526198e+14
      1354.28   2.8518337e+14
      1354.46   2.8442768e+14
      1354.65   2.8371912e+14
      1354.83   2.8250797e+14
      1355.01   2.8126247e+14
      1355.20   2.8072832e+14
      1355.38   2.8073103e+14
      1355.56   2.8098290e+14
      1355.75   2.8174350e+14
      1355.93   2.8239130e+14
      1356.12   2.8205464e+14
      1356.30   2.8110524e+14
      1356.48   2.8007043e+14
      1356.67   2.7875855e+14
      1356.85   2.7842340e+14
      1357.04   2.7914599e+14
      1357.22   2.8052180e+14
      1357.41   2.8150577e+14
      1357.59   2.8281288e+14
      1357.77   2.8313694e+14
      1357.96   2.8320278e+14
      1358.14   2.8346175e+14
      1358.33   2.8386847e+14
      1358.51   2.8405494e+14
      1358.70   2.8406157e+14
      1358.88   2.8355572e+14
      1359.06   2.8216321e+14
      1359.25   2.8112184e+14
      1359.43   2.7987671e+14
      1359.62   2.7944216e+14
      1359.80   2.7921663e+14
      1359.99   2.7999414e+14
      1360.17   2.8040156e+14
      1360.36   2.8142727e+14
      1360.54   2.8209252e+14
      1360.73   2.8296359e+14
      1360.92   2.8357154e+14
      1361.10   2.8411627e+14
      1361.29   2.8423716e+14
      1361.47   2.8416713e+14
      1361.66   2.8402378e+14
      1361.84   2.8377467e+14
      1362.03   2.8339269e+14
      1362.21   2.8237504e+14
      1362.40   2.8090913e+14
      1362.58   2.7936493e+14
      1362.77   2.7815238e+14
      1362.95   2.7772461e+14
      1363.14   2.7843076e+14
      1363.33   2.7955878e+14
      1363.51   2.8072108e+14
      1363.70   2.8167113e+14
      1363.88   2.8190943e+14
      1364.07   2.8132996e+14
      1364.26   2.8105400e+14
      1364.44   2.8067617e+14
      1364.63   2.8076478e+14
      1364.81   2.8118619e+14
      1365.00   2.8188991e+14
      1365.19   2.8230430e+14
      1365.37   2.8276329e+14
      1365.56   2.8266691e+14
      1365.75   2.8216276e+14
      1365.93   2.8174883e+14
      1366.12   2.8128989e+14
      1366.31   2.8103071e+14
      1366.49   2.8043011e+14
      1366.68   2.7981198e+14
      1366.87   2.7923112e+14
      1367.05   2.7895736e+14
      1367.24   2.7905934e+14
      1367.43   2.7957238e+14
      1367.61   2.8041451e+14
      1367.80   2.8099971e+14
      1367.99   2.8124703e+14
      1368.18   2.8032424e+14
      1368.36   2.7934896e+14
      1368.55   2.7772492e+14
      1368.74   2.7707155e+14
      1368.93   2.7661140e+14
      1369.11   2.7698466e+14
      1369.30   2.7753261e+14
      1369.49   2.7813913e+14
      1369.68   2.7780210e+14
      1369.86   2.7753537e+14
      1370.05   2.7712360e+14
      1370.24   2.7698058e+14
      1370.43   2.7733177e+14
      1370.61   2.7778767e+14
      1370.80   2.7758127e+14
      1370.99   2.7758342e+14
      1371.18   2.7724609e+14
      1371.37   2.7736337e+14
      1371.55   2.7795639e+14
      1371.74   2.7913610e+14
      1371.93   2.8007144e+14
      1372.12   2.8090917e+14
      1372.31   2.8135175e+14
      1372.49   2.8128697e+14
      1372.68   2.8102944e+14
      1372.87   2.8084586e+14
      1373.06   2.8060176e+14
      1373.25   2.8059929e+14
      1373.44   2.8067340e+14
      1373.63   2.8095033e+14
      1373.81   2.8100648e+14
      1374.00   2.8060335e+14
      1374.19   2.7944989e+14
      1374.38   2.7826606e+14
      1374.57   2.7716195e+14
      1374.76   2.7680071e+14
      1374.95   2.7704376e+14
      1375.14   2.7760655e+14
      1375.33   2.7729468e+14
      1375.52   2.7698874e+14
      1375.70   2.7550023e+14
      1375.89   2.7467391e+14
      1376.08   2.7399387e+14
      1376.27   2.7438455e+14
      1376.46   2.7486619e+14
      1376.65   2.7610119e+14
      1376.84   2.7699639e+14
      1377.03   2.7800425e+14
      1377.22   2.7870540e+14
      1377.41   2.7869737e+14
      1377.60   2.7838667e+14
      1377.79   2.7772729e+14
      1377.98   2.7724351e+14
      1378.17   2.7731811e+14
      1378.36   2.7798585e+14
      1378.55   2.7885151e+14
      1378.74   2.7969404e+14
      1378.93   2.8025106e+14
      1379.12   2.8024633e+14
      1379.31   2.7996026e+14
      1379.50   2.7925592e+14
      1379.69   2.7871229e+14
      1379.88   2.7816544e+14
      1380.07   2.7801532e+14
      1380.26   2.7802222e+14
      1380.45   2.7848185e+14
      1380.64   2.7871701e+14
      1380.83   2.7902774e+14
      1381.03   2.7908994e+14
      1381.21   2.7887928e+14
      1381.41   2.7807810e+14
      1381.60   2.7729928e+14
      1381.79   2.7615623e+14
      1381.98   2.7535282e+14
      1382.17   2.7483033e+14
      1382.36   2.7499222e+14
      1382.55   2.7530460e+14
      1382.74   2.7603352e+14
      1382.94   2.7627031e+14
      1383.13   2.7660802e+14
      1383.32   2.7676024e+14
      1383.51   2.7716999e+14
      1383.70   2.7763472e+14
      1383.89   2.7818564e+14
      1384.08   2.7846895e+14
      1384.28   2.7867378e+14
      1384.47   2.7812639e+14
      1384.66   2.7744914e+14
      1384.85   2.7643481e+14
      1385.04   2.7579947e+14
      1385.23   2.7545228e+14
      1385.43   2.7576259e+14
      1385.62   2.7633215e+14
      1385.81   2.7734859e+14
      1386.00   2.7784751e+14
      1386.19   2.7755344e+14
      1386.39   2.7713017e+14
      1386.58   2.7624298e+14
      1386.77   2.7580032e+14
      1386.96   2.7563834e+14
      1387.16   2.7600420e+14
      1387.35   2.7623246e+14
      1387.54   2.7667764e+14
      1387.73   2.7680908e+14
      1387.93   2.7689305e+14
      1388.12   2.7715571e+14
      1388.31   2.7747883e+14
      1388.50   2.7777265e+14
      1388.70   2.7791584e+14
      1388.89   2.7805524e+14
      1389.08   2.7805151e+14
      1389.28   2.7750524e+14
      1389.47   2.7611840e+14
      1389.66   2.7478878e+14
      1389.85   2.7340724e+14
      1390.05   2.7294796e+14
      1390.24   2.7334547e+14
      1390.43   2.7455585e+14
      1390.63   2.7564216e+14
      1390.82   2.7678964e+14
      1391.01   2.7714065e+14
      1391.21   2.7721275e+14
      1391.40   2.7728464e+14
      1391.59   2.7726339e+14
      1391.79   2.7715389e+14
      1391.98   2.7681299e+14
      1392.18   2.7629738e+14
      1392.37   2.7582338e+14
      1392.56   2.7557003e+14
      1392.76   2.7545070e+14
      1392.95   2.7555539e+14
      1393.15   2.7572846e+14
      1393.34   2.7576101e+14
      1393.53   2.7543184e+14
      1393.73   2.7484031e+14
      1393.92   2.7416954e+14
      1394.12   2.7373752e+14
      1394.31   2.7384049e+14
      1394.51   2.7425393e+14
      1394.70   2.7425507e+14
      1394.90   2.7410574e+14
      1395.09   2.7362978e+14
      1395.28   2.7315467e+14
      1395.48   2.7316643e+14
      1395.67   2.7385156e+14
      1395.87   2.7458435e+14
      1396.06   2.7538125e+14
      1396.26   2.7562328e+14
      1396.45   2.7549597e+14
      1396.65   2.7527036e+14
      1396.84   2.7533190e+14
      1397.04   2.7542237e+14
      1397.23   2.7568071e+14
      1397.43   2.7584136e+14
      1397.62   2.7591898e+14
      1397.82   2.7586475e+14
      1398.02   2.7573521e+14
      1398.21   2.7562600e+14
      1398.41   2.7544833e+14
      1398.60   2.7542369e+14
      1398.80   2.7540155e+14
      1398.99   2.7538319e+14
      1399.19   2.7497240e+14
      1399.38   2.7343065e+14
      1399.58   2.7149535e+14
      1399.78   2.6943508e+14
      1399.97   2.6791402e+14
      1400.17   2.6774793e+14
      1400.36   2.6852572e+14
      1400.56   2.6895314e+14
      1400.76   2.6988099e+14
      1400.95   2.7000479e+14
      1401.15   2.7017276e+14
      1401.34   2.7085583e+14
      1401.54   2.7196505e+14
      1401.74   2.7273419e+14
      1401.94   2.7370481e+14
      1402.13   2.7379153e+14
      1402.33   2.7352893e+14
      1402.53   2.7290134e+14
      1402.72   2.7222227e+14
      1402.92   2.7116447e+14
      1403.11   2.7064817e+14
      1403.31   2.7027479e+14
      1403.51   2.7081679e+14
      1403.71   2.7109097e+14
      1403.90   2.7186594e+14
      1404.10   2.7191366e+14
      1404.30   2.7201577e+14
      1404.49   2.7134429e+14
      1404.69   2.7125958e+14
      1404.89   2.7094861e+14
      1405.09   2.7143527e+14
      1405.28   2.7206942e+14
      1405.48   2.7293573e+14
      1405.68   2.7304662e+14
      1405.88   2.7311827e+14
      1406.07   2.7233739e+14
      1406.27   2.7151255e+14
      1406.47   2.7114080e+14
      1406.67   2.7131512e+14
      1406.86   2.7166811e+14
      1407.06   2.7196148e+14
      1407.26   2.7217971e+14
      1407.46   2.7200117e+14
      1407.66   2.7198758e+14
      1407.86   2.7178521e+14
      1408.05   2.7189610e+14
      1408.25   2.7181268e+14
      1408.45   2.7202367e+14
      1408.65   2.7216531e+14
      1408.85   2.7246932e+14
      1409.05   2.7271558e+14
      1409.24   2.7305662e+14
      1409.44   2.7315466e+14
      1409.64   2.7295536e+14
      1409.84   2.7270144e+14
      1410.04   2.7230722e+14
      1410.24   2.7190084e+14
      1410.44   2.7178893e+14
      1410.64   2.7169232e+14
      1410.83   2.7113557e+14
      1411.03   2.6899717e+14
      1411.23   2.6704744e+14
      1411.43   2.6421051e+14
      1411.63   2.6297862e+14
      1411.83   2.6291067e+14
      1412.03   2.6470581e+14
      1412.23   2.6633951e+14
      1412.43   2.6788895e+14
      1412.63   2.6783024e+14
      1412.83   2.6710769e+14
      1413.03   2.6677896e+14
      1413.23   2.6694654e+14
      1413.43   2.6799217e+14
      1413.63   2.6893073e+14
      1413.83   2.6990058e+14
      1414.03   2.6977631e+14
      1414.23   2.6945999e+14
      1414.43   2.6895683e+14
      1414.63   2.6916799e+14
      1414.83   2.6959988e+14
      1415.03   2.7060387e+14
      1415.23   2.7128770e+14
      1415.43   2.7167447e+14
      1415.63   2.7095517e+14
      1415.83   2.6999765e+14
      1416.03   2.6888620e+14
      1416.23   2.6834150e+14
      1416.43   2.6840617e+14
      1416.63   2.6909334e+14
      1416.83   2.6988672e+14
      1417.03   2.7074444e+14
      1417.23   2.7117192e+14
      1417.43   2.7133570e+14
      1417.64   2.7150050e+14
      1417.84   2.7138467e+14
      1418.04   2.7088672e+14
      1418.24   2.7028906e+14
      1418.44   2.6959045e+14
      1418.64   2.6889782e+14
      1418.84   2.6858802e+14
      1419.04   2.6856616e+14
      1419.24   2.6853562e+14
      1419.45   2.6808470e+14
      1419.65   2.6788542e+14
      1419.85   2.6717407e+14
      1420.05   2.6747495e+14
      1420.25   2.6783550e+14
      1420.45   2.6888699e+14
      1420.66   2.6959265e+14
      1420.86   2.6996217e+14
      1421.06   2.6814774e+14
      1421.26   2.6648156e+14
      1421.46   2.6454746e+14
      1421.67   2.6389526e+14
      1421.87   2.6382291e+14
      1422.07   2.6477839e+14
      1422.27   2.6415068e+14
      1422.47   2.6448644e+14
      1422.68   2.6354635e+14
      1422.88   2.6390150e+14
      1423.08   2.6477039e+14
      1423.29   2.6635006e+14
      1423.49   2.6590449e+14
      1423.69   2.6566980e+14
      1423.89   2.6419181e+14
      1424.10   2.6366804e+14
      1424.30   2.6422159e+14
      1424.50   2.6586991e+14
      1424.70   2.6719563e+14
      1424.91   2.6754629e+14
      1425.11   2.6637037e+14
      1425.31   2.6454902e+14
      1425.52   2.6313433e+14
      1425.72   2.6152018e+14
      1425.92   2.6115851e+14
      1426.13   2.6105754e+14
      1426.33   2.6203310e+14
      1426.53   2.6319908e+14
      1426.74   2.6370826e+14
      1426.94   2.6390258e+14
      1427.14   2.6343891e+14
      1427.35   2.6317227e+14
      1427.55   2.6296342e+14
      1427.76   2.6435967e+14
      1427.96   2.6575769e+14
      1428.16   2.6715544e+14
      1428.37   2.6634783e+14
      1428.57   2.6525560e+14
      1428.78   2.6330989e+14
      1428.98   2.6115692e+14
      1429.18   2.5958335e+14
      1429.39   2.5897222e+14
      1429.59   2.5888818e+14
      1429.80   2.6021468e+14
      1430.00   2.6211085e+14
      1430.21   2.6412234e+14
      1430.41   2.6576456e+14
      1430.61   2.6563901e+14
      1430.82   2.6440236e+14
      1431.03   2.6289926e+14
      1431.23   2.6261090e+14
      1431.43   2.6324536e+14
      1431.64   2.6499173e+14
      1431.84   2.6679480e+14
      1432.05   2.6853267e+14
      1432.25   2.6915337e+14
      1432.46   2.6928827e+14
      1432.67   2.6927717e+14
      1432.87   2.6881558e+14
      1433.07   2.6761843e+14
      1433.28   2.6625079e+14
      1433.49   2.6480749e+14
      1433.69   2.6419971e+14
      1433.90   2.6423275e+14
      1434.10   2.6485327e+14
      1434.31   2.6561394e+14
      1434.51   2.6629410e+14
      1434.72   2.6649264e+14
      1434.93   2.6643462e+14
      1435.13   2.6648063e+14
      1435.34   2.6657517e+14
      1435.54   2.6680830e+14
      1435.75   2.6648090e+14
      1435.96   2.6613384e+14
      1436.16   2.6589411e+14
      1436.37   2.6583432e+14
      1436.57   2.6620294e+14
      1436.78   2.6662355e+14
      1436.99   2.6704174e+14
      1437.19   2.6737562e+14
      1437.40   2.6740133e+14
      1437.61   2.6671018e+14
      1437.81   2.6637243e+14
      1438.02   2.6596418e+14
      1438.23   2.6616595e+14
      1438.44   2.6642030e+14
      1438.64   2.6711475e+14
      1438.85   2.6742108e+14
      1439.06   2.6782320e+14
      1439.26   2.6743908e+14
      1439.47   2.6585238e+14
      1439.68   2.6290243e+14
      1439.89   2.5806828e+14
      1440.09   2.5361421e+14
      1440.30   2.5005983e+14
      1440.51   2.4984163e+14
      1440.71   2.5213030e+14
      1440.92   2.5685507e+14
      1441.13   2.6121204e+14
      1441.34   2.6457685e+14
      1441.55   2.6452400e+14
      1441.75   2.6221829e+14
      1441.96   2.5944172e+14
      1442.17   2.5683735e+14
      1442.38   2.5577290e+14
      1442.58   2.5602801e+14
      1442.79   2.5760395e+14
      1443.00   2.5947696e+14
      1443.21   2.6146323e+14
      1443.42   2.6233775e+14
      1443.63   2.6244115e+14
      1443.83   2.6208264e+14
      1444.04   2.6027192e+14
      1444.25   2.5910580e+14
      1444.46   2.5798110e+14
      1444.67   2.5880698e+14
      1444.88   2.6028955e+14
      1445.09   2.6291972e+14
      1445.30   2.6438592e+14
      1445.50   2.6539288e+14
      1445.71   2.6501922e+14
      1445.92   2.6387995e+14
      1446.13   2.6276180e+14
      1446.34   2.6132537e+14
      1446.55   2.6065595e+14
      1446.76   2.6021107e+14
      1446.97   2.6065148e+14
      1447.18   2.6128588e+14
      1447.39   2.6226379e+14
      1447.60   2.6288184e+14
      1447.81   2.6355739e+14
      1448.02   2.6379236e+14
      1448.23   2.6375282e+14
      1448.44   2.6379146e+14
      1448.65   2.6357811e+14
      1448.85   2.6345455e+14
      1449.06   2.6347177e+14
      1449.28   2.6370869e+14
      1449.48   2.6336000e+14
      1449.70   2.6312602e+14
      1449.91   2.6181425e+14
      1450.12   2.6044596e+14
      1450.33   2.5933823e+14
      1450.54   2.5901721e+14
      1450.75   2.5882331e+14
      1450.96   2.5785978e+14
      1451.17   2.5717111e+14
      1451.38   2.5584615e+14
      1451.59   2.5618347e+14
      1451.80   2.5686939e+14
      1452.01   2.5887605e+14
      1452.22   2.5996242e+14
      1452.43   2.6137061e+14
      1452.64   2.6101637e+14
      1452.85   2.6046095e+14
      1453.07   2.6017155e+14
      1453.28   2.5998029e+14
      1453.49   2.5973986e+14
      1453.70   2.5949556e+14
      1453.91   2.5837579e+14
      1454.12   2.5713196e+14
      1454.33   2.5632728e+14
      1454.55   2.5596809e+14
      1454.76   2.5655804e+14
      1454.97   2.5765614e+14
      1455.18   2.5756258e+14
      1455.39   2.5739849e+14
      1455.60   2.5656688e+14
      1455.82   2.5598029e+14
      1456.03   2.5638434e+14
      1456.24   2.5769689e+14
      1456.45   2.5836020e+14
      1456.66   2.5920003e+14
      1456.88   2.5889534e+14
      1457.09   2.5858641e+14
      1457.30   2.5884294e+14
      1457.51   2.5957158e+14
      1457.73   2.6050012e+14
      1457.94   2.6136033e+14
      1458.15   2.6182823e+14
      1458.36   2.6213957e+14
      1458.58   2.6267349e+14
      1458.79   2.6280843e+14
      1459.00   2.6248756e+14
      1459.21   2.6179425e+14
      1459.43   2.6090181e+14
      1459.64   2.6039427e+14
      1459.85   2.6004980e+14
      1460.07   2.5977922e+14
      1460.28   2.5965745e+14
      1460.49   2.5958757e+14
      1460.71   2.5955330e+14
      1460.92   2.5967357e+14
      1461.13   2.6000271e+14
      1461.35   2.5966016e+14
      1461.56   2.5924912e+14
      1461.78   2.5835821e+14
      1461.99   2.5764220e+14
      1462.20   2.5694871e+14
      1462.42   2.5701177e+14
      1462.63   2.5655888e+14
      1462.84   2.5656605e+14
      1463.06   2.5631795e+14
      1463.27   2.5617589e+14
      1463.49   2.5567232e+14
      1463.70   2.5611420e+14
      1463.92   2.5623797e+14
      1464.13   2.5713028e+14
      1464.34   2.5823521e+14
      1464.56   2.5938295e+14
      1464.77   2.5954457e+14
      1464.99   2.5854749e+14
      1465.20   2.5688145e+14
      1465.42   2.5481522e+14
      1465.63   2.5414136e+14
      1465.85   2.5454859e+14
      1466.06   2.5632437e+14
      1466.28   2.5801113e+14
      1466.49   2.5984069e+14
      1466.71   2.6038495e+14
      1466.92   2.6030788e+14
      1467.14   2.5971324e+14
      1467.35   2.5835037e+14
      1467.57   2.5722648e+14
      1467.78   2.5617634e+14
      1468.00   2.5592164e+14
      1468.21   2.5623903e+14
      1468.43   2.5713956e+14
      1468.65   2.5808437e+14
      1468.86   2.5897561e+14
      1469.08   2.5950445e+14
      1469.29   2.5978510e+14
      1469.51   2.5996887e+14
      1469.72   2.5924315e+14
      1469.94   2.5796419e+14
      1470.16   2.5574700e+14
      1470.37   2.5396923e+14
      1470.59   2.5267527e+14
      1470.81   2.5269547e+14
      1471.02   2.5356564e+14
      1471.24   2.5513798e+14
      1471.45   2.5605147e+14
      1471.67   2.5599011e+14
      1471.89   2.5551474e+14
      1472.10   2.5423100e+14
      1472.32   2.5389232e+14
      1472.54   2.5330848e+14
      1472.75   2.5383079e+14
      1472.97   2.5379908e+14
      1473.19   2.5317133e+14
      1473.41   2.5144686e+14
      1473.62   2.4950410e+14
      1473.84   2.4830169e+14
      1474.06   2.4843888e+14
      1474.27   2.5028160e+14
      1474.49   2.5210309e+14
      1474.71   2.5327242e+14
      1474.93   2.5323967e+14
      1475.14   2.5186963e+14
      1475.36   2.5116580e+14
      1475.58   2.5098970e+14
      1475.80   2.5167120e+14
      1476.02   2.5264184e+14
      1476.23   2.5379058e+14
      1476.45   2.5395921e+14
      1476.67   2.5349510e+14
      1476.89   2.5257429e+14
      1477.10   2.5189485e+14
      1477.32   2.5162436e+14
      1477.54   2.5187031e+14
      1477.76   2.5181542e+14
      1477.98   2.5196982e+14
      1478.20   2.5169891e+14
      1478.42   2.5179610e+14
      1478.63   2.5214177e+14
      1478.85   2.5331936e+14
      1479.07   2.5509573e+14
      1479.29   2.5666780e+14
      1479.51   2.5731919e+14
      1479.73   2.5716973e+14
      1479.95   2.5629006e+14
      1480.17   2.5536735e+14
      1480.39   2.5410137e+14
      1480.60   2.5345166e+14
      1480.82   2.5270977e+14
      1481.04   2.5294714e+14
      1481.26   2.5297124e+14
      1481.48   2.5377065e+14
      1481.70   2.5433221e+14
      1481.92   2.5510393e+14
      1482.14   2.5507497e+14
      1482.36   2.5385907e+14
      1482.58   2.5282101e+14
      1482.80   2.5127202e+14
      1483.02   2.5023588e+14
      1483.24   2.4963022e+14
      1483.46   2.5051915e+14
      1483.68   2.5127912e+14
      1483.90   2.5307313e+14
      1484.12   2.5402859e+14
      1484.34   2.5509686e+14
      1484.56   2.5620371e+14
      1484.78   2.5696748e+14
      1485.00   2.5682780e+14
      1485.22   2.5662269e+14
      1485.44   2.5598330e+14
      1485.66   2.5536781e+14
      1485.88   2.5410892e+14
      1486.10   2.5336420e+14
      1486.33   2.5245387e+14
      1486.55   2.5242688e+14
      1486.77   2.5225878e+14
      1486.99   2.5199086e+14
      1487.21   2.5004548e+14
      1487.43   2.4437418e+14
      1487.65   2.3672768e+14
      1487.87   2.2919978e+14
      1488.09   2.2557363e+14
      1488.32   2.2674113e+14
      1488.54   2.3325342e+14
      1488.76   2.4124664e+14
      1488.98   2.4931962e+14
      1489.20   2.5409941e+14
      1489.43   2.5539783e+14
      1489.65   2.5494453e+14
      1489.87   2.5436033e+14
      1490.09   2.5366868e+14
      1490.31   2.5357495e+14
      1490.54   2.5372495e+14
      1490.76   2.5408713e+14
      1490.98   2.5399825e+14
      1491.20   2.5395093e+14
      1491.42   2.5309851e+14
      1491.65   2.5221920e+14
      1491.87   2.5180630e+14
      1492.09   2.5186196e+14
      1492.31   2.5239751e+14
      1492.54   2.5329383e+14
      1492.76   2.5403416e+14
      1492.98   2.5432224e+14
      1493.21   2.5461198e+14
      1493.43   2.5439706e+14
      1493.65   2.5435880e+14
      1493.88   2.5461038e+14
      1494.10   2.5507788e+14
      1494.32   2.5542670e+14
      1494.55   2.5546023e+14
      1494.77   2.5477587e+14
      1494.99   2.5397332e+14
      1495.21   2.5261693e+14
      1495.44   2.5046634e+14
      1495.66   2.4874226e+14
      1495.89   2.4667342e+14
      1496.11   2.4604676e+14
      1496.33   2.4614585e+14
      1496.56   2.4756243e+14
      1496.78   2.4840911e+14
      1497.01   2.5020021e+14
      1497.23   2.5034400e+14
      1497.45   2.5090821e+14
      1497.68   2.5121362e+14
      1497.90   2.5194780e+14
      1498.13   2.5219218e+14
      1498.35   2.5161841e+14
      1498.58   2.5070019e+14
      1498.80   2.4961101e+14
      1499.03   2.4954553e+14
      1499.25   2.5012970e+14
      1499.47   2.5147633e+14
      1499.70   2.5244807e+14
      1499.93   2.5337685e+14
      1500.15   2.5321213e+14
      1500.38   2.5293608e+14
      1500.60   2.5276299e+14
      1500.82   2.5260456e+14
      1501.05   2.5264442e+14
      1501.28   2.5260630e+14
      1501.50   2.5228739e+14
      1501.73   2.5181253e+14
      1501.95   2.4993009e+14
      1502.18   2.4428377e+14
      1502.40   2.3818398e+14
      1502.63   2.3196228e+14
      1502.85   2.2920812e+14
      1503.08   2.3020958e+14
      1503.31   2.3502529e+14
      1503.53   2.3937146e+14
      1503.76   2.4063865e+14
      1503.98   2.3916698e+14
      1504.21   2.3439843e+14
      1504.44   2.3038427e+14
      1504.66   2.2843309e+14
      1504.89   2.2801554e+14
      1505.12   2.2885290e+14
      1505.34   2.3129643e+14
      1505.57   2.3335710e+14
      1505.80   2.3577950e+14
      1506.02   2.3994213e+14
      1506.25   2.4282523e+14
      1506.48   2.4526300e+14
      1506.70   2.4702023e+14
      1506.93   2.4779846e+14
      1507.16   2.4875273e+14
      1507.39   2.4860584e+14
      1507.61   2.4819739e+14
      1507.84   2.4677434e+14
      1508.07   2.4462388e+14
      1508.30   2.4277811e+14
      1508.52   2.4194740e+14
      1508.75   2.4248539e+14
      1508.98   2.4432979e+14
      1509.21   2.4652200e+14
      1509.43   2.4826299e+14
      1509.66   2.4961520e+14
      1509.89   2.4981784e+14
      1510.12   2.4982954e+14
      1510.35   2.4985357e+14
      1510.57   2.5010902e+14
      1510.80   2.5029203e+14
      1511.03   2.5051969e+14
      1511.26   2.5038648e+14
      1511.49   2.4970615e+14
      1511.72   2.4830312e+14
      1511.94   2.4618014e+14
      1512.17   2.4456938e+14
      1512.40   2.4342805e+14
      1512.63   2.4365773e+14
      1512.86   2.4400050e+14
      1513.09   2.4475157e+14
      1513.32   2.4456917e+14
      1513.55   2.4438259e+14
      1513.78   2.4374220e+14
      1514.01   2.4378579e+14
      1514.23   2.4399347e+14
      1514.46   2.4483180e+14
      1514.69   2.4549389e+14
      1514.92   2.4601400e+14
      1515.15   2.4643594e+14
      1515.38   2.4661122e+14
      1515.61   2.4623313e+14
      1515.84   2.4581443e+14
      1516.07   2.4468813e+14
      1516.30   2.4400215e+14
      1516.53   2.4328037e+14
      1516.76   2.4345780e+14
      1516.99   2.4368733e+14
      1517.22   2.4494056e+14
      1517.45   2.4567168e+14
      1517.68   2.4681847e+14
      1517.91   2.4726276e+14
      1518.14   2.4719436e+14
      1518.37   2.4621964e+14
      1518.60   2.4526220e+14
      1518.83   2.4443254e+14
      1519.06   2.4427420e+14
      1519.30   2.4473108e+14
      1519.53   2.4554744e+14
      1519.76   2.4603606e+14
      1519.99   2.4653065e+14
      1520.22   2.4603191e+14
      1520.45   2.4428094e+14
      1520.68   2.4301839e+14
      1520.91   2.4162115e+14
      1521.14   2.4132960e+14
      1521.38   2.4123591e+14
      1521.61   2.4104288e+14
      1521.84   2.4059991e+14
      1522.07   2.4053441e+14
      1522.30   2.4052617e+14
      1522.53   2.4092088e+14
      1522.77   2.4225337e+14
      1523.00   2.4311741e+14
      1523.23   2.4399746e+14
      1523.46   2.4392791e+14
      1523.69   2.4399946e+14
      1523.93   2.4398981e+14
      1524.16   2.4290923e+14
      1524.39   2.4199117e+14
      1524.62   2.4058441e+14
      1524.85   2.4019760e+14
      1525.09   2.4050979e+14
      1525.32   2.4227002e+14
      1525.55   2.4389624e+14
      1525.79   2.4565099e+14
      1526.02   2.4560236e+14
      1526.25   2.4502137e+14
      1526.48   2.4428118e+14
      1526.72   2.4392128e+14
      1526.95   2.4382158e+14
      1527.18   2.4434187e+14
      1527.42   2.4487481e+14
      1527.65   2.4532447e+14
      1527.88   2.4534722e+14
      1528.12   2.4506438e+14
      1528.35   2.4469329e+14
      1528.58   2.4427946e+14
      1528.82   2.4380730e+14
      1529.05   2.4211011e+14
      1529.29   2.3930982e+14
      1529.52   2.3580101e+14
      1529.75   2.3282466e+14
      1529.99   2.3157330e+14
      1530.22   2.3254222e+14
      1530.46   2.3524366e+14
      1530.69   2.3864494e+14
      1530.93   2.4169954e+14
      1531.16   2.4325210e+14
      1531.39   2.4376129e+14
      1531.63   2.4371375e+14
      1531.86   2.4315878e+14
      1532.10   2.4243818e+14
      1532.33   2.4179099e+14
      1532.57   2.4127719e+14
      1532.80   2.4117083e+14
      1533.04   2.4122565e+14
      1533.27   2.4030539e+14
      1533.51   2.3963805e+14
      1533.74   2.3845650e+14
      1533.98   2.3747870e+14
      1534.21   2.3698616e+14
      1534.45   2.3734721e+14
      1534.68   2.3788244e+14
      1534.92   2.3907843e+14
      1535.16   2.3995875e+14
      1535.39   2.4066612e+14
      1535.63   2.4148914e+14
      1535.86   2.4173816e+14
      1536.10   2.4166429e+14
      1536.33   2.4159620e+14
      1536.57   2.4162439e+14
      1536.81   2.4191570e+14
      1537.04   2.4198329e+14
      1537.28   2.4109346e+14
      1537.52   2.3961080e+14
      1537.75   2.3789607e+14
      1537.99   2.3681767e+14
      1538.22   2.3656886e+14
      1538.46   2.3738464e+14
      1538.70   2.3845700e+14
      1538.94   2.3925312e+14
      1539.17   2.3792932e+14
      1539.41   2.3628055e+14
      1539.65   2.3409022e+14
      1539.88   2.3307385e+14
      1540.12   2.3256317e+14
      1540.36   2.3346231e+14
      1540.59   2.3432568e+14
      1540.83   2.3562150e+14
      1541.07   2.3620655e+14
      1541.31   2.3659707e+14
      1541.55   2.3737739e+14
      1541.78   2.3773359e+14
      1542.02   2.3767587e+14
      1542.26   2.3742067e+14
      1542.50   2.3732589e+14
      1542.73   2.3748246e+14
      1542.97   2.3798294e+14
      1543.21   2.3893333e+14
      1543.45   2.3963260e+14
      1543.69   2.4017820e+14
      1543.93   2.3999569e+14
      1544.16   2.3989034e+14
      1544.40   2.3980853e+14
      1544.64   2.4004073e+14
      1544.88   2.4026203e+14
      1545.12   2.4057580e+14
      1545.36   2.4063559e+14
      1545.59   2.4064066e+14
      1545.83   2.4035602e+14
      1546.07   2.4003168e+14
      1546.31   2.3971734e+14
      1546.55   2.3925376e+14
      1546.79   2.3789083e+14
      1547.03   2.3663048e+14
      1547.27   2.3449368e+14
      1547.51   2.3301807e+14
      1547.75   2.3185053e+14
      1547.99   2.3232378e+14
      1548.23   2.3317153e+14
      1548.47   2.3491985e+14
      1548.71   2.3569334e+14
      1548.95   2.3632191e+14
      1549.19   2.3620788e+14
      1549.43   2.3556536e+14
      1549.67   2.3496651e+14
      1549.91   2.3404320e+14
      1550.15   2.3388142e+14
      1550.39   2.3357445e+14
      1550.63   2.3402248e+14
      1550.87   2.3464744e+14
      1551.11   2.3597810e+14
      1551.35   2.3682750e+14
      1551.59   2.3786216e+14
      1551.83   2.3804334e+14
      1552.07   2.3805118e+14
      1552.31   2.3794818e+14
      1552.55   2.3761100e+14
      1552.80   2.3654121e+14
      1553.04   2.3513598e+14
      1553.28   2.3354413e+14
      1553.52   2.3218302e+14
      1553.76   2.3155534e+14
      1554.00   2.3095296e+14
      1554.24   2.3119882e+14
      1554.48   2.3170741e+14
      1554.73   2.3266665e+14
      1554.97   2.3277999e+14
      1555.21   2.3315085e+14
      1555.45   2.3218039e+14
      1555.69   2.3163591e+14
      1555.94   2.3075135e+14
      1556.18   2.3097461e+14
      1556.42   2.3184579e+14
      1556.66   2.3367308e+14
      1556.91   2.3491896e+14
      1557.15   2.3585298e+14
      1557.39   2.3561825e+14
      1557.63   2.3524547e+14
      1557.88   2.3441556e+14
      1558.12   2.3410063e+14
      1558.36   2.3387896e+14
      1558.60   2.3412678e+14
      1558.85   2.3369511e+14
      1559.09   2.3330862e+14
      1559.33   2.3245631e+14
      1559.58   2.3212368e+14
      1559.82   2.3224048e+14
      1560.06   2.3308743e+14
      1560.31   2.3442441e+14
      1560.55   2.3583221e+14
      1560.79   2.3667345e+14
      1561.04   2.3682266e+14
      1561.28   2.3688412e+14
      1561.52   2.3680624e+14
      1561.77   2.3620584e+14
      1562.01   2.3562910e+14
      1562.26   2.3488790e+14
      1562.50   2.3474232e+14
      1562.74   2.3446203e+14
      1562.99   2.3362729e+14
      1563.23   2.3286142e+14
      1563.48   2.3188304e+14
      1563.72   2.3168915e+14
      1563.97   2.3192703e+14
      1564.21   2.3341960e+14
      1564.46   2.3418212e+14
      1564.70   2.3540935e+14
      1564.94   2.3498902e+14
      1565.19   2.3477147e+14
      1565.44   2.3353126e+14
      1565.68   2.3281012e+14
      1565.93   2.3156247e+14
      1566.17   2.3102681e+14
      1566.42   2.3061128e+14
      1566.66   2.3085115e+14
      1566.91   2.3155561e+14
      1567.15   2.3241723e+14
      1567.40   2.3246888e+14
      1567.64   2.3148717e+14
      1567.89   2.3019024e+14
      1568.14   2.2902091e+14
      1568.38   2.2874853e+14
      1568.63   2.2941951e+14
      1568.87   2.2983959e+14
      1569.12   2.3028011e+14
      1569.37   2.3011973e+14
      1569.61   2.2982846e+14
      1569.86   2.2985024e+14
      1570.10   2.3070328e+14
      1570.35   2.3214102e+14
      1570.60   2.3357304e+14
      1570.84   2.3453239e+14
      1571.09   2.3468664e+14
      1571.34   2.3471511e+14
      1571.59   2.3481377e+14
      1571.83   2.3473604e+14
      1572.08   2.3393808e+14
      1572.33   2.3320495e+14
      1572.57   2.3229580e+14
      1572.82   2.3206498e+14
      1573.07   2.3228547e+14
      1573.32   2.3314658e+14
      1573.56   2.3337421e+14
      1573.81   2.3137605e+14
      1574.06   2.2916677e+14
      1574.31   2.2557047e+14
      1574.56   2.2179947e+14
      1574.80   2.1956480e+14
      1575.05   2.1910431e+14
      1575.30   2.2049629e+14
      1575.55   2.2309444e+14
      1575.80   2.2588356e+14
      1576.04   2.2638772e+14
      1576.29   2.2494084e+14
      1576.54   2.1985926e+14
      1576.79   2.1424534e+14
      1577.04   2.1084015e+14
      1577.29   2.1108657e+14
      1577.54   2.1463175e+14
      1577.79   2.1940040e+14
      1578.03   2.2490835e+14
      1578.28   2.2793467e+14
      1578.53   2.2905839e+14
      1578.78   2.2969010e+14
      1579.03   2.3036858e+14
      1579.28   2.3078110e+14
      1579.53   2.3154501e+14
      1579.78   2.3160659e+14
      1580.03   2.3192553e+14
      1580.28   2.3235147e+14
      1580.53   2.3275598e+14
      1580.78   2.3237145e+14
      1581.03   2.3242193e+14
      1581.28   2.3103512e+14
      1581.53   2.2875080e+14
      1581.78   2.2588926e+14
      1582.03   2.2328210e+14
      1582.28   2.2219165e+14
      1582.53   2.2220251e+14
      1582.78   2.2398123e+14
      1583.03   2.2562176e+14
      1583.28   2.2663471e+14
      1583.53   2.2615875e+14
      1583.78   2.2560166e+14
      1584.03   2.2517210e+14
      1584.28   2.2567199e+14
      1584.54   2.2744013e+14
      1584.79   2.2935292e+14
      1585.04   2.2995028e+14
      1585.29   2.2949348e+14
      1585.54   2.2877042e+14
      1585.79   2.2833045e+14
      1586.04   2.2776090e+14
      1586.29   2.2780453e+14
      1586.55   2.2718202e+14
      1586.80   2.2642100e+14
      1587.05   2.2484197e+14
      1587.30   2.2407864e+14
      1587.55   2.2268757e+14
      1587.81   2.2197389e+14
      1588.06   2.2020809e+14
      1588.31   2.1816921e+14
      1588.56   2.1307429e+14
      1588.81   2.0907082e+14
      1589.07   2.0607431e+14
      1589.32   2.0632076e+14
      1589.57   2.0733433e+14
      1589.82   2.1048477e+14
      1590.08   2.1324565e+14
      1590.33   2.1479981e+14
      1590.58   2.1454705e+14
      1590.84   2.1446234e+14
      1591.09   2.1558232e+14
      1591.34   2.1760251e+14
      1591.60   2.2031955e+14
      1591.85   2.2301336e+14
      1592.10   2.2551192e+14
      1592.36   2.2748231e+14
      1592.61   2.2870102e+14
      1592.86   2.2917676e+14
      1593.12   2.2927686e+14
      1593.37   2.2926152e+14
      1593.62   2.2921735e+14
      1593.88   2.2921082e+14
      1594.13   2.2960622e+14
      1594.39   2.3021454e+14
      1594.64   2.3075007e+14
      1594.90   2.3063496e+14
      1595.15   2.2946582e+14
      1595.41   2.2767373e+14
      1595.66   2.2437113e+14
      1595.91   2.2138462e+14
      1596.17   2.1870598e+14
      1596.42   2.1852443e+14
      1596.68   2.1942330e+14
      1596.93   2.2251329e+14
      1597.19   2.2556603e+14
      1597.44   2.2864155e+14
      1597.70   2.2996932e+14
      1597.95   2.3057493e+14
      1598.21   2.3027844e+14
      1598.46   2.2880007e+14
      1598.72   2.2718636e+14
      1598.98   2.2580129e+14
      1599.23   2.2549344e+14
      1599.49   2.2553852e+14
      1599.74   2.2640811e+14
      1600.00   2.2655095e+14
      1600.26   2.2591793e+14
      1600.51   2.2397155e+14
      1600.77   2.2244231e+14
      1601.03   2.2111510e+14
      1601.28   2.2107138e+14
      1601.54   2.2173435e+14
      1601.79   2.2288019e+14
      1602.05   2.2339277e+14
      1602.31   2.2387306e+14
      1602.56   2.2387520e+14
      1602.82   2.2397426e+14
      1603.08   2.2419296e+14
      1603.33   2.2484143e+14
      1603.59   2.2492932e+14
      1603.85   2.2461094e+14
      1604.11   2.2387930e+14
      1604.36   2.2313159e+14
      1604.62   2.2232419e+14
      1604.88   2.2215656e+14
      1605.14   2.2274073e+14
      1605.39   2.2368378e+14
      1605.65   2.2354879e+14
      1605.91   2.2245509e+14
      1606.17   2.2079065e+14
      1606.43   2.1983005e+14
      1606.68   2.1940818e+14
      1606.94   2.2030777e+14
      1607.20   2.2182125e+14
      1607.46   2.2357955e+14
      1607.72   2.2439521e+14
      1607.98   2.2460169e+14
      1608.23   2.2441225e+14
      1608.49   2.2420445e+14
      1608.75   2.2388878e+14
      1609.01   2.2221205e+14
      1609.27   2.1914668e+14
      1609.53   2.1566401e+14
      1609.79   2.1278694e+14
      1610.05   2.1088062e+14
      1610.31   2.1065906e+14
      1610.56   2.1240471e+14
      1610.82   2.1484224e+14
      1611.08   2.1663991e+14
      1611.34   2.1723262e+14
      1611.60   2.1746479e+14
      1611.86   2.1745462e+14
      1612.12   2.1777991e+14
      1612.38   2.1835202e+14
      1612.64   2.1943359e+14
      1612.90   2.2056820e+14
      1613.16   2.2123055e+14
      1613.42   2.2086445e+14
      1613.68   2.2031095e+14
      1613.94   2.2004038e+14
      1614.20   2.2021960e+14
      1614.47   2.2052909e+14
      1614.73   2.2034179e+14
      1614.99   2.1925325e+14
      1615.25   2.1687780e+14
      1615.51   2.1403027e+14
      1615.77   2.1187061e+14
      1616.03   2.1076177e+14
      1616.29   2.1064261e+14
      1616.55   2.1142845e+14
      1616.81   2.1300852e+14
      1617.08   2.1466136e+14
      1617.34   2.1657648e+14
      1617.60   2.1836347e+14
      1617.86   2.1993628e+14
      1618.12   2.2057292e+14
      1618.39   2.2048092e+14
      1618.65   2.2005215e+14
      1618.91   2.1983303e+14
      1619.17   2.1991981e+14
      1619.43   2.1862462e+14
      1619.70   2.1625824e+14
      1619.96   2.1318418e+14
      1620.22   2.1118116e+14
      1620.48   2.0966652e+14
      1620.74   2.1048243e+14
      1621.01   2.1227875e+14
      1621.27   2.1449775e+14
      1621.53   2.1541131e+14
      1621.80   2.1631367e+14
      1622.06   2.1684796e+14
      1622.32   2.1757593e+14
      1622.59   2.1861522e+14
      1622.85   2.2007663e+14
      1623.11   2.2116887e+14
      1623.38   2.2172223e+14
      1623.64   2.2202711e+14
      1623.90   2.2160599e+14
      1624.17   2.2052383e+14
      1624.43   2.1927048e+14
      1624.69   2.1847413e+14
      1624.96   2.1805470e+14
      1625.22   2.1839123e+14
      1625.49   2.1908924e+14
      1625.75   2.1947306e+14
      1626.02   2.1947079e+14
      1626.28   2.1949967e+14
      1626.55   2.1976055e+14
      1626.81   2.2001896e+14
      1627.07   2.2058130e+14
      1627.34   2.2118559e+14
      1627.60   2.2155426e+14
      1627.87   2.2160469e+14
      1628.13   2.2162144e+14
      1628.40   2.2168782e+14
      1628.67   2.2159645e+14
      1628.93   2.2090072e+14
      1629.19   2.1985241e+14
      1629.46   2.1874714e+14
      1629.73   2.1796271e+14
      1629.99   2.1748177e+14
      1630.26   2.1783801e+14
      1630.52   2.1859475e+14
      1630.79   2.1899654e+14
      1631.06   2.1890009e+14
      1631.32   2.1872985e+14
      1631.59   2.1872764e+14
      1631.85   2.1862571e+14
      1632.12   2.1833886e+14
      1632.39   2.1798713e+14
      1632.65   2.1751512e+14
      1632.92   2.1618579e+14
      1633.19   2.1434709e+14
      1633.45   2.1321697e+14
      1633.72   2.1325116e+14
      1633.99   2.1366000e+14
      1634.25   2.1450149e+14
      1634.52   2.1585063e+14
      1634.79   2.1707197e+14
      1635.06   2.1740213e+14
      1635.32   2.1731144e+14
      1635.59   2.1716279e+14
      1635.86   2.1657146e+14
      1636.13   2.1460161e+14
      1636.39   2.1214631e+14
      1636.66   2.1025367e+14
      1636.93   2.0956465e+14
      1637.20   2.0920706e+14
      1637.46   2.0966164e+14
      1637.73   2.0875728e+14
      1638.00   2.0659253e+14
      1638.27   2.0371606e+14
      1638.54   2.0247493e+14
      1638.81   2.0197774e+14
      1639.08   2.0321701e+14
      1639.34   2.0502332e+14
      1639.61   2.0647766e+14
      1639.88   2.0631374e+14
      1640.15   2.0596489e+14
      1640.42   2.0548468e+14
      1640.69   2.0510433e+14
      1640.96   2.0455770e+14
      1641.23   2.0418525e+14
      1641.50   2.0397517e+14
      1641.77   2.0439257e+14
      1642.04   2.0522385e+14
      1642.31   2.0635141e+14
      1642.58   2.0751144e+14
      1642.84   2.0863149e+14
      1643.11   2.0900332e+14
      1643.39   2.0844048e+14
      1643.66   2.0774425e+14
      1643.93   2.0740562e+14
      1644.20   2.0663192e+14
      1644.47   2.0593228e+14
      1644.74   2.0617610e+14
      1645.01   2.0711303e+14
      1645.28   2.0766677e+14
      1645.55   2.0843478e+14
      1645.82   2.0958195e+14
      1646.09   2.1036567e+14
      1646.36   2.1051991e+14
      1646.63   2.1052974e+14
      1646.90   2.1078699e+14
      1647.18   2.1091523e+14
      1647.45   2.1101310e+14
      1647.72   2.1102300e+14
      1647.99   2.1106710e+14
      1648.26   2.1005582e+14
      1648.53   2.0867991e+14
      1648.81   2.0778375e+14
      1649.08   2.0776154e+14
      1649.35   2.0787790e+14
      1649.62   2.0895769e+14
      1649.89   2.1045500e+14
      1650.17   2.1058253e+14
      1650.44   2.0941697e+14
      1650.71   2.0844789e+14
      1650.98   2.0817415e+14
      1651.26   2.0796608e+14
      1651.53   2.0886580e+14
      1651.80   2.1028848e+14
      1652.07   2.1081184e+14
      1652.35   2.1037549e+14
      1652.62   2.1009374e+14
      1652.89   2.1016310e+14
      1653.17   2.1004954e+14
      1653.44   2.1049334e+14
      1653.71   2.1097883e+14
      1653.99   2.1091483e+14
      1654.26   2.1020770e+14
      1654.53   2.0968399e+14
      1654.81   2.0949638e+14
      1655.08   2.0971148e+14
      1655.36   2.1027299e+14
      1655.63   2.1085002e+14
      1655.90   2.1128379e+14
      1656.18   2.1157612e+14
      1656.45   2.1165931e+14
      1656.73   2.1149068e+14
      1657.00   2.1139608e+14
      1657.28   2.1145569e+14
      1657.55   2.1151001e+14
      1657.82   2.1145598e+14
      1658.10   2.1132694e+14
      1658.38   2.1089258e+14
      1658.65   2.1018342e+14
      1658.93   2.0952461e+14
      1659.20   2.0926772e+14
      1659.48   2.0943565e+14
      1659.75   2.1006366e+14
      1660.03   2.1094786e+14
      1660.30   2.1169296e+14
      1660.58   2.1211821e+14
      1660.85   2.1233829e+14
      1661.13   2.1233408e+14
      1661.41   2.1213884e+14
      1661.68   2.1173904e+14
      1661.96   2.1123586e+14
      1662.23   2.1072799e+14
      1662.51   2.1033315e+14
      1662.79   2.0986578e+14
      1663.06   2.0954400e+14
      1663.34   2.0944691e+14
      1663.62   2.0949292e+14
      1663.89   2.0938023e+14
      1664.17   2.0917517e+14
      1664.45   2.0900536e+14
      1664.72   2.0870852e+14
      1665.00   2.0814782e+14
      1665.28   2.0742753e+14
      1665.56   2.0698185e+14
      1665.83   2.0685732e+14
      1666.11   2.0685517e+14
      1666.39   2.0703917e+14
      1666.67   2.0735392e+14
      1666.94   2.0741261e+14
      1667.22   2.0703194e+14
      1667.50   2.0622337e+14
      1667.78   2.0471965e+14
      1668.06   2.0322372e+14
      1668.33   2.0277121e+14
      1668.61   2.0331731e+14
      1668.89   2.0433541e+14
      1669.17   2.0599828e+14
      1669.45   2.0771085e+14
      1669.73   2.0857556e+14
      1670.01   2.0849188e+14
      1670.29   2.0816981e+14
      1670.56   2.0781944e+14
      1670.84   2.0745077e+14
      1671.12   2.0657958e+14
      1671.40   2.0452932e+14
      1671.68   2.0207972e+14
      1671.96   2.0001167e+14
      1672.24   1.9880545e+14
      1672.52   1.9859625e+14
      1672.80   2.0010404e+14
      1673.08   2.0229480e+14
      1673.36   2.0394323e+14
      1673.64   2.0461965e+14
      1673.92   2.0485052e+14
      1674.20   2.0477522e+14
      1674.48   2.0426024e+14
      1674.76   2.0273549e+14
      1675.04   2.0092630e+14
      1675.32   1.9973651e+14
      1675.60   1.9931364e+14
      1675.88   1.9873924e+14
      1676.17   1.9915860e+14
      1676.45   2.0033755e+14
      1676.73   2.0140455e+14
      1677.01   2.0157156e+14
      1677.29   2.0199881e+14
      1677.57   2.0233045e+14
      1677.85   2.0208195e+14
      1678.13   2.0126701e+14
      1678.42   2.0046096e+14
      1678.70   1.9971305e+14
      1678.98   1.9898052e+14
      1679.26   1.9814814e+14
      1679.54   1.9665259e+14
      1679.82   1.9455303e+14
      1680.11   1.9225163e+14
      1680.39   1.8988374e+14
      1680.67   1.8773555e+14
      1680.95   1.8679553e+14
      1681.24   1.8703480e+14
      1681.52   1.8780326e+14
      1681.80   1.8927133e+14
      1682.09   1.9143662e+14
      1682.37   1.9325175e+14
      1682.65   1.9457567e+14
      1682.94   1.9590731e+14
      1683.22   1.9719350e+14
      1683.50   1.9803759e+14
      1683.78   1.9880213e+14
      1684.07   1.9958258e+14
      1684.35   2.0022929e+14
      1684.64   2.0066361e+14
      1684.92   2.0089909e+14
      1685.20   2.0065518e+14
      1685.49   2.0011261e+14
      1685.77   1.9975418e+14
      1686.06   1.9976546e+14
      1686.34   1.9973092e+14
      1686.62   1.9990922e+14
      1686.91   2.0004179e+14
      1687.19   2.0003376e+14
      1687.48   1.9988440e+14
      1687.76   2.0020078e+14
      1688.05   2.0070466e+14
      1688.33   2.0110764e+14
      1688.62   2.0039208e+14
      1688.90   1.9899778e+14
      1689.19   1.9777856e+14
      1689.47   1.9754766e+14
      1689.76   1.9780502e+14
      1690.05   1.9902042e+14
      1690.33   2.0061430e+14
      1690.62   2.0171005e+14
      1690.90   2.0183593e+14
      1691.19   2.0179518e+14
      1691.47   2.0191184e+14
      1691.76   2.0213633e+14
      1692.05   2.0229367e+14
      1692.33   2.0230737e+14
      1692.62   2.0221682e+14
      1692.91   2.0205078e+14
      1693.19   2.0185408e+14
      1693.48   2.0164916e+14
      1693.77   2.0154096e+14
      1694.05   2.0158124e+14
      1694.34   2.0163261e+14
      1694.63   2.0161106e+14
      1694.92   2.0160519e+14
      1695.20   2.0161978e+14
      1695.49   2.0149651e+14
      1695.78   2.0129015e+14
      1696.06   2.0099674e+14
      1696.35   2.0073295e+14
      1696.64   2.0045794e+14
      1696.93   2.0035554e+14
      1697.22   2.0029952e+14
      1697.51   2.0039223e+14
      1697.79   2.0048308e+14
      1698.08   2.0063686e+14
      1698.37   2.0062797e+14
      1698.66   2.0046263e+14
      1698.95   2.0011968e+14
      1699.23   1.9952662e+14
      1699.52   1.9881775e+14
      1699.81   1.9812435e+14
      1700.10   1.9769554e+14
      1700.39   1.9738511e+14
      1700.68   1.9713937e+14
      1700.97   1.9687606e+14
      1701.26   1.9697761e+14
      1701.55   1.9726453e+14
      1701.84   1.9706225e+14
      1702.13   1.9662257e+14
      1702.42   1.9625676e+14
      1702.71   1.9585758e+14
      1703.00   1.9521984e+14
      1703.29   1.9531291e+14
      1703.58   1.9614932e+14
      1703.87   1.9716312e+14
      1704.16   1.9783201e+14
      1704.45   1.9838240e+14
      1704.74   1.9869515e+14
      1705.03   1.9846866e+14
      1705.32   1.9787380e+14
      1705.61   1.9740680e+14
      1705.90   1.9716180e+14
      1706.19   1.9674201e+14
      1706.48   1.9639931e+14
      1706.78   1.9617722e+14
      1707.07   1.9528745e+14
      1707.36   1.9367118e+14
      1707.65   1.9260671e+14
      1707.94   1.9267039e+14
      1708.23   1.9292202e+14
      1708.53   1.9335335e+14
      1708.82   1.9417668e+14
      1709.11   1.9495362e+14
      1709.40   1.9523383e+14
      1709.69   1.9552334e+14
      1709.99   1.9598525e+14
      1710.28   1.9548512e+14
      1710.57   1.9258818e+14
      1710.86   1.8877984e+14
      1711.16   1.8646241e+14
      1711.45   1.8622772e+14
      1711.74   1.8735521e+14
      1712.04   1.9049092e+14
      1712.33   1.9424799e+14
      1712.62   1.9652678e+14
      1712.92   1.9694865e+14
      1713.21   1.9702264e+14
      1713.50   1.9711710e+14
      1713.80   1.9719208e+14
      1714.09   1.9719515e+14
      1714.38   1.9722719e+14
      1714.68   1.9726014e+14
      1714.97   1.9721650e+14
      1715.27   1.9702507e+14
      1715.56   1.9652967e+14
      1715.85   1.9581624e+14
      1716.15   1.9529064e+14
      1716.44   1.9517705e+14
      1716.74   1.9521412e+14
      1717.03   1.9509588e+14
      1717.33   1.9494485e+14
      1717.62   1.9484713e+14
      1717.92   1.9478301e+14
      1718.21   1.9472451e+14
      1718.51   1.9500014e+14
      1718.80   1.9513084e+14
      1719.10   1.9482325e+14
      1719.39   1.9434611e+14
      1719.69   1.9408695e+14
      1719.99   1.9347464e+14
      1720.28   1.9271592e+14
      1720.58   1.9230930e+14
      1720.87   1.9220626e+14
      1721.17   1.9208162e+14
      1721.47   1.9251489e+14
      1721.76   1.9346116e+14
      1722.06   1.9328327e+14
      1722.36   1.9168767e+14
      1722.65   1.8959347e+14
      1722.95   1.8767685e+14
      1723.25   1.8621477e+14
      1723.54   1.8662498e+14
      1723.84   1.8839765e+14
      1724.14   1.9036244e+14
      1724.44   1.9169114e+14
      1724.73   1.9235806e+14
      1725.03   1.9219789e+14
      1725.33   1.9189544e+14
      1725.62   1.9166048e+14
      1725.92   1.9175733e+14
      1726.22   1.9217379e+14
      1726.52   1.9271355e+14
      1726.82   1.9283039e+14
      1727.12   1.9239511e+14
      1727.41   1.9146307e+14
      1727.71   1.9052806e+14
      1728.01   1.8996052e+14
      1728.31   1.8975238e+14
      1728.61   1.9012199e+14
      1728.91   1.9105259e+14
      1729.21   1.9198448e+14
      1729.51   1.9231030e+14
      1729.81   1.9234722e+14
      1730.10   1.9223238e+14
      1730.40   1.9193008e+14
      1730.70   1.9151659e+14
      1731.00   1.9122825e+14
      1731.30   1.9075800e+14
      1731.60   1.9013397e+14
      1731.90   1.8912238e+14
      1732.20   1.8681423e+14
      1732.50   1.8358330e+14
      1732.80   1.8126142e+14
      1733.10   1.8036207e+14
      1733.40   1.7973889e+14
      1733.70   1.7999469e+14
      1734.00   1.8133668e+14
      1734.31   1.8245912e+14
      1734.61   1.8219158e+14
      1734.91   1.8152005e+14
      1735.21   1.8070066e+14
      1735.51   1.7929790e+14
      1735.81   1.7706618e+14
      1736.11   1.7487503e+14
      1736.41   1.7369214e+14
      1736.71   1.7377248e+14
      1737.02   1.7476116e+14
      1737.32   1.7653589e+14
      1737.62   1.7887113e+14
      1737.92   1.8108060e+14
      1738.22   1.8269020e+14
      1738.53   1.8378190e+14
      1738.83   1.8450968e+14
      1739.13   1.8500302e+14
      1739.43   1.8544834e+14
      1739.74   1.8598095e+14
      1740.04   1.8640661e+14
      1740.34   1.8601030e+14
      1740.64   1.8511350e+14
      1740.95   1.8458970e+14
      1741.25   1.8463729e+14
      1741.55   1.8477210e+14
      1741.86   1.8558322e+14
      1742.16   1.8671700e+14
      1742.46   1.8721862e+14
      1742.77   1.8710456e+14
      1743.07   1.8722098e+14
      1743.38   1.8755017e+14
      1743.68   1.8794214e+14
      1743.98   1.8835042e+14
      1744.29   1.8823736e+14
      1744.59   1.8722568e+14
      1744.90   1.8597781e+14
      1745.20   1.8499423e+14
      1745.51   1.8431080e+14
      1745.81   1.8421189e+14
      1746.11   1.8437344e+14
      1746.42   1.8381228e+14
      1746.72   1.8316623e+14
      1747.03   1.8314217e+14
      1747.33   1.8335216e+14
      1747.64   1.8408767e+14
      1747.95   1.8584469e+14
      1748.25   1.8738344e+14
      1748.56   1.8760381e+14
      1748.86   1.8708434e+14
      1749.17   1.8656562e+14
      1749.47   1.8593144e+14
      1749.78   1.8502926e+14
      1750.09   1.8418407e+14
      1750.39   1.8367779e+14
      1750.70   1.8353262e+14
      1751.01   1.8380425e+14
      1751.31   1.8405959e+14
      1751.62   1.8425697e+14
      1751.93   1.8457176e+14
      1752.23   1.8480743e+14
      1752.54   1.8470437e+14
      1752.85   1.8503845e+14
      1753.16   1.8584342e+14
      1753.46   1.8635636e+14
      1753.77   1.8639778e+14
      1754.08   1.8615918e+14
      1754.39   1.8553464e+14
      1754.69   1.8492134e+14
      1755.00   1.8469679e+14
      1755.31   1.8466331e+14
      1755.62   1.8489365e+14
      1755.93   1.8550659e+14
      1756.23   1.8602897e+14
      1756.54   1.8627784e+14
      1756.85   1.8634703e+14
      1757.16   1.8601327e+14
      1757.47   1.8543829e+14
      1757.78   1.8513496e+14
      1758.09   1.8504217e+14
      1758.40   1.8485737e+14
      1758.71   1.8489098e+14
      1759.02   1.8507869e+14
      1759.32   1.8502885e+14
      1759.63   1.8475009e+14
      1759.94   1.8436960e+14
      1760.25   1.8381923e+14
      1760.56   1.8331185e+14
      1760.87   1.8288966e+14
      1761.18   1.8180744e+14
      1761.49   1.8038533e+14
      1761.80   1.7939629e+14
      1762.11   1.7885608e+14
      1762.43   1.7867359e+14
      1762.74   1.7961615e+14
      1763.05   1.8105451e+14
      1763.36   1.8172883e+14
      1763.67   1.8151409e+14
      1763.98   1.8122542e+14
      1764.29   1.8106527e+14
      1764.60   1.8106359e+14
      1764.91   1.8158871e+14
      1765.22   1.8247847e+14
      1765.54   1.8295521e+14
      1765.85   1.8276763e+14
      1766.16   1.8247308e+14
      1766.47   1.8222376e+14
      1766.78   1.8171068e+14
      1767.10   1.8107725e+14
      1767.41   1.8076108e+14
      1767.72   1.8069606e+14
      1768.03   1.8060509e+14
      1768.35   1.8081168e+14
      1768.66   1.8122722e+14
      1768.97   1.8128561e+14
      1769.28   1.8078514e+14
      1769.60   1.8019005e+14
      1769.91   1.7968436e+14
      1770.22   1.7922003e+14
      1770.54   1.7896080e+14
      1770.85   1.7915294e+14
      1771.17   1.7951576e+14
      1771.48   1.7983247e+14
      1771.79   1.8016475e+14
      1772.11   1.8049230e+14
      1772.42   1.8068964e+14
      1772.73   1.8079338e+14
      1773.05   1.8077946e+14
      1773.36   1.8068816e+14
      1773.68   1.8056889e+14
      1773.99   1.8031711e+14
      1774.31   1.7988752e+14
      1774.62   1.7945102e+14
      1774.94   1.7896792e+14
      1775.25   1.7844443e+14
      1775.57   1.7807816e+14
      1775.88   1.7774186e+14
      1776.20   1.7733279e+14
      1776.52   1.7664112e+14
      1776.83   1.7553882e+14
      1777.15   1.7463755e+14
      1777.46   1.7462943e+14
      1777.78   1.7514309e+14
      1778.09   1.7598329e+14
      1778.41   1.7685282e+14
      1778.73   1.7713370e+14
      1779.04   1.7679952e+14
      1779.36   1.7648257e+14
      1779.68   1.7641564e+14
      1779.99   1.7679944e+14
      1780.31   1.7749460e+14
      1780.63   1.7801734e+14
      1780.94   1.7791083e+14
      1781.26   1.7733187e+14
      1781.58   1.7680700e+14
      1781.90   1.7639365e+14
      1782.21   1.7583652e+14
      1782.53   1.7555569e+14
      1782.85   1.7580209e+14
      1783.17   1.7594948e+14
      1783.48   1.7577350e+14
      1783.80   1.7573735e+14
      1784.12   1.7557191e+14
      1784.44   1.7496536e+14
      1784.76   1.7448973e+14
      1785.08   1.7453810e+14
      1785.40   1.7481275e+14
      1785.71   1.7536060e+14
      1786.03   1.7616355e+14
      1786.35   1.7685685e+14
      1786.67   1.7726634e+14
      1786.99   1.7749890e+14
      1787.31   1.7753096e+14
      1787.63   1.7744628e+14
      1787.95   1.7732931e+14
      1788.27   1.7718515e+14
      1788.59   1.7692503e+14
      1788.91   1.7654882e+14
      1789.23   1.7622997e+14
      1789.55   1.7609036e+14
      1789.87   1.7602665e+14
      1790.19   1.7604104e+14
      1790.51   1.7613918e+14
      1790.83   1.7615063e+14
      1791.15   1.7592895e+14
      1791.47   1.7563889e+14
      1791.79   1.7542479e+14
      1792.11   1.7524384e+14
      1792.44   1.7506472e+14
      1792.76   1.7500467e+14
      1793.08   1.7501496e+14
      1793.40   1.7482398e+14
      1793.72   1.7449429e+14
      1794.04   1.7438528e+14
      1794.37   1.7445699e+14
      1794.69   1.7457758e+14
      1795.01   1.7489079e+14
      1795.33   1.7527485e+14
      1795.66   1.7529729e+14
      1795.98   1.7500565e+14
      1796.30   1.7471209e+14
      1796.62   1.7442315e+14
      1796.94   1.7419587e+14
      1797.27   1.7423375e+14
      1797.59   1.7447330e+14
      1797.91   1.7471289e+14
      1798.24   1.7498895e+14
      1798.56   1.7529434e+14
      1798.89   1.7551667e+14
      1799.21   1.7557631e+14
      1799.53   1.7543418e+14
      1799.86   1.7495086e+14
      1800.18   1.7414977e+14
      1800.50   1.7349841e+14
      1800.83   1.7325767e+14
      1801.15   1.7284040e+14
      1801.48   1.7212559e+14
      1801.80   1.7162062e+14
      1802.13   1.7117040e+14
      1802.45   1.7055795e+14
      1802.78   1.7051970e+14
      1803.10   1.7129839e+14
      1803.43   1.7221396e+14
      1803.75   1.7297551e+14
      1804.08   1.7363123e+14
      1804.40   1.7393845e+14
      1804.73   1.7390858e+14
      1805.05   1.7378752e+14
      1805.38   1.7360148e+14
      1805.71   1.7319019e+14
      1806.03   1.7266272e+14
      1806.36   1.7239279e+14
      1806.69   1.7227434e+14
      1807.01   1.7206720e+14
      1807.34   1.7201654e+14
      1807.67   1.7216565e+14
      1807.99   1.7224874e+14
      1808.32   1.7234179e+14
      1808.64   1.7246340e+14
      1808.97   1.7244233e+14
      1809.30   1.7237489e+14
      1809.63   1.7231823e+14
      1809.95   1.7222910e+14
      1810.28   1.7217143e+14
      1810.61   1.7208916e+14
      1810.94   1.7186687e+14
      1811.27   1.7145427e+14
      1811.59   1.7098137e+14
      1811.92   1.7066315e+14
      1812.25   1.7052635e+14
      1812.58   1.7049399e+14
      1812.91   1.7054655e+14
      1813.24   1.7052511e+14
      1813.57   1.7010495e+14
      1813.89   1.6935690e+14
      1814.22   1.6867391e+14
      1814.55   1.6804889e+14
      1814.88   1.6734564e+14
      1815.21   1.6673495e+14
      1815.54   1.6614017e+14
      1815.87   1.6518647e+14
      1816.20   1.6377569e+14
      1816.53   1.6184362e+14
      1816.86   1.5918285e+14
      1817.19   1.5618498e+14
      1817.52   1.5385535e+14
      1817.85   1.5286126e+14
      1818.18   1.5332435e+14
      1818.51   1.5515626e+14
      1818.84   1.5787598e+14
      1819.17   1.6057304e+14
      1819.51   1.6259482e+14
      1819.84   1.6388447e+14
      1820.17   1.6478326e+14
      1820.50   1.6551112e+14
      1820.83   1.6564941e+14
      1821.16   1.6524862e+14
      1821.49   1.6484266e+14
      1821.83   1.6415587e+14
      1822.16   1.6336157e+14
      1822.49   1.6346798e+14
      1822.82   1.6435332e+14
      1823.15   1.6537500e+14
      1823.49   1.6674058e+14
      1823.82   1.6808997e+14
      1824.15   1.6867910e+14
      1824.48   1.6872906e+14
      1824.82   1.6859818e+14
      1825.15   1.6845789e+14
      1825.48   1.6843416e+14
      1825.82   1.6849690e+14
      1826.15   1.6866207e+14
      1826.48   1.6888207e+14
      1826.82   1.6892906e+14
      1827.15   1.6884164e+14
      1827.48   1.6874732e+14
      1827.82   1.6808064e+14
      1828.15   1.6686829e+14
      1828.49   1.6618308e+14
      1828.82   1.6614987e+14
      1829.16   1.6622630e+14
      1829.49   1.6670913e+14
      1829.83   1.6763562e+14
      1830.16   1.6817378e+14
      1830.50   1.6822568e+14
      1830.83   1.6827762e+14
      1831.17   1.6840144e+14
      1831.50   1.6816514e+14
      1831.84   1.6736713e+14
      1832.17   1.6634436e+14
      1832.51   1.6535714e+14
      1832.84   1.6481868e+14
      1833.18   1.6509467e+14
      1833.52   1.6588597e+14
      1833.85   1.6666060e+14
      1834.19   1.6723173e+14
      1834.53   1.6731060e+14
      1834.86   1.6695971e+14
      1835.20   1.6660159e+14
      1835.54   1.6639318e+14
      1835.87   1.6638365e+14
      1836.21   1.6658010e+14
      1836.55   1.6676063e+14
      1836.89   1.6633404e+14
      1837.22   1.6532181e+14
      1837.56   1.6465960e+14
      1837.90   1.6444842e+14
      1838.23   1.6436144e+14
      1838.57   1.6473204e+14
      1838.91   1.6542323e+14
      1839.25   1.6550373e+14
      1839.59   1.6508420e+14
      1839.93   1.6489395e+14
      1840.27   1.6504852e+14
      1840.60   1.6536654e+14
      1840.94   1.6569873e+14
      1841.28   1.6563978e+14
      1841.62   1.6447359e+14
      1841.96   1.6263370e+14
      1842.30   1.6133395e+14
      1842.64   1.6074535e+14
      1842.98   1.6078186e+14
      1843.32   1.6162565e+14
      1843.66   1.6273889e+14
      1844.00   1.6335436e+14
      1844.34   1.6367170e+14
      1844.68   1.6387258e+14
      1845.02   1.6399815e+14
      1845.36   1.6425226e+14
      1845.70   1.6441508e+14
      1846.04   1.6329179e+14
      1846.38   1.6085677e+14
      1846.72   1.5882221e+14
      1847.06   1.5751529e+14
      1847.40   1.5701894e+14
      1847.75   1.5801193e+14
      1848.09   1.6017388e+14
      1848.43   1.6191781e+14
      1848.77   1.6306425e+14
      1849.11   1.6379707e+14
      1849.45   1.6415145e+14
      1849.80   1.6442145e+14
      1850.14   1.6470855e+14
      1850.48   1.6494130e+14
      1850.82   1.6503211e+14
      1851.17   1.6493836e+14
      1851.51   1.6464801e+14
      1851.85   1.6407311e+14
      1852.19   1.6322365e+14
      1852.54   1.6242733e+14
      1852.88   1.6196374e+14
      1853.22   1.6193201e+14
      1853.57   1.6235542e+14
      1853.91   1.6311629e+14
      1854.26   1.6373908e+14
      1854.60   1.6374993e+14
      1854.94   1.6276887e+14
      1855.29   1.6125642e+14
      1855.63   1.6039034e+14
      1855.98   1.6027283e+14
      1856.32   1.6061941e+14
      1856.67   1.6164141e+14
      1857.01   1.6301784e+14
      1857.36   1.6373123e+14
      1857.70   1.6367499e+14
      1858.05   1.6315731e+14
      1858.39   1.6247150e+14
      1858.74   1.6180254e+14
      1859.08   1.6090359e+14
      1859.43   1.6005889e+14
      1859.77   1.5982466e+14
      1860.12   1.5997631e+14
      1860.47   1.6000337e+14
      1860.81   1.5989159e+14
      1861.16   1.5996129e+14
      1861.50   1.6010695e+14
      1861.85   1.5994650e+14
      1862.20   1.5963075e+14
      1862.54   1.5992862e+14
      1862.89   1.6038590e+14
      1863.24   1.6026796e+14
      1863.59   1.6003641e+14
      1863.93   1.6019546e+14
      1864.28   1.6018197e+14
      1864.63   1.6004874e+14
      1864.98   1.6003730e+14
      1865.32   1.5980748e+14
      1865.67   1.5899517e+14
      1866.02   1.5788889e+14
      1866.37   1.5710238e+14
      1866.72   1.5671213e+14
      1867.06   1.5649044e+14
      1867.41   1.5656363e+14
      1867.76   1.5731108e+14
      1868.11   1.5795408e+14
      1868.46   1.5834496e+14
      1868.81   1.5897824e+14
      1869.16   1.5972764e+14
      1869.51   1.5992254e+14
      1869.86   1.5963702e+14
      1870.21   1.5924958e+14
      1870.56   1.5888632e+14
      1870.91   1.5845684e+14
      1871.26   1.5784594e+14
      1871.61   1.5687198e+14
      1871.96   1.5539526e+14
      1872.31   1.5416477e+14
      1872.66   1.5343741e+14
      1873.01   1.5270782e+14
      1873.36   1.5197388e+14
      1873.71   1.5133662e+14
      1874.06   1.4955039e+14
      1874.41   1.4547699e+14
      1874.77   1.3968375e+14
      1875.12   1.3472075e+14
      1875.47   1.3230186e+14
      1875.82   1.3242249e+14
      1876.17   1.3543345e+14
      1876.53   1.4098201e+14
      1876.88   1.4642655e+14
      1877.23   1.4995307e+14
      1877.58   1.5199801e+14
      1877.93   1.5333109e+14
      1878.29   1.5424755e+14
      1878.64   1.5477576e+14
      1878.99   1.5483771e+14
      1879.35   1.5471856e+14
      1879.70   1.5465359e+14
      1880.05   1.5484560e+14
      1880.41   1.5537543e+14
      1880.76   1.5623219e+14
      1881.11   1.5701145e+14
      1881.47   1.5737204e+14
      1881.82   1.5728501e+14
      1882.18   1.5709748e+14
      1882.53   1.5702161e+14
      1882.89   1.5701550e+14
      1883.24   1.5705132e+14
      1883.59   1.5711084e+14
      1883.95   1.5691901e+14
      1884.30   1.5642648e+14
      1884.66   1.5605379e+14
      1885.01   1.5527238e+14
      1885.37   1.5385323e+14
      1885.72   1.5329912e+14
      1886.08   1.5372678e+14
      1886.44   1.5421723e+14
      1886.79   1.5510746e+14
      1887.15   1.5640517e+14
      1887.51   1.5695605e+14
      1887.86   1.5685012e+14
      1888.22   1.5658283e+14
      1888.57   1.5624332e+14
      1888.93   1.5580707e+14
      1889.29   1.5494362e+14
      1889.64   1.5363628e+14
      1890.00   1.5301806e+14
      1890.36   1.5318923e+14
      1890.72   1.5342539e+14
      1891.07   1.5349882e+14
      1891.43   1.5379488e+14
      1891.79   1.5336775e+14
      1892.15   1.5198308e+14
      1892.51   1.5058547e+14
      1892.86   1.5012545e+14
      1893.22   1.5045098e+14
      1893.58   1.5098811e+14
      1893.94   1.5144698e+14
      1894.30   1.5196491e+14
      1894.66   1.5229727e+14
      1895.02   1.5160165e+14
      1895.38   1.5024323e+14
      1895.73   1.4911455e+14
      1896.09   1.4839136e+14
      1896.45   1.4817302e+14
      1896.81   1.4851236e+14
      1897.17   1.4950291e+14
      1897.53   1.5091027e+14
      1897.89   1.5213934e+14
      1898.25   1.5216447e+14
      1898.61   1.5154219e+14
      1898.97   1.5124958e+14
      1899.33   1.5101695e+14
      1899.70   1.5099528e+14
      1900.06   1.5171452e+14
      1900.42   1.5286149e+14
      1900.78   1.5354096e+14
      1901.14   1.5394846e+14
      1901.50   1.5407118e+14
      1901.86   1.5391335e+14
      1902.23   1.5347574e+14
      1902.59   1.5242143e+14
      1902.95   1.5118326e+14
      1903.31   1.5058418e+14
      1903.67   1.5042344e+14
      1904.04   1.5039532e+14
      1904.40   1.5072405e+14
      1904.76   1.5132986e+14
      1905.12   1.5157409e+14
      1905.49   1.5146096e+14
      1905.85   1.5141314e+14
      1906.21   1.5163836e+14
      1906.58   1.5168819e+14
      1906.94   1.5130183e+14
      1907.31   1.5074503e+14
      1907.67   1.5027940e+14
      1908.03   1.4998923e+14
      1908.40   1.5000031e+14
      1908.76   1.5034924e+14
      1909.13   1.5082625e+14
      1909.49   1.5119729e+14
      1909.86   1.5122116e+14
      1910.22   1.5091208e+14
      1910.58   1.5032925e+14
      1910.95   1.4923934e+14
      1911.31   1.4809798e+14
      1911.68   1.4773914e+14
      1912.05   1.4783422e+14
      1912.41   1.4805013e+14
      1912.78   1.4891086e+14
      1913.14   1.4998766e+14
      1913.51   1.5036665e+14
      1913.88   1.5033414e+14
      1914.24   1.5038389e+14
      1914.61   1.5029400e+14
      1914.97   1.4994117e+14
      1915.34   1.4953696e+14
      1915.71   1.4933392e+14
      1916.08   1.4921113e+14
      1916.44   1.4919162e+14
      1916.81   1.4936627e+14
      1917.18   1.4952643e+14
      1917.55   1.4936395e+14
      1917.91   1.4901327e+14
      1918.28   1.4881302e+14
      1918.65   1.4844860e+14
      1919.02   1.4751130e+14
      1919.39   1.4663751e+14
      1919.75   1.4651918e+14
      1920.12   1.4662672e+14
      1920.49   1.4694453e+14
      1920.86   1.4795701e+14
      1921.23   1.4907153e+14
      1921.60   1.4944018e+14
      1921.97   1.4938193e+14
      1922.34   1.4900128e+14
      1922.71   1.4834602e+14
      1923.08   1.4803409e+14
      1923.45   1.4791063e+14
      1923.82   1.4766555e+14
      1924.19   1.4784583e+14
      1924.56   1.4842025e+14
      1924.93   1.4866578e+14
      1925.30   1.4864291e+14
      1925.67   1.4864105e+14
      1926.04   1.4856787e+14
      1926.41   1.4836456e+14
      1926.78   1.4791981e+14
      1927.15   1.4734693e+14
      1927.53   1.4701619e+14
      1927.90   1.4632634e+14
      1928.27   1.4503965e+14
      1928.64   1.4413068e+14
      1929.01   1.4425294e+14
      1929.39   1.4440370e+14
      1929.76   1.4445565e+14
      1930.13   1.4498904e+14
      1930.50   1.4525981e+14
      1930.88   1.4468214e+14
      1931.25   1.4432507e+14
      1931.62   1.4419402e+14
      1931.99   1.4374199e+14
      1932.37   1.4352869e+14
      1932.74   1.4374059e+14
      1933.11   1.4385987e+14
      1933.49   1.4434250e+14
      1933.86   1.4525923e+14
      1934.24   1.4574547e+14
      1934.61   1.4565451e+14
      1934.98   1.4560576e+14
      1935.36   1.4558067e+14
      1935.73   1.4554072e+14
      1936.11   1.4576747e+14
      1936.48   1.4627686e+14
      1936.86   1.4651012e+14
      1937.23   1.4646190e+14
      1937.61   1.4630172e+14
      1937.98   1.4566034e+14
      1938.36   1.4409849e+14
      1938.74   1.4253192e+14
      1939.11   1.4167002e+14
      1939.49   1.4140547e+14
      1939.86   1.4175017e+14
      1940.24   1.4288194e+14
      1940.62   1.4393692e+14
      1940.99   1.4420934e+14
      1941.37   1.4388265e+14
      1941.75   1.4325568e+14
      1942.12   1.4232719e+14
      1942.50   1.4088980e+14
      1942.88   1.3886927e+14
      1943.26   1.3669155e+14
      1943.64   1.3451732e+14
      1944.01   1.3191275e+14
      1944.39   1.2927137e+14
      1944.77   1.2762721e+14
      1945.15   1.2686458e+14
      1945.53   1.2755616e+14
      1945.90   1.2993410e+14
      1946.28   1.3304713e+14
      1946.66   1.3579380e+14
      1947.04   1.3824719e+14
      1947.42   1.3977942e+14
      1947.80   1.4062952e+14
      1948.18   1.4129968e+14
      1948.56   1.4158629e+14
      1948.94   1.4118445e+14
      1949.32   1.4089385e+14
      1949.70   1.4083771e+14
      1950.08   1.4004474e+14
      1950.46   1.3842001e+14
      1950.84   1.3776112e+14
      1951.22   1.3769574e+14
      1951.60   1.3778005e+14
      1951.98   1.3876676e+14
      1952.36   1.4096892e+14
      1952.74   1.4267447e+14
      1953.12   1.4345018e+14
      1953.51   1.4370935e+14
      1953.89   1.4381956e+14
      1954.27   1.4391928e+14
      1954.65   1.4378059e+14
      1955.03   1.4338392e+14
      1955.42   1.4315167e+14
      1955.80   1.4306302e+14
      1956.18   1.4289877e+14
      1956.56   1.4274929e+14
      1956.95   1.4290564e+14
      1957.33   1.4298956e+14
      1957.71   1.4286460e+14
      1958.10   1.4271933e+14
      1958.48   1.4267527e+14
      1958.86   1.4242644e+14
      1959.25   1.4218921e+14
      1959.63   1.4208956e+14
      1960.02   1.4206670e+14
      1960.40   1.4208760e+14
      1960.78   1.4191949e+14
      1961.17   1.4130707e+14
      1961.55   1.4094972e+14
      1961.94   1.4049382e+14
      1962.32   1.3943616e+14
      1962.71   1.3873514e+14
      1963.09   1.3849667e+14
      1963.48   1.3781540e+14
      1963.86   1.3766121e+14
      1964.25   1.3836699e+14
      1964.64   1.3894574e+14
      1965.02   1.3919730e+14
      1965.41   1.3952974e+14
      1965.80   1.3942233e+14
      1966.18   1.3927849e+14
      1966.57   1.3940658e+14
      1966.95   1.3984329e+14
      1967.34   1.4032949e+14
      1967.73   1.4070654e+14
      1968.12   1.4060788e+14
      1968.50   1.4037508e+14
      1968.89   1.4022902e+14
      1969.28   1.4012694e+14
      1969.67   1.4015677e+14
      1970.06   1.4031645e+14
      1970.44   1.4028189e+14
      1970.83   1.4005526e+14
      1971.22   1.3965234e+14
      1971.61   1.3844822e+14
      1972.00   1.3649382e+14
      1972.39   1.3547329e+14
      1972.78   1.3491765e+14
      1973.17   1.3428758e+14
      1973.55   1.3478492e+14
      1973.94   1.3637714e+14
      1974.33   1.3715910e+14
      1974.72   1.3752723e+14
      1975.11   1.3813048e+14
      1975.50   1.3832994e+14
      1975.89   1.3814952e+14
      1976.28   1.3801534e+14
      1976.68   1.3782401e+14
      1977.07   1.3684435e+14
      1977.46   1.3502632e+14
      1977.85   1.3427306e+14
      1978.24   1.3416816e+14
      1978.63   1.3388115e+14
      1979.02   1.3391625e+14
      1979.41   1.3513089e+14
      1979.81   1.3544237e+14
      1980.20   1.3492021e+14
      1980.59   1.3485418e+14
      1980.98   1.3542473e+14
      1981.38   1.3568465e+14
      1981.77   1.3595226e+14
      1982.16   1.3632468e+14
      1982.55   1.3653630e+14
      1982.95   1.3641547e+14
      1983.34   1.3604068e+14
      1983.73   1.3572840e+14
      1984.13   1.3544523e+14
      1984.52   1.3482473e+14
      1984.92   1.3404831e+14
      1985.31   1.3386158e+14
      1985.70   1.3344680e+14
      1986.10   1.3276142e+14
      1986.49   1.3292942e+14
      1986.89   1.3375533e+14
      1987.28   1.3431211e+14
      1987.68   1.3500010e+14
      1988.07   1.3589089e+14
      1988.47   1.3621016e+14
      1988.86   1.3615585e+14
      1989.26   1.3607992e+14
      1989.65   1.3601585e+14
      1990.05   1.3595176e+14
      1990.45   1.3588111e+14
      1990.84   1.3573454e+14
      1991.24   1.3536674e+14
      1991.64   1.3479914e+14
      1992.03   1.3411855e+14
      1992.43   1.3327598e+14
      1992.83   1.3232022e+14
      1993.22   1.3159854e+14
      1993.62   1.3160615e+14
      1994.02   1.3201022e+14
      1994.42   1.3262189e+14
      1994.81   1.3340536e+14
      1995.21   1.3418903e+14
      1995.61   1.3427402e+14
      1996.01   1.3382634e+14
      1996.41   1.3339261e+14
      1996.81   1.3270430e+14
      1997.20   1.3195696e+14
      1997.60   1.3181096e+14
      1998.00   1.3211640e+14
      1998.40   1.3239367e+14
      1998.80   1.3296174e+14
      1999.20   1.3361052e+14
      1999.60   1.3382730e+14
      2000.00   1.3379256e+14
      2000.40   1.3369898e+14
      2000.80   1.3365982e+14
      2001.20   1.3359454e+14
      2001.60   1.3333077e+14
      2002.00   1.3278788e+14
      2002.40   1.3233744e+14
      2002.80   1.3189336e+14
      2003.20   1.3138909e+14
      2003.61   1.3126329e+14
      2004.01   1.3163499e+14
      2004.41   1.3182243e+14
      2004.81   1.3158744e+14
      2005.21   1.3147590e+14
      2005.62   1.3148131e+14
      2006.02   1.3144301e+14
      2006.42   1.3159052e+14
      2006.82   1.3213138e+14
      2007.23   1.3258510e+14
      2007.63   1.3267930e+14
      2008.03   1.3257233e+14
      2008.44   1.3241287e+14
      2008.84   1.3229596e+14
      2009.24   1.3219762e+14
      2009.65   1.3212108e+14
      2010.05   1.3205112e+14
      2010.45   1.3199096e+14
      2010.86   1.3190458e+14
      2011.26   1.3181150e+14
      2011.67   1.3169655e+14
      2012.07   1.3166144e+14
      2012.48   1.3164391e+14
      2012.88   1.3150689e+14
      2013.29   1.3121528e+14
      2013.69   1.3104302e+14
      2014.10   1.3095847e+14
      2014.50   1.3090783e+14
      2014.91   1.3095924e+14
      2015.32   1.3113195e+14
      2015.72   1.3113687e+14
      2016.13   1.3101661e+14
      2016.54   1.3089195e+14
      2016.94   1.3080564e+14
      2017.35   1.3075886e+14
      2017.76   1.3075164e+14
      2018.16   1.3075647e+14
      2018.57   1.3074379e+14
      2018.98   1.3060567e+14
      2019.39   1.3013986e+14
      2019.79   1.2926579e+14
      2020.20   1.2815593e+14
      2020.61   1.2722277e+14
      2021.02   1.2683294e+14
      2021.43   1.2681384e+14
      2021.84   1.2724621e+14
      2022.24   1.2810491e+14
      2022.65   1.2888357e+14
      2023.06   1.2917116e+14
      2023.47   1.2918120e+14
      2023.88   1.2895873e+14
      2024.29   1.2875710e+14
      2024.70   1.2863358e+14
      2025.11   1.2853981e+14
      2025.52   1.2865433e+14
      2025.93   1.2890131e+14
      2026.34   1.2893756e+14
      2026.75   1.2889883e+14
      2027.16   1.2886224e+14
      2027.57   1.2860264e+14
      2027.99   1.2814299e+14
      2028.40   1.2786438e+14
      2028.81   1.2734029e+14
      2029.22   1.2648231e+14
      2029.63   1.2589589e+14
      2030.05   1.2555353e+14
      2030.46   1.2546312e+14
      2030.87   1.2573321e+14
      2031.28   1.2641280e+14
      2031.69   1.2710805e+14
      2032.11   1.2780477e+14
      2032.52   1.2806562e+14
      2032.93   1.2814060e+14
      2033.35   1.2810270e+14
      2033.76   1.2756962e+14
      2034.17   1.2640605e+14
      2034.59   1.2565195e+14
      2035.00   1.2542282e+14
      2035.42   1.2538895e+14
      2035.83   1.2581191e+14
      2036.24   1.2682488e+14
      2036.66   1.2717950e+14
      2037.07   1.2645041e+14
      2037.49   1.2498646e+14
      2037.91   1.2405464e+14
      2038.32   1.2375631e+14
      2038.74   1.2378086e+14
      2039.15   1.2449953e+14
      2039.57   1.2591932e+14
      2039.98   1.2674421e+14
      2040.40   1.2676052e+14
      2040.82   1.2653677e+14
      2041.23   1.2637412e+14
      2041.65   1.2626253e+14
      2042.07   1.2620651e+14
      2042.48   1.2632616e+14
      2042.90   1.2659939e+14
      2043.32   1.2670913e+14
      2043.74   1.2667431e+14
      2044.15   1.2660050e+14
      2044.57   1.2656561e+14
      2044.99   1.2653628e+14
      2045.41   1.2647873e+14
      2045.83   1.2642786e+14
      2046.24   1.2632911e+14
      2046.66   1.2607428e+14
      2047.08   1.2577588e+14
      2047.50   1.2562338e+14
      2047.92   1.2556561e+14
      2048.34   1.2556361e+14
      2048.76   1.2563965e+14
      2049.18   1.2573920e+14
      2049.60   1.2559772e+14
      2050.02   1.2537697e+14
      2050.44   1.2521521e+14
      2050.86   1.2503665e+14
      2051.28   1.2473518e+14
      2051.70   1.2429951e+14
      2052.12   1.2396535e+14
      2052.54   1.2379757e+14
      2052.97   1.2372592e+14
      2053.39   1.2374025e+14
      2053.81   1.2408570e+14
      2054.23   1.2440442e+14
      2054.65   1.2451627e+14
      2055.08   1.2453425e+14
      2055.50   1.2456387e+14
      2055.92   1.2451514e+14
      2056.34   1.2443841e+14
      2056.77   1.2437396e+14
      2057.19   1.2423103e+14
      2057.61   1.2396256e+14
      2058.04   1.2386326e+14
      2058.46   1.2378512e+14
      2058.88   1.2366776e+14
      2059.31   1.2354027e+14
      2059.73   1.2312104e+14
      2060.16   1.2224166e+14
      2060.58   1.2182204e+14
      2061.01   1.2177263e+14
      2061.43   1.2189718e+14
      2061.85   1.2241472e+14
      2062.28   1.2269562e+14
      2062.71   1.2153082e+14
      2063.13   1.2037119e+14
      2063.56   1.1995054e+14
      2063.98   1.1983425e+14
      2064.41   1.2027337e+14
      2064.84   1.2165398e+14
      2065.26   1.2272608e+14
      2065.69   1.2298926e+14
      2066.12   1.2299824e+14
      2066.54   1.2291830e+14
      2066.97   1.2269423e+14
      2067.40   1.2246894e+14
      2067.82   1.2237873e+14
      2068.25   1.2233688e+14
      2068.68   1.2229166e+14
      2069.11   1.2197485e+14
      2069.54   1.2110001e+14
      2069.97   1.2062167e+14
      2070.39   1.2043398e+14
      2070.82   1.2023269e+14
      2071.25   1.2030656e+14
      2071.68   1.2108780e+14
      2072.11   1.2148004e+14
      2072.54   1.2157230e+14
      2072.97   1.2172553e+14
      2073.40   1.2198826e+14
      2073.83   1.2209755e+14
      2074.26   1.2206917e+14
      2074.69   1.2201244e+14
      2075.12   1.2195246e+14
      2075.55   1.2186929e+14
      2075.98   1.2176455e+14
      2076.41   1.2166093e+14
      2076.84   1.2157871e+14
      2077.27   1.2149652e+14
      2077.71   1.2141425e+14
      2078.14   1.2118709e+14
      2078.57   1.2066106e+14
      2079.00   1.2028987e+14
      2079.43   1.1997742e+14
      2079.87   1.1961276e+14
      2080.30   1.1947226e+14
      2080.73   1.1973951e+14
      2081.17   1.1986988e+14
      2081.60   1.1989026e+14
      2082.03   1.1983015e+14
      2082.47   1.1942532e+14
      2082.90   1.1892725e+14
      2083.33   1.1862756e+14
      2083.77   1.1847184e+14
      2084.20   1.1858054e+14
      2084.64   1.1902749e+14
      2085.07   1.1943504e+14
      2085.51   1.1969338e+14
      2085.94   1.1985071e+14
      2086.38   1.1982177e+14
      2086.81   1.1979510e+14
      2087.25   1.1979914e+14
      2087.68   1.1970655e+14
      2088.12   1.1961616e+14
      2088.55   1.1957806e+14
      2088.99   1.1950807e+14
      2089.43   1.1946877e+14
      2089.86   1.1937713e+14
      2090.30   1.1910218e+14
      2090.74   1.1874173e+14
      2091.18   1.1788912e+14
      2091.61   1.1681180e+14
      2092.05   1.1630930e+14
      2092.49   1.1614281e+14
      2092.93   1.1625206e+14
      2093.36   1.1673869e+14
      2093.80   1.1717308e+14
      2094.24   1.1720280e+14
      2094.68   1.1692109e+14
      2095.12   1.1672215e+14
      2095.56   1.1673673e+14
      2096.00   1.1694770e+14
      2096.44   1.1712900e+14
      2096.88   1.1741090e+14
      2097.31   1.1755351e+14
      2097.75   1.1757171e+14
      2098.20   1.1750768e+14
      2098.64   1.1745043e+14
      2099.08   1.1756460e+14
      2099.52   1.1753139e+14
      2099.96   1.1736433e+14
      2100.40   1.1743055e+14
      2100.84   1.1750137e+14
      2101.28   1.1746810e+14
      2101.72   1.1734779e+14
      2102.17   1.1717597e+14
      2102.61   1.1705558e+14
      2103.05   1.1698329e+14
      2103.49   1.1692923e+14
      2103.93   1.1702179e+14
      2104.38   1.1731496e+14
      2104.82   1.1748560e+14
      2105.26   1.1749162e+14
      2105.71   1.1745668e+14
      2106.15   1.1739526e+14
      2106.59   1.1729948e+14
      2107.04   1.1720249e+14
      2107.48   1.1707209e+14
      2107.93   1.1688324e+14
      2108.37   1.1648642e+14
      2108.81   1.1580469e+14
      2109.26   1.1537308e+14
      2109.71   1.1523533e+14
      2110.15   1.1521702e+14
      2110.59   1.1543431e+14
      2111.04   1.1593335e+14
      2111.49   1.1617499e+14
      2111.93   1.1607990e+14
      2112.38   1.1596512e+14
      2112.82   1.1590322e+14
      2113.27   1.1586430e+14
      2113.72   1.1583807e+14
      2114.17   1.1588549e+14
      2114.61   1.1589032e+14
      2115.06   1.1571663e+14
      2115.51   1.1529533e+14
      2115.95   1.1449587e+14
      2116.40   1.1408333e+14
      2116.85   1.1396914e+14
      2117.30   1.1395058e+14
      2117.75   1.1423879e+14
      2118.20   1.1477505e+14
      2118.64   1.1462861e+14
      2119.09   1.1423402e+14
      2119.54   1.1408277e+14
      2119.99   1.1396724e+14
      2120.44   1.1386094e+14
      2120.89   1.1390010e+14
      2121.34   1.1409752e+14
      2121.79   1.1407779e+14
      2122.24   1.1385812e+14
      2122.69   1.1360489e+14
      2123.14   1.1327406e+14
      2123.59   1.1283787e+14
      2124.04   1.1265247e+14
      2124.50   1.1270304e+14
      2124.95   1.1285190e+14
      2125.40   1.1300663e+14
      2125.85   1.1298785e+14
      2126.30   1.1295050e+14
      2126.75   1.1293520e+14
      2127.21   1.1293490e+14
      2127.66   1.1313735e+14
      2128.11   1.1350325e+14
      2128.56   1.1357608e+14
      2129.02   1.1339398e+14
      2129.47   1.1331259e+14
      2129.93   1.1329849e+14
      2130.38   1.1331215e+14
      2130.83   1.1337575e+14
      2131.29   1.1350321e+14
      2131.74   1.1349721e+14
      2132.20   1.1341696e+14
      2132.65   1.1333432e+14
      2133.11   1.1322028e+14
      2133.56   1.1310621e+14
      2134.02   1.1298393e+14
      2134.47   1.1257338e+14
      2134.93   1.1164763e+14
      2135.38   1.1119245e+14
      2135.84   1.1107786e+14
      2136.30   1.1103534e+14
      2136.75   1.1131738e+14
      2137.21   1.1216516e+14
      2137.67   1.1257562e+14
      2138.12   1.1258343e+14
      2138.58   1.1247478e+14
      2139.04   1.1240218e+14
      2139.50   1.1236687e+14
      2139.95   1.1235716e+14
      2140.41   1.1238940e+14
      2140.87   1.1247645e+14
      2141.33   1.1248777e+14
      2141.79   1.1244190e+14
      2142.25   1.1237039e+14
      2142.70   1.1226267e+14
      2143.16   1.1218639e+14
      2143.62   1.1208327e+14
      2144.08   1.1190883e+14
      2144.54   1.1173203e+14
      2145.00   1.1146053e+14
      2145.46   1.1119554e+14
      2145.92   1.1116184e+14
      2146.38   1.1131973e+14
      2146.84   1.1144968e+14
      2147.30   1.1169425e+14
      2147.77   1.1191203e+14
      2148.23   1.1191705e+14
      2148.69   1.1183658e+14
      2149.15   1.1175146e+14
      2149.61   1.1166630e+14
      2150.07   1.1158693e+14
      2150.54   1.1151343e+14
      2151.00   1.1141171e+14
      2151.46   1.1126196e+14
      2151.93   1.1101140e+14
      2152.39   1.1085094e+14
      2152.85   1.1073266e+14
      2153.32   1.1059434e+14
      2153.78   1.1052870e+14
      2154.24   1.1061082e+14
      2154.71   1.1062141e+14
      2155.17   1.1060635e+14
      2155.64   1.1061311e+14
      2156.10   1.1058464e+14
      2156.57   1.1052444e+14
      2157.03   1.1045836e+14
      2157.50   1.1038402e+14
      2157.96   1.1026503e+14
      2158.43   1.1010839e+14
      2158.90   1.0995758e+14
      2159.36   1.0980904e+14
      2159.83   1.0964867e+14
      2160.29   1.0946947e+14
      2160.76   1.0921139e+14
      2161.23   1.0891556e+14
      2161.70   1.0864668e+14
      2162.16   1.0832592e+14
      2162.63   1.0794500e+14
      2163.10   1.0753572e+14
      2163.57   1.0693435e+14
      2164.03   1.0586402e+14
      2164.50   1.0403120e+14
      2164.97   1.0136128e+14
      2165.44   9.8971449e+13
      2165.91   9.7790119e+13
      2166.38   9.7727024e+13
      2166.85   9.8783011e+13
      2167.32   1.0100851e+14
      2167.79   1.0340262e+14
      2168.26   1.0497536e+14
      2168.73   1.0587601e+14
      2169.20   1.0657283e+14
      2169.67   1.0706336e+14
      2170.14   1.0733678e+14
      2170.61   1.0747916e+14
      2171.08   1.0753886e+14
      2171.55   1.0763174e+14
      2172.02   1.0772459e+14
      2172.50   1.0774658e+14
      2172.97   1.0773193e+14
      2173.44   1.0782959e+14
      2173.91   1.0782797e+14
      2174.39   1.0780974e+14
      2174.86   1.0774769e+14
      2175.33   1.0753671e+14
      2175.80   1.0718732e+14
      2176.28   1.0706536e+14
      2176.75   1.0699899e+14
      2177.23   1.0662794e+14
      2177.70   1.0582506e+14
      2178.18   1.0572762e+14
      2178.65   1.0579020e+14
      2179.12   1.0582675e+14
      2179.60   1.0626330e+14
      2180.07   1.0727221e+14
      2180.55   1.0762019e+14
      2181.02   1.0730920e+14
      2181.50   1.0653952e+14
      2181.98   1.0617825e+14
      2182.45   1.0606041e+14
      2182.93   1.0598652e+14
      2183.41   1.0623245e+14
      2183.88   1.0690544e+14
      2184.36   1.0717427e+14
      2184.84   1.0721477e+14
      2185.31   1.0726905e+14
      2185.79   1.0726467e+14
      2186.27   1.0716152e+14
      2186.75   1.0686065e+14
      2187.23   1.0605347e+14
      2187.71   1.0493853e+14
      2188.18   1.0444753e+14
      2188.66   1.0418515e+14
      2189.14   1.0394292e+14
      2189.62   1.0439808e+14
      2190.10   1.0528281e+14
      2190.58   1.0554644e+14
      2191.06   1.0559540e+14
      2191.54   1.0579832e+14
      2192.02   1.0580557e+14
      2192.50   1.0568148e+14
      2192.98   1.0553349e+14
      2193.46   1.0539983e+14
      2193.95   1.0528754e+14
      2194.43   1.0519432e+14
      2194.91   1.0508674e+14
      2195.39   1.0497164e+14
      2195.87   1.0484957e+14
      2196.35   1.0476568e+14
      2196.84   1.0471644e+14
      2197.32   1.0466722e+14
      2197.80   1.0463470e+14
      2198.28   1.0461893e+14
      2198.77   1.0453135e+14
      2199.25   1.0443769e+14
      2199.74   1.0433563e+14
      2200.22   1.0418799e+14
      2200.70   1.0405825e+14
      2201.19   1.0397998e+14
      2201.67   1.0388973e+14
      2202.16   1.0383899e+14
      2202.64   1.0384820e+14
      2203.13   1.0386580e+14
      2203.61   1.0386184e+14
      2204.10   1.0379668e+14
      2204.58   1.0342885e+14
      2205.07   1.0251305e+14
      2205.56   1.0154351e+14
      2206.04   1.0038737e+14
      2206.53   9.9872386e+13
      2207.02   9.9829551e+13
      2207.50   1.0024590e+14
      2207.99   1.0044363e+14
      2208.48   1.0119825e+14
      2208.97   1.0158269e+14
      2209.46   1.0180245e+14
      2209.95   1.0208608e+14
      2210.43   1.0261535e+14
      2210.92   1.0276445e+14
      2211.41   1.0272213e+14
      2211.90   1.0264487e+14
      2212.39   1.0255310e+14
      2212.88   1.0245411e+14
      2213.37   1.0238399e+14
      2213.86   1.0231866e+14
      2214.35   1.0222797e+14
      2214.84   1.0208056e+14
      2215.33   1.0182335e+14
      2215.82   1.0142908e+14
      2216.31   1.0108770e+14
      2216.80   1.0093446e+14
      2217.29   1.0084638e+14
      2217.79   1.0098890e+14
      2218.28   1.0130660e+14
      2218.77   1.0156041e+14
      2219.26   1.0163065e+14
      2219.76   1.0168524e+14
      2220.25   1.0162500e+14
      2220.74   1.0149580e+14
      2221.24   1.0140886e+14
      2221.73   1.0134369e+14
      2222.22   1.0124819e+14
      2222.72   1.0116236e+14
      2223.21   1.0112369e+14
      2223.71   1.0103056e+14
      2224.20   1.0094217e+14
      2224.69   1.0074112e+14
      2225.19   1.0020044e+14
      2225.68   9.9696668e+13
      2226.18   9.9555149e+13
      2226.68   9.9462069e+13
      2227.17   9.9378589e+13
      2227.67   9.9718464e+13
      2228.16   1.0011069e+14
      2228.66   1.0018634e+14
      2229.16   1.0015151e+14
      2229.65   1.0017255e+14
      2230.15   1.0018392e+14
      2230.65   1.0009077e+14
      2231.15   9.9980611e+13
      2231.65   9.9951814e+13
      2232.14   9.9998358e+13
      2232.64   9.9986552e+13
      2233.14   9.9957741e+13
      2233.64   9.9876565e+13
      2234.14   9.9762550e+13
      2234.64   9.9657039e+13
      2235.14   9.9538040e+13
      2235.64   9.9457994e+13
      2236.14   9.9360867e+13
      2236.64   9.9191822e+13
      2237.14   9.8875290e+13
      2237.64   9.8333242e+13
      2238.14   9.7996913e+13
      2238.64   9.7798148e+13
      2239.14   9.7633434e+13
      2239.64   9.7777238e+13
      2240.14   9.8244281e+13
      2240.65   9.8455405e+13
      2241.15   9.8439535e+13
      2241.65   9.8319983e+13
      2242.15   9.8173471e+13
      2242.66   9.7991513e+13
      2243.16   9.7886400e+13
      2243.66   9.7929113e+13
      2244.17   9.8131868e+13
      2244.67   9.8195412e+13
      2245.17   9.8204080e+13
      2245.68   9.8168925e+13
      2246.18   9.8013890e+13
      2246.69   9.7625161e+13
      2247.19   9.7249687e+13
      2247.70   9.7089458e+13
      2248.20   9.7009936e+13
      2248.71   9.6984305e+13
      2249.21   9.7208488e+13
      2249.72   9.7429091e+13
      2250.23   9.7415755e+13
      2250.73   9.7361951e+13
      2251.24   9.7303255e+13
      2251.75   9.7207739e+13
      2252.25   9.7081495e+13
      2252.76   9.6814167e+13
      2253.27   9.6161391e+13
      2253.77   9.5872829e+13
      2254.28   9.5778105e+13
      2254.79   9.5609694e+13
      2255.30   9.5697536e+13
      2255.81   9.6116920e+13
      2256.32   9.6248951e+13
      2256.83   9.6299929e+13
      2257.34   9.6413614e+13
      2257.85   9.6451158e+13
      2258.36   9.6526818e+13
      2258.87   9.6543476e+13
      2259.38   9.6501071e+13
      2259.89   9.6442691e+13
      2260.40   9.6248858e+13
      2260.91   9.5944141e+13
      2261.42   9.5288320e+13
      2261.93   9.4846545e+13
      2262.44   9.4701493e+13
      2262.96   9.4784269e+13
      2263.47   9.4968221e+13
      2263.98   9.5367949e+13
      2264.49   9.5450973e+13
      2265.01   9.5362619e+13
      2265.52   9.5258031e+13
      2266.03   9.5147221e+13
      2266.55   9.5214121e+13
      2267.06   9.5373621e+13
      2267.57   9.5404725e+13
      2268.09   9.5365520e+13
      2268.60   9.5330003e+13
      2269.12   9.5285765e+13
      2269.63   9.5176048e+13
      2270.15   9.4955008e+13
      2270.66   9.4852603e+13
      2271.18   9.4846597e+13
      2271.70   9.4845533e+13
      2272.21   9.4898894e+13
      2272.73   9.5046314e+13
      2273.24   9.4967311e+13
      2273.76   9.4650589e+13
      2274.28   9.4479812e+13
      2274.79   9.4367168e+13
      2275.31   9.4304228e+13
      2275.83   9.4352872e+13
      2276.35   9.4573831e+13
      2276.87   9.4634929e+13
      2277.39   9.4614222e+13
      2277.90   9.4526552e+13
      2278.42   9.4435132e+13
      2278.94   9.4327550e+13
      2279.46   9.4157808e+13
      2279.98   9.3620577e+13
      2280.50   9.2500738e+13
      2281.02   9.1909464e+13
      2281.54   9.1591207e+13
      2282.06   9.1501450e+13
      2282.58   9.1762124e+13
      2283.10   9.2673051e+13
      2283.63   9.3029836e+13
      2284.15   9.3052261e+13
      2284.67   9.3016224e+13
      2285.19   9.2978065e+13
      2285.71   9.2946804e+13
      2286.24   9.2966596e+13
      2286.76   9.3038673e+13
      2287.28   9.3028573e+13
      2287.81   9.3042144e+13
      2288.33   9.3000917e+13
      2288.85   9.2933442e+13
      2289.38   9.2893395e+13
      2289.90   9.2819710e+13
      2290.43   9.2671080e+13
      2290.95   9.2612238e+13
      2291.48   9.2577082e+13
      2292.00   9.2384607e+13
      2292.53   9.1803794e+13
      2293.05   9.1278922e+13
      2293.58   9.0848708e+13
      2294.10   9.0440772e+13
      2294.63   9.0215117e+13
      2295.16   9.0367485e+13
      2295.68   9.0448696e+13
      2296.21   9.0191042e+13
      2296.74   9.0145947e+13
      2297.27   9.0252150e+13
      2297.79   9.0439757e+13
      2298.32   9.0687528e+13
      2298.85   9.1056858e+13
      2299.38   9.1149573e+13
      2299.91   9.1209824e+13
      2300.44   9.1191149e+13
      2300.97   9.1202579e+13
      2301.50   9.1289157e+13
      2302.03   9.1301829e+13
      2302.56   9.1228004e+13
      2303.09   9.1159151e+13
      2303.62   9.1061444e+13
      2304.15   9.0957376e+13
      2304.68   9.0934853e+13
      2305.21   9.0924241e+13
      2305.74   9.0898126e+13
      2306.27   9.0927281e+13
      2306.80   9.0888630e+13
      2307.34   9.0859985e+13
      2307.87   9.0698164e+13
      2308.40   9.0526186e+13
      2308.94   9.0413224e+13
      2309.47   9.0380678e+13
      2310.00   9.0309094e+13
      2310.54   9.0344468e+13
      2311.07   9.0417611e+13
      2311.60   9.0397613e+13
      2312.14   9.0353715e+13
      2312.67   9.0299726e+13
      2313.21   9.0180139e+13
      2313.74   8.9920713e+13
      2314.28   8.9658596e+13
      2314.81   8.9518658e+13
      2315.35   8.9381076e+13
      2315.89   8.9126719e+13
      2316.42   8.9127066e+13
      2316.96   8.9142565e+13
      2317.50   8.8895542e+13
      2318.03   8.8803653e+13
      2318.57   8.8903727e+13
      2319.11   8.8964619e+13
      2319.65   8.9078656e+13
      2320.19   8.9321696e+13
      2320.72   8.9394139e+13
      2321.26   8.9105008e+13
      2321.80   8.8131447e+13
      2322.34   8.7307927e+13
      2322.88   8.6716805e+13
      2323.42   8.6203896e+13
      2323.96   8.5950270e+13
      2324.50   8.6282871e+13
      2325.04   8.6420281e+13
      2325.58   8.6505708e+13
      2326.12   8.6673579e+13
      2326.66   8.6958161e+13
      2327.21   8.7232681e+13
      2327.75   8.7525090e+13
      2328.29   8.7648922e+13
      2328.83   8.7696681e+13
      2329.37   8.7601063e+13
      2329.92   8.7509228e+13
      2330.46   8.7435128e+13
      2331.00   8.7326695e+13
      2331.55   8.7227138e+13
      2332.09   8.7245669e+13
      2332.63   8.7255301e+13
      2333.18   8.7358966e+13
      2333.72   8.7307591e+13
      2334.27   8.6961281e+13
      2334.81   8.6764855e+13
      2335.36   8.6855442e+13
      2335.90   8.6816813e+13
      2336.45   8.6934687e+13
      2337.00   8.7064063e+13
      2337.54   8.6663868e+13
      2338.09   8.6361580e+13
      2338.63   8.6327858e+13
      2339.18   8.6250820e+13
      2339.73   8.6452845e+13
      2340.28   8.6905982e+13
      2340.82   8.7120982e+13
      2341.37   8.7100167e+13
      2341.92   8.7047446e+13
      2342.47   8.6975592e+13
      2343.02   8.6911347e+13
      2343.57   8.6792184e+13
      2344.12   8.6647430e+13
      2344.67   8.6571588e+13
      2345.22   8.6490521e+13
      2345.77   8.6443195e+13
      2346.32   8.6429049e+13
      2346.87   8.6380427e+13
      2347.42   8.6358604e+13
      2347.97   8.6353403e+13
      2348.52   8.6318790e+13
      2349.07   8.6282841e+13
      2349.62   8.6266097e+13
      2350.18   8.6135385e+13
      2350.73   8.5742123e+13
      2351.28   8.4998898e+13
      2351.83   8.4123335e+13
      2352.39   8.3478030e+13
      2352.94   8.3075893e+13
      2353.50   8.2923640e+13
      2354.05   8.3193269e+13
      2354.60   8.3655480e+13
      2355.16   8.3895966e+13
      2355.71   8.3938268e+13
      2356.27   8.3779036e+13
      2356.82   8.3689053e+13
      2357.38   8.3699220e+13
      2357.94   8.3771111e+13
      2358.49   8.3907198e+13
      2359.05   8.4201486e+13
      2359.60   8.4384048e+13
      2360.16   8.4457389e+13
      2360.72   8.4512757e+13
      2361.27   8.4440787e+13
      2361.83   8.4402264e+13
      2362.39   8.4390755e+13
      2362.95   8.4362471e+13
      2363.51   8.4244090e+13
      2364.07   8.4160394e+13
      2364.62   8.4138497e+13
      2365.19   8.4135218e+13
      2365.74   8.4118869e+13
      2366.30   8.4160534e+13
      2366.86   8.4222844e+13
      2367.42   8.4130433e+13
      2367.99   8.4071540e+13
      2368.55   8.3914550e+13
      2369.11   8.3618132e+13
      2369.67   8.3471271e+13
      2370.23   8.3435400e+13
      2370.79   8.3425334e+13
      2371.35   8.3375216e+13
      2371.92   8.3472364e+13
      2372.48   8.3144387e+13
      2373.04   8.2361309e+13
      2373.60   8.1857106e+13
      2374.17   8.1691484e+13
      2374.73   8.1700389e+13
      2375.30   8.2018398e+13
      2375.86   8.2777619e+13
      2376.43   8.3235654e+13
      2376.99   8.3315852e+13
      2377.56   8.3283401e+13
      2378.12   8.3162848e+13
      2378.69   8.3040951e+13
      2379.25   8.2925462e+13
      2379.82   8.2847506e+13
      2380.39   8.2820098e+13
      2380.95   8.2821181e+13
      2381.52   8.2431736e+13
      2382.09   8.1524270e+13
      2382.65   8.0775959e+13
      2383.22   7.9902616e+13
      2383.79   7.9063874e+13
      2384.36   7.8701523e+13
      2384.93   7.8889960e+13
      2385.50   7.8790476e+13
      2386.06   7.9042781e+13
      2386.64   7.9408351e+13
      2387.21   7.9740257e+13
      2387.77   7.9996834e+13
      2388.34   8.0426583e+13
      2388.92   8.0581921e+13
      2389.49   8.0659178e+13
      2390.06   8.0616689e+13
      2390.63   8.0589839e+13
      2391.20   8.0540793e+13
      2391.77   8.0317154e+13
      2392.34   8.0182025e+13
      2392.92   8.0190248e+13
      2393.49   8.0105898e+13
      2394.06   8.0063231e+13
      2394.64   8.0126191e+13
      2395.21   8.0155442e+13
      2395.78   8.0058485e+13
      2396.36   8.0086773e+13
      2396.93   8.0019793e+13
      2397.51   8.0084666e+13